<?xml version="1.0" ?>
<annotation>
  <folder>VOC</folder>
  <filename>1-1.png</filename>
  <source>
    <database>roboflow.ai</database>
  </source>
  <size>
    <width>1456</width>
    <height>816</height>
    <depth>3</depth>
  </size>
  <segmented>0</segmented>
  <object>
    <name>person</name>
    <bndbox>
      <xmin>68</xmin>
      <ymin>20</ymin>
      <xmax>1331</xmax>
      <ymax>814</ymax>
    </bndbox>
    <polygon>
      <x1>70</x1>
      <y1>230</y1>
      <x2>70</x2>
      <y2>248</y2>
      <x3>78</x3>
      <y3>246</y3>
      <x4>91</x4>
      <y4>253</y4>
      <x5>91</x5>
      <y5>285</y5>
      <x6>89</x6>
      <y6>292</y6>
      <x7>95</x7>
      <y7>296</y7>
      <x8>102</x8>
      <y8>308</y8>
      <x9>102</x9>
      <y9>316</y9>
      <x10>99</x10>
      <y10>319</y10>
      <x11>94</x11>
      <y11>319</y11>
      <x12>90</x12>
      <y12>331</y12>
      <x13>81</x13>
      <y13>337</y13>
      <x14>91</x14>
      <y14>343</y14>
      <x15>89</x15>
      <y15>368</y15>
      <x16>92</x16>
      <y16>401</y16>
      <x17>90</x17>
      <y17>416</y17>
      <x18>91</x18>
      <y18>431</y18>
      <x19>89</x19>
      <y19>439</y19>
      <x20>89</x20>
      <y20>477</y20>
      <x21>87</x21>
      <y21>481</y21>
      <x22>76</x22>
      <y22>473</y22>
      <x23>81</x23>
      <y23>456</y23>
      <x24>73</x24>
      <y24>454</y24>
      <x25>70</x25>
      <y25>457</y25>
      <x26>70</x26>
      <y26>469</y26>
      <x27>75</x27>
      <y27>474</y27>
      <x28>68</x28>
      <y28>480</y28>
      <x29>70</x29>
      <y29>491</y29>
      <x30>72</x30>
      <y30>493</y30>
      <x31>79</x31>
      <y31>490</y31>
      <x32>81</x32>
      <y32>486</y32>
      <x33>84</x33>
      <y33>485</y33>
      <x34>84</x34>
      <y34>498</y34>
      <x35>78</x35>
      <y35>502</y35>
      <x36>81</x36>
      <y36>511</y36>
      <x37>79</x37>
      <y37>528</y37>
      <x38>77</x38>
      <y38>531</y38>
      <x39>79</x39>
      <y39>538</y39>
      <x40>75</x40>
      <y40>543</y40>
      <x41>78</x41>
      <y41>547</y41>
      <x42>77</x42>
      <y42>554</y42>
      <x43>80</x43>
      <y43>559</y43>
      <x44>82</x44>
      <y44>577</y44>
      <x45>88</x45>
      <y45>582</y45>
      <x46>86</x46>
      <y46>594</y46>
      <x47>95</x47>
      <y47>609</y47>
      <x48>92</x48>
      <y48>616</y48>
      <x49>103</x49>
      <y49>631</y49>
      <x50>103</x50>
      <y50>636</y50>
      <x51>100</x51>
      <y51>639</y51>
      <x52>93</x52>
      <y52>639</y52>
      <x53>91</x53>
      <y53>657</y53>
      <x54>94</x54>
      <y54>660</y54>
      <x55>102</x55>
      <y55>656</y55>
      <x56>99</x56>
      <y56>650</y56>
      <x57>104</x57>
      <y57>643</y57>
      <x58>116</x58>
      <y58>658</y58>
      <x59>115</x59>
      <y59>669</y59>
      <x60>123</x60>
      <y60>671</y60>
      <x61>126</x61>
      <y61>679</y61>
      <x62>135</x62>
      <y62>681</y62>
      <x63>138</x63>
      <y63>684</y63>
      <x64>139</x64>
      <y64>693</y64>
      <x65>144</x65>
      <y65>693</y65>
      <x66>146</x66>
      <y66>695</y66>
      <x67>145</x67>
      <y67>701</y67>
      <x68>148</x68>
      <y68>704</y68>
      <x69>157</x69>
      <y69>707</y69>
      <x70>159</x70>
      <y70>724</y70>
      <x71>161</x71>
      <y71>727</y71>
      <x72>179</x72>
      <y72>727</y72>
      <x73>194</x73>
      <y73>730</y73>
      <x74>195</x74>
      <y74>733</y74>
      <x75>193</x75>
      <y75>735</y75>
      <x76>187</x76>
      <y76>736</y76>
      <x77>191</x77>
      <y77>737</y77>
      <x78>194</x78>
      <y78>735</y78>
      <x79>200</x79>
      <y79>735</y79>
      <x80>206</x80>
      <y80>741</y80>
      <x81>206</x81>
      <y81>750</y81>
      <x82>225</x82>
      <y82>752</y82>
      <x83>227</x83>
      <y83>754</y83>
      <x84>225</x84>
      <y84>771</y84>
      <x85>228</x85>
      <y85>774</y85>
      <x86>238</x86>
      <y86>774</y86>
      <x87>243</x87>
      <y87>782</y87>
      <x88>239</x88>
      <y88>792</y88>
      <x89>243</x89>
      <y89>796</y89>
      <x90>247</x90>
      <y90>797</y90>
      <x91>249</x91>
      <y91>794</y91>
      <x92>249</x92>
      <y92>782</y92>
      <x93>246</x93>
      <y93>776</y93>
      <x94>248</x94>
      <y94>770</y94>
      <x95>240</x95>
      <y95>765</y95>
      <x96>242</x96>
      <y96>763</y96>
      <x97>248</x97>
      <y97>764</y97>
      <x98>257</x98>
      <y98>762</y98>
      <x99>263</x99>
      <y99>765</y99>
      <x100>254</x100>
      <y100>770</y100>
      <x101>259</x101>
      <y101>771</y101>
      <x102>263</x102>
      <y102>775</y102>
      <x103>266</x103>
      <y103>781</y103>
      <x104>264</x104>
      <y104>788</y104>
      <x105>269</x105>
      <y105>797</y105>
      <x106>271</x106>
      <y106>796</y106>
      <x107>272</x107>
      <y107>776</y107>
      <x108>276</x108>
      <y108>772</y108>
      <x109>284</x109>
      <y109>772</y109>
      <x110>295</x110>
      <y110>777</y110>
      <x111>292</x111>
      <y111>780</y111>
      <x112>293</x112>
      <y112>785</y112>
      <x113>297</x113>
      <y113>779</y113>
      <x114>301</x114>
      <y114>783</y114>
      <x115>307</x115>
      <y115>783</y115>
      <x116>309</x116>
      <y116>781</y116>
      <x117>313</x117>
      <y117>787</y117>
      <x118>315</x118>
      <y118>796</y118>
      <x119>319</x119>
      <y119>777</y119>
      <x120>326</x120>
      <y120>775</y120>
      <x121>328</x121>
      <y121>777</y121>
      <x122>326</x122>
      <y122>782</y122>
      <x123>331</x123>
      <y123>785</y123>
      <x124>333</x124>
      <y124>798</y124>
      <x125>337</x125>
      <y125>802</y125>
      <x126>348</x126>
      <y126>797</y126>
      <x127>357</x127>
      <y127>799</y127>
      <x128>360</x128>
      <y128>804</y128>
      <x129>355</x129>
      <y129>807</y129>
      <x130>343</x130>
      <y130>807</y130>
      <x131>337</x131>
      <y131>804</y131>
      <x132>333</x132>
      <y132>807</y132>
      <x133>315</x133>
      <y133>806</y133>
      <x134>311</x134>
      <y134>808</y134>
      <x135>298</x135>
      <y135>808</y135>
      <x136>292</x136>
      <y136>805</y136>
      <x137>287</x137>
      <y137>808</y137>
      <x138>278</x138>
      <y138>809</y138>
      <x139>269</x139>
      <y139>806</y139>
      <x140>263</x140>
      <y140>809</y140>
      <x141>265</x141>
      <y141>810</y141>
      <x142>360</x142>
      <y142>812</y142>
      <x143>451</x143>
      <y143>810</y143>
      <x144>451</x144>
      <y144>808</y144>
      <x145>446</x145>
      <y145>808</y145>
      <x146>441</x146>
      <y146>804</y146>
      <x147>434</x147>
      <y147>805</y147>
      <x148>432</x148>
      <y148>803</y148>
      <x149>434</x149>
      <y149>799</y149>
      <x150>430</x150>
      <y150>796</y150>
      <x151>424</x151>
      <y151>796</y151>
      <x152>417</x152>
      <y152>787</y152>
      <x153>410</x153>
      <y153>786</y153>
      <x154>406</x154>
      <y154>783</y154>
      <x155>389</x155>
      <y155>787</y155>
      <x156>384</x156>
      <y156>781</y156>
      <x157>376</x157>
      <y157>782</y157>
      <x158>363</x158>
      <y158>773</y158>
      <x159>359</x159>
      <y159>765</y159>
      <x160>368</x160>
      <y160>758</y160>
      <x161>383</x161>
      <y161>763</y161>
      <x162>390</x162>
      <y162>773</y162>
      <x163>406</x163>
      <y163>778</y163>
      <x164>412</x164>
      <y164>777</y164>
      <x165>422</x165>
      <y165>784</y165>
      <x166>436</x166>
      <y166>787</y166>
      <x167>445</x167>
      <y167>797</y167>
      <x168>461</x168>
      <y168>802</y168>
      <x169>469</x169>
      <y169>801</y169>
      <x170>474</x170>
      <y170>809</y170>
      <x171>476</x171>
      <y171>809</y171>
      <x172>478</x172>
      <y172>803</y172>
      <x173>481</x173>
      <y173>802</y173>
      <x174>485</x174>
      <y174>808</y174>
      <x175>496</x175>
      <y175>811</y175>
      <x176>527</x176>
      <y176>809</y176>
      <x177>542</x177>
      <y177>811</y177>
      <x178>546</x178>
      <y178>809</y178>
      <x179>545</x179>
      <y179>805</y179>
      <x180>539</x180>
      <y180>798</y180>
      <x181>530</x181>
      <y181>793</y181>
      <x182>523</x182>
      <y182>793</y182>
      <x183>502</x183>
      <y183>783</y183>
      <x184>497</x184>
      <y184>775</y184>
      <x185>497</x185>
      <y185>767</y185>
      <x186>504</x186>
      <y186>762</y186>
      <x187>525</x187>
      <y187>763</y187>
      <x188>529</x188>
      <y188>767</y188>
      <x189>536</x189>
      <y189>783</y189>
      <x190>551</x190>
      <y190>794</y190>
      <x191>554</x191>
      <y191>806</y191>
      <x192>566</x192>
      <y192>813</y192>
      <x193>591</x193>
      <y193>813</y193>
      <x194>597</x194>
      <y194>810</y194>
      <x195>591</x195>
      <y195>805</y195>
      <x196>591</x196>
      <y196>797</y196>
      <x197>596</x197>
      <y197>792</y197>
      <x198>593</x198>
      <y198>787</y198>
      <x199>582</x199>
      <y199>783</y199>
      <x200>577</x200>
      <y200>775</y200>
      <x201>571</x201>
      <y201>770</y201>
      <x202>575</x202>
      <y202>756</y202>
      <x203>580</x203>
      <y203>751</y203>
      <x204>592</x204>
      <y204>752</y204>
      <x205>596</x205>
      <y205>755</y205>
      <x206>596</x206>
      <y206>772</y206>
      <x207>604</x207>
      <y207>783</y207>
      <x208>613</x208>
      <y208>788</y208>
      <x209>613</x209>
      <y209>791</y209>
      <x210>607</x210>
      <y210>794</y210>
      <x211>607</x211>
      <y211>800</y211>
      <x212>626</x212>
      <y212>813</y212>
      <x213>672</x213>
      <y213>810</y213>
      <x214>682</x214>
      <y214>813</y214>
      <x215>697</x215>
      <y215>814</y215>
      <x216>706</x216>
      <y216>809</y216>
      <x217>718</x217>
      <y217>797</y217>
      <x218>734</x218>
      <y218>796</y218>
      <x219>737</x219>
      <y219>800</y219>
      <x220>736</x220>
      <y220>803</y220>
      <x221>738</x221>
      <y221>809</y221>
      <x222>745</x222>
      <y222>813</y222>
      <x223>775</x223>
      <y223>811</y223>
      <x224>932</x224>
      <y224>812</y224>
      <x225>940</x225>
      <y225>809</y225>
      <x226>950</x226>
      <y226>812</y226>
      <x227>970</x227>
      <y227>812</y227>
      <x228>974</x228>
      <y228>814</y228>
      <x229>978</x229>
      <y229>812</y229>
      <x230>1011</x230>
      <y230>813</y230>
      <x231>1030</x231>
      <y231>810</y231>
      <x232>1039</x232>
      <y232>812</y232>
      <x233>1065</x233>
      <y233>811</y233>
      <x234>1072</x234>
      <y234>813</y234>
      <x235>1078</x235>
      <y235>811</y235>
      <x236>1099</x236>
      <y236>811</y236>
      <x237>1112</x237>
      <y237>813</y237>
      <x238>1116</x238>
      <y238>811</y238>
      <x239>1188</x239>
      <y239>810</y239>
      <x240>1192</x240>
      <y240>806</y240>
      <x241>1198</x241>
      <y241>809</y241>
      <x242>1206</x242>
      <y242>809</y242>
      <x243>1211</x243>
      <y243>806</y243>
      <x244>1241</x244>
      <y244>807</y244>
      <x245>1246</x245>
      <y245>804</y245>
      <x246>1244</x246>
      <y246>800</y246>
      <x247>1246</x247>
      <y247>797</y247>
      <x248>1254</x248>
      <y248>798</y248>
      <x249>1265</x249>
      <y249>793</y249>
      <x250>1272</x250>
      <y250>792</y250>
      <x251>1267</x251>
      <y251>788</y251>
      <x252>1270</x252>
      <y252>785</y252>
      <x253>1284</x253>
      <y253>782</y253>
      <x254>1279</x254>
      <y254>776</y254>
      <x255>1279</x255>
      <y255>773</y255>
      <x256>1282</x256>
      <y256>770</y256>
      <x257>1281</x257>
      <y257>769</y257>
      <x258>1278</x258>
      <y258>772</y258>
      <x259>1275</x259>
      <y259>770</y259>
      <x260>1279</x260>
      <y260>760</y260>
      <x261>1278</x261>
      <y261>753</y261>
      <x262>1285</x262>
      <y262>752</y262>
      <x263>1287</x263>
      <y263>754</y263>
      <x264>1290</x264>
      <y264>751</y264>
      <x265>1301</x265>
      <y265>750</y265>
      <x266>1308</x266>
      <y266>747</y266>
      <x267>1305</x267>
      <y267>740</y267>
      <x268>1312</x268>
      <y268>735</y268>
      <x269>1311</x269>
      <y269>733</y269>
      <x270>1305</x270>
      <y270>734</y270>
      <x271>1300</x271>
      <y271>729</y271>
      <x272>1294</x272>
      <y272>730</y272>
      <x273>1289</x273>
      <y273>728</y273>
      <x274>1286</x274>
      <y274>725</y274>
      <x275>1286</x275>
      <y275>719</y275>
      <x276>1298</x276>
      <y276>713</y276>
      <x277>1299</x277>
      <y277>704</y277>
      <x278>1304</x278>
      <y278>710</y278>
      <x279>1310</x279>
      <y279>706</y279>
      <x280>1312</x280>
      <y280>701</y280>
      <x281>1320</x281>
      <y281>693</y281>
      <x282>1318</x282>
      <y282>685</y282>
      <x283>1322</x283>
      <y283>681</y283>
      <x284>1329</x284>
      <y284>680</y284>
      <x285>1331</x285>
      <y285>669</y285>
      <x286>1331</x286>
      <y286>643</y286>
      <x287>1323</x287>
      <y287>636</y287>
      <x288>1314</x288>
      <y288>636</y288>
      <x289>1310</x289>
      <y289>633</y289>
      <x290>1310</x290>
      <y290>628</y290>
      <x291>1306</x291>
      <y291>626</y291>
      <x292>1304</x292>
      <y292>618</y292>
      <x293>1305</x293>
      <y293>610</y293>
      <x294>1302</x294>
      <y294>605</y294>
      <x295>1302</x295>
      <y295>600</y295>
      <x296>1299</x296>
      <y296>595</y296>
      <x297>1295</x297>
      <y297>597</y297>
      <x298>1292</x298>
      <y298>596</y298>
      <x299>1292</x299>
      <y299>593</y299>
      <x300>1299</x300>
      <y300>589</y300>
      <x301>1298</x301>
      <y301>583</y301>
      <x302>1292</x302>
      <y302>582</y302>
      <x303>1287</x303>
      <y303>573</y303>
      <x304>1287</x304>
      <y304>553</y304>
      <x305>1294</x305>
      <y305>541</y305>
      <x306>1294</x306>
      <y306>531</y306>
      <x307>1284</x307>
      <y307>522</y307>
      <x308>1281</x308>
      <y308>512</y308>
      <x309>1275</x309>
      <y309>512</y309>
      <x310>1273</x310>
      <y310>515</y310>
      <x311>1274</x311>
      <y311>519</y311>
      <x312>1270</x312>
      <y312>522</y312>
      <x313>1254</x313>
      <y313>520</y313>
      <x314>1253</x314>
      <y314>518</y314>
      <x315>1255</x315>
      <y315>515</y315>
      <x316>1250</x316>
      <y316>506</y316>
      <x317>1246</x317>
      <y317>503</y317>
      <x318>1228</x318>
      <y318>499</y318>
      <x319>1219</x319>
      <y319>494</y319>
      <x320>1214</x320>
      <y320>494</y320>
      <x321>1202</x321>
      <y321>486</y321>
      <x322>1196</x322>
      <y322>485</y322>
      <x323>1190</x323>
      <y323>513</y323>
      <x324>1180</x324>
      <y324>520</y324>
      <x325>1180</x325>
      <y325>526</y325>
      <x326>1174</x326>
      <y326>532</y326>
      <x327>1162</x327>
      <y327>513</y327>
      <x328>1156</x328>
      <y328>512</y328>
      <x329>1148</x329>
      <y329>514</y329>
      <x330>1145</x330>
      <y330>512</y330>
      <x331>1145</x331>
      <y331>504</y331>
      <x332>1149</x332>
      <y332>497</y332>
      <x333>1165</x333>
      <y333>479</y333>
      <x334>1160</x334>
      <y334>470</y334>
      <x335>1158</x335>
      <y335>457</y335>
      <x336>1149</x336>
      <y336>452</y336>
      <x337>1146</x337>
      <y337>448</y337>
      <x338>1138</x338>
      <y338>445</y338>
      <x339>1133</x339>
      <y339>440</y339>
      <x340>1128</x340>
      <y340>440</y340>
      <x341>1123</x341>
      <y341>437</y341>
      <x342>1119</x342>
      <y342>432</y342>
      <x343>1116</x343>
      <y343>433</y343>
      <x344>1117</x344>
      <y344>443</y344>
      <x345>1115</x345>
      <y345>453</y345>
      <x346>1110</x346>
      <y346>461</y346>
      <x347>1107</x347>
      <y347>474</y347>
      <x348>1101</x348>
      <y348>480</y348>
      <x349>1101</x349>
      <y349>493</y349>
      <x350>1093</x350>
      <y350>499</y350>
      <x351>1091</x351>
      <y351>503</y351>
      <x352>1090</x352>
      <y352>515</y352>
      <x353>1084</x353>
      <y353>521</y353>
      <x354>1072</x354>
      <y354>518</y354>
      <x355>1067</x355>
      <y355>511</y355>
      <x356>1071</x356>
      <y356>496</y356>
      <x357>1066</x357>
      <y357>496</y357>
      <x358>1060</x358>
      <y358>501</y358>
      <x359>1050</x359>
      <y359>499</y359>
      <x360>1045</x360>
      <y360>490</y360>
      <x361>1045</x361>
      <y361>480</y361>
      <x362>1055</x362>
      <y362>471</y362>
      <x363>1056</x363>
      <y363>460</y363>
      <x364>1061</x364>
      <y364>453</y364>
      <x365>1063</x365>
      <y365>445</y365>
      <x366>1069</x366>
      <y366>440</y366>
      <x367>1070</x367>
      <y367>433</y367>
      <x368>1113</x368>
      <y368>429</y368>
      <x369>1110</x369>
      <y369>424</y369>
      <x370>1113</x370>
      <y370>416</y370>
      <x371>1110</x371>
      <y371>415</y371>
      <x372>1095</x372>
      <y372>419</y372>
      <x373>1081</x373>
      <y373>409</y373>
      <x374>1081</x374>
      <y374>403</y374>
      <x375>1089</x375>
      <y375>395</y375>
      <x376>1088</x376>
      <y376>391</y376>
      <x377>1079</x377>
      <y377>386</y377>
      <x378>1071</x378>
      <y378>378</y378>
      <x379>1061</x379>
      <y379>374</y379>
      <x380>1055</x380>
      <y380>368</y380>
      <x381>1054</x381>
      <y381>361</y381>
      <x382>1048</x382>
      <y382>357</y382>
      <x383>1043</x383>
      <y383>359</y383>
      <x384>1040</x384>
      <y384>353</y384>
      <x385>1031</x385>
      <y385>343</y385>
      <x386>1033</x386>
      <y386>339</y386>
      <x387>1039</x387>
      <y387>337</y387>
      <x388>1037</x388>
      <y388>329</y388>
      <x389>1032</x389>
      <y389>336</y389>
      <x390>1027</x390>
      <y390>331</y390>
      <x391>1025</x391>
      <y391>332</y391>
      <x392>1024</x392>
      <y392>337</y392>
      <x393>1021</x393>
      <y393>339</y393>
      <x394>1015</x394>
      <y394>331</y394>
      <x395>1005</x395>
      <y395>328</y395>
      <x396>997</x396>
      <y396>331</y396>
      <x397>991</x397>
      <y397>327</y397>
      <x398>989</x398>
      <y398>321</y398>
      <x399>1004</x399>
      <y399>315</y399>
      <x400>997</x400>
      <y400>314</y400>
      <x401>991</x401>
      <y401>308</y401>
      <x402>980</x402>
      <y402>301</y402>
      <x403>974</x403>
      <y403>300</y403>
      <x404>970</x404>
      <y404>296</y404>
      <x405>970</x405>
      <y405>305</y405>
      <x406>965</x406>
      <y406>322</y406>
      <x407>965</x407>
      <y407>330</y407>
      <x408>957</x408>
      <y408>334</y408>
      <x409>954</x409>
      <y409>345</y409>
      <x410>951</x410>
      <y410>348</y410>
      <x411>944</x411>
      <y411>350</y411>
      <x412>943</x412>
      <y412>360</y412>
      <x413>940</x413>
      <y413>363</y413>
      <x414>930</x414>
      <y414>363</y414>
      <x415>927</x415>
      <y415>360</y415>
      <x416>927</x416>
      <y416>354</y416>
      <x417>943</x417>
      <y417>341</y417>
      <x418>941</x418>
      <y418>320</y418>
      <x419>933</x419>
      <y419>314</y419>
      <x420>929</x420>
      <y420>306</y420>
      <x421>923</x421>
      <y421>300</y421>
      <x422>917</x422>
      <y422>297</y422>
      <x423>918</x423>
      <y423>291</y423>
      <x424>914</x424>
      <y424>285</y424>
      <x425>911</x425>
      <y425>285</y425>
      <x426>906</x426>
      <y426>281</y426>
      <x427>901</x427>
      <y427>282</y427>
      <x428>897</x428>
      <y428>279</y428>
      <x429>893</x429>
      <y429>279</y429>
      <x430>890</x430>
      <y430>281</y430>
      <x431>888</x431>
      <y431>287</y431>
      <x432>879</x432>
      <y432>295</y432>
      <x433>865</x433>
      <y433>291</y433>
      <x434>860</x434>
      <y434>292</y434>
      <x435>863</x435>
      <y435>296</y435>
      <x436>863</x436>
      <y436>305</y436>
      <x437>860</x437>
      <y437>308</y437>
      <x438>854</x438>
      <y438>308</y438>
      <x439>851</x439>
      <y439>312</y439>
      <x440>850</x440>
      <y440>328</y440>
      <x441>846</x441>
      <y441>332</y441>
      <x442>847</x442>
      <y442>339</y442>
      <x443>843</x443>
      <y443>344</y443>
      <x444>843</x444>
      <y444>356</y444>
      <x445>838</x445>
      <y445>363</y445>
      <x446>834</x446>
      <y446>363</y446>
      <x447>830</x447>
      <y447>360</y447>
      <x448>824</x448>
      <y448>343</y448>
      <x449>821</x449>
      <y449>340</y449>
      <x450>814</x450>
      <y450>343</y450>
      <x451>808</x451>
      <y451>339</y451>
      <x452>803</x452>
      <y452>331</y452>
      <x453>798</x453>
      <y453>304</y453>
      <x454>797</x454>
      <y454>330</y454>
      <x455>794</x455>
      <y455>337</y455>
      <x456>788</x456>
      <y456>341</y456>
      <x457>769</x457>
      <y457>338</y457>
      <x458>764</x458>
      <y458>328</y458>
      <x459>765</x459>
      <y459>320</y459>
      <x460>758</x460>
      <y460>312</y460>
      <x461>753</x461>
      <y461>316</y461>
      <x462>748</x462>
      <y462>315</y462>
      <x463>746</x463>
      <y463>339</y463>
      <x464>749</x464>
      <y464>342</y464>
      <x465>750</x465>
      <y465>385</y465>
      <x466>747</x466>
      <y466>391</y466>
      <x467>739</x467>
      <y467>390</y467>
      <x468>734</x468>
      <y468>386</y468>
      <x469>732</x469>
      <y469>378</y469>
      <x470>719</x470>
      <y470>368</y470>
      <x471>715</x471>
      <y471>360</y471>
      <x472>715</x472>
      <y472>354</y472>
      <x473>720</x473>
      <y473>341</y473>
      <x474>720</x474>
      <y474>328</y474>
      <x475>723</x475>
      <y475>320</y475>
      <x476>722</x476>
      <y476>312</y476>
      <x477>718</x477>
      <y477>309</y477>
      <x478>720</x478>
      <y478>307</y478>
      <x479>726</x479>
      <y479>311</y479>
      <x480>731</x480>
      <y480>311</y480>
      <x481>731</x481>
      <y481>306</y481>
      <x482>727</x482>
      <y482>303</y482>
      <x483>708</x483>
      <y483>302</y483>
      <x484>694</x484>
      <y484>290</y484>
      <x485>691</x485>
      <y485>281</y485>
      <x486>686</x486>
      <y486>275</y486>
      <x487>679</x487>
      <y487>276</y487>
      <x488>674</x488>
      <y488>284</y488>
      <x489>666</x489>
      <y489>283</y489>
      <x490>660</x490>
      <y490>270</y490>
      <x491>663</x491>
      <y491>265</y491>
      <x492>659</x492>
      <y492>253</y492>
      <x493>659</x493>
      <y493>238</y493>
      <x494>662</x494>
      <y494>229</y494>
      <x495>658</x495>
      <y495>225</y495>
      <x496>660</x496>
      <y496>214</y496>
      <x497>659</x497>
      <y497>206</y497>
      <x498>661</x498>
      <y498>202</y498>
      <x499>668</x499>
      <y499>201</y499>
      <x500>675</x500>
      <y500>192</y500>
      <x501>679</x501>
      <y501>191</y501>
      <x502>684</x502>
      <y502>195</y502>
      <x503>686</x503>
      <y503>201</y503>
      <x504>694</x504>
      <y504>208</y504>
      <x505>697</x505>
      <y505>218</y505>
      <x506>701</x506>
      <y506>216</y506>
      <x507>701</x507>
      <y507>207</y507>
      <x508>714</x508>
      <y508>190</y508>
      <x509>713</x509>
      <y509>185</y509>
      <x510>706</x510>
      <y510>178</y510>
      <x511>706</x511>
      <y511>173</y511>
      <x512>696</x512>
      <y512>167</y512>
      <x513>695</x513>
      <y513>160</y513>
      <x514>690</x514>
      <y514>152</y514>
      <x515>690</x515>
      <y515>139</y515>
      <x516>685</x516>
      <y516>132</y516>
      <x517>684</x517>
      <y517>116</y517>
      <x518>678</x518>
      <y518>106</y518>
      <x519>681</x519>
      <y519>101</y519>
      <x520>682</x520>
      <y520>91</y520>
      <x521>681</x521>
      <y521>68</y521>
      <x522>679</x522>
      <y522>66</y522>
      <x523>674</x523>
      <y523>66</y523>
      <x524>665</x524>
      <y524>72</y524>
      <x525>659</x525>
      <y525>80</y525>
      <x526>659</x526>
      <y526>89</y526>
      <x527>657</x527>
      <y527>91</y527>
      <x528>637</x528>
      <y528>88</y528>
      <x529>631</x529>
      <y529>83</y529>
      <x530>632</x530>
      <y530>80</y530>
      <x531>638</x531>
      <y531>77</y531>
      <x532>635</x532>
      <y532>64</y532>
      <x533>631</x533>
      <y533>64</y533>
      <x534>623</x534>
      <y534>72</y534>
      <x535>615</x535>
      <y535>69</y535>
      <x536>612</x536>
      <y536>73</y536>
      <x537>612</x537>
      <y537>78</y537>
      <x538>606</x538>
      <y538>82</y538>
      <x539>615</x539>
      <y539>85</y539>
      <x540>618</x540>
      <y540>88</y540>
      <x541>618</x541>
      <y541>94</y541>
      <x542>630</x542>
      <y542>99</y542>
      <x543>625</x543>
      <y543>101</y543>
      <x544>621</x544>
      <y544>106</y544>
      <x545>616</x545>
      <y545>105</y545>
      <x546>609</x546>
      <y546>107</y546>
      <x547>607</x547>
      <y547>105</y547>
      <x548>607</x548>
      <y548>98</y548>
      <x549>588</x549>
      <y549>81</y549>
      <x550>578</x550>
      <y550>83</y550>
      <x551>573</x551>
      <y551>87</y551>
      <x552>588</x552>
      <y552>94</y552>
      <x553>593</x553>
      <y553>100</y553>
      <x554>603</x554>
      <y554>104</y554>
      <x555>608</x555>
      <y555>111</y555>
      <x556>634</x556>
      <y556>114</y556>
      <x557>636</x557>
      <y557>116</y557>
      <x558>635</x558>
      <y558>123</y558>
      <x559>633</x559>
      <y559>125</y559>
      <x560>626</x560>
      <y560>125</y560>
      <x561>622</x561>
      <y561>130</y561>
      <x562>618</x562>
      <y562>127</y562>
      <x563>603</x563>
      <y563>126</y563>
      <x564>593</x564>
      <y564>117</y564>
      <x565>587</x565>
      <y565>116</y565>
      <x566>570</x566>
      <y566>95</y566>
      <x567>562</x567>
      <y567>88</y567>
      <x568>553</x568>
      <y568>84</y568>
      <x569>551</x569>
      <y569>85</y569>
      <x570>551</x570>
      <y570>88</y570>
      <x571>556</x571>
      <y571>94</y571>
      <x572>549</x572>
      <y572>100</y572>
      <x573>542</x573>
      <y573>97</y573>
      <x574>530</x574>
      <y574>104</y574>
      <x575>526</x575>
      <y575>104</y575>
      <x576>529</x576>
      <y576>112</y576>
      <x577>536</x577>
      <y577>115</y577>
      <x578>543</x578>
      <y578>114</y578>
      <x579>545</x579>
      <y579>116</y579>
      <x580>545</x580>
      <y580>129</y580>
      <x581>549</x581>
      <y581>136</y581>
      <x582>549</x582>
      <y582>139</y582>
      <x583>546</x583>
      <y583>142</y583>
      <x584>535</x584>
      <y584>146</y584>
      <x585>530</x585>
      <y585>150</y585>
      <x586>529</x586>
      <y586>157</y586>
      <x587>532</x587>
      <y587>161</y587>
      <x588>531</x588>
      <y588>170</y588>
      <x589>534</x589>
      <y589>178</y589>
      <x590>526</x590>
      <y590>192</y590>
      <x591>521</x591>
      <y591>192</y591>
      <x592>510</x592>
      <y592>187</y592>
      <x593>502</x593>
      <y593>175</y593>
      <x594>496</x594>
      <y594>176</y594>
      <x595>493</x595>
      <y595>173</y595>
      <x596>488</x596>
      <y596>172</y596>
      <x597>486</x597>
      <y597>169</y597>
      <x598>481</x598>
      <y598>172</y598>
      <x599>474</x599>
      <y599>170</y599>
      <x600>470</x600>
      <y600>166</y600>
      <x601>468</x601>
      <y601>159</y601>
      <x602>460</x602>
      <y602>161</y602>
      <x603>454</x603>
      <y603>159</y603>
      <x604>454</x604>
      <y604>150</y604>
      <x605>458</x605>
      <y605>145</y605>
      <x606>457</x606>
      <y606>139</y606>
      <x607>435</x607>
      <y607>121</y607>
      <x608>432</x608>
      <y608>111</y608>
      <x609>435</x609>
      <y609>106</y609>
      <x610>440</x610>
      <y610>108</y610>
      <x611>440</x611>
      <y611>99</y611>
      <x612>427</x612>
      <y612>98</y612>
      <x613>424</x613>
      <y613>95</y613>
      <x614>423</x614>
      <y614>81</y614>
      <x615>412</x615>
      <y615>71</y615>
      <x616>408</x616>
      <y616>70</y616>
      <x617>389</x617>
      <y617>50</y617>
      <x618>386</x618>
      <y618>52</y618>
      <x619>387</x619>
      <y619>60</y619>
      <x620>383</x620>
      <y620>64</y620>
      <x621>379</x621>
      <y621>64</y621>
      <x622>372</x622>
      <y622>68</y622>
      <x623>355</x623>
      <y623>68</y623>
      <x624>349</x624>
      <y624>74</y624>
      <x625>342</x625>
      <y625>74</y625>
      <x626>332</x626>
      <y626>78</y626>
      <x627>328</x627>
      <y627>83</y627>
      <x628>332</x628>
      <y628>96</y628>
      <x629>344</x629>
      <y629>103</y629>
      <x630>350</x630>
      <y630>100</y630>
      <x631>350</x631>
      <y631>97</y631>
      <x632>342</x632>
      <y632>97</y632>
      <x633>341</x633>
      <y633>93</y633>
      <x634>361</x634>
      <y634>91</y634>
      <x635>365</x635>
      <y635>94</y635>
      <x636>363</x636>
      <y636>100</y636>
      <x637>373</x637>
      <y637>103</y637>
      <x638>378</x638>
      <y638>111</y638>
      <x639>385</x639>
      <y639>114</y639>
      <x640>387</x640>
      <y640>123</y640>
      <x641>394</x641>
      <y641>126</y641>
      <x642>396</x642>
      <y642>125</y642>
      <x643>396</x643>
      <y643>120</y643>
      <x644>390</x644>
      <y644>114</y644>
      <x645>384</x645>
      <y645>113</y645>
      <x646>384</x646>
      <y646>110</y646>
      <x647>380</x647>
      <y647>105</y647>
      <x648>374</x648>
      <y648>101</y648>
      <x649>374</x649>
      <y649>97</y649>
      <x650>377</x650>
      <y650>93</y650>
      <x651>383</x651>
      <y651>91</y651>
      <x652>390</x652>
      <y652>94</y652>
      <x653>394</x653>
      <y653>99</y653>
      <x654>405</x654>
      <y654>93</y654>
      <x655>408</x655>
      <y655>97</y655>
      <x656>412</x656>
      <y656>123</y656>
      <x657>420</x657>
      <y657>125</y657>
      <x658>429</x658>
      <y658>132</y658>
      <x659>419</x659>
      <y659>141</y659>
      <x660>411</x660>
      <y660>138</y660>
      <x661>407</x661>
      <y661>150</y661>
      <x662>408</x662>
      <y662>158</y662>
      <x663>412</x663>
      <y663>161</y663>
      <x664>420</x664>
      <y664>160</y664>
      <x665>423</x665>
      <y665>164</y665>
      <x666>428</x666>
      <y666>160</y666>
      <x667>442</x667>
      <y667>160</y667>
      <x668>444</x668>
      <y668>162</y668>
      <x669>443</x669>
      <y669>166</y669>
      <x670>439</x670>
      <y670>169</y670>
      <x671>422</x671>
      <y671>169</y671>
      <x672>418</x672>
      <y672>174</y672>
      <x673>402</x673>
      <y673>182</y673>
      <x674>400</x674>
      <y674>185</y674>
      <x675>404</x675>
      <y675>193</y675>
      <x676>405</x676>
      <y676>201</y676>
      <x677>401</x677>
      <y677>205</y677>
      <x678>394</x678>
      <y678>202</y678>
      <x679>394</x679>
      <y679>197</y679>
      <x680>391</x680>
      <y680>193</y680>
      <x681>387</x681>
      <y681>193</y681>
      <x682>380</x682>
      <y682>199</y682>
      <x683>379</x683>
      <y683>203</y683>
      <x684>383</x684>
      <y684>207</y684>
      <x685>381</x685>
      <y685>214</y685>
      <x686>386</x686>
      <y686>231</y686>
      <x687>386</x687>
      <y687>239</y687>
      <x688>381</x688>
      <y688>246</y688>
      <x689>381</x689>
      <y689>249</y689>
      <x690>386</x690>
      <y690>259</y690>
      <x691>387</x691>
      <y691>271</y691>
      <x692>383</x692>
      <y692>275</y692>
      <x693>379</x693>
      <y693>275</y693>
      <x694>376</x694>
      <y694>272</y694>
      <x695>373</x695>
      <y695>261</y695>
      <x696>371</x696>
      <y696>259</y696>
      <x697>360</x697>
      <y697>259</y697>
      <x698>355</x698>
      <y698>247</y698>
      <x699>356</x699>
      <y699>213</y699>
      <x700>373</x700>
      <y700>192</y700>
      <x701>373</x701>
      <y701>184</y701>
      <x702>376</x702>
      <y702>178</y702>
      <x703>375</x703>
      <y703>172</y703>
      <x704>367</x704>
      <y704>162</y704>
      <x705>349</x705>
      <y705>162</y705>
      <x706>343</x706>
      <y706>167</y706>
      <x707>339</x707>
      <y707>161</y707>
      <x708>330</x708>
      <y708>156</y708>
      <x709>323</x709>
      <y709>141</y709>
      <x710>316</x710>
      <y710>136</y710>
      <x711>312</x711>
      <y711>125</y711>
      <x712>320</x712>
      <y712>117</y712>
      <x713>323</x713>
      <y713>117</y713>
      <x714>327</x714>
      <y714>122</y714>
      <x715>328</x715>
      <y715>121</y715>
      <x716>327</x716>
      <y716>117</y716>
      <x717>329</x717>
      <y717>110</y717>
      <x718>327</x718>
      <y718>103</y718>
      <x719>322</x719>
      <y719>94</y719>
      <x720>305</x720>
      <y720>87</y720>
      <x721>307</x721>
      <y721>83</y721>
      <x722>303</x722>
      <y722>71</y722>
      <x723>295</x723>
      <y723>61</y723>
      <x724>290</x724>
      <y724>47</y724>
      <x725>280</x725>
      <y725>41</y725>
      <x726>278</x726>
      <y726>37</y726>
      <x727>280</x727>
      <y727>31</y727>
      <x728>276</x728>
      <y728>22</y728>
      <x729>264</x729>
      <y729>20</y729>
      <x730>258</x730>
      <y730>22</y730>
      <x731>230</x731>
      <y731>22</y731>
      <x732>228</x732>
      <y732>24</y732>
      <x733>229</x733>
      <y733>31</y733>
      <x734>225</x734>
      <y734>47</y734>
      <x735>230</x735>
      <y735>93</y735>
      <x736>235</x736>
      <y736>101</y736>
      <x737>240</x737>
      <y737>103</y737>
      <x738>247</x738>
      <y738>101</y738>
      <x739>250</x739>
      <y739>104</y739>
      <x740>246</x740>
      <y740>111</y740>
      <x741>242</x741>
      <y741>107</y741>
      <x742>241</x742>
      <y742>110</y742>
      <x743>250</x743>
      <y743>120</y743>
      <x744>252</x744>
      <y744>127</y744>
      <x745>258</x745>
      <y745>131</y745>
      <x746>262</x746>
      <y746>147</y746>
      <x747>265</x747>
      <y747>149</y747>
      <x748>277</x748>
      <y748>138</y748>
      <x749>282</x749>
      <y749>138</y749>
      <x750>286</x750>
      <y750>141</y750>
      <x751>291</x751>
      <y751>138</y751>
      <x752>297</x752>
      <y752>141</y752>
      <x753>310</x753>
      <y753>140</y753>
      <x754>317</x754>
      <y754>147</y754>
      <x755>320</x755>
      <y755>160</y755>
      <x756>326</x756>
      <y756>167</y756>
      <x757>325</x757>
      <y757>172</y757>
      <x758>322</x758>
      <y758>175</y758>
      <x759>315</x759>
      <y759>177</y759>
      <x760>308</x760>
      <y760>168</y760>
      <x761>307</x761>
      <y761>162</y761>
      <x762>297</x762>
      <y762>155</y762>
      <x763>295</x763>
      <y763>166</y763>
      <x764>307</x764>
      <y764>173</y764>
      <x765>307</x765>
      <y765>181</y765>
      <x766>297</x766>
      <y766>189</y766>
      <x767>292</x767>
      <y767>188</y767>
      <x768>285</x768>
      <y768>182</y768>
      <x769>283</x769>
      <y769>184</y769>
      <x770>284</x770>
      <y770>190</y770>
      <x771>281</x771>
      <y771>193</y771>
      <x772>272</x772>
      <y772>194</y772>
      <x773>268</x773>
      <y773>199</y773>
      <x774>266</x774>
      <y774>210</y774>
      <x775>269</x775>
      <y775>219</y775>
      <x776>268</x776>
      <y776>223</y776>
      <x777>261</x777>
      <y777>229</y777>
      <x778>264</x778>
      <y778>235</y778>
      <x779>264</x779>
      <y779>247</y779>
      <x780>268</x780>
      <y780>246</y780>
      <x781>268</x781>
      <y781>242</y781>
      <x782>273</x782>
      <y782>232</y782>
      <x783>273</x783>
      <y783>225</y783>
      <x784>276</x784>
      <y784>224</y784>
      <x785>280</x785>
      <y785>227</y785>
      <x786>282</x786>
      <y786>217</y786>
      <x787>286</x787>
      <y787>213</y787>
      <x788>287</x788>
      <y788>207</y788>
      <x789>295</x789>
      <y789>202</y789>
      <x790>302</x790>
      <y790>201</y790>
      <x791>319</x791>
      <y791>206</y791>
      <x792>330</x792>
      <y792>206</y792>
      <x793>333</x793>
      <y793>209</y793>
      <x794>329</x794>
      <y794>215</y794>
      <x795>323</x795>
      <y795>218</y795>
      <x796>324</x796>
      <y796>228</y796>
      <x797>322</x797>
      <y797>230</y797>
      <x798>324</x798>
      <y798>235</y798>
      <x799>316</x799>
      <y799>246</y799>
      <x800>319</x800>
      <y800>254</y800>
      <x801>319</x801>
      <y801>261</y801>
      <x802>315</x802>
      <y802>267</y802>
      <x803>310</x803>
      <y803>269</y803>
      <x804>316</x804>
      <y804>275</y804>
      <x805>316</x805>
      <y805>290</y805>
      <x806>311</x806>
      <y806>301</y806>
      <x807>311</x807>
      <y807>315</y807>
      <x808>308</x808>
      <y808>326</y808>
      <x809>300</x809>
      <y809>328</y809>
      <x810>296</x810>
      <y810>325</y810>
      <x811>292</x811>
      <y811>316</y811>
      <x812>287</x812>
      <y812>318</y812>
      <x813>281</x813>
      <y813>311</y813>
      <x814>275</x814>
      <y814>313</y814>
      <x815>268</x815>
      <y815>303</y815>
      <x816>264</x816>
      <y816>288</y816>
      <x817>256</x817>
      <y817>280</y817>
      <x818>253</x818>
      <y818>272</y818>
      <x819>250</x819>
      <y819>285</y819>
      <x820>246</x820>
      <y820>287</y820>
      <x821>240</x821>
      <y821>281</y821>
      <x822>239</x822>
      <y822>275</y822>
      <x823>235</x823>
      <y823>269</y823>
      <x824>229</x824>
      <y824>272</y824>
      <x825>224</x825>
      <y825>266</y825>
      <x826>218</x826>
      <y826>270</y826>
      <x827>220</x827>
      <y827>273</y827>
      <x828>227</x828>
      <y828>274</y828>
      <x829>225</x829>
      <y829>280</y829>
      <x830>225</x830>
      <y830>294</y830>
      <x831>221</x831>
      <y831>297</y831>
      <x832>212</x832>
      <y832>295</y832>
      <x833>207</x833>
      <y833>301</y833>
      <x834>191</x834>
      <y834>302</y834>
      <x835>194</x835>
      <y835>315</y835>
      <x836>189</x836>
      <y836>327</y836>
      <x837>195</x837>
      <y837>344</y837>
      <x838>195</x838>
      <y838>349</y838>
      <x839>191</x839>
      <y839>356</y839>
      <x840>187</x840>
      <y840>356</y840>
      <x841>181</x841>
      <y841>351</y841>
      <x842>168</x842>
      <y842>319</y842>
      <x843>159</x843>
      <y843>316</y843>
      <x844>157</x844>
      <y844>312</y844>
      <x845>155</x845>
      <y845>312</y845>
      <x846>156</x846>
      <y846>323</y846>
      <x847>153</x847>
      <y847>330</y847>
      <x848>153</x848>
      <y848>344</y848>
      <x849>155</x849>
      <y849>352</y849>
      <x850>159</x850>
      <y850>358</y850>
      <x851>157</x851>
      <y851>367</y851>
      <x852>159</x852>
      <y852>390</y852>
      <x853>157</x853>
      <y853>393</y853>
      <x854>146</x854>
      <y854>384</y854>
      <x855>146</x855>
      <y855>363</y855>
      <x856>140</x856>
      <y856>343</y856>
      <x857>133</x857>
      <y857>335</y857>
      <x858>127</x858>
      <y858>337</y858>
      <x859>120</x859>
      <y859>328</y859>
      <x860>121</x860>
      <y860>321</y860>
      <x861>131</x861>
      <y861>315</y861>
      <x862>125</x862>
      <y862>310</y862>
      <x863>126</x863>
      <y863>308</y863>
      <x864>132</x864>
      <y864>308</y864>
      <x865>142</x865>
      <y865>298</y865>
      <x866>151</x866>
      <y866>297</y866>
      <x867>155</x867>
      <y867>294</y867>
      <x868>152</x868>
      <y868>284</y868>
      <x869>149</x869>
      <y869>255</y869>
      <x870>140</x870>
      <y870>242</y870>
      <x871>141</x871>
      <y871>238</y871>
      <x872>144</x872>
      <y872>236</y872>
      <x873>140</x873>
      <y873>231</y873>
      <x874>142</x874>
      <y874>229</y874>
      <x875>150</x875>
      <y875>228</y875>
      <x876>154</x876>
      <y876>224</y876>
      <x877>156</x877>
      <y877>214</y877>
      <x878>155</x878>
      <y878>200</y878>
      <x879>167</x879>
      <y879>183</y879>
      <x880>193</x880>
      <y880>180</y880>
      <x881>195</x881>
      <y881>166</y881>
      <x882>200</x882>
      <y882>169</y882>
      <x883>208</x883>
      <y883>167</y883>
      <x884>215</x884>
      <y884>171</y884>
      <x885>220</x885>
      <y885>195</y885>
      <x886>218</x886>
      <y886>197</y886>
      <x887>216</x887>
      <y887>195</y887>
      <x888>216</x888>
      <y888>188</y888>
      <x889>211</x889>
      <y889>190</y889>
      <x890>212</x890>
      <y890>195</y890>
      <x891>219</x891>
      <y891>209</y891>
      <x892>226</x892>
      <y892>208</y892>
      <x893>224</x893>
      <y893>214</y893>
      <x894>219</x894>
      <y894>217</y894>
      <x895>218</x895>
      <y895>223</y895>
      <x896>223</x896>
      <y896>226</y896>
      <x897>231</x897>
      <y897>226</y897>
      <x898>232</x898>
      <y898>217</y898>
      <x899>239</x899>
      <y899>201</y899>
      <x900>236</x900>
      <y900>194</y900>
      <x901>237</x901>
      <y901>184</y901>
      <x902>229</x902>
      <y902>183</y902>
      <x903>225</x903>
      <y903>178</y903>
      <x904>224</x904>
      <y904>163</y904>
      <x905>230</x905>
      <y905>151</y905>
      <x906>227</x906>
      <y906>146</y906>
      <x907>227</x907>
      <y907>141</y907>
      <x908>230</x908>
      <y908>137</y908>
      <x909>238</x909>
      <y909>138</y909>
      <x910>239</x910>
      <y910>145</y910>
      <x911>237</x911>
      <y911>151</y911>
      <x912>240</x912>
      <y912>158</y912>
      <x913>242</x913>
      <y913>156</y913>
      <x914>245</x914>
      <y914>145</y914>
      <x915>242</x915>
      <y915>128</y915>
      <x916>230</x916>
      <y916>108</y916>
      <x917>225</x917>
      <y917>112</y917>
      <x918>221</x918>
      <y918>111</y918>
      <x919>221</x919>
      <y919>105</y919>
      <x920>225</x920>
      <y920>99</y920>
      <x921>219</x921>
      <y921>90</y921>
      <x922>208</x922>
      <y922>92</y922>
      <x923>208</x923>
      <y923>96</y923>
      <x924>212</x924>
      <y924>99</y924>
      <x925>207</x925>
      <y925>103</y925>
      <x926>205</x926>
      <y926>117</y926>
      <x927>208</x927>
      <y927>121</y927>
      <x928>197</x928>
      <y928>134</y928>
      <x929>188</x929>
      <y929>137</y929>
      <x930>171</x930>
      <y930>136</y930>
      <x931>160</x931>
      <y931>139</y931>
      <x932>162</x932>
      <y932>144</y932>
      <x933>149</x933>
      <y933>160</y933>
      <x934>149</x934>
      <y934>164</y934>
      <x935>155</x935>
      <y935>171</y935>
      <x936>158</x936>
      <y936>185</y936>
      <x937>154</x937>
      <y937>188</y937>
      <x938>149</x938>
      <y938>188</y938>
      <x939>146</x939>
      <y939>185</y939>
      <x940>145</x940>
      <y940>168</y940>
      <x941>140</x941>
      <y941>161</y941>
      <x942>138</x942>
      <y942>161</y942>
      <x943>134</x943>
      <y943>167</y943>
      <x944>135</x944>
      <y944>173</y944>
      <x945>132</x945>
      <y945>178</y945>
      <x946>120</x946>
      <y946>181</y946>
      <x947>110</x947>
      <y947>180</y947>
      <x948>103</x948>
      <y948>183</y948>
      <x949>94</x949>
      <y949>183</y949>
      <x950>91</x950>
      <y950>190</y950>
      <x951>93</x951>
      <y951>201</y951>
      <x952>88</x952>
      <y952>212</y952>
      <x953>83</x953>
      <y953>214</y953>
      <x954>80</x954>
      <y954>227</y954>
      <x955>77</x955>
      <y955>230</y955>
    </polygon>
  </object>
  <object>
    <name>person</name>
    <bndbox>
      <xmin>166</xmin>
      <ymin>590</ymin>
      <xmax>257</xmax>
      <ymax>691</ymax>
    </bndbox>
    <polygon>
      <x1>166</x1>
      <y1>615</y1>
      <x2>174</x2>
      <y2>608</y2>
      <x3>184</x3>
      <y3>611</y3>
      <x4>187</x4>
      <y4>614</y4>
      <x5>189</x5>
      <y5>621</y5>
      <x6>194</x6>
      <y6>628</y6>
      <x7>196</x7>
      <y7>638</y7>
      <x8>202</x8>
      <y8>647</y8>
      <x9>205</x9>
      <y9>642</y9>
      <x10>203</x10>
      <y10>622</y10>
      <x11>192</x11>
      <y11>612</y11>
      <x12>194</x12>
      <y12>606</y12>
      <x13>194</x13>
      <y13>593</y13>
      <x14>197</x14>
      <y14>590</y14>
      <x15>202</x15>
      <y15>590</y15>
      <x16>207</x16>
      <y16>592</y16>
      <x17>215</x17>
      <y17>603</y17>
      <x18>222</x18>
      <y18>617</y18>
      <x19>226</x19>
      <y19>634</y19>
      <x20>238</x20>
      <y20>650</y20>
      <x21>238</x21>
      <y21>654</y21>
      <x22>244</x22>
      <y22>669</y22>
      <x23>255</x23>
      <y23>677</y23>
      <x24>257</x24>
      <y24>683</y24>
      <x25>257</x25>
      <y25>689</y25>
      <x26>255</x26>
      <y26>691</y26>
      <x27>252</x27>
      <y27>691</y27>
      <x28>247</x28>
      <y28>684</y28>
      <x29>241</x29>
      <y29>682</y29>
      <x30>236</x30>
      <y30>677</y30>
      <x31>235</x31>
      <y31>674</y31>
      <x32>228</x32>
      <y32>668</y32>
      <x33>226</x33>
      <y33>662</y33>
      <x34>216</x34>
      <y34>655</y34>
      <x35>212</x35>
      <y35>647</y35>
      <x36>212</x36>
      <y36>650</y36>
      <x37>206</x37>
      <y37>656</y37>
      <x38>205</x38>
      <y38>665</y38>
      <x39>201</x39>
      <y39>667</y39>
      <x40>192</x40>
      <y40>655</y40>
      <x41>190</x41>
      <y41>650</y41>
      <x42>182</x42>
      <y42>644</y42>
      <x43>180</x43>
      <y43>637</y43>
      <x44>175</x44>
      <y44>635</y44>
      <x45>172</x45>
      <y45>632</y45>
      <x46>166</x46>
      <y46>619</y46>
    </polygon>
  </object>
  <object>
    <name>person</name>
    <bndbox>
      <xmin>711</xmin>
      <ymin>570</ymin>
      <xmax>764</xmax>
      <ymax>686</ymax>
    </bndbox>
    <polygon>
      <x1>733</x1>
      <y1>570</y1>
      <x2>737</x2>
      <y2>570</y2>
      <x3>745</x3>
      <y3>576</y3>
      <x4>749</x4>
      <y4>594</y4>
      <x5>757</x5>
      <y5>605</y5>
      <x6>760</x6>
      <y6>618</y6>
      <x7>764</x7>
      <y7>622</y7>
      <x8>760</x8>
      <y8>627</y8>
      <x9>760</x9>
      <y9>644</y9>
      <x10>754</x10>
      <y10>651</y10>
      <x11>755</x11>
      <y11>659</y11>
      <x12>746</x12>
      <y12>686</y12>
      <x13>735</x13>
      <y13>685</y13>
      <x14>723</x14>
      <y14>678</y14>
      <x15>726</x15>
      <y15>669</y15>
      <x16>725</x16>
      <y16>657</y16>
      <x17>733</x17>
      <y17>644</y17>
      <x18>729</x18>
      <y18>634</y18>
      <x19>718</x19>
      <y19>635</y19>
      <x20>711</x20>
      <y20>628</y20>
      <x21>712</x21>
      <y21>622</y21>
      <x22>717</x22>
      <y22>616</y22>
      <x23>718</x23>
      <y23>602</y23>
      <x24>722</x24>
      <y24>598</y24>
      <x25>722</x25>
      <y25>594</y25>
      <x26>714</x26>
      <y26>588</y26>
      <x27>714</x27>
      <y27>585</y27>
      <x28>718</x28>
      <y28>580</y28>
      <x29>725</x29>
      <y29>578</y29>
      <x30>727</x30>
      <y30>574</y30>
    </polygon>
  </object>
  <object>
    <name>person</name>
    <bndbox>
      <xmin>761</xmin>
      <ymin>565</ymin>
      <xmax>812</xmax>
      <ymax>672</ymax>
    </bndbox>
    <polygon>
      <x1>780</x1>
      <y1>565</y1>
      <x2>788</x2>
      <y2>567</y2>
      <x3>794</x3>
      <y3>571</y3>
      <x4>796</x4>
      <y4>583</y4>
      <x5>793</x5>
      <y5>588</y5>
      <x6>793</x6>
      <y6>610</y6>
      <x7>803</x7>
      <y7>612</y7>
      <x8>808</x8>
      <y8>617</y8>
      <x9>812</x9>
      <y9>627</y9>
      <x10>812</x10>
      <y10>634</y10>
      <x11>808</x11>
      <y11>639</y11>
      <x12>806</x12>
      <y12>670</y12>
      <x13>804</x13>
      <y13>672</y13>
      <x14>793</x14>
      <y14>670</y14>
      <x15>787</x15>
      <y15>664</y15>
      <x16>781</x16>
      <y16>662</y16>
      <x17>775</x17>
      <y17>657</y17>
      <x18>778</x18>
      <y18>642</y18>
      <x19>764</x19>
      <y19>623</y19>
      <x20>769</x20>
      <y20>618</y20>
      <x21>769</x21>
      <y21>616</y21>
      <x22>761</x22>
      <y22>609</y22>
      <x23>762</x23>
      <y23>598</y23>
      <x24>764</x24>
      <y24>595</y24>
      <x25>764</x25>
      <y25>578</y25>
    </polygon>
  </object>
  <object>
    <name>person</name>
    <bndbox>
      <xmin>1183</xmin>
      <ymin>515</ymin>
      <xmax>1260</xmax>
      <ymax>632</ymax>
    </bndbox>
    <polygon>
      <x1>1226</x1>
      <y1>515</y1>
      <x2>1232</x2>
      <y2>525</y2>
      <x3>1239</x3>
      <y3>525</y3>
      <x4>1230</x4>
      <y4>536</y4>
      <x5>1229</x5>
      <y5>544</y5>
      <x6>1247</x6>
      <y6>543</y6>
      <x7>1252</x7>
      <y7>547</y7>
      <x8>1258</x8>
      <y8>560</y8>
      <x9>1257</x9>
      <y9>567</y9>
      <x10>1260</x10>
      <y10>577</y10>
      <x11>1248</x11>
      <y11>576</y11>
      <x12>1241</x12>
      <y12>582</y12>
      <x13>1238</x13>
      <y13>591</y13>
      <x14>1238</x14>
      <y14>609</y14>
      <x15>1234</x15>
      <y15>613</y15>
      <x16>1228</x16>
      <y16>613</y16>
      <x17>1224</x17>
      <y17>606</y17>
      <x18>1214</x18>
      <y18>618</y18>
      <x19>1208</x19>
      <y19>619</y19>
      <x20>1201</x20>
      <y20>630</y20>
      <x21>1195</x21>
      <y21>632</y21>
      <x22>1191</x22>
      <y22>628</y22>
      <x23>1191</x23>
      <y23>616</y23>
      <x24>1184</x24>
      <y24>611</y24>
      <x25>1183</x25>
      <y25>607</y25>
      <x26>1191</x26>
      <y26>594</y26>
      <x27>1191</x27>
      <y27>588</y27>
      <x28>1185</x28>
      <y28>579</y28>
      <x29>1185</x29>
      <y29>575</y29>
      <x30>1190</x30>
      <y30>571</y30>
      <x31>1188</x31>
      <y31>557</y31>
      <x32>1196</x32>
      <y32>547</y32>
      <x33>1197</x33>
      <y33>540</y33>
      <x34>1219</x34>
      <y34>517</y34>
    </polygon>
  </object>
  <object>
    <name>person</name>
    <bndbox>
      <xmin>593</xmin>
      <ymin>509</ymin>
      <xmax>660</xmax>
      <ymax>627</ymax>
    </bndbox>
    <polygon>
      <x1>647</x1>
      <y1>510</y1>
      <x2>653</x2>
      <y2>514</y2>
      <x3>659</x3>
      <y3>535</y3>
      <x4>660</x4>
      <y4>560</y4>
      <x5>656</x5>
      <y5>572</y5>
      <x6>650</x6>
      <y6>574</y6>
      <x7>647</x7>
      <y7>570</y7>
      <x8>644</x8>
      <y8>556</y8>
      <x9>640</x9>
      <y9>555</y9>
      <x10>633</x10>
      <y10>558</y10>
      <x11>626</x11>
      <y11>558</y11>
      <x12>626</x12>
      <y12>562</y12>
      <x13>631</x13>
      <y13>572</y13>
      <x14>632</x14>
      <y14>587</y14>
      <x15>635</x15>
      <y15>599</y15>
      <x16>629</x16>
      <y16>604</y16>
      <x17>630</x17>
      <y17>611</y17>
      <x18>627</x18>
      <y18>623</y18>
      <x19>623</x19>
      <y19>627</y19>
      <x20>618</x20>
      <y20>627</y20>
      <x21>613</x21>
      <y21>623</y21>
      <x22>615</x22>
      <y22>616</y22>
      <x23>611</x23>
      <y23>609</y23>
      <x24>605</x24>
      <y24>609</y24>
      <x25>599</x25>
      <y25>612</y25>
      <x26>595</x26>
      <y26>612</y26>
      <x27>593</x27>
      <y27>610</y27>
      <x28>593</x28>
      <y28>605</y28>
      <x29>604</x29>
      <y29>597</y29>
      <x30>610</x30>
      <y30>595</y30>
      <x31>605</x31>
      <y31>582</y31>
      <x32>605</x32>
      <y32>575</y32>
      <x33>607</x33>
      <y33>571</y33>
      <x34>605</x34>
      <y34>566</y34>
      <x35>608</x35>
      <y35>559</y35>
      <x36>612</x36>
      <y36>556</y36>
      <x37>623</x37>
      <y37>555</y37>
      <x38>633</x38>
      <y38>547</y38>
      <x39>637</x39>
      <y39>538</y39>
      <x40>635</x40>
      <y40>531</y40>
      <x41>629</x41>
      <y41>532</y41>
      <x42>625</x42>
      <y42>529</y42>
      <x43>626</x43>
      <y43>522</y43>
      <x44>639</x44>
      <y44>509</y44>
    </polygon>
  </object>
  <object>
    <name>person</name>
    <bndbox>
      <xmin>476</xmin>
      <ymin>501</ymin>
      <xmax>543</xmax>
      <ymax>625</ymax>
    </bndbox>
    <polygon>
      <x1>487</x1>
      <y1>501</y1>
      <x2>494</x2>
      <y2>501</y2>
      <x3>502</x3>
      <y3>505</y3>
      <x4>506</x4>
      <y4>505</y4>
      <x5>509</x5>
      <y5>508</y5>
      <x6>504</x6>
      <y6>524</y6>
      <x7>504</x7>
      <y7>527</y7>
      <x8>506</x8>
      <y8>530</y8>
      <x9>506</x9>
      <y9>537</y9>
      <x10>509</x10>
      <y10>543</y10>
      <x11>520</x11>
      <y11>553</y11>
      <x12>526</x12>
      <y12>556</y12>
      <x13>537</x13>
      <y13>579</y13>
      <x14>539</x14>
      <y14>587</y14>
      <x15>531</x15>
      <y15>600</y15>
      <x16>534</x16>
      <y16>603</y16>
      <x17>537</x17>
      <y17>603</y17>
      <x18>541</x18>
      <y18>607</y18>
      <x19>543</x19>
      <y19>616</y19>
      <x20>540</x20>
      <y20>618</y20>
      <x21>536</x21>
      <y21>618</y21>
      <x22>532</x22>
      <y22>616</y22>
      <x23>526</x23>
      <y23>617</y23>
      <x24>522</x24>
      <y24>623</y24>
      <x25>516</x25>
      <y25>625</y25>
      <x26>512</x26>
      <y26>624</y26>
      <x27>508</x27>
      <y27>620</y27>
      <x28>508</x28>
      <y28>616</y28>
      <x29>512</x29>
      <y29>610</y29>
      <x30>512</x30>
      <y30>598</y30>
      <x31>508</x31>
      <y31>581</y31>
      <x32>500</x32>
      <y32>574</y32>
      <x33>491</x33>
      <y33>569</y33>
      <x34>487</x34>
      <y34>561</y34>
      <x35>490</x35>
      <y35>554</y35>
      <x36>490</x36>
      <y36>549</y36>
      <x37>488</x37>
      <y37>545</y37>
      <x38>476</x38>
      <y38>532</y38>
      <x39>477</x39>
      <y39>516</y39>
      <x40>481</x40>
      <y40>508</y40>
    </polygon>
  </object>
  <object>
    <name>person</name>
    <bndbox>
      <xmin>367</xmin>
      <ymin>488</ymin>
      <xmax>425</xmax>
      <ymax>610</ymax>
    </bndbox>
    <polygon>
      <x1>381</x1>
      <y1>488</y1>
      <x2>394</x2>
      <y2>489</y2>
      <x3>403</x3>
      <y3>496</y3>
      <x4>407</x4>
      <y4>512</y4>
      <x5>407</x5>
      <y5>518</y5>
      <x6>406</x6>
      <y6>519</y6>
      <x7>407</x7>
      <y7>530</y7>
      <x8>425</x8>
      <y8>563</y8>
      <x9>425</x9>
      <y9>565</y9>
      <x10>423</x10>
      <y10>567</y10>
      <x11>419</x11>
      <y11>567</y11>
      <x12>401</x12>
      <y12>549</y12>
      <x13>398</x13>
      <y13>551</y13>
      <x14>397</x14>
      <y14>556</y14>
      <x15>398</x15>
      <y15>557</y15>
      <x16>399</x16>
      <y16>567</y16>
      <x17>396</x17>
      <y17>573</y17>
      <x18>396</x18>
      <y18>578</y18>
      <x19>398</x19>
      <y19>582</y19>
      <x20>399</x20>
      <y20>589</y20>
      <x21>405</x21>
      <y21>596</y21>
      <x22>409</x22>
      <y22>604</y22>
      <x23>409</x23>
      <y23>606</y23>
      <x24>406</x24>
      <y24>610</y24>
      <x25>400</x25>
      <y25>610</y25>
      <x26>398</x26>
      <y26>608</y26>
      <x27>396</x27>
      <y27>603</y27>
      <x28>386</x28>
      <y28>589</y28>
      <x29>383</x29>
      <y29>582</y29>
      <x30>373</x30>
      <y30>576</y30>
      <x31>368</x31>
      <y31>562</y31>
      <x32>367</x32>
      <y32>542</y32>
      <x33>370</x33>
      <y33>534</y33>
      <x34>376</x34>
      <y34>526</y34>
      <x35>372</x35>
      <y35>513</y35>
      <x36>372</x36>
      <y36>502</y36>
      <x37>374</x37>
      <y37>499</y37>
      <x38>376</x38>
      <y38>491</y38>
    </polygon>
  </object>
  <object>
    <name>person</name>
    <bndbox>
      <xmin>547</xmin>
      <ymin>476</ymin>
      <xmax>599</xmax>
      <ymax>555</ymax>
    </bndbox>
    <polygon>
      <x1>564</x1>
      <y1>476</y1>
      <x2>572</x2>
      <y2>476</y2>
      <x3>579</x3>
      <y3>479</y3>
      <x4>589</x4>
      <y4>490</y4>
      <x5>590</x5>
      <y5>530</y5>
      <x6>596</x6>
      <y6>536</y6>
      <x7>599</x7>
      <y7>542</y7>
      <x8>594</x8>
      <y8>555</y8>
      <x9>588</x9>
      <y9>555</y9>
      <x10>586</x10>
      <y10>553</y10>
      <x11>584</x11>
      <y11>547</y11>
      <x12>576</x12>
      <y12>536</y12>
      <x13>571</x13>
      <y13>535</y13>
      <x14>566</x14>
      <y14>530</y14>
      <x15>560</x15>
      <y15>529</y15>
      <x16>554</x16>
      <y16>531</y16>
      <x17>548</x17>
      <y17>526</y17>
      <x18>550</x18>
      <y18>515</y18>
      <x19>547</x19>
      <y19>509</y19>
      <x20>547</x20>
      <y20>495</y20>
      <x21>557</x21>
      <y21>482</y21>
    </polygon>
  </object>
  <object>
    <name>person</name>
    <bndbox>
      <xmin>205</xmin>
      <ymin>471</ymin>
      <xmax>295</xmax>
      <ymax>645</ymax>
    </bndbox>
    <polygon>
      <x1>208</x1>
      <y1>472</y1>
      <x2>219</x2>
      <y2>471</y2>
      <x3>226</x3>
      <y3>479</y3>
      <x4>235</x4>
      <y4>496</y4>
      <x5>233</x5>
      <y5>502</y5>
      <x6>234</x6>
      <y6>509</y6>
      <x7>237</x7>
      <y7>513</y7>
      <x8>239</x8>
      <y8>521</y8>
      <x9>246</x9>
      <y9>528</y9>
      <x10>246</x10>
      <y10>537</y10>
      <x11>249</x11>
      <y11>543</y11>
      <x12>249</x12>
      <y12>549</y12>
      <x13>254</x13>
      <y13>568</y13>
      <x14>259</x14>
      <y14>577</y14>
      <x15>269</x15>
      <y15>586</y15>
      <x16>272</x16>
      <y16>592</y16>
      <x17>273</x17>
      <y17>610</y17>
      <x18>285</x18>
      <y18>627</y18>
      <x19>285</x19>
      <y19>632</y19>
      <x20>293</x20>
      <y20>635</y20>
      <x21>295</x21>
      <y21>638</y21>
      <x22>295</x22>
      <y22>641</y22>
      <x23>292</x23>
      <y23>645</y23>
      <x24>285</x24>
      <y24>644</y24>
      <x25>283</x25>
      <y25>636</y25>
      <x26>272</x26>
      <y26>627</y26>
      <x27>270</x27>
      <y27>622</y27>
      <x28>265</x28>
      <y28>627</y28>
      <x29>263</x29>
      <y29>626</y29>
      <x30>260</x30>
      <y30>620</y30>
      <x31>247</x31>
      <y31>610</y31>
      <x32>246</x32>
      <y32>606</y32>
      <x33>240</x33>
      <y33>600</y33>
      <x34>239</x34>
      <y34>585</y34>
      <x35>241</x35>
      <y35>580</y35>
      <x36>241</x36>
      <y36>570</y36>
      <x37>233</x37>
      <y37>559</y37>
      <x38>228</x38>
      <y38>558</y38>
      <x39>223</x39>
      <y39>561</y39>
      <x40>218</x40>
      <y40>555</y40>
      <x41>221</x41>
      <y41>552</y41>
      <x42>221</x42>
      <y42>546</y42>
      <x43>218</x43>
      <y43>540</y43>
      <x44>216</x44>
      <y44>527</y44>
      <x45>221</x45>
      <y45>517</y45>
      <x46>221</x46>
      <y46>513</y46>
      <x47>216</x47>
      <y47>506</y47>
      <x48>211</x48>
      <y48>490</y48>
      <x49>207</x49>
      <y49>484</y49>
      <x50>205</x50>
      <y50>475</y50>
    </polygon>
  </object>
  <object>
    <name>person</name>
    <bndbox>
      <xmin>127</xmin>
      <ymin>462</ymin>
      <xmax>186</xmax>
      <ymax>567</ymax>
    </bndbox>
    <polygon>
      <x1>134</x1>
      <y1>462</y1>
      <x2>139</x2>
      <y2>462</y2>
      <x3>146</x3>
      <y3>469</y3>
      <x4>149</x4>
      <y4>475</y4>
      <x5>149</x5>
      <y5>479</y5>
      <x6>155</x6>
      <y6>487</y6>
      <x7>162</x7>
      <y7>487</y7>
      <x8>169</x8>
      <y8>492</y8>
      <x9>177</x9>
      <y9>509</y9>
      <x10>181</x10>
      <y10>533</y10>
      <x11>184</x11>
      <y11>540</y11>
      <x12>183</x12>
      <y12>549</y12>
      <x13>186</x13>
      <y13>554</y13>
      <x14>184</x14>
      <y14>556</y14>
      <x15>179</x15>
      <y15>556</y15>
      <x16>174</x16>
      <y16>551</y16>
      <x17>172</x17>
      <y17>551</y17>
      <x18>172</x18>
      <y18>564</y18>
      <x19>169</x19>
      <y19>567</y19>
      <x20>165</x20>
      <y20>565</y20>
      <x21>162</x21>
      <y21>557</y21>
      <x22>152</x22>
      <y22>549</y22>
      <x23>140</x23>
      <y23>532</y23>
      <x24>138</x24>
      <y24>523</y24>
      <x25>139</x25>
      <y25>506</y25>
      <x26>129</x26>
      <y26>485</y26>
      <x27>127</x27>
      <y27>475</y27>
      <x28>130</x28>
      <y28>466</y28>
    </polygon>
  </object>
  <object>
    <name>person</name>
    <bndbox>
      <xmin>361</xmin>
      <ymin>409</ymin>
      <xmax>450</xmax>
      <ymax>500</ymax>
    </bndbox>
    <polygon>
      <x1>371</x1>
      <y1>409</y1>
      <x2>379</x2>
      <y2>410</y2>
      <x3>394</x3>
      <y3>426</y3>
      <x4>397</x4>
      <y4>434</y4>
      <x5>394</x5>
      <y5>439</y5>
      <x6>395</x6>
      <y6>442</y6>
      <x7>400</x7>
      <y7>443</y7>
      <x8>405</x8>
      <y8>439</y8>
      <x9>406</x9>
      <y9>431</y9>
      <x10>412</x10>
      <y10>425</y10>
      <x11>418</x11>
      <y11>426</y11>
      <x12>427</x12>
      <y12>434</y12>
      <x13>429</x13>
      <y13>440</y13>
      <x14>433</x14>
      <y14>445</y14>
      <x15>434</x15>
      <y15>452</y15>
      <x16>440</x16>
      <y16>464</y16>
      <x17>436</x17>
      <y17>473</y17>
      <x18>450</x18>
      <y18>490</y18>
      <x19>450</x19>
      <y19>498</y19>
      <x20>448</x20>
      <y20>500</y20>
      <x21>441</x21>
      <y21>500</y21>
      <x22>437</x22>
      <y22>496</y22>
      <x23>436</x23>
      <y23>492</y23>
      <x24>425</x24>
      <y24>482</y24>
      <x25>419</x25>
      <y25>474</y25>
      <x26>407</x26>
      <y26>470</y26>
      <x27>399</x27>
      <y27>463</y27>
      <x28>397</x28>
      <y28>458</y28>
      <x29>391</x29>
      <y29>456</y29>
      <x30>389</x30>
      <y30>458</y30>
      <x31>390</x31>
      <y31>463</y31>
      <x32>397</x32>
      <y32>469</y32>
      <x33>398</x33>
      <y33>480</y33>
      <x34>395</x34>
      <y34>483</y34>
      <x35>383</x35>
      <y35>474</y35>
      <x36>376</x36>
      <y36>472</y36>
      <x37>370</x37>
      <y37>464</y37>
      <x38>367</x38>
      <y38>452</y38>
      <x39>361</x39>
      <y39>447</y39>
      <x40>361</x40>
      <y40>425</y40>
    </polygon>
  </object>
  <object>
    <name>person</name>
    <bndbox>
      <xmin>828</xmin>
      <ymin>388</ymin>
      <xmax>975</xmax>
      <ymax>564</ymax>
    </bndbox>
    <polygon>
      <x1>963</x1>
      <y1>388</y1>
      <x2>968</x2>
      <y2>398</y2>
      <x3>975</x3>
      <y3>401</y3>
      <x4>974</x4>
      <y4>417</y4>
      <x5>969</x5>
      <y5>422</y5>
      <x6>969</x6>
      <y6>429</y6>
      <x7>965</x7>
      <y7>435</y7>
      <x8>966</x8>
      <y8>455</y8>
      <x9>963</x9>
      <y9>464</y9>
      <x10>957</x10>
      <y10>467</y10>
      <x11>951</x11>
      <y11>467</y11>
      <x12>947</x12>
      <y12>463</y12>
      <x13>945</x13>
      <y13>451</y13>
      <x14>940</x14>
      <y14>441</y14>
      <x15>945</x15>
      <y15>435</y15>
      <x16>938</x16>
      <y16>418</y16>
      <x17>933</x17>
      <y17>420</y17>
      <x18>932</x18>
      <y18>425</y18>
      <x19>933</x19>
      <y19>436</y19>
      <x20>940</x20>
      <y20>441</y20>
      <x21>934</x21>
      <y21>444</y21>
      <x22>929</x22>
      <y22>453</y22>
      <x23>938</x23>
      <y23>460</y23>
      <x24>942</x24>
      <y24>474</y24>
      <x25>942</x25>
      <y25>483</y25>
      <x26>948</x26>
      <y26>491</y26>
      <x27>948</x27>
      <y27>496</y27>
      <x28>943</x28>
      <y28>500</y28>
      <x29>941</x29>
      <y29>508</y29>
      <x30>948</x30>
      <y30>508</y30>
      <x31>954</x31>
      <y31>501</y31>
      <x32>963</x32>
      <y32>501</y32>
      <x33>972</x33>
      <y33>513</y33>
      <x34>973</x34>
      <y34>521</y34>
      <x35>969</x35>
      <y35>527</y35>
      <x36>967</x36>
      <y36>542</y36>
      <x37>962</x37>
      <y37>546</y37>
      <x38>956</x38>
      <y38>547</y38>
      <x39>952</x39>
      <y39>555</y39>
      <x40>948</x40>
      <y40>557</y40>
      <x41>940</x41>
      <y41>557</y41>
      <x42>935</x42>
      <y42>554</y42>
      <x43>934</x43>
      <y43>541</y43>
      <x44>940</x44>
      <y44>525</y44>
      <x45>930</x45>
      <y45>510</y45>
      <x46>922</x46>
      <y46>511</y46>
      <x47>922</x47>
      <y47>525</y47>
      <x48>918</x48>
      <y48>532</y48>
      <x49>911</x49>
      <y49>532</y49>
      <x50>901</x50>
      <y50>521</y50>
      <x51>901</x51>
      <y51>519</y51>
      <x52>906</x52>
      <y52>516</y52>
      <x53>908</x53>
      <y53>510</y53>
      <x54>910</x54>
      <y54>482</y54>
      <x55>913</x55>
      <y55>477</y55>
      <x56>913</x56>
      <y56>473</y56>
      <x57>908</x57>
      <y57>466</y57>
      <x58>907</x58>
      <y58>456</y58>
      <x59>909</x59>
      <y59>451</y59>
      <x60>906</x60>
      <y60>448</y60>
      <x61>902</x61>
      <y61>452</y61>
      <x62>904</x62>
      <y62>459</y62>
      <x63>903</x63>
      <y63>463</y63>
      <x64>899</x64>
      <y64>466</y64>
      <x65>899</x65>
      <y65>475</y65>
      <x66>896</x66>
      <y66>486</y66>
      <x67>893</x67>
      <y67>489</y67>
      <x68>889</x68>
      <y68>489</y68>
      <x69>885</x69>
      <y69>485</y69>
      <x70>878</x70>
      <y70>466</y70>
      <x71>873</x71>
      <y71>469</y71>
      <x72>867</x72>
      <y72>469</y72>
      <x73>865</x73>
      <y73>472</y73>
      <x74>865</x74>
      <y74>480</y74>
      <x75>871</x75>
      <y75>498</y75>
      <x76>875</x76>
      <y76>503</y76>
      <x77>874</x77>
      <y77>515</y77>
      <x78>866</x78>
      <y78>526</y78>
      <x79>868</x79>
      <y79>530</y79>
      <x80>866</x80>
      <y80>538</y80>
      <x81>872</x81>
      <y81>551</y81>
      <x82>872</x82>
      <y82>561</y82>
      <x83>869</x83>
      <y83>564</y83>
      <x84>859</x84>
      <y84>562</y84>
      <x85>856</x85>
      <y85>559</y85>
      <x86>855</x86>
      <y86>549</y86>
      <x87>850</x87>
      <y87>538</y87>
      <x88>846</x88>
      <y88>539</y88>
      <x89>843</x89>
      <y89>543</y89>
      <x90>837</x90>
      <y90>543</y90>
      <x91>831</x91>
      <y91>538</y91>
      <x92>829</x92>
      <y92>533</y92>
      <x93>833</x93>
      <y93>526</y93>
      <x94>828</x94>
      <y94>519</y94>
      <x95>832</x95>
      <y95>513</y95>
      <x96>839</x96>
      <y96>511</y96>
      <x97>843</x97>
      <y97>507</y97>
      <x98>847</x98>
      <y98>498</y98>
      <x99>847</x99>
      <y99>493</y99>
      <x100>844</x100>
      <y100>489</y100>
      <x101>832</x101>
      <y101>485</y101>
      <x102>836</x102>
      <y102>452</y102>
      <x103>840</x103>
      <y103>446</y103>
      <x104>839</x104>
      <y104>438</y104>
      <x105>842</x105>
      <y105>428</y105>
      <x106>848</x106>
      <y106>420</y106>
      <x107>862</x107>
      <y107>418</y107>
      <x108>862</x108>
      <y108>413</y108>
      <x109>864</x109>
      <y109>411</y109>
      <x110>878</x110>
      <y110>411</y110>
      <x111>882</x111>
      <y111>407</y111>
      <x112>889</x112>
      <y112>405</y112>
      <x113>899</x113>
      <y113>410</y113>
      <x114>900</x114>
      <y114>417</y114>
      <x115>902</x115>
      <y115>418</y115>
      <x116>902</x116>
      <y116>406</y116>
      <x117>913</x117>
      <y117>389</y117>
      <x118>917</x118>
      <y118>390</y118>
      <x119>924</x119>
      <y119>396</y119>
      <x120>931</x120>
      <y120>397</y120>
      <x121>934</x121>
      <y121>402</y121>
      <x122>940</x122>
      <y122>404</y122>
      <x123>943</x123>
      <y123>399</y123>
      <x124>953</x124>
      <y124>394</y124>
      <x125>957</x125>
      <y125>388</y125>
    </polygon>
  </object>
  <object>
    <name>person</name>
    <bndbox>
      <xmin>405</xmin>
      <ymin>306</ymin>
      <xmax>497</xmax>
      <ymax>411</ymax>
    </bndbox>
    <polygon>
      <x1>412</x1>
      <y1>316</y1>
      <x2>425</x2>
      <y2>316</y2>
      <x3>431</x3>
      <y3>319</y3>
      <x4>436</x4>
      <y4>327</y4>
      <x5>436</x5>
      <y5>321</y5>
      <x6>446</x6>
      <y6>312</y6>
      <x7>451</x7>
      <y7>318</y7>
      <x8>455</x8>
      <y8>317</y8>
      <x9>455</x9>
      <y9>313</y9>
      <x10>450</x10>
      <y10>310</y10>
      <x11>452</x11>
      <y11>307</y11>
      <x12>462</x12>
      <y12>306</y12>
      <x13>465</x13>
      <y13>309</y13>
      <x14>465</x14>
      <y14>317</y14>
      <x15>461</x15>
      <y15>322</y15>
      <x16>462</x16>
      <y16>333</y16>
      <x17>468</x17>
      <y17>328</y17>
      <x18>475</x18>
      <y18>328</y18>
      <x19>479</x19>
      <y19>334</y19>
      <x20>494</x20>
      <y20>347</y20>
      <x21>497</x21>
      <y21>354</y21>
      <x22>497</x22>
      <y22>366</y22>
      <x23>493</x23>
      <y23>379</y23>
      <x24>490</x24>
      <y24>407</y24>
      <x25>487</x25>
      <y25>411</y25>
      <x26>484</x26>
      <y26>411</y26>
      <x27>476</x27>
      <y27>400</y27>
      <x28>474</x28>
      <y28>390</y28>
      <x29>468</x29>
      <y29>381</y29>
      <x30>446</x30>
      <y30>363</y30>
      <x31>443</x31>
      <y31>366</y31>
      <x32>442</x32>
      <y32>374</y32>
      <x33>440</x33>
      <y33>376</y33>
      <x34>434</x34>
      <y34>374</y34>
      <x35>429</x35>
      <y35>385</y35>
      <x36>421</x36>
      <y36>381</y36>
      <x37>418</x37>
      <y37>365</y37>
      <x38>410</x38>
      <y38>359</y38>
      <x39>406</x39>
      <y39>349</y39>
      <x40>405</x40>
      <y40>331</y40>
      <x41>409</x41>
      <y41>326</y41>
      <x42>408</x42>
      <y42>320</y42>
    </polygon>
  </object>
  <object>
    <name>person</name>
    <bndbox>
      <xmin>196</xmin>
      <ymin>305</ymin>
      <xmax>273</xmax>
      <ymax>423</ymax>
    </bndbox>
    <polygon>
      <x1>205</x1>
      <y1>314</y1>
      <x2>213</x2>
      <y2>312</y2>
      <x3>219</x3>
      <y3>316</y3>
      <x4>223</x4>
      <y4>309</y4>
      <x5>229</x5>
      <y5>305</y5>
      <x6>246</x6>
      <y6>310</y6>
      <x7>246</x7>
      <y7>321</y7>
      <x8>249</x8>
      <y8>332</y8>
      <x9>249</x9>
      <y9>349</y9>
      <x10>257</x10>
      <y10>355</y10>
      <x11>258</x11>
      <y11>360</y11>
      <x12>262</x12>
      <y12>366</y12>
      <x13>264</x13>
      <y13>373</y13>
      <x14>264</x14>
      <y14>390</y14>
      <x15>271</x15>
      <y15>403</y15>
      <x16>273</x16>
      <y16>411</y16>
      <x17>273</x17>
      <y17>418</y17>
      <x18>270</x18>
      <y18>421</y18>
      <x19>263</x19>
      <y19>422</y19>
      <x20>259</x20>
      <y20>418</y20>
      <x21>258</x21>
      <y21>405</y21>
      <x22>258</x22>
      <y22>417</y22>
      <x23>255</x23>
      <y23>421</y23>
      <x24>247</x24>
      <y24>423</y24>
      <x25>243</x25>
      <y25>419</y25>
      <x26>245</x26>
      <y26>413</y26>
      <x27>245</x27>
      <y27>395</y27>
      <x28>237</x28>
      <y28>372</y28>
      <x29>236</x29>
      <y29>363</y29>
      <x30>231</x30>
      <y30>351</y30>
      <x31>229</x31>
      <y31>351</y31>
      <x32>227</x32>
      <y32>355</y32>
      <x33>232</x33>
      <y33>377</y33>
      <x34>231</x34>
      <y34>381</y34>
      <x35>224</x35>
      <y35>384</y35>
      <x36>224</x36>
      <y36>395</y36>
      <x37>222</x37>
      <y37>400</y37>
      <x38>218</x38>
      <y38>404</y38>
      <x39>214</x39>
      <y39>404</y39>
      <x40>212</x40>
      <y40>402</y40>
      <x41>212</x41>
      <y41>390</y41>
      <x42>206</x42>
      <y42>383</y42>
      <x43>204</x43>
      <y43>377</y43>
      <x44>199</x44>
      <y44>372</y44>
      <x45>196</x45>
      <y45>366</y45>
      <x46>198</x46>
      <y46>353</y46>
      <x47>197</x47>
      <y47>342</y47>
      <x48>202</x48>
      <y48>338</y48>
      <x49>202</x49>
      <y49>320</y49>
    </polygon>
  </object>
</annotation>
