<?xml version="1.0" ?>
<annotation>
  <folder>VOC</folder>
  <filename>14-1.png</filename>
  <source>
    <database>roboflow.ai</database>
  </source>
  <size>
    <width>1456</width>
    <height>816</height>
    <depth>3</depth>
  </size>
  <segmented>0</segmented>
  <object>
    <name>person</name>
    <bndbox>
      <xmin>931</xmin>
      <ymin>84</ymin>
      <xmax>1073</xmax>
      <ymax>482</ymax>
    </bndbox>
    <polygon>
      <x1>997</x1>
      <y1>84</y1>
      <x2>987</x2>
      <y2>84</y2>
      <x3>981</x3>
      <y3>88</y3>
      <x4>979</x4>
      <y4>94</y4>
      <x5>981</x5>
      <y5>102</y5>
      <x6>993</x6>
      <y6>117</y6>
      <x7>994</x7>
      <y7>120</y7>
      <x8>993</x8>
      <y8>123</y8>
      <x9>985</x9>
      <y9>127</y9>
      <x10>977</x10>
      <y10>127</y10>
      <x11>963</x11>
      <y11>132</y11>
      <x12>960</x12>
      <y12>135</y12>
      <x13>955</x13>
      <y13>144</y13>
      <x14>939</x14>
      <y14>163</y14>
      <x15>931</x15>
      <y15>178</y15>
      <x16>931</x16>
      <y16>181</y16>
      <x17>933</x17>
      <y17>185</y17>
      <x18>943</x18>
      <y18>190</y18>
      <x19>960</x19>
      <y19>195</y19>
      <x20>964</x20>
      <y20>195</y20>
      <x21>967</x21>
      <y21>197</y21>
      <x22>973</x22>
      <y22>198</y22>
      <x23>975</x23>
      <y23>200</y23>
      <x24>977</x24>
      <y24>208</y24>
      <x25>969</x25>
      <y25>223</y25>
      <x26>968</x26>
      <y26>244</y26>
      <x27>971</x27>
      <y27>257</y27>
      <x28>979</x28>
      <y28>271</y28>
      <x29>978</x29>
      <y29>276</y29>
      <x30>982</x30>
      <y30>283</y30>
      <x31>987</x31>
      <y31>300</y31>
      <x32>987</x32>
      <y32>307</y32>
      <x33>985</x33>
      <y33>315</y33>
      <x34>986</x34>
      <y34>329</y34>
      <x35>985</x35>
      <y35>330</y35>
      <x36>983</x36>
      <y36>356</y36>
      <x37>981</x37>
      <y37>362</y37>
      <x38>970</x38>
      <y38>379</y38>
      <x39>966</x39>
      <y39>396</y39>
      <x40>959</x40>
      <y40>410</y40>
      <x41>954</x41>
      <y41>415</y41>
      <x42>952</x42>
      <y42>415</y42>
      <x43>947</x43>
      <y43>420</y43>
      <x44>945</x44>
      <y44>424</y44>
      <x45>945</x45>
      <y45>441</y45>
      <x46>944</x46>
      <y46>445</y46>
      <x47>935</x47>
      <y47>456</y47>
      <x48>933</x48>
      <y48>461</y48>
      <x49>933</x49>
      <y49>471</y49>
      <x50>937</x50>
      <y50>480</y50>
      <x51>940</x51>
      <y51>482</y51>
      <x52>951</x52>
      <y52>481</y52>
      <x53>956</x53>
      <y53>476</y53>
      <x54>959</x54>
      <y54>470</y54>
      <x55>962</x55>
      <y55>456</y55>
      <x56>963</x56>
      <y56>440</y56>
      <x57>968</x57>
      <y57>424</y57>
      <x58>976</x58>
      <y58>417</y58>
      <x59>989</x59>
      <y59>402</y59>
      <x60>991</x60>
      <y60>401</y60>
      <x61>1000</x61>
      <y61>401</y61>
      <x62>1010</x62>
      <y62>394</y62>
      <x63>1010</x63>
      <y63>389</y63>
      <x64>1019</x64>
      <y64>377</y64>
      <x65>1021</x65>
      <y65>371</y65>
      <x66>1022</x66>
      <y66>361</y66>
      <x67>1018</x67>
      <y67>348</y67>
      <x68>1029</x68>
      <y68>322</y68>
      <x69>1037</x69>
      <y69>293</y69>
      <x70>1037</x70>
      <y70>289</y70>
      <x71>1042</x71>
      <y71>278</y71>
      <x72>1044</x72>
      <y72>243</y72>
      <x73>1042</x73>
      <y73>234</y73>
      <x74>1037</x74>
      <y74>221</y74>
      <x75>1037</x75>
      <y75>218</y75>
      <x76>1034</x76>
      <y76>212</y76>
      <x77>1036</x77>
      <y77>208</y77>
      <x78>1036</x78>
      <y78>204</y78>
      <x79>1040</x79>
      <y79>200</y79>
      <x80>1044</x80>
      <y80>199</y80>
      <x81>1052</x81>
      <y81>202</y81>
      <x82>1064</x82>
      <y82>209</y82>
      <x83>1069</x83>
      <y83>209</y83>
      <x84>1071</x84>
      <y84>208</y84>
      <x85>1073</x85>
      <y85>202</y85>
      <x86>1071</x86>
      <y86>192</y86>
      <x87>1059</x87>
      <y87>171</y87>
      <x88>1057</x88>
      <y88>163</y88>
      <x89>1051</x89>
      <y89>150</y89>
      <x90>1045</x90>
      <y90>143</y90>
      <x91>1036</x91>
      <y91>138</y91>
      <x92>1028</x92>
      <y92>136</y92>
      <x93>1022</x93>
      <y93>133</y93>
      <x94>1019</x94>
      <y94>130</y94>
      <x95>1015</x95>
      <y95>122</y95>
      <x96>1015</x96>
      <y96>116</y96>
      <x97>1018</x97>
      <y97>111</y97>
      <x98>1018</x98>
      <y98>105</y98>
      <x99>1011</x99>
      <y99>92</y99>
      <x100>1005</x100>
      <y100>87</y100>
    </polygon>
  </object>
</annotation>
