<?xml version="1.0" ?>
<annotation>
  <folder>VOC</folder>
  <filename>15-2.png</filename>
  <source>
    <database>roboflow.ai</database>
  </source>
  <size>
    <width>1456</width>
    <height>816</height>
    <depth>3</depth>
  </size>
  <segmented>0</segmented>
  <object>
    <name>person</name>
    <bndbox>
      <xmin>615</xmin>
      <ymin>546</ymin>
      <xmax>872</xmax>
      <ymax>801</ymax>
    </bndbox>
    <polygon>
      <x1>724</x1>
      <y1>547</y1>
      <x2>709</x2>
      <y2>559</y2>
      <x3>707</x3>
      <y3>562</y3>
      <x4>704</x4>
      <y4>572</y4>
      <x5>704</x5>
      <y5>585</y5>
      <x6>705</x6>
      <y6>586</y6>
      <x7>706</x7>
      <y7>601</y7>
      <x8>709</x8>
      <y8>608</y8>
      <x9>716</x9>
      <y9>617</y9>
      <x10>719</x10>
      <y10>626</y10>
      <x11>719</x11>
      <y11>635</y11>
      <x12>717</x12>
      <y12>640</y12>
      <x13>709</x13>
      <y13>646</y13>
      <x14>703</x14>
      <y14>646</y14>
      <x15>685</x15>
      <y15>652</y15>
      <x16>674</x16>
      <y16>658</y16>
      <x17>664</x17>
      <y17>672</y17>
      <x18>658</x18>
      <y18>684</y18>
      <x19>658</x19>
      <y19>687</y19>
      <x20>654</x20>
      <y20>699</y20>
      <x21>652</x21>
      <y21>702</y21>
      <x22>646</x22>
      <y22>723</y22>
      <x23>642</x23>
      <y23>731</y23>
      <x24>644</x24>
      <y24>736</y24>
      <x25>647</x25>
      <y25>739</y25>
      <x26>657</x26>
      <y26>745</y26>
      <x27>660</x27>
      <y27>749</y27>
      <x28>658</x28>
      <y28>751</y28>
      <x29>655</x29>
      <y29>751</y29>
      <x30>654</x30>
      <y30>750</y30>
      <x31>650</x31>
      <y31>750</y31>
      <x32>644</x32>
      <y32>748</y32>
      <x33>638</x33>
      <y33>748</y33>
      <x34>632</x34>
      <y34>746</y34>
      <x35>621</x35>
      <y35>747</y35>
      <x36>615</x36>
      <y36>753</y36>
      <x37>615</x37>
      <y37>760</y37>
      <x38>622</x38>
      <y38>768</y38>
      <x39>631</x39>
      <y39>771</y39>
      <x40>650</x40>
      <y40>781</y40>
      <x41>652</x41>
      <y41>781</y41>
      <x42>680</x42>
      <y42>796</y42>
      <x43>688</x43>
      <y43>797</y43>
      <x44>689</x44>
      <y44>798</y44>
      <x45>705</x45>
      <y45>799</y45>
      <x46>706</x46>
      <y46>800</y46>
      <x47>726</x47>
      <y47>800</y47>
      <x48>727</x48>
      <y48>801</y48>
      <x49>732</x49>
      <y49>801</y49>
      <x50>733</x50>
      <y50>800</y50>
      <x51>769</x51>
      <y51>801</y51>
      <x52>770</x52>
      <y52>800</y52>
      <x53>781</x53>
      <y53>800</y53>
      <x54>782</x54>
      <y54>799</y54>
      <x55>787</x55>
      <y55>799</y55>
      <x56>788</x56>
      <y56>798</y56>
      <x57>799</x57>
      <y57>796</y57>
      <x58>825</x58>
      <y58>783</y58>
      <x59>833</x59>
      <y59>781</y59>
      <x60>858</x60>
      <y60>769</y60>
      <x61>871</x61>
      <y61>759</y61>
      <x62>872</x62>
      <y62>751</y62>
      <x63>871</x63>
      <y63>749</y63>
      <x64>867</x64>
      <y64>746</y64>
      <x65>863</x65>
      <y65>746</y65>
      <x66>862</x66>
      <y66>745</y66>
      <x67>859</x67>
      <y67>746</y67>
      <x68>850</x68>
      <y68>746</y68>
      <x69>836</x69>
      <y69>750</y69>
      <x70>825</x70>
      <y70>751</y70>
      <x71>821</x71>
      <y71>754</y71>
      <x72>812</x72>
      <y72>757</y72>
      <x73>810</x73>
      <y73>759</y73>
      <x74>803</x74>
      <y74>760</y74>
      <x75>799</x75>
      <y75>762</y75>
      <x76>797</x76>
      <y76>760</y76>
      <x77>797</x77>
      <y77>752</y77>
      <x78>795</x78>
      <y78>748</y78>
      <x79>795</x79>
      <y79>745</y79>
      <x80>798</x80>
      <y80>743</y80>
      <x81>809</x81>
      <y81>747</y81>
      <x82>821</x82>
      <y82>747</y82>
      <x83>824</x83>
      <y83>746</y83>
      <x84>835</x84>
      <y84>736</y84>
      <x85>837</x85>
      <y85>732</y85>
      <x86>837</x86>
      <y86>724</y86>
      <x87>834</x87>
      <y87>715</y87>
      <x88>833</x88>
      <y88>706</y88>
      <x89>828</x89>
      <y89>691</y89>
      <x90>818</x90>
      <y90>672</y90>
      <x91>803</x91>
      <y91>659</y91>
      <x92>788</x92>
      <y92>652</y92>
      <x93>786</x93>
      <y93>652</y93>
      <x94>779</x94>
      <y94>648</y94>
      <x95>769</x95>
      <y95>646</y95>
      <x96>762</x96>
      <y96>642</y96>
      <x97>759</x97>
      <y97>636</y97>
      <x98>760</x98>
      <y98>619</y98>
      <x99>762</x99>
      <y99>614</y99>
      <x100>765</x100>
      <y100>611</y100>
      <x101>765</x101>
      <y101>609</y101>
      <x102>769</x102>
      <y102>601</y102>
      <x103>770</x103>
      <y103>590</y103>
      <x104>771</x104>
      <y104>589</y104>
      <x105>771</x105>
      <y105>579</y105>
      <x106>770</x106>
      <y106>578</y106>
      <x107>769</x107>
      <y107>569</y107>
      <x108>765</x108>
      <y108>560</y108>
      <x109>761</x109>
      <y109>554</y109>
      <x110>754</x110>
      <y110>548</y110>
      <x111>748</x111>
      <y111>546</y111>
      <x112>728</x112>
      <y112>546</y112>
      <x113>727</x113>
      <y113>547</y113>
    </polygon>
  </object>
</annotation>
