<?xml version="1.0" ?>
<annotation>
  <folder>VOC</folder>
  <filename>17-1.png</filename>
  <source>
    <database>roboflow.ai</database>
  </source>
  <size>
    <width>1456</width>
    <height>816</height>
    <depth>3</depth>
  </size>
  <segmented>0</segmented>
  <object>
    <name>person</name>
    <bndbox>
      <xmin>620</xmin>
      <ymin>130</ymin>
      <xmax>853</xmax>
      <ymax>813</ymax>
    </bndbox>
    <polygon>
      <x1>770</x1>
      <y1>136</y1>
      <x2>741</x2>
      <y2>135</y2>
      <x3>730</x3>
      <y3>130</y3>
      <x4>715</x4>
      <y4>130</y4>
      <x5>694</x5>
      <y5>136</y5>
      <x6>681</x6>
      <y6>143</y6>
      <x7>675</x7>
      <y7>149</y7>
      <x8>668</x8>
      <y8>163</y8>
      <x9>663</x9>
      <y9>180</y9>
      <x10>663</x10>
      <y10>192</y10>
      <x11>669</x11>
      <y11>208</y11>
      <x12>670</x12>
      <y12>215</y12>
      <x13>676</x13>
      <y13>224</y13>
      <x14>678</x14>
      <y14>230</y14>
      <x15>676</x15>
      <y15>232</y15>
      <x16>675</x16>
      <y16>236</y16>
      <x17>672</x17>
      <y17>239</y17>
      <x18>667</x18>
      <y18>239</y18>
      <x19>663</x19>
      <y19>242</y19>
      <x20>656</x20>
      <y20>251</y20>
      <x21>641</x21>
      <y21>279</y21>
      <x22>632</x22>
      <y22>293</y22>
      <x23>629</x23>
      <y23>303</y23>
      <x24>625</x24>
      <y24>310</y24>
      <x25>622</x25>
      <y25>321</y25>
      <x26>622</x26>
      <y26>326</y26>
      <x27>620</x27>
      <y27>333</y27>
      <x28>621</x28>
      <y28>366</y28>
      <x29>630</x29>
      <y29>395</y29>
      <x30>634</x30>
      <y30>401</y30>
      <x31>635</x31>
      <y31>406</y31>
      <x32>639</x32>
      <y32>413</y32>
      <x33>643</x33>
      <y33>426</y33>
      <x34>645</x34>
      <y34>429</y34>
      <x35>646</x35>
      <y35>439</y35>
      <x36>647</x36>
      <y36>440</y36>
      <x37>647</x37>
      <y37>450</y37>
      <x38>648</x38>
      <y38>451</y38>
      <x39>648</x39>
      <y39>464</y39>
      <x40>647</x40>
      <y40>465</y40>
      <x41>647</x41>
      <y41>470</y41>
      <x42>646</x42>
      <y42>471</y42>
      <x43>644</x43>
      <y43>488</y43>
      <x44>641</x44>
      <y44>498</y44>
      <x45>641</x45>
      <y45>505</y45>
      <x46>638</x46>
      <y46>519</y46>
      <x47>638</x47>
      <y47>568</y47>
      <x48>640</x48>
      <y48>570</y48>
      <x49>644</x49>
      <y49>561</y49>
      <x50>647</x50>
      <y50>561</y50>
      <x51>652</x51>
      <y51>566</y51>
      <x52>659</x52>
      <y52>583</y52>
      <x53>661</x53>
      <y53>593</y53>
      <x54>661</x54>
      <y54>600</y54>
      <x55>664</x55>
      <y55>611</y55>
      <x56>663</x56>
      <y56>649</y56>
      <x57>662</x57>
      <y57>650</y57>
      <x58>662</x58>
      <y58>659</y58>
      <x59>658</x59>
      <y59>679</y59>
      <x60>658</x60>
      <y60>702</y60>
      <x61>655</x61>
      <y61>718</y61>
      <x62>655</x62>
      <y62>739</y62>
      <x63>656</x63>
      <y63>740</y63>
      <x64>657</x64>
      <y64>756</y64>
      <x65>654</x65>
      <y65>764</y65>
      <x66>652</x66>
      <y66>780</y66>
      <x67>649</x67>
      <y67>789</y67>
      <x68>644</x68>
      <y68>796</y68>
      <x69>641</x69>
      <y69>810</y69>
      <x70>644</x70>
      <y70>813</y70>
      <x71>654</x71>
      <y71>812</y71>
      <x72>655</x72>
      <y72>811</y72>
      <x73>671</x73>
      <y73>812</y73>
      <x74>672</x74>
      <y74>813</y74>
      <x75>678</x75>
      <y75>813</y75>
      <x76>679</x76>
      <y76>812</y76>
      <x77>710</x77>
      <y77>812</y77>
      <x78>714</x78>
      <y78>809</y78>
      <x79>715</x79>
      <y79>796</y79>
      <x80>718</x80>
      <y80>790</y80>
      <x81>735</x81>
      <y81>797</y81>
      <x82>743</x82>
      <y82>798</y82>
      <x83>758</x83>
      <y83>803</y83>
      <x84>764</x84>
      <y84>803</y84>
      <x85>765</x85>
      <y85>804</y85>
      <x86>775</x86>
      <y86>803</y86>
      <x87>781</x87>
      <y87>792</y87>
      <x88>780</x88>
      <y88>788</y88>
      <x89>776</x89>
      <y89>784</y89>
      <x90>770</x90>
      <y90>781</y90>
      <x91>756</x91>
      <y91>770</y91>
      <x92>749</x92>
      <y92>762</y92>
      <x93>745</x93>
      <y93>760</y93>
      <x94>740</x94>
      <y94>755</y94>
      <x95>738</x95>
      <y95>751</y95>
      <x96>734</x96>
      <y96>747</y96>
      <x97>738</x97>
      <y97>744</y97>
      <x98>754</x98>
      <y98>743</y98>
      <x99>766</x99>
      <y99>747</y99>
      <x100>808</x100>
      <y100>748</y100>
      <x101>815</x101>
      <y101>745</y101>
      <x102>819</x102>
      <y102>733</y102>
      <x103>819</x103>
      <y103>729</y103>
      <x104>817</x104>
      <y104>725</y104>
      <x105>811</x105>
      <y105>719</y105>
      <x106>801</x106>
      <y106>713</y106>
      <x107>794</x107>
      <y107>706</y107>
      <x108>777</x108>
      <y108>700</y108>
      <x109>773</x109>
      <y109>701</y109>
      <x110>769</x110>
      <y110>707</y110>
      <x111>765</x111>
      <y111>706</y111>
      <x112>759</x112>
      <y112>700</y112>
      <x113>758</x113>
      <y113>697</y113>
      <x114>753</x114>
      <y114>697</y114>
      <x115>747</x115>
      <y115>693</y115>
      <x116>742</x116>
      <y116>687</y116>
      <x117>744</x117>
      <y117>678</y117>
      <x118>744</x118>
      <y118>667</y118>
      <x119>748</x119>
      <y119>654</y119>
      <x120>752</x120>
      <y120>649</y120>
      <x121>761</x121>
      <y121>644</y121>
      <x122>768</x122>
      <y122>635</y122>
      <x123>769</x123>
      <y123>631</y123>
      <x124>773</x124>
      <y124>625</y124>
      <x125>794</x125>
      <y125>555</y125>
      <x126>795</x126>
      <y126>543</y126>
      <x127>797</x127>
      <y127>538</y127>
      <x128>798</x128>
      <y128>530</y128>
      <x129>800</x129>
      <y129>527</y129>
      <x130>805</x130>
      <y130>526</y130>
      <x131>809</x131>
      <y131>527</y131>
      <x132>811</x132>
      <y132>520</y132>
      <x133>811</x133>
      <y133>498</y133>
      <x134>812</x134>
      <y134>497</y134>
      <x135>811</x135>
      <y135>441</y135>
      <x136>813</x136>
      <y136>437</y136>
      <x137>833</x137>
      <y137>416</y137>
      <x138>840</x138>
      <y138>406</y138>
      <x139>851</x139>
      <y139>394</y139>
      <x140>853</x140>
      <y140>390</y140>
      <x141>853</x141>
      <y141>388</y141>
      <x142>839</x142>
      <y142>375</y142>
      <x143>832</x143>
      <y143>372</y143>
      <x144>829</x144>
      <y144>368</y144>
      <x145>822</x145>
      <y145>365</y145>
      <x146>816</x146>
      <y146>360</y146>
      <x147>818</x147>
      <y147>355</y147>
      <x148>821</x148>
      <y148>352</y148>
      <x149>828</x149>
      <y149>351</y149>
      <x150>834</x150>
      <y150>345</y150>
      <x151>834</x151>
      <y151>331</y151>
      <x152>835</x152>
      <y152>330</y152>
      <x153>834</x153>
      <y153>313</y153>
      <x154>836</x154>
      <y154>307</y154>
      <x155>840</x155>
      <y155>304</y155>
      <x156>841</x156>
      <y156>298</y156>
      <x157>844</x157>
      <y157>295</y157>
      <x158>844</x158>
      <y158>290</y158>
      <x159>840</x159>
      <y159>285</y159>
      <x160>837</x160>
      <y160>284</y160>
      <x161>831</x161>
      <y161>278</y161>
      <x162>822</x162>
      <y162>275</y162>
      <x163>816</x163>
      <y163>270</y163>
      <x164>811</x164>
      <y164>268</y164>
      <x165>805</x165>
      <y165>270</y165>
      <x166>797</x166>
      <y166>269</y166>
      <x167>793</x167>
      <y167>271</y167>
      <x168>790</x168>
      <y168>271</y168>
      <x169>783</x169>
      <y169>275</y169>
      <x170>778</x170>
      <y170>270</y170>
      <x171>780</x171>
      <y171>263</y171>
      <x172>783</x172>
      <y172>259</y172>
      <x173>783</x173>
      <y173>250</y173>
      <x174>786</x174>
      <y174>242</y174>
      <x175>785</x175>
      <y175>239</y175>
      <x176>786</x176>
      <y176>232</y176>
      <x177>794</x177>
      <y177>223</y177>
      <x178>796</x178>
      <y178>218</y178>
      <x179>793</x179>
      <y179>212</y179>
      <x180>788</x180>
      <y180>206</y180>
      <x181>785</x181>
      <y181>196</y181>
      <x182>786</x182>
      <y182>194</y182>
      <x183>786</x183>
      <y183>171</y183>
      <x184>788</x184>
      <y184>165</y184>
      <x185>788</x185>
      <y185>154</y185>
      <x186>782</x186>
      <y186>144</y186>
      <x187>778</x187>
      <y187>140</y187>
    </polygon>
  </object>
</annotation>
