<?xml version="1.0" ?>
<annotation>
  <folder>VOC</folder>
  <filename>19-1.png</filename>
  <source>
    <database>roboflow.ai</database>
  </source>
  <size>
    <width>1456</width>
    <height>816</height>
    <depth>3</depth>
  </size>
  <segmented>0</segmented>
  <object>
    <name>person</name>
    <bndbox>
      <xmin>670</xmin>
      <ymin>222</ymin>
      <xmax>922</xmax>
      <ymax>814</ymax>
    </bndbox>
    <polygon>
      <x1>828</x1>
      <y1>223</y1>
      <x2>809</x2>
      <y2>222</y2>
      <x3>808</x3>
      <y3>223</y3>
      <x4>793</x4>
      <y4>224</y4>
      <x5>769</x5>
      <y5>238</y5>
      <x6>765</x6>
      <y6>239</y6>
      <x7>759</x7>
      <y7>245</y7>
      <x8>742</x8>
      <y8>280</y8>
      <x9>738</x9>
      <y9>284</y9>
      <x10>730</x10>
      <y10>296</y10>
      <x11>728</x11>
      <y11>305</y11>
      <x12>724</x12>
      <y12>312</y12>
      <x13>720</x13>
      <y13>325</y13>
      <x14>715</x14>
      <y14>332</y14>
      <x15>715</x15>
      <y15>349</y15>
      <x16>717</x16>
      <y16>352</y16>
      <x17>720</x17>
      <y17>363</y17>
      <x18>730</x18>
      <y18>381</y18>
      <x19>742</x19>
      <y19>387</y19>
      <x20>748</x20>
      <y20>388</y20>
      <x21>753</x21>
      <y21>394</y21>
      <x22>742</x22>
      <y22>401</y22>
      <x23>731</x23>
      <y23>405</y23>
      <x24>707</x24>
      <y24>408</y24>
      <x25>697</x25>
      <y25>411</y25>
      <x26>691</x26>
      <y26>415</y26>
      <x27>686</x27>
      <y27>414</y27>
      <x28>676</x28>
      <y28>422</y28>
      <x29>671</x29>
      <y29>433</y29>
      <x30>671</x30>
      <y30>439</y30>
      <x31>670</x31>
      <y31>440</y31>
      <x32>670</x32>
      <y32>490</y32>
      <x33>671</x33>
      <y33>491</y33>
      <x34>672</x34>
      <y34>535</y34>
      <x35>673</x35>
      <y35>536</y35>
      <x36>672</x36>
      <y36>540</y36>
      <x37>672</x37>
      <y37>607</y37>
      <x38>671</x38>
      <y38>612</y38>
      <x39>675</x39>
      <y39>633</y39>
      <x40>680</x40>
      <y40>640</y40>
      <x41>683</x41>
      <y41>650</y41>
      <x42>694</x42>
      <y42>668</y42>
      <x43>697</x43>
      <y43>671</y43>
      <x44>701</x44>
      <y44>670</y44>
      <x45>703</x45>
      <y45>674</y45>
      <x46>700</x46>
      <y46>710</y46>
      <x47>699</x47>
      <y47>711</y47>
      <x48>698</x48>
      <y48>728</y48>
      <x49>697</x49>
      <y49>729</y49>
      <x50>697</x50>
      <y50>748</y50>
      <x51>696</x51>
      <y51>749</y51>
      <x52>696</x52>
      <y52>765</y52>
      <x53>695</x53>
      <y53>766</y53>
      <x54>695</x54>
      <y54>806</y54>
      <x55>696</x55>
      <y55>811</y55>
      <x56>698</x56>
      <y56>813</y56>
      <x57>702</x57>
      <y57>814</y57>
      <x58>706</x58>
      <y58>813</y58>
      <x59>710</x59>
      <y59>814</y59>
      <x60>726</x60>
      <y60>814</y60>
      <x61>727</x61>
      <y61>813</y61>
      <x62>733</x62>
      <y62>813</y62>
      <x63>734</x63>
      <y63>814</y63>
      <x64>746</x64>
      <y64>814</y64>
      <x65>747</x65>
      <y65>813</y65>
      <x66>758</x66>
      <y66>813</y66>
      <x67>759</x67>
      <y67>814</y67>
      <x68>769</x68>
      <y68>814</y68>
      <x69>770</x69>
      <y69>813</y69>
      <x70>874</x70>
      <y70>814</y70>
      <x71>875</x71>
      <y71>813</y71>
      <x72>891</x72>
      <y72>813</y72>
      <x73>893</x73>
      <y73>810</y73>
      <x74>894</x74>
      <y74>805</y74>
      <x75>893</x75>
      <y75>775</y75>
      <x76>892</x76>
      <y76>774</y76>
      <x77>892</x77>
      <y77>765</y77>
      <x78>890</x78>
      <y78>757</y78>
      <x79>889</x79>
      <y79>740</y79>
      <x80>887</x80>
      <y80>733</y80>
      <x81>887</x81>
      <y81>725</y81>
      <x82>884</x82>
      <y82>711</y82>
      <x83>884</x83>
      <y83>703</y83>
      <x84>883</x84>
      <y84>702</y84>
      <x85>883</x85>
      <y85>694</y85>
      <x86>880</x86>
      <y86>679</y86>
      <x87>880</x87>
      <y87>672</y87>
      <x88>878</x88>
      <y88>666</y88>
      <x89>876</x89>
      <y89>650</y89>
      <x90>870</x90>
      <y90>635</y90>
      <x91>867</x91>
      <y91>632</y91>
      <x92>865</x92>
      <y92>626</y92>
      <x93>865</x93>
      <y93>618</y93>
      <x94>867</x94>
      <y94>616</y94>
      <x95>873</x95>
      <y95>616</y95>
      <x96>885</x96>
      <y96>621</y96>
      <x97>892</x97>
      <y97>621</y97>
      <x98>899</x98>
      <y98>624</y98>
      <x99>908</x99>
      <y99>624</y99>
      <x100>912</x100>
      <y100>621</y100>
      <x101>917</x101>
      <y101>612</y101>
      <x102>922</x102>
      <y102>592</y102>
      <x103>920</x103>
      <y103>532</y103>
      <x104>919</x104>
      <y104>531</y104>
      <x105>919</x105>
      <y105>506</y105>
      <x106>920</x106>
      <y106>505</y106>
      <x107>919</x107>
      <y107>471</y107>
      <x108>918</x108>
      <y108>470</y108>
      <x109>916</x109>
      <y109>449</y109>
      <x110>913</x110>
      <y110>434</y110>
      <x111>910</x111>
      <y111>427</y111>
      <x112>906</x112>
      <y112>423</y112>
      <x113>903</x113>
      <y113>422</y113>
      <x114>897</x114>
      <y114>417</y114>
      <x115>890</x115>
      <y115>414</y115>
      <x116>871</x116>
      <y116>412</y116>
      <x117>854</x117>
      <y117>407</y117>
      <x118>838</x118>
      <y118>399</y118>
      <x119>832</x119>
      <y119>394</y119>
      <x120>831</x120>
      <y120>388</y120>
      <x121>851</x121>
      <y121>369</y121>
      <x122>861</x122>
      <y122>353</y122>
      <x123>863</x123>
      <y123>343</y123>
      <x124>871</x124>
      <y124>326</y124>
      <x125>871</x125>
      <y125>316</y125>
      <x126>873</x126>
      <y126>310</y126>
      <x127>878</x127>
      <y127>303</y127>
      <x128>879</x128>
      <y128>293</y128>
      <x129>881</x129>
      <y129>289</y129>
      <x130>881</x130>
      <y130>283</y130>
      <x131>882</x131>
      <y131>282</y131>
      <x132>880</x132>
      <y132>276</y132>
      <x133>876</x133>
      <y133>270</y133>
      <x134>873</x134>
      <y134>259</y134>
      <x135>870</x135>
      <y135>253</y135>
      <x136>863</x136>
      <y136>248</y136>
      <x137>850</x137>
      <y137>233</y137>
      <x138>845</x138>
      <y138>230</y138>
      <x139>838</x139>
      <y139>229</y139>
    </polygon>
  </object>
</annotation>
