<?xml version="1.0" ?>
<annotation>
  <folder>VOC</folder>
  <filename>2-1.png</filename>
  <source>
    <database>roboflow.ai</database>
  </source>
  <size>
    <width>1456</width>
    <height>816</height>
    <depth>3</depth>
  </size>
  <segmented>0</segmented>
  <object>
    <name>person</name>
    <bndbox>
      <xmin>448</xmin>
      <ymin>13</ymin>
      <xmax>742</xmax>
      <ymax>380</ymax>
    </bndbox>
    <polygon>
      <x1>519</x1>
      <y1>28</y1>
      <x2>500</x2>
      <y2>43</y2>
      <x3>495</x3>
      <y3>45</y3>
      <x4>468</x4>
      <y4>70</y4>
      <x5>462</x5>
      <y5>81</y5>
      <x6>460</x6>
      <y6>89</y6>
      <x7>458</x7>
      <y7>92</y7>
      <x8>457</x8>
      <y8>97</y8>
      <x9>458</x9>
      <y9>116</y9>
      <x10>455</x10>
      <y10>120</y10>
      <x11>450</x11>
      <y11>132</y11>
      <x12>450</x12>
      <y12>137</y12>
      <x13>448</x13>
      <y13>142</y13>
      <x14>448</x14>
      <y14>160</y14>
      <x15>449</x15>
      <y15>161</y15>
      <x16>449</x16>
      <y16>169</y16>
      <x17>451</x17>
      <y17>178</y17>
      <x18>451</x18>
      <y18>198</y18>
      <x19>452</x19>
      <y19>199</y19>
      <x20>453</x20>
      <y20>226</y20>
      <x21>457</x21>
      <y21>245</y21>
      <x22>462</x22>
      <y22>255</y22>
      <x23>468</x23>
      <y23>272</y23>
      <x24>491</x24>
      <y24>295</y24>
      <x25>499</x25>
      <y25>296</y25>
      <x26>502</x26>
      <y26>298</y26>
      <x27>501</x27>
      <y27>315</y27>
      <x28>508</x28>
      <y28>329</y28>
      <x29>510</x29>
      <y29>339</y29>
      <x30>515</x30>
      <y30>343</y30>
      <x31>520</x31>
      <y31>344</y31>
      <x32>527</x32>
      <y32>350</y32>
      <x33>530</x33>
      <y33>351</y33>
      <x34>533</x34>
      <y34>350</y34>
      <x35>532</x35>
      <y35>347</y35>
      <x36>526</x36>
      <y36>341</y36>
      <x37>519</x37>
      <y37>330</y37>
      <x38>512</x38>
      <y38>316</y38>
      <x39>509</x39>
      <y39>300</y39>
      <x40>505</x40>
      <y40>289</y40>
      <x41>504</x41>
      <y41>278</y41>
      <x42>502</x42>
      <y42>272</y42>
      <x43>502</x43>
      <y43>264</y43>
      <x44>500</x44>
      <y44>258</y44>
      <x45>500</x45>
      <y45>250</y45>
      <x46>493</x46>
      <y46>217</y46>
      <x47>494</x47>
      <y47>177</y47>
      <x48>499</x48>
      <y48>159</y48>
      <x49>502</x49>
      <y49>155</y49>
      <x50>507</x50>
      <y50>155</y50>
      <x51>509</x51>
      <y51>159</y51>
      <x52>508</x52>
      <y52>179</y52>
      <x53>511</x53>
      <y53>190</y53>
      <x54>521</x54>
      <y54>208</y54>
      <x55>535</x55>
      <y55>223</y55>
      <x56>534</x56>
      <y56>244</y56>
      <x57>538</x57>
      <y57>262</y57>
      <x58>538</x58>
      <y58>271</y58>
      <x59>540</x59>
      <y59>273</y59>
      <x60>542</x60>
      <y60>279</y60>
      <x61>546</x61>
      <y61>283</y61>
      <x62>554</x62>
      <y62>287</y62>
      <x63>561</x63>
      <y63>294</y63>
      <x64>569</x64>
      <y64>297</y64>
      <x65>575</x65>
      <y65>303</y65>
      <x66>586</x66>
      <y66>309</y66>
      <x67>592</x67>
      <y67>318</y67>
      <x68>600</x68>
      <y68>320</y68>
      <x69>609</x69>
      <y69>320</y69>
      <x70>615</x70>
      <y70>322</y70>
      <x71>623</x71>
      <y71>320</y71>
      <x72>629</x72>
      <y72>316</y72>
      <x73>633</x73>
      <y73>311</y73>
      <x74>637</x74>
      <y74>300</y74>
      <x75>637</x75>
      <y75>286</y75>
      <x76>633</x76>
      <y76>280</y76>
      <x77>627</x77>
      <y77>275</y77>
      <x78>616</x78>
      <y78>271</y78>
      <x79>611</x79>
      <y79>267</y79>
      <x80>608</x80>
      <y80>267</y80>
      <x81>605</x81>
      <y81>265</y81>
      <x82>593</x82>
      <y82>262</y82>
      <x83>589</x83>
      <y83>259</y83>
      <x84>592</x84>
      <y84>246</y84>
      <x85>606</x85>
      <y85>223</y85>
      <x86>615</x86>
      <y86>196</y86>
      <x87>615</x87>
      <y87>193</y87>
      <x88>617</x88>
      <y88>191</y88>
      <x89>621</x89>
      <y89>191</y89>
      <x90>624</x90>
      <y90>194</y90>
      <x91>633</x91>
      <y91>211</y91>
      <x92>656</x92>
      <y92>243</y92>
      <x93>661</x93>
      <y93>256</y93>
      <x94>667</x94>
      <y94>264</y94>
      <x95>664</x95>
      <y95>274</y95>
      <x96>666</x96>
      <y96>286</y96>
      <x97>672</x97>
      <y97>298</y97>
      <x98>674</x98>
      <y98>305</y98>
      <x99>678</x99>
      <y99>309</y99>
      <x100>682</x100>
      <y100>317</y100>
      <x101>688</x101>
      <y101>323</y101>
      <x102>694</x102>
      <y102>333</y102>
      <x103>695</x103>
      <y103>338</y103>
      <x104>704</x104>
      <y104>356</y104>
      <x105>704</x105>
      <y105>359</y105>
      <x106>707</x106>
      <y106>365</y106>
      <x107>707</x107>
      <y107>372</y107>
      <x108>714</x108>
      <y108>378</y108>
      <x109>719</x109>
      <y109>380</y109>
      <x110>725</x110>
      <y110>380</y110>
      <x111>732</x111>
      <y111>378</y111>
      <x112>736</x112>
      <y112>374</y112>
      <x113>741</x113>
      <y113>363</y113>
      <x114>741</x114>
      <y114>358</y114>
      <x115>742</x115>
      <y115>357</y115>
      <x116>742</x116>
      <y116>339</y116>
      <x117>741</x117>
      <y117>338</y117>
      <x118>740</x118>
      <y118>323</y118>
      <x119>733</x119>
      <y119>308</y119>
      <x120>726</x120>
      <y120>297</y120>
      <x121>716</x121>
      <y121>285</y121>
      <x122>712</x122>
      <y122>278</y122>
      <x123>712</x123>
      <y123>276</y123>
      <x124>705</x124>
      <y124>267</y124>
      <x125>707</x125>
      <y125>258</y125>
      <x126>712</x126>
      <y126>247</y126>
      <x127>712</x127>
      <y127>240</y127>
      <x128>704</x128>
      <y128>207</y128>
      <x129>702</x129>
      <y129>184</y129>
      <x130>696</x130>
      <y130>164</y130>
      <x131>689</x131>
      <y131>128</y131>
      <x132>687</x132>
      <y132>124</y132>
      <x133>685</x133>
      <y133>114</y133>
      <x134>681</x134>
      <y134>103</y134>
      <x135>676</x135>
      <y135>96</y135>
      <x136>669</x136>
      <y136>82</y136>
      <x137>669</x137>
      <y137>80</y137>
      <x138>671</x138>
      <y138>78</y138>
      <x139>675</x139>
      <y139>78</y139>
      <x140>678</x140>
      <y140>80</y140>
      <x141>686</x141>
      <y141>81</y141>
      <x142>691</x142>
      <y142>83</y142>
      <x143>697</x143>
      <y143>91</y143>
      <x144>701</x144>
      <y144>92</y144>
      <x145>715</x145>
      <y145>91</y145>
      <x146>720</x146>
      <y146>89</y146>
      <x147>723</x147>
      <y147>86</y147>
      <x148>726</x148>
      <y148>80</y148>
      <x149>733</x149>
      <y149>73</y149>
      <x150>733</x150>
      <y150>71</y150>
      <x151>720</x151>
      <y151>64</y151>
      <x152>713</x152>
      <y152>63</y152>
      <x153>708</x153>
      <y153>60</y153>
      <x154>700</x154>
      <y154>60</y154>
      <x155>694</x155>
      <y155>58</y155>
      <x156>689</x156>
      <y156>58</y156>
      <x157>681</x157>
      <y157>53</y157>
      <x158>655</x158>
      <y158>44</y158>
      <x159>646</x159>
      <y159>37</y159>
      <x160>640</x160>
      <y160>34</y160>
      <x161>635</x161>
      <y161>29</y161>
      <x162>633</x162>
      <y162>24</y162>
      <x163>628</x163>
      <y163>18</y163>
      <x164>619</x164>
      <y164>14</y164>
      <x165>614</x165>
      <y165>14</y165>
      <x166>613</x166>
      <y166>13</y166>
      <x167>599</x167>
      <y167>13</y167>
      <x168>598</x168>
      <y168>14</y168>
      <x169>566</x169>
      <y169>13</y169>
      <x170>551</x170>
      <y170>16</y170>
      <x171>547</x171>
      <y171>18</y171>
      <x172>543</x172>
      <y172>18</y172>
    </polygon>
  </object>
  <object>
    <name>person</name>
    <bndbox>
      <xmin>780</xmin>
      <ymin>84</ymin>
      <xmax>1013</xmax>
      <ymax>393</ymax>
    </bndbox>
    <polygon>
      <x1>873</x1>
      <y1>84</y1>
      <x2>852</x2>
      <y2>89</y2>
      <x3>841</x3>
      <y3>100</y3>
      <x4>816</x4>
      <y4>145</y4>
      <x5>811</x5>
      <y5>157</y5>
      <x6>796</x6>
      <y6>180</y6>
      <x7>791</x7>
      <y7>200</y7>
      <x8>791</x8>
      <y8>206</y8>
      <x9>790</x9>
      <y9>207</y9>
      <x10>786</x10>
      <y10>239</y10>
      <x11>785</x11>
      <y11>240</y11>
      <x12>785</x12>
      <y12>247</y12>
      <x13>781</x13>
      <y13>251</y13>
      <x14>780</x14>
      <y14>254</y14>
      <x15>780</x15>
      <y15>259</y15>
      <x16>784</x16>
      <y16>265</y16>
      <x17>782</x17>
      <y17>287</y17>
      <x18>784</x18>
      <y18>295</y18>
      <x19>791</x19>
      <y19>302</y19>
      <x20>801</x20>
      <y20>306</y20>
      <x21>812</x21>
      <y21>308</y21>
      <x22>827</x22>
      <y22>313</y22>
      <x23>829</x23>
      <y23>315</y23>
      <x24>826</x24>
      <y24>319</y24>
      <x25>827</x25>
      <y25>350</y25>
      <x26>834</x26>
      <y26>372</y26>
      <x27>840</x27>
      <y27>382</y27>
      <x28>848</x28>
      <y28>390</y28>
      <x29>855</x29>
      <y29>393</y29>
      <x30>860</x30>
      <y30>393</y30>
      <x31>866</x31>
      <y31>388</y31>
      <x32>867</x32>
      <y32>368</y32>
      <x33>868</x33>
      <y33>367</y33>
      <x34>867</x34>
      <y34>366</y34>
      <x35>867</x35>
      <y35>359</y35>
      <x36>865</x36>
      <y36>350</y36>
      <x37>865</x37>
      <y37>340</y37>
      <x38>867</x38>
      <y38>338</y38>
      <x39>869</x39>
      <y39>340</y39>
      <x40>874</x40>
      <y40>341</y40>
      <x41>892</x41>
      <y41>357</y41>
      <x42>897</x42>
      <y42>365</y42>
      <x43>900</x43>
      <y43>373</y43>
      <x44>917</x44>
      <y44>391</y44>
      <x45>924</x45>
      <y45>391</y45>
      <x46>926</x46>
      <y46>388</y46>
      <x47>923</x47>
      <y47>380</y47>
      <x48>923</x48>
      <y48>376</y48>
      <x49>925</x49>
      <y49>372</y49>
      <x50>929</x50>
      <y50>369</y50>
      <x51>939</x51>
      <y51>370</y51>
      <x52>941</x52>
      <y52>368</y52>
      <x53>941</x53>
      <y53>364</y53>
      <x54>938</x54>
      <y54>361</y54>
      <x55>937</x55>
      <y55>358</y55>
      <x56>925</x56>
      <y56>347</y56>
      <x57>924</x57>
      <y57>343</y57>
      <x58>920</x58>
      <y58>338</y58>
      <x59>912</x59>
      <y59>332</y59>
      <x60>912</x60>
      <y60>328</y60>
      <x61>916</x61>
      <y61>325</y61>
      <x62>921</x62>
      <y62>325</y62>
      <x63>922</x63>
      <y63>326</y63>
      <x64>936</x64>
      <y64>325</y64>
      <x65>947</x65>
      <y65>319</y65>
      <x66>964</x66>
      <y66>317</y66>
      <x67>970</x67>
      <y67>314</y67>
      <x68>974</x68>
      <y68>308</y68>
      <x69>974</x69>
      <y69>302</y69>
      <x70>977</x70>
      <y70>293</y70>
      <x71>977</x71>
      <y71>287</y71>
      <x72>980</x72>
      <y72>278</y72>
      <x73>986</x73>
      <y73>267</y73>
      <x74>987</x74>
      <y74>261</y74>
      <x75>989</x75>
      <y75>257</y75>
      <x76>997</x76>
      <y76>250</y76>
      <x77>1008</x77>
      <y77>233</y77>
      <x78>1013</x78>
      <y78>211</y78>
      <x79>1013</x79>
      <y79>196</y79>
      <x80>1011</x80>
      <y80>188</y80>
      <x81>1008</x81>
      <y81>183</y81>
      <x82>1008</x82>
      <y82>179</y82>
      <x83>1005</x83>
      <y83>169</y83>
      <x84>999</x84>
      <y84>155</y84>
      <x85>998</x85>
      <y85>140</y85>
      <x86>992</x86>
      <y86>130</y86>
      <x87>987</x87>
      <y87>127</y87>
      <x88>980</x88>
      <y88>125</y88>
      <x89>979</x89>
      <y89>126</y89>
      <x90>970</x90>
      <y90>125</y90>
      <x91>962</x91>
      <y91>116</y91>
      <x92>961</x92>
      <y92>111</y92>
      <x93>954</x93>
      <y93>100</y93>
      <x94>939</x94>
      <y94>92</y94>
      <x95>908</x95>
      <y95>84</y95>
    </polygon>
  </object>
  <object>
    <name>person</name>
    <bndbox>
      <xmin>338</xmin>
      <ymin>273</ymin>
      <xmax>681</xmax>
      <ymax>595</ymax>
    </bndbox>
    <polygon>
      <x1>404</x1>
      <y1>281</y1>
      <x2>395</x2>
      <y2>289</y2>
      <x3>391</x3>
      <y3>297</y3>
      <x4>376</x4>
      <y4>313</y4>
      <x5>375</x5>
      <y5>316</y5>
      <x6>365</x6>
      <y6>330</y6>
      <x7>359</x7>
      <y7>344</y7>
      <x8>359</x8>
      <y8>349</y8>
      <x9>356</x9>
      <y9>356</y9>
      <x10>356</x10>
      <y10>360</y10>
      <x11>354</x11>
      <y11>363</y11>
      <x12>350</x12>
      <y12>362</y12>
      <x13>339</x13>
      <y13>386</y13>
      <x14>339</x14>
      <y14>389</y14>
      <x15>338</x15>
      <y15>390</y15>
      <x16>338</x16>
      <y16>408</y16>
      <x17>339</x17>
      <y17>409</y17>
      <x18>341</x18>
      <y18>423</y18>
      <x19>352</x19>
      <y19>441</y19>
      <x20>360</x20>
      <y20>449</y20>
      <x21>372</x21>
      <y21>457</y21>
      <x22>377</x22>
      <y22>463</y22>
      <x23>382</x23>
      <y23>467</y23>
      <x24>386</x24>
      <y24>473</y24>
      <x25>400</x25>
      <y25>486</y25>
      <x26>406</x26>
      <y26>489</y26>
      <x27>412</x27>
      <y27>496</y27>
      <x28>417</x28>
      <y28>499</y28>
      <x29>426</x29>
      <y29>508</y29>
      <x30>443</x30>
      <y30>531</y30>
      <x31>455</x31>
      <y31>544</y31>
      <x32>477</x32>
      <y32>561</y32>
      <x33>483</x33>
      <y33>564</y33>
      <x34>491</x34>
      <y34>570</y34>
      <x35>496</x35>
      <y35>571</y35>
      <x36>502</x36>
      <y36>574</y36>
      <x37>506</x37>
      <y37>574</y37>
      <x38>514</x38>
      <y38>577</y38>
      <x39>521</x39>
      <y39>577</y39>
      <x40>522</x40>
      <y40>578</y40>
      <x41>544</x41>
      <y41>577</y41>
      <x42>553</x42>
      <y42>580</y42>
      <x43>563</x43>
      <y43>580</y43>
      <x44>564</x44>
      <y44>579</y44>
      <x45>566</x45>
      <y45>580</y45>
      <x46>572</x46>
      <y46>580</y46>
      <x47>576</x47>
      <y47>583</y47>
      <x48>578</x48>
      <y48>589</y48>
      <x49>583</x49>
      <y49>593</y49>
      <x50>585</x50>
      <y50>593</y50>
      <x51>588</x51>
      <y51>595</y51>
      <x52>601</x52>
      <y52>595</y52>
      <x53>604</x53>
      <y53>594</y53>
      <x54>618</x54>
      <y54>577</y54>
      <x55>630</x55>
      <y55>554</y55>
      <x56>633</x56>
      <y56>545</y56>
      <x57>635</x57>
      <y57>534</y57>
      <x58>637</x58>
      <y58>530</y58>
      <x59>639</x59>
      <y59>515</y59>
      <x60>640</x60>
      <y60>514</y60>
      <x61>640</x61>
      <y61>509</y61>
      <x62>641</x62>
      <y62>508</y62>
      <x63>641</x63>
      <y63>502</y63>
      <x64>644</x64>
      <y64>492</y64>
      <x65>644</x65>
      <y65>487</y65>
      <x66>648</x66>
      <y66>475</y66>
      <x67>648</x67>
      <y67>472</y67>
      <x68>652</x68>
      <y68>462</y68>
      <x69>652</x69>
      <y69>459</y69>
      <x70>659</x70>
      <y70>441</y70>
      <x71>660</x71>
      <y71>431</y71>
      <x72>664</x72>
      <y72>423</y72>
      <x73>667</x73>
      <y73>413</y73>
      <x74>669</x74>
      <y74>410</y74>
      <x75>678</x75>
      <y75>402</y75>
      <x76>681</x76>
      <y76>397</y76>
      <x77>681</x77>
      <y77>380</y77>
      <x78>677</x78>
      <y78>366</y78>
      <x79>677</x79>
      <y79>361</y79>
      <x80>672</x80>
      <y80>352</y80>
      <x81>665</x81>
      <y81>352</y81>
      <x82>664</x82>
      <y82>351</y82>
      <x83>661</x83>
      <y83>351</y83>
      <x84>660</x84>
      <y84>352</y84>
      <x85>650</x85>
      <y85>351</y85>
      <x86>646</x86>
      <y86>354</y86>
      <x87>639</x87>
      <y87>355</y87>
      <x88>635</x88>
      <y88>360</y88>
      <x89>633</x89>
      <y89>366</y89>
      <x90>631</x90>
      <y90>368</y90>
      <x91>624</x91>
      <y91>383</y91>
      <x92>624</x92>
      <y92>388</y92>
      <x93>622</x93>
      <y93>395</y93>
      <x94>623</x94>
      <y94>429</y94>
      <x95>622</x95>
      <y95>430</y95>
      <x96>622</x96>
      <y96>435</y96>
      <x97>621</x97>
      <y97>436</y97>
      <x98>621</x98>
      <y98>440</y98>
      <x99>620</x99>
      <y99>441</y99>
      <x100>620</x100>
      <y100>445</y100>
      <x101>619</x101>
      <y101>446</y101>
      <x102>617</x102>
      <y102>457</y102>
      <x103>606</x103>
      <y103>481</y103>
      <x104>594</x104>
      <y104>500</y104>
      <x105>589</x105>
      <y105>493</y105>
      <x106>589</x106>
      <y106>479</y106>
      <x107>588</x107>
      <y107>478</y107>
      <x108>588</x108>
      <y108>469</y108>
      <x109>587</x109>
      <y109>468</y109>
      <x110>585</x110>
      <y110>448</y110>
      <x111>575</x111>
      <y111>412</y111>
      <x112>573</x112>
      <y112>410</y112>
      <x113>568</x113>
      <y113>400</y113>
      <x114>551</x114>
      <y114>379</y114>
      <x115>547</x115>
      <y115>371</y115>
      <x116>541</x116>
      <y116>365</y116>
      <x117>538</x117>
      <y117>360</y117>
      <x118>537</x118>
      <y118>355</y118>
      <x119>536</x119>
      <y119>354</y119>
      <x120>533</x120>
      <y120>354</y120>
      <x121>528</x121>
      <y121>350</y121>
      <x122>520</x122>
      <y122>349</y122>
      <x123>516</x123>
      <y123>346</y123>
      <x124>509</x124>
      <y124>345</y124>
      <x125>507</x125>
      <y125>343</y125>
      <x126>506</x126>
      <y126>331</y126>
      <x127>498</x127>
      <y127>315</y127>
      <x128>498</x128>
      <y128>308</y128>
      <x129>499</x129>
      <y129>307</y129>
      <x130>499</x130>
      <y130>301</y130>
      <x131>498</x131>
      <y131>299</y131>
      <x132>492</x132>
      <y132>299</y132>
      <x133>490</x133>
      <y133>298</y133>
      <x134>477</x134>
      <y134>286</y134>
      <x135>466</x135>
      <y135>279</y135>
      <x136>453</x136>
      <y136>277</y136>
      <x137>443</x137>
      <y137>273</y137>
      <x138>432</x138>
      <y138>273</y138>
      <x139>431</x139>
      <y139>274</y139>
      <x140>416</x140>
      <y140>276</y140>
    </polygon>
  </object>
  <object>
    <name>person</name>
    <bndbox>
      <xmin>987</xmin>
      <ymin>17</ymin>
      <xmax>1210</xmax>
      <ymax>280</ymax>
    </bndbox>
    <polygon>
      <x1>1039</x1>
      <y1>19</y1>
      <x2>1026</x2>
      <y2>26</y2>
      <x3>1024</x3>
      <y3>32</y3>
      <x4>1025</x4>
      <y4>44</y4>
      <x5>1019</x5>
      <y5>53</y5>
      <x6>1012</x6>
      <y6>72</y6>
      <x7>1005</x7>
      <y7>85</y7>
      <x8>997</x8>
      <y8>95</y8>
      <x9>994</x9>
      <y9>101</y9>
      <x10>988</x10>
      <y10>106</y10>
      <x11>987</x11>
      <y11>108</y11>
      <x12>987</x12>
      <y12>118</y12>
      <x13>989</x13>
      <y13>123</y13>
      <x14>998</x14>
      <y14>132</y14>
      <x15>1003</x15>
      <y15>144</y15>
      <x16>1008</x16>
      <y16>144</y16>
      <x17>1012</x17>
      <y17>142</y17>
      <x18>1018</x18>
      <y18>134</y18>
      <x19>1020</x19>
      <y19>115</y19>
      <x20>1021</x20>
      <y20>114</y20>
      <x21>1022</x21>
      <y21>115</y21>
      <x22>1023</x22>
      <y22>134</y22>
      <x23>1025</x23>
      <y23>137</y23>
      <x24>1026</x24>
      <y24>150</y24>
      <x25>1028</x25>
      <y25>156</y25>
      <x26>1022</x26>
      <y26>161</y26>
      <x27>1014</x27>
      <y27>162</y27>
      <x28>1012</x28>
      <y28>166</y28>
      <x29>1012</x29>
      <y29>179</y29>
      <x30>1015</x30>
      <y30>186</y30>
      <x31>1015</x31>
      <y31>190</y31>
      <x32>1027</x32>
      <y32>194</y32>
      <x33>1037</x33>
      <y33>194</y33>
      <x34>1046</x34>
      <y34>191</y34>
      <x35>1055</x35>
      <y35>191</y35>
      <x36>1059</x36>
      <y36>197</y36>
      <x37>1061</x37>
      <y37>205</y37>
      <x38>1067</x38>
      <y38>216</y38>
      <x39>1069</x39>
      <y39>225</y39>
      <x40>1072</x40>
      <y40>230</y40>
      <x41>1071</x41>
      <y41>238</y41>
      <x42>1061</x42>
      <y42>250</y42>
      <x43>1052</x43>
      <y43>257</y43>
      <x44>1047</x44>
      <y44>263</y44>
      <x45>1048</x45>
      <y45>265</y45>
      <x46>1065</x46>
      <y46>265</y46>
      <x47>1069</x47>
      <y47>263</y47>
      <x48>1073</x48>
      <y48>263</y48>
      <x49>1082</x49>
      <y49>271</y49>
      <x50>1082</x50>
      <y50>273</y50>
      <x51>1085</x51>
      <y51>277</y51>
      <x52>1094</x52>
      <y52>280</y52>
      <x53>1099</x53>
      <y53>280</y53>
      <x54>1110</x54>
      <y54>274</y54>
      <x55>1122</x55>
      <y55>271</y55>
      <x56>1129</x56>
      <y56>271</y56>
      <x57>1132</x57>
      <y57>268</y57>
      <x58>1133</x58>
      <y58>254</y58>
      <x59>1135</x59>
      <y59>247</y59>
      <x60>1149</x60>
      <y60>236</y60>
      <x61>1164</x61>
      <y61>229</y61>
      <x62>1173</x62>
      <y62>218</y62>
      <x63>1185</x63>
      <y63>214</y63>
      <x64>1196</x64>
      <y64>204</y64>
      <x65>1205</x65>
      <y65>181</y65>
      <x66>1206</x66>
      <y66>172</y66>
      <x67>1210</x67>
      <y67>160</y67>
      <x68>1208</x68>
      <y68>141</y68>
      <x69>1199</x69>
      <y69>115</y69>
      <x70>1184</x70>
      <y70>88</y70>
      <x71>1162</x71>
      <y71>64</y71>
      <x72>1151</x72>
      <y72>55</y72>
      <x73>1147</x73>
      <y73>55</y73>
      <x74>1144</x74>
      <y74>53</y74>
      <x75>1137</x75>
      <y75>41</y75>
      <x76>1129</x76>
      <y76>34</y76>
      <x77>1110</x77>
      <y77>24</y77>
      <x78>1089</x78>
      <y78>19</y78>
      <x79>1073</x79>
      <y79>18</y79>
      <x80>1072</x80>
      <y80>17</y80>
      <x81>1051</x81>
      <y81>17</y81>
      <x82>1050</x82>
      <y82>18</y82>
    </polygon>
  </object>
  <object>
    <name>person</name>
    <bndbox>
      <xmin>681</xmin>
      <ymin>0</ymin>
      <xmax>946</xmax>
      <ymax>183</ymax>
    </bndbox>
    <polygon>
      <x1>681</x1>
      <y1>21</y1>
      <x2>682</x2>
      <y2>33</y2>
      <x3>683</x3>
      <y3>34</y3>
      <x4>683</x4>
      <y4>48</y4>
      <x5>688</x5>
      <y5>55</y5>
      <x6>690</x6>
      <y6>56</y6>
      <x7>710</x7>
      <y7>55</y7>
      <x8>713</x8>
      <y8>57</y8>
      <x9>718</x9>
      <y9>58</y9>
      <x10>728</x10>
      <y10>65</y10>
      <x11>735</x11>
      <y11>67</y11>
      <x12>738</x12>
      <y12>70</y12>
      <x13>738</x13>
      <y13>76</y13>
      <x14>722</x14>
      <y14>90</y14>
      <x15>720</x15>
      <y15>93</y15>
      <x16>719</x16>
      <y16>108</y16>
      <x17>709</x17>
      <y17>126</y17>
      <x18>706</x18>
      <y18>138</y18>
      <x19>699</x19>
      <y19>151</y19>
      <x20>698</x20>
      <y20>162</y20>
      <x21>702</x21>
      <y21>173</y21>
      <x22>702</x22>
      <y22>176</y22>
      <x23>706</x23>
      <y23>182</y23>
      <x24>711</x24>
      <y24>183</y24>
      <x25>715</x25>
      <y25>182</y25>
      <x26>720</x26>
      <y26>179</y26>
      <x27>725</x27>
      <y27>173</y27>
      <x28>734</x28>
      <y28>156</y28>
      <x29>735</x29>
      <y29>148</y29>
      <x30>737</x30>
      <y30>145</y30>
      <x31>739</x31>
      <y31>137</y31>
      <x32>740</x32>
      <y32>128</y32>
      <x33>745</x33>
      <y33>122</y33>
      <x34>748</x34>
      <y34>111</y34>
      <x35>768</x35>
      <y35>90</y35>
      <x36>785</x36>
      <y36>77</y36>
      <x37>807</x37>
      <y37>80</y37>
      <x38>812</x38>
      <y38>89</y38>
      <x39>815</x39>
      <y39>92</y39>
      <x40>821</x40>
      <y40>104</y40>
      <x41>825</x41>
      <y41>110</y41>
      <x42>828</x42>
      <y42>112</y42>
      <x43>842</x43>
      <y43>92</y43>
      <x44>849</x44>
      <y44>87</y44>
      <x45>876</x45>
      <y45>81</y45>
      <x46>895</x46>
      <y46>81</y46>
      <x47>896</x47>
      <y47>80</y47>
      <x48>896</x48>
      <y48>73</y48>
      <x49>888</x49>
      <y49>40</y49>
      <x50>891</x50>
      <y50>37</y50>
      <x51>895</x51>
      <y51>37</y51>
      <x52>899</x52>
      <y52>33</y52>
      <x53>907</x53>
      <y53>32</y53>
      <x54>913</x54>
      <y54>37</y54>
      <x55>917</x55>
      <y55>54</y55>
      <x56>920</x56>
      <y56>61</y56>
      <x57>923</x57>
      <y57>77</y57>
      <x58>926</x58>
      <y58>85</y58>
      <x59>940</x59>
      <y59>91</y59>
      <x60>944</x60>
      <y60>91</y60>
      <x61>946</x61>
      <y61>89</y61>
      <x62>945</x62>
      <y62>45</y62>
      <x63>943</x63>
      <y63>38</y63>
      <x64>938</x64>
      <y64>30</y64>
      <x65>936</x65>
      <y65>24</y65>
      <x66>932</x66>
      <y66>21</y66>
      <x67>921</x67>
      <y67>17</y67>
      <x68>911</x68>
      <y68>11</y68>
      <x69>904</x69>
      <y69>10</y69>
      <x70>898</x70>
      <y70>6</y70>
      <x71>888</x71>
      <y71>4</y71>
      <x72>884</x72>
      <y72>0</y72>
      <x73>751</x73>
      <y73>0</y73>
      <x74>751</x74>
      <y74>2</y74>
      <x75>747</x75>
      <y75>4</y75>
      <x76>744</x76>
      <y76>3</y76>
      <x77>720</x77>
      <y77>3</y77>
      <x78>710</x78>
      <y78>5</y78>
      <x79>702</x79>
      <y79>10</y79>
      <x80>691</x80>
      <y80>12</y80>
      <x81>687</x81>
      <y81>14</y81>
    </polygon>
  </object>
  <object>
    <name>person</name>
    <bndbox>
      <xmin>416</xmin>
      <ymin>583</ymin>
      <xmax>689</xmax>
      <ymax>809</ymax>
    </bndbox>
    <polygon>
      <x1>418</x1>
      <y1>669</y1>
      <x2>416</x2>
      <y2>678</y2>
      <x3>417</x3>
      <y3>692</y3>
      <x4>424</x4>
      <y4>721</y4>
      <x5>424</x5>
      <y5>733</y5>
      <x6>425</x6>
      <y6>734</y6>
      <x7>425</x7>
      <y7>740</y7>
      <x8>428</x8>
      <y8>755</y8>
      <x9>436</x9>
      <y9>769</y9>
      <x10>440</x10>
      <y10>773</y10>
      <x11>446</x11>
      <y11>775</y11>
      <x12>452</x12>
      <y12>781</y12>
      <x13>456</x13>
      <y13>783</y13>
      <x14>465</x14>
      <y14>784</y14>
      <x15>489</x15>
      <y15>792</y15>
      <x16>505</x16>
      <y16>794</y16>
      <x17>514</x17>
      <y17>798</y17>
      <x18>521</x18>
      <y18>803</y18>
      <x19>533</x19>
      <y19>807</y19>
      <x20>554</x20>
      <y20>808</y20>
      <x21>555</x21>
      <y21>809</y21>
      <x22>583</x22>
      <y22>809</y22>
      <x23>595</x23>
      <y23>805</y23>
      <x24>632</x24>
      <y24>802</y24>
      <x25>640</x25>
      <y25>798</y25>
      <x26>648</x26>
      <y26>797</y26>
      <x27>652</x27>
      <y27>795</y27>
      <x28>660</x28>
      <y28>787</y28>
      <x29>667</x29>
      <y29>784</y29>
      <x30>674</x30>
      <y30>784</y30>
      <x31>685</x31>
      <y31>780</y31>
      <x32>688</x32>
      <y32>776</y32>
      <x33>689</x33>
      <y33>770</y33>
      <x34>687</x34>
      <y34>764</y34>
      <x35>682</x35>
      <y35>754</y35>
      <x36>680</x36>
      <y36>745</y36>
      <x37>675</x37>
      <y37>739</y37>
      <x38>667</x38>
      <y38>733</y38>
      <x39>663</x39>
      <y39>734</y39>
      <x40>658</x40>
      <y40>730</y40>
      <x41>651</x41>
      <y41>730</y41>
      <x42>636</x42>
      <y42>725</y42>
      <x43>628</x43>
      <y43>717</y43>
      <x44>626</x44>
      <y44>706</y44>
      <x45>621</x45>
      <y45>701</y45>
      <x46>601</x46>
      <y46>688</y46>
      <x47>595</x47>
      <y47>686</y47>
      <x48>591</x48>
      <y48>682</y48>
      <x49>587</x49>
      <y49>666</y49>
      <x50>580</x50>
      <y50>653</y50>
      <x51>580</x51>
      <y51>646</y51>
      <x52>582</x52>
      <y52>644</y52>
      <x53>589</x53>
      <y53>643</y53>
      <x54>594</x54>
      <y54>635</y54>
      <x55>594</x55>
      <y55>620</y55>
      <x56>597</x56>
      <y56>610</y56>
      <x57>593</x57>
      <y57>605</y57>
      <x58>589</x58>
      <y58>604</y58>
      <x59>574</x59>
      <y59>591</y59>
      <x60>572</x60>
      <y60>585</y60>
      <x61>570</x61>
      <y61>583</y61>
      <x62>563</x62>
      <y62>583</y62>
      <x63>560</x63>
      <y63>585</y63>
      <x64>553</x64>
      <y64>586</y64>
      <x65>542</x65>
      <y65>591</y65>
      <x66>526</x66>
      <y66>602</y66>
      <x67>514</x67>
      <y67>608</y67>
      <x68>507</x68>
      <y68>610</y68>
      <x69>502</x69>
      <y69>613</y69>
      <x70>497</x70>
      <y70>613</y70>
      <x71>488</x71>
      <y71>616</y71>
      <x72>480</x72>
      <y72>623</y72>
      <x73>474</x73>
      <y73>622</y73>
      <x74>464</x74>
      <y74>627</y74>
      <x75>445</x75>
      <y75>641</y75>
      <x76>434</x76>
      <y76>652</y76>
      <x77>428</x77>
      <y77>656</y77>
      <x78>422</x78>
      <y78>662</y78>
    </polygon>
  </object>
  <object>
    <name>person</name>
    <bndbox>
      <xmin>201</xmin>
      <ymin>120</ymin>
      <xmax>447</xmax>
      <ymax>531</ymax>
    </bndbox>
    <polygon>
      <x1>291</x1>
      <y1>120</y1>
      <x2>276</x2>
      <y2>125</y2>
      <x3>263</x3>
      <y3>134</y3>
      <x4>247</x4>
      <y4>149</y4>
      <x5>245</x5>
      <y5>153</y5>
      <x6>239</x6>
      <y6>159</y6>
      <x7>233</x7>
      <y7>168</y7>
      <x8>229</x8>
      <y8>172</y8>
      <x9>222</x9>
      <y9>185</y9>
      <x10>208</x10>
      <y10>224</y10>
      <x11>208</x11>
      <y11>228</y11>
      <x12>205</x12>
      <y12>238</y12>
      <x13>205</x13>
      <y13>244</y13>
      <x14>204</x14>
      <y14>245</y14>
      <x15>203</x15>
      <y15>282</y15>
      <x16>202</x16>
      <y16>283</y16>
      <x17>202</x17>
      <y17>298</y17>
      <x18>201</x18>
      <y18>299</y18>
      <x19>201</x19>
      <y19>321</y19>
      <x20>202</x20>
      <y20>322</y20>
      <x21>202</x21>
      <y21>327</y21>
      <x22>212</x22>
      <y22>358</y22>
      <x23>218</x23>
      <y23>369</y23>
      <x24>223</x24>
      <y24>374</y24>
      <x25>229</x25>
      <y25>393</y25>
      <x26>234</x26>
      <y26>403</y26>
      <x27>244</x27>
      <y27>418</y27>
      <x28>260</x28>
      <y28>431</y28>
      <x29>260</x29>
      <y29>437</y29>
      <x30>262</x30>
      <y30>441</y30>
      <x31>262</x31>
      <y31>445</y31>
      <x32>263</x32>
      <y32>447</y32>
      <x33>268</x33>
      <y33>449</y33>
      <x34>274</x34>
      <y34>455</y34>
      <x35>276</x35>
      <y35>467</y35>
      <x36>286</x36>
      <y36>486</y36>
      <x37>309</x37>
      <y37>501</y37>
      <x38>319</x38>
      <y38>504</y38>
      <x39>332</x39>
      <y39>504</y39>
      <x40>334</x40>
      <y40>505</y40>
      <x41>341</x41>
      <y41>513</y41>
      <x42>343</x42>
      <y42>521</y42>
      <x43>348</x43>
      <y43>526</y43>
      <x44>354</x44>
      <y44>530</y44>
      <x45>357</x45>
      <y45>530</y45>
      <x46>358</x46>
      <y46>531</y46>
      <x47>369</x47>
      <y47>531</y47>
      <x48>379</x48>
      <y48>528</y48>
      <x49>390</x49>
      <y49>522</y49>
      <x50>396</x50>
      <y50>516</y50>
      <x51>396</x51>
      <y51>514</y51>
      <x52>399</x52>
      <y52>509</y52>
      <x53>400</x53>
      <y53>500</y53>
      <x54>397</x54>
      <y54>492</y54>
      <x55>395</x55>
      <y55>490</y55>
      <x56>390</x56>
      <y56>489</y56>
      <x57>384</x57>
      <y57>483</y57>
      <x58>373</x58>
      <y58>479</y58>
      <x59>356</x59>
      <y59>477</y59>
      <x60>353</x60>
      <y60>475</y60>
      <x61>361</x61>
      <y61>466</y61>
      <x62>364</x62>
      <y62>460</y62>
      <x63>364</x63>
      <y63>456</y63>
      <x64>362</x64>
      <y64>454</y64>
      <x65>355</x65>
      <y65>451</y65>
      <x66>352</x66>
      <y66>447</y66>
      <x67>349</x67>
      <y67>439</y67>
      <x68>343</x68>
      <y68>431</y68>
      <x69>340</x69>
      <y69>425</y69>
      <x70>337</x70>
      <y70>411</y70>
      <x71>334</x71>
      <y71>405</y71>
      <x72>335</x72>
      <y72>392</y72>
      <x73>336</x73>
      <y73>391</y73>
      <x74>337</x74>
      <y74>383</y74>
      <x75>346</x75>
      <y75>364</y75>
      <x76>346</x76>
      <y76>362</y76>
      <x77>353</x77>
      <y77>351</y77>
      <x78>358</x78>
      <y78>341</y78>
      <x79>360</x79>
      <y79>334</y79>
      <x80>363</x80>
      <y80>330</y80>
      <x81>366</x81>
      <y81>323</y81>
      <x82>370</x82>
      <y82>318</y82>
      <x83>371</x83>
      <y83>315</y83>
      <x84>388</x84>
      <y84>295</y84>
      <x85>392</x85>
      <y85>285</y85>
      <x86>391</x86>
      <y86>274</y86>
      <x87>387</x87>
      <y87>262</y87>
      <x88>380</x88>
      <y88>248</y88>
      <x89>372</x89>
      <y89>237</y89>
      <x90>365</x90>
      <y90>222</y90>
      <x91>365</x91>
      <y91>212</y91>
      <x92>368</x92>
      <y92>211</y92>
      <x93>371</x93>
      <y93>213</y93>
      <x94>377</x94>
      <y94>220</y94>
      <x95>384</x95>
      <y95>222</y95>
      <x96>410</x96>
      <y96>241</y96>
      <x97>416</x97>
      <y97>242</y97>
      <x98>424</x98>
      <y98>247</y98>
      <x99>432</x99>
      <y99>246</y99>
      <x100>438</x100>
      <y100>243</y100>
      <x101>445</x101>
      <y101>235</y101>
      <x102>447</x102>
      <y102>230</y102>
      <x103>447</x103>
      <y103>225</y103>
      <x104>431</x104>
      <y104>204</y104>
      <x105>426</x105>
      <y105>202</y105>
      <x106>412</x106>
      <y106>202</y106>
      <x107>407</x107>
      <y107>199</y107>
      <x108>393</x108>
      <y108>184</y108>
      <x109>381</x109>
      <y109>165</y109>
      <x110>367</x110>
      <y110>152</y110>
      <x111>356</x111>
      <y111>145</y111>
      <x112>348</x112>
      <y112>143</y112>
      <x113>340</x113>
      <y113>138</y113>
      <x114>328</x114>
      <y114>134</y114>
      <x115>320</x115>
      <y115>133</y115>
      <x116>318</x116>
      <y116>131</y116>
      <x117>318</x117>
      <y117>129</y117>
      <x118>314</x118>
      <y118>125</y118>
      <x119>306</x119>
      <y119>121</y119>
    </polygon>
  </object>
</annotation>
