<?xml version="1.0" ?>
<annotation>
  <folder>VOC</folder>
  <filename>20-1.png</filename>
  <source>
    <database>roboflow.ai</database>
  </source>
  <size>
    <width>1456</width>
    <height>816</height>
    <depth>3</depth>
  </size>
  <segmented>0</segmented>
  <object>
    <name>person</name>
    <bndbox>
      <xmin>596</xmin>
      <ymin>275</ymin>
      <xmax>855</xmax>
      <ymax>546</ymax>
    </bndbox>
    <polygon>
      <x1>733</x1>
      <y1>275</y1>
      <x2>712</x2>
      <y2>279</y2>
      <x3>704</x3>
      <y3>288</y3>
      <x4>689</x4>
      <y4>297</y4>
      <x5>684</x5>
      <y5>303</y5>
      <x6>682</x6>
      <y6>310</y6>
      <x7>682</x7>
      <y7>320</y7>
      <x8>680</x8>
      <y8>322</y8>
      <x9>658</x9>
      <y9>321</y9>
      <x10>633</x10>
      <y10>325</y10>
      <x11>609</x11>
      <y11>345</y11>
      <x12>604</x12>
      <y12>353</y12>
      <x13>598</x13>
      <y13>359</y13>
      <x14>596</x14>
      <y14>368</y14>
      <x15>600</x15>
      <y15>373</y15>
      <x16>615</x16>
      <y16>372</y16>
      <x17>622</x17>
      <y17>369</y17>
      <x18>630</x18>
      <y18>369</y18>
      <x19>635</x19>
      <y19>366</y19>
      <x20>644</x20>
      <y20>364</y20>
      <x21>650</x21>
      <y21>360</y21>
      <x22>664</x22>
      <y22>363</y22>
      <x23>686</x23>
      <y23>366</y23>
      <x24>693</x24>
      <y24>372</y24>
      <x25>692</x25>
      <y25>378</y25>
      <x26>687</x26>
      <y26>384</y26>
      <x27>680</x27>
      <y27>385</y27>
      <x28>671</x28>
      <y28>392</y28>
      <x29>659</x29>
      <y29>398</y29>
      <x30>654</x30>
      <y30>404</y30>
      <x31>645</x31>
      <y31>411</y31>
      <x32>627</x32>
      <y32>433</y32>
      <x33>612</x33>
      <y33>446</y33>
      <x34>611</x34>
      <y34>452</y34>
      <x35>615</x35>
      <y35>453</y35>
      <x36>618</x36>
      <y36>456</y36>
      <x37>618</x37>
      <y37>465</y37>
      <x38>625</x38>
      <y38>502</y38>
      <x39>626</x39>
      <y39>516</y39>
      <x40>629</x40>
      <y40>519</y40>
      <x41>639</x41>
      <y41>524</y41>
      <x42>646</x42>
      <y42>524</y42>
      <x43>652</x43>
      <y43>521</y43>
      <x44>660</x44>
      <y44>510</y44>
      <x45>662</x45>
      <y45>502</y45>
      <x46>667</x46>
      <y46>492</y46>
      <x47>672</x47>
      <y47>487</y47>
      <x48>677</x48>
      <y48>472</y48>
      <x49>685</x49>
      <y49>461</y49>
      <x50>693</x50>
      <y50>453</y50>
      <x51>696</x51>
      <y51>446</y51>
      <x52>699</x52>
      <y52>444</y52>
      <x53>704</x53>
      <y53>444</y53>
      <x54>707</x54>
      <y54>448</y54>
      <x55>713</x55>
      <y55>445</y55>
      <x56>726</x56>
      <y56>445</y56>
      <x57>736</x57>
      <y57>449</y57>
      <x58>737</x58>
      <y58>470</y58>
      <x59>726</x59>
      <y59>487</y59>
      <x60>725</x60>
      <y60>492</y60>
      <x61>726</x61>
      <y61>508</y61>
      <x62>723</x62>
      <y62>516</y62>
      <x63>723</x63>
      <y63>529</y63>
      <x64>725</x64>
      <y64>536</y64>
      <x65>729</x65>
      <y65>541</y65>
      <x66>741</x66>
      <y66>546</y66>
      <x67>746</x67>
      <y67>546</y67>
      <x68>752</x68>
      <y68>541</y68>
      <x69>758</x69>
      <y69>532</y69>
      <x70>765</x70>
      <y70>526</y70>
      <x71>780</x71>
      <y71>517</y71>
      <x72>785</x72>
      <y72>512</y72>
      <x73>787</x73>
      <y73>508</y73>
      <x74>798</x74>
      <y74>498</y74>
      <x75>804</x75>
      <y75>484</y75>
      <x76>805</x76>
      <y76>474</y76>
      <x77>809</x77>
      <y77>463</y77>
      <x78>810</x78>
      <y78>456</y78>
      <x79>810</x79>
      <y79>441</y79>
      <x80>805</x80>
      <y80>424</y80>
      <x81>798</x81>
      <y81>422</y81>
      <x82>793</x82>
      <y82>412</y82>
      <x83>794</x83>
      <y83>399</y83>
      <x84>798</x84>
      <y84>396</y84>
      <x85>804</x85>
      <y85>402</y85>
      <x86>807</x86>
      <y86>408</y86>
      <x87>812</x87>
      <y87>412</y87>
      <x88>813</x88>
      <y88>416</y88>
      <x89>816</x89>
      <y89>418</y89>
      <x90>821</x90>
      <y90>428</y90>
      <x91>827</x91>
      <y91>435</y91>
      <x92>829</x92>
      <y92>444</y92>
      <x93>829</x93>
      <y93>452</y93>
      <x94>830</x94>
      <y94>454</y94>
      <x95>834</x95>
      <y95>456</y95>
      <x96>850</x96>
      <y96>457</y96>
      <x97>853</x97>
      <y97>454</y97>
      <x98>851</x98>
      <y98>435</y98>
      <x99>854</x99>
      <y99>429</y99>
      <x100>855</x100>
      <y100>417</y100>
      <x101>852</x101>
      <y101>407</y101>
      <x102>852</x102>
      <y102>394</y102>
      <x103>842</x103>
      <y103>375</y103>
      <x104>827</x104>
      <y104>359</y104>
      <x105>801</x105>
      <y105>335</y105>
      <x106>792</x106>
      <y106>329</y106>
      <x107>776</x107>
      <y107>322</y107>
      <x108>778</x108>
      <y108>319</y108>
      <x109>782</x109>
      <y109>318</y109>
      <x110>786</x110>
      <y110>312</y110>
      <x111>785</x111>
      <y111>298</y111>
      <x112>782</x112>
      <y112>293</y112>
      <x113>773</x113>
      <y113>284</y113>
      <x114>759</x114>
      <y114>276</y114>
    </polygon>
  </object>
  <object>
    <name>person</name>
    <bndbox>
      <xmin>230</xmin>
      <ymin>227</ymin>
      <xmax>606</xmax>
      <ymax>752</ymax>
    </bndbox>
    <polygon>
      <x1>437</x1>
      <y1>227</y1>
      <x2>422</x2>
      <y2>228</y2>
      <x3>410</x3>
      <y3>232</y3>
      <x4>401</x4>
      <y4>238</y4>
      <x5>394</x5>
      <y5>245</y5>
      <x6>386</x6>
      <y6>250</y6>
      <x7>382</x7>
      <y7>255</y7>
      <x8>367</x8>
      <y8>266</y8>
      <x9>364</x9>
      <y9>264</y9>
      <x10>361</x10>
      <y10>256</y10>
      <x11>351</x11>
      <y11>242</y11>
      <x12>343</x12>
      <y12>243</y12>
      <x13>339</x13>
      <y13>245</y13>
      <x14>319</x14>
      <y14>265</y14>
      <x15>316</x15>
      <y15>275</y15>
      <x16>314</x16>
      <y16>277</y16>
      <x17>311</x17>
      <y17>277</y17>
      <x18>296</x18>
      <y18>286</y18>
      <x19>287</x19>
      <y19>296</y19>
      <x20>273</x20>
      <y20>322</y20>
      <x21>272</x21>
      <y21>327</y21>
      <x22>268</x22>
      <y22>333</y22>
      <x23>268</x23>
      <y23>337</y23>
      <x24>263</x24>
      <y24>345</y24>
      <x25>260</x25>
      <y25>356</y25>
      <x26>253</x26>
      <y26>364</y26>
      <x27>247</x27>
      <y27>380</y27>
      <x28>242</x28>
      <y28>387</y28>
      <x29>236</x29>
      <y29>412</y29>
      <x30>234</x30>
      <y30>438</y30>
      <x31>231</x31>
      <y31>452</y31>
      <x32>231</x32>
      <y32>461</y32>
      <x33>230</x33>
      <y33>462</y33>
      <x34>231</x34>
      <y34>466</y34>
      <x35>231</x35>
      <y35>485</y35>
      <x36>235</x36>
      <y36>491</y36>
      <x37>251</x37>
      <y37>508</y37>
      <x38>264</x38>
      <y38>517</y38>
      <x39>280</x39>
      <y39>524</y39>
      <x40>300</x40>
      <y40>536</y40>
      <x41>301</x41>
      <y41>538</y41>
      <x42>300</x42>
      <y42>539</y42>
      <x43>300</x43>
      <y43>550</y43>
      <x44>307</x44>
      <y44>566</y44>
      <x45>324</x45>
      <y45>584</y45>
      <x46>340</x46>
      <y46>606</y46>
      <x47>359</x47>
      <y47>624</y47>
      <x48>365</x48>
      <y48>632</y48>
      <x49>370</x49>
      <y49>636</y49>
      <x50>377</x50>
      <y50>639</y50>
      <x51>379</x51>
      <y51>643</y51>
      <x52>383</x52>
      <y52>645</y52>
      <x53>386</x53>
      <y53>649</y53>
      <x54>385</x54>
      <y54>654</y54>
      <x55>380</x55>
      <y55>657</y55>
      <x56>350</x56>
      <y56>656</y56>
      <x57>335</x57>
      <y57>651</y57>
      <x58>300</x58>
      <y58>652</y58>
      <x59>286</x59>
      <y59>658</y59>
      <x60>283</x60>
      <y60>662</y60>
      <x61>286</x61>
      <y61>673</y61>
      <x62>295</x62>
      <y62>685</y62>
      <x63>298</x63>
      <y63>687</y63>
      <x64>313</x64>
      <y64>691</y64>
      <x65>320</x65>
      <y65>697</y65>
      <x66>321</x66>
      <y66>702</y66>
      <x67>326</x67>
      <y67>707</y67>
      <x68>329</x68>
      <y68>713</y68>
      <x69>331</x69>
      <y69>721</y69>
      <x70>333</x70>
      <y70>724</y70>
      <x71>339</x71>
      <y71>727</y71>
      <x72>344</x72>
      <y72>736</y72>
      <x73>348</x73>
      <y73>737</y73>
      <x74>355</x74>
      <y74>744</y74>
      <x75>369</x75>
      <y75>751</y75>
      <x76>374</x76>
      <y76>752</y76>
      <x77>385</x77>
      <y77>752</y77>
      <x78>391</x78>
      <y78>747</y78>
      <x79>391</x79>
      <y79>741</y79>
      <x80>386</x80>
      <y80>733</y80>
      <x81>379</x81>
      <y81>725</y81>
      <x82>376</x82>
      <y82>717</y82>
      <x83>376</x83>
      <y83>713</y83>
      <x84>383</x84>
      <y84>707</y84>
      <x85>396</x85>
      <y85>708</y85>
      <x86>397</x86>
      <y86>709</y86>
      <x87>420</x87>
      <y87>710</y87>
      <x88>433</x88>
      <y88>713</y88>
      <x89>441</x89>
      <y89>713</y89>
      <x90>446</x90>
      <y90>715</y90>
      <x91>454</x91>
      <y91>715</y91>
      <x92>469</x92>
      <y92>718</y92>
      <x93>486</x93>
      <y93>718</y93>
      <x94>496</x94>
      <y94>716</y94>
      <x95>509</x95>
      <y95>717</y95>
      <x96>510</x96>
      <y96>716</y96>
      <x97>526</x97>
      <y97>715</y97>
      <x98>535</x98>
      <y98>712</y98>
      <x99>543</x99>
      <y99>707</y99>
      <x100>553</x100>
      <y100>696</y100>
      <x101>556</x101>
      <y101>686</y101>
      <x102>556</x102>
      <y102>677</y102>
      <x103>552</x103>
      <y103>662</y103>
      <x104>546</x104>
      <y104>651</y104>
      <x105>537</x105>
      <y105>641</y105>
      <x106>530</x106>
      <y106>635</y106>
      <x107>527</x107>
      <y107>634</y107>
      <x108>513</x108>
      <y108>619</y108>
      <x109>494</x109>
      <y109>610</y109>
      <x110>487</x110>
      <y110>604</y110>
      <x111>481</x111>
      <y111>601</y111>
      <x112>477</x112>
      <y112>596</y112>
      <x113>470</x113>
      <y113>593</y113>
      <x114>460</x114>
      <y114>586</y114>
      <x115>450</x115>
      <y115>576</y115>
      <x116>447</x116>
      <y116>567</y116>
      <x117>444</x117>
      <y117>565</y117>
      <x118>444</x118>
      <y118>559</y118>
      <x119>452</x119>
      <y119>546</y119>
      <x120>461</x120>
      <y120>548</y120>
      <x121>469</x121>
      <y121>555</y121>
      <x122>484</x122>
      <y122>561</y122>
      <x123>488</x123>
      <y123>565</y123>
      <x124>503</x124>
      <y124>571</y124>
      <x125>531</x125>
      <y125>572</y125>
      <x126>543</x126>
      <y126>569</y126>
      <x127>560</x127>
      <y127>569</y127>
      <x128>566</x128>
      <y128>563</y128>
      <x129>580</x129>
      <y129>560</y129>
      <x130>586</x130>
      <y130>557</y130>
      <x131>595</x131>
      <y131>548</y131>
      <x132>600</x132>
      <y132>545</y132>
      <x133>606</x133>
      <y133>531</y133>
      <x134>605</x134>
      <y134>516</y134>
      <x135>601</x135>
      <y135>508</y135>
      <x136>593</x136>
      <y136>503</y136>
      <x137>589</x137>
      <y137>499</y137>
      <x138>583</x138>
      <y138>497</y138>
      <x139>587</x139>
      <y139>493</y139>
      <x140>587</x140>
      <y140>485</y140>
      <x141>596</x141>
      <y141>473</y141>
      <x142>598</x142>
      <y142>468</y142>
      <x143>597</x143>
      <y143>461</y143>
      <x144>590</x144>
      <y144>451</y144>
      <x145>573</x145>
      <y145>436</y145>
      <x146>565</x146>
      <y146>433</y146>
      <x147>560</x147>
      <y147>429</y147>
      <x148>550</x148>
      <y148>429</y148>
      <x149>548</x149>
      <y149>423</y149>
      <x150>547</x150>
      <y150>424</y150>
      <x151>548</x151>
      <y151>428</y151>
      <x152>542</x152>
      <y152>436</y152>
      <x153>540</x153>
      <y153>432</y153>
      <x154>524</x154>
      <y154>429</y154>
      <x155>522</x155>
      <y155>427</y155>
      <x156>522</x156>
      <y156>419</y156>
      <x157>528</x157>
      <y157>412</y157>
      <x158>520</x158>
      <y158>408</y158>
      <x159>514</x159>
      <y159>408</y159>
      <x160>505</x160>
      <y160>404</y160>
      <x161>502</x161>
      <y161>404</y161>
      <x162>497</x162>
      <y162>407</y162>
      <x163>492</x163>
      <y163>399</y163>
      <x164>492</x164>
      <y164>396</y164>
      <x165>499</x165>
      <y165>389</y165>
      <x166>509</x166>
      <y166>383</y166>
      <x167>510</x167>
      <y167>377</y167>
      <x168>515</x168>
      <y168>371</y168>
      <x169>516</x169>
      <y169>366</y169>
      <x170>519</x170>
      <y170>363</y170>
      <x171>520</x171>
      <y171>360</y171>
      <x172>521</x172>
      <y172>341</y172>
      <x173>522</x173>
      <y173>340</y173>
      <x174>522</x174>
      <y174>316</y174>
      <x175>524</x175>
      <y175>308</y175>
      <x176>526</x176>
      <y176>305</y176>
      <x177>528</x177>
      <y177>295</y177>
      <x178>528</x178>
      <y178>283</y178>
      <x179>524</x179>
      <y179>274</y179>
      <x180>512</x180>
      <y180>263</y180>
      <x181>510</x181>
      <y181>258</y181>
      <x182>505</x182>
      <y182>252</y182>
      <x183>486</x183>
      <y183>243</y183>
      <x184>480</x184>
      <y184>242</y184>
      <x185>475</x185>
      <y185>237</y185>
      <x186>457</x186>
      <y186>234</y186>
      <x187>452</x187>
      <y187>231</y187>
    </polygon>
  </object>
</annotation>
