<?xml version="1.0" ?>
<annotation>
  <folder>VOC</folder>
  <filename>22-2.png</filename>
  <source>
    <database>roboflow.ai</database>
  </source>
  <size>
    <width>1456</width>
    <height>816</height>
    <depth>3</depth>
  </size>
  <segmented>0</segmented>
  <object>
    <name>person</name>
    <bndbox>
      <xmin>410</xmin>
      <ymin>645</ymin>
      <xmax>485</xmax>
      <ymax>782</ymax>
    </bndbox>
    <polygon>
      <x1>425</x1>
      <y1>645</y1>
      <x2>420</x2>
      <y2>650</y2>
      <x3>420</x3>
      <y3>653</y3>
      <x4>424</x4>
      <y4>661</y4>
      <x5>425</x5>
      <y5>668</y5>
      <x6>421</x6>
      <y6>672</y6>
      <x7>416</x7>
      <y7>673</y7>
      <x8>412</x8>
      <y8>676</y8>
      <x9>410</x9>
      <y9>681</y9>
      <x10>411</x10>
      <y10>698</y10>
      <x11>415</x11>
      <y11>705</y11>
      <x12>415</x12>
      <y12>708</y12>
      <x13>424</x13>
      <y13>718</y13>
      <x14>426</x14>
      <y14>737</y14>
      <x15>439</x15>
      <y15>769</y15>
      <x16>439</x16>
      <y16>780</y16>
      <x17>440</x17>
      <y17>781</y17>
      <x18>450</x18>
      <y18>781</y18>
      <x19>452</x19>
      <y19>779</y19>
      <x20>448</x20>
      <y20>766</y20>
      <x21>446</x21>
      <y21>752</y21>
      <x22>447</x22>
      <y22>744</y22>
      <x23>451</x23>
      <y23>741</y23>
      <x24>457</x24>
      <y24>746</y24>
      <x25>471</x25>
      <y25>774</y25>
      <x26>474</x26>
      <y26>782</y26>
      <x27>484</x27>
      <y27>782</y27>
      <x28>485</x28>
      <y28>779</y28>
      <x29>481</x29>
      <y29>774</y29>
      <x30>477</x30>
      <y30>763</y30>
      <x31>473</x31>
      <y31>741</y31>
      <x32>467</x32>
      <y32>724</y32>
      <x33>462</x33>
      <y33>715</y33>
      <x34>463</x34>
      <y34>711</y34>
      <x35>467</x35>
      <y35>706</y35>
      <x36>467</x36>
      <y36>699</y36>
      <x37>465</x37>
      <y37>693</y37>
      <x38>458</x38>
      <y38>679</y38>
      <x39>454</x39>
      <y39>675</y39>
      <x40>449</x40>
      <y40>674</y40>
      <x41>444</x41>
      <y41>670</y41>
      <x42>443</x42>
      <y42>668</y42>
      <x43>444</x43>
      <y43>651</y43>
      <x44>439</x44>
      <y44>646</y44>
    </polygon>
  </object>
</annotation>
