<?xml version="1.0" ?>
<annotation>
  <folder>VOC</folder>
  <filename>24-2.png</filename>
  <source>
    <database>roboflow.ai</database>
  </source>
  <size>
    <width>1456</width>
    <height>816</height>
    <depth>3</depth>
  </size>
  <segmented>0</segmented>
  <object>
    <name>person</name>
    <bndbox>
      <xmin>469</xmin>
      <ymin>197</ymin>
      <xmax>768</xmax>
      <ymax>804</ymax>
    </bndbox>
    <polygon>
      <x1>616</x1>
      <y1>197</y1>
      <x2>604</x2>
      <y2>197</y2>
      <x3>599</x3>
      <y3>199</y3>
      <x4>595</x4>
      <y4>199</y4>
      <x5>568</x5>
      <y5>219</y5>
      <x6>558</x6>
      <y6>236</y6>
      <x7>558</x7>
      <y7>241</y7>
      <x8>557</x8>
      <y8>242</y8>
      <x9>557</x9>
      <y9>259</y9>
      <x10>563</x10>
      <y10>271</y10>
      <x11>568</x11>
      <y11>275</y11>
      <x12>566</x12>
      <y12>281</y12>
      <x13>557</x13>
      <y13>293</y13>
      <x14>548</x14>
      <y14>302</y14>
      <x15>534</x15>
      <y15>306</y15>
      <x16>510</x16>
      <y16>317</y16>
      <x17>499</x17>
      <y17>328</y17>
      <x18>479</x18>
      <y18>376</y18>
      <x19>474</x19>
      <y19>398</y19>
      <x20>474</x20>
      <y20>410</y20>
      <x21>473</x21>
      <y21>411</y21>
      <x22>473</x22>
      <y22>416</y22>
      <x23>470</x23>
      <y23>429</y23>
      <x24>470</x24>
      <y24>437</y24>
      <x25>469</x25>
      <y25>438</y25>
      <x26>469</x26>
      <y26>465</y26>
      <x27>470</x27>
      <y27>469</y27>
      <x28>475</x28>
      <y28>479</y28>
      <x29>486</x29>
      <y29>489</y29>
      <x30>489</x30>
      <y30>489</y30>
      <x31>492</x31>
      <y31>492</y31>
      <x32>493</x32>
      <y32>495</y32>
      <x33>492</x33>
      <y33>524</y33>
      <x34>491</x34>
      <y34>525</y34>
      <x35>491</x35>
      <y35>560</y35>
      <x36>490</x36>
      <y36>561</y36>
      <x37>490</x37>
      <y37>574</y37>
      <x38>489</x38>
      <y38>575</y38>
      <x39>489</x39>
      <y39>601</y39>
      <x40>492</x40>
      <y40>606</y40>
      <x41>490</x41>
      <y41>615</y41>
      <x42>490</x42>
      <y42>641</y42>
      <x43>489</x43>
      <y43>642</y43>
      <x44>488</x44>
      <y44>674</y44>
      <x45>491</x45>
      <y45>679</y45>
      <x46>506</x46>
      <y46>685</y46>
      <x47>509</x47>
      <y47>688</y47>
      <x48>510</x48>
      <y48>691</y48>
      <x49>513</x49>
      <y49>693</y49>
      <x50>518</x50>
      <y50>693</y50>
      <x51>519</x51>
      <y51>692</y51>
      <x52>521</x52>
      <y52>693</y52>
      <x53>526</x53>
      <y53>700</y53>
      <x54>528</x54>
      <y54>707</y54>
      <x55>530</x55>
      <y55>709</y55>
      <x56>543</x56>
      <y56>711</y56>
      <x57>546</x57>
      <y57>714</y57>
      <x58>547</x58>
      <y58>726</y58>
      <x59>554</x59>
      <y59>745</y59>
      <x60>556</x60>
      <y60>754</y60>
      <x61>564</x61>
      <y61>767</y61>
      <x62>565</x62>
      <y62>772</y62>
      <x63>567</x63>
      <y63>775</y63>
      <x64>567</x64>
      <y64>781</y64>
      <x65>569</x65>
      <y65>785</y65>
      <x66>570</x66>
      <y66>797</y66>
      <x67>574</x67>
      <y67>800</y67>
      <x68>588</x68>
      <y68>804</y68>
      <x69>593</x69>
      <y69>804</y69>
      <x70>599</x70>
      <y70>802</y70>
      <x71>601</x71>
      <y71>797</y71>
      <x72>604</x72>
      <y72>794</y72>
      <x73>610</x73>
      <y73>799</y73>
      <x74>612</x74>
      <y74>799</y74>
      <x75>622</x75>
      <y75>791</y75>
      <x76>633</x76>
      <y76>788</y76>
      <x77>636</x77>
      <y77>785</y77>
      <x78>637</x78>
      <y78>779</y78>
      <x79>641</x79>
      <y79>770</y79>
      <x80>642</x80>
      <y80>763</y80>
      <x81>647</x81>
      <y81>750</y81>
      <x82>650</x82>
      <y82>729</y82>
      <x83>654</x83>
      <y83>716</y83>
      <x84>663</x84>
      <y84>708</y84>
      <x85>667</x85>
      <y85>706</y85>
      <x86>667</x86>
      <y86>696</y86>
      <x87>668</x87>
      <y87>695</y87>
      <x88>697</x88>
      <y88>688</y88>
      <x89>701</x89>
      <y89>684</y89>
      <x90>700</x90>
      <y90>668</y90>
      <x91>699</x91>
      <y91>667</y91>
      <x92>696</x92>
      <y92>642</y92>
      <x93>694</x93>
      <y93>636</y93>
      <x94>692</x94>
      <y94>618</y94>
      <x95>690</x95>
      <y95>612</y95>
      <x96>689</x96>
      <y96>598</y96>
      <x97>686</x97>
      <y97>585</y97>
      <x98>686</x98>
      <y98>576</y98>
      <x99>684</x99>
      <y99>568</y99>
      <x100>684</x100>
      <y100>549</y100>
      <x101>686</x101>
      <y101>547</y101>
      <x102>691</x102>
      <y102>551</y102>
      <x103>693</x103>
      <y103>557</y103>
      <x104>696</x104>
      <y104>559</y104>
      <x105>697</x105>
      <y105>563</y105>
      <x106>703</x106>
      <y106>568</y106>
      <x107>708</x107>
      <y107>579</y107>
      <x108>713</x108>
      <y108>584</y108>
      <x109>714</x109>
      <y109>589</y109>
      <x110>720</x110>
      <y110>600</y110>
      <x111>726</x111>
      <y111>600</y111>
      <x112>746</x112>
      <y112>593</y112>
      <x113>752</x113>
      <y113>593</y113>
      <x114>758</x114>
      <y114>598</y114>
      <x115>764</x115>
      <y115>599</y115>
      <x116>767</x116>
      <y116>593</y116>
      <x117>766</x117>
      <y117>581</y117>
      <x118>768</x118>
      <y118>577</y118>
      <x119>768</x119>
      <y119>570</y119>
      <x120>762</x120>
      <y120>559</y120>
      <x121>737</x121>
      <y121>534</y121>
      <x122>733</x122>
      <y122>519</y122>
      <x123>724</x123>
      <y123>504</y123>
      <x124>719</x124>
      <y124>487</y124>
      <x125>710</x125>
      <y125>475</y125>
      <x126>705</x126>
      <y126>462</y126>
      <x127>705</x127>
      <y127>443</y127>
      <x128>704</x128>
      <y128>442</y128>
      <x129>703</x129>
      <y129>429</y129>
      <x130>694</x130>
      <y130>391</y130>
      <x131>681</x131>
      <y131>349</y131>
      <x132>674</x132>
      <y132>335</y132>
      <x133>657</x133>
      <y133>320</y133>
      <x134>655</x134>
      <y134>313</y134>
      <x135>644</x135>
      <y135>299</y135>
      <x136>648</x136>
      <y136>289</y136>
      <x137>653</x137>
      <y137>282</y137>
      <x138>654</x138>
      <y138>275</y138>
      <x139>658</x139>
      <y139>270</y139>
      <x140>660</x140>
      <y140>265</y140>
      <x141>657</x141>
      <y141>258</y141>
      <x142>657</x142>
      <y142>251</y142>
      <x143>665</x143>
      <y143>236</y143>
      <x144>664</x144>
      <y144>225</y144>
      <x145>662</x145>
      <y145>221</y145>
      <x146>658</x146>
      <y146>217</y146>
      <x147>649</x147>
      <y147>212</y147>
      <x148>640</x148>
      <y148>209</y148>
      <x149>623</x149>
      <y149>199</y149>
      <x150>620</x150>
      <y150>199</y150>
    </polygon>
  </object>
  <object>
    <name>person</name>
    <bndbox>
      <xmin>772</xmin>
      <ymin>156</ymin>
      <xmax>1126</xmax>
      <ymax>798</ymax>
    </bndbox>
    <polygon>
      <x1>935</x1>
      <y1>156</y1>
      <x2>921</x2>
      <y2>156</y2>
      <x3>920</x3>
      <y3>157</y3>
      <x4>905</x4>
      <y4>159</y4>
      <x5>897</x5>
      <y5>163</y5>
      <x6>889</x6>
      <y6>172</y6>
      <x7>888</x7>
      <y7>180</y7>
      <x8>890</x8>
      <y8>185</y8>
      <x9>890</x9>
      <y9>194</y9>
      <x10>891</x10>
      <y10>195</y10>
      <x11>891</x11>
      <y11>199</y11>
      <x12>890</x12>
      <y12>200</y12>
      <x13>893</x13>
      <y13>210</y13>
      <x14>896</x14>
      <y14>229</y14>
      <x15>902</x15>
      <y15>239</y15>
      <x16>902</x16>
      <y16>244</y16>
      <x17>900</x17>
      <y17>249</y17>
      <x18>891</x18>
      <y18>258</y18>
      <x19>886</x19>
      <y19>261</y19>
      <x20>877</x20>
      <y20>269</y20>
      <x21>868</x21>
      <y21>286</y21>
      <x22>866</x22>
      <y22>288</y22>
      <x23>866</x23>
      <y23>290</y23>
      <x24>862</x24>
      <y24>298</y24>
      <x25>858</x25>
      <y25>310</y25>
      <x26>856</x26>
      <y26>322</y26>
      <x27>852</x27>
      <y27>331</y27>
      <x28>848</x28>
      <y28>350</y28>
      <x29>845</x29>
      <y29>358</y29>
      <x30>844</x30>
      <y30>369</y30>
      <x31>843</x31>
      <y31>370</y31>
      <x32>842</x32>
      <y32>379</y32>
      <x33>840</x33>
      <y33>383</y33>
      <x34>840</x34>
      <y34>387</y34>
      <x35>835</x35>
      <y35>398</y35>
      <x36>831</x36>
      <y36>412</y36>
      <x37>829</x37>
      <y37>415</y37>
      <x38>825</x38>
      <y38>432</y38>
      <x39>818</x39>
      <y39>447</y39>
      <x40>816</x40>
      <y40>462</y40>
      <x41>810</x41>
      <y41>475</y41>
      <x42>809</x42>
      <y42>483</y42>
      <x43>805</x43>
      <y43>493</y43>
      <x44>804</x44>
      <y44>502</y44>
      <x45>800</x45>
      <y45>510</y45>
      <x46>794</x46>
      <y46>530</y46>
      <x47>792</x47>
      <y47>533</y47>
      <x48>789</x48>
      <y48>546</y48>
      <x49>786</x49>
      <y49>552</y49>
      <x50>786</x50>
      <y50>555</y50>
      <x51>775</x51>
      <y51>567</y51>
      <x52>773</x52>
      <y52>571</y52>
      <x53>773</x53>
      <y53>578</y53>
      <x54>772</x54>
      <y54>579</y54>
      <x55>772</x55>
      <y55>584</y55>
      <x56>774</x56>
      <y56>586</y56>
      <x57>778</x57>
      <y57>586</y57>
      <x58>782</x58>
      <y58>584</y58>
      <x59>798</x59>
      <y59>567</y59>
      <x60>804</x60>
      <y60>567</y60>
      <x61>809</x61>
      <y61>569</y61>
      <x62>813</x62>
      <y62>569</y62>
      <x63>819</x63>
      <y63>571</y63>
      <x64>825</x64>
      <y64>571</y64>
      <x65>831</x65>
      <y65>573</y65>
      <x66>840</x66>
      <y66>573</y66>
      <x67>847</x67>
      <y67>569</y67>
      <x68>848</x68>
      <y68>565</y68>
      <x69>854</x69>
      <y69>554</y69>
      <x70>854</x70>
      <y70>552</y70>
      <x71>865</x71>
      <y71>532</y71>
      <x72>866</x72>
      <y72>525</y72>
      <x73>874</x73>
      <y73>516</y73>
      <x74>876</x74>
      <y74>515</y74>
      <x75>879</x75>
      <y75>516</y75>
      <x76>879</x76>
      <y76>522</y76>
      <x77>880</x77>
      <y77>523</y77>
      <x78>880</x78>
      <y78>559</y78>
      <x79>878</x79>
      <y79>566</y79>
      <x80>878</x80>
      <y80>577</y80>
      <x81>882</x81>
      <y81>580</y81>
      <x82>886</x82>
      <y82>580</y82>
      <x83>887</x83>
      <y83>581</y83>
      <x84>896</x84>
      <y84>580</y84>
      <x85>897</x85>
      <y85>581</y85>
      <x86>900</x86>
      <y86>581</y86>
      <x87>902</x87>
      <y87>583</y87>
      <x88>902</x88>
      <y88>623</y88>
      <x89>896</x89>
      <y89>640</y89>
      <x90>896</x90>
      <y90>648</y90>
      <x91>902</x91>
      <y91>657</y91>
      <x92>903</x92>
      <y92>664</y92>
      <x93>901</x93>
      <y93>670</y93>
      <x94>897</x94>
      <y94>675</y94>
      <x95>893</x95>
      <y95>687</y95>
      <x96>893</x96>
      <y96>695</y96>
      <x97>897</x97>
      <y97>702</y97>
      <x98>897</x98>
      <y98>712</y98>
      <x99>891</x99>
      <y99>726</y99>
      <x100>888</x100>
      <y100>760</y100>
      <x101>883</x101>
      <y101>772</y101>
      <x102>878</x102>
      <y102>777</y102>
      <x103>874</x103>
      <y103>784</y103>
      <x104>871</x104>
      <y104>787</y104>
      <x105>864</x105>
      <y105>790</y105>
      <x106>861</x106>
      <y106>793</y106>
      <x107>863</x107>
      <y107>796</y107>
      <x108>876</x108>
      <y108>797</y108>
      <x109>877</x109>
      <y109>798</y109>
      <x110>878</x110>
      <y110>797</y110>
      <x111>886</x111>
      <y111>796</y111>
      <x112>898</x112>
      <y112>792</y112>
      <x113>901</x113>
      <y113>790</y113>
      <x114>904</x114>
      <y114>790</y114>
      <x115>913</x115>
      <y115>787</y115>
      <x116>918</x116>
      <y116>787</y116>
      <x117>924</x117>
      <y117>784</y117>
      <x118>926</x118>
      <y118>777</y118>
      <x119>931</x119>
      <y119>768</y119>
      <x120>934</x120>
      <y120>754</y120>
      <x121>939</x121>
      <y121>746</y121>
      <x122>939</x122>
      <y122>742</y122>
      <x123>941</x123>
      <y123>738</y123>
      <x124>943</x124>
      <y124>725</y124>
      <x125>945</x125>
      <y125>721</y125>
      <x126>946</x126>
      <y126>715</y126>
      <x127>956</x127>
      <y127>693</y127>
      <x128>957</x128>
      <y128>687</y128>
      <x129>964</x129>
      <y129>677</y129>
      <x130>968</x130>
      <y130>680</y130>
      <x131>968</x131>
      <y131>694</y131>
      <x132>967</x132>
      <y132>695</y132>
      <x133>967</x133>
      <y133>699</y133>
      <x134>965</x134>
      <y134>703</y134>
      <x135>965</x135>
      <y135>706</y135>
      <x136>963</x136>
      <y136>710</y136>
      <x137>963</x137>
      <y137>713</y137>
      <x138>961</x138>
      <y138>717</y138>
      <x139>957</x139>
      <y139>734</y139>
      <x140>954</x140>
      <y140>741</y140>
      <x141>954</x141>
      <y141>745</y141>
      <x142>953</x142>
      <y142>748</y142>
      <x143>949</x143>
      <y143>753</y143>
      <x144>948</x144>
      <y144>758</y144>
      <x145>945</x145>
      <y145>763</y145>
      <x146>944</x146>
      <y146>769</y146>
      <x147>941</x147>
      <y147>775</y147>
      <x148>941</x148>
      <y148>779</y148>
      <x149>942</x149>
      <y149>780</y149>
      <x150>946</x150>
      <y150>780</y150>
      <x151>953</x151>
      <y151>784</y151>
      <x152>957</x152>
      <y152>793</y152>
      <x153>963</x153>
      <y153>793</y153>
      <x154>966</x154>
      <y154>790</y154>
      <x155>974</x155>
      <y155>786</y155>
      <x156>981</x156>
      <y156>784</y156>
      <x157>985</x157>
      <y157>780</y157>
      <x158>986</x158>
      <y158>777</y158>
      <x159>991</x159>
      <y159>771</y159>
      <x160>998</x160>
      <y160>754</y160>
      <x161>1009</x161>
      <y161>741</y161>
      <x162>1012</x162>
      <y162>735</y162>
      <x163>1013</x163>
      <y163>728</y163>
      <x164>1019</x164>
      <y164>715</y164>
      <x165>1020</x165>
      <y165>706</y165>
      <x166>1026</x166>
      <y166>690</y166>
      <x167>1026</x167>
      <y167>686</y167>
      <x168>1033</x168>
      <y168>672</y168>
      <x169>1033</x169>
      <y169>667</y169>
      <x170>1036</x170>
      <y170>658</y170>
      <x171>1037</x171>
      <y171>648</y171>
      <x172>1041</x172>
      <y172>635</y172>
      <x173>1041</x173>
      <y173>629</y173>
      <x174>1043</x174>
      <y174>624</y174>
      <x175>1043</x175>
      <y175>617</y175>
      <x176>1044</x176>
      <y176>616</y176>
      <x177>1045</x177>
      <y177>606</y177>
      <x178>1046</x178>
      <y178>605</y178>
      <x179>1048</x179>
      <y179>594</y179>
      <x180>1052</x180>
      <y180>587</y180>
      <x181>1053</x181>
      <y181>582</y181>
      <x182>1057</x182>
      <y182>576</y182>
      <x183>1061</x183>
      <y183>567</y183>
      <x184>1073</x184>
      <y184>566</y184>
      <x185>1077</x185>
      <y185>562</y185>
      <x186>1079</x186>
      <y186>557</y186>
      <x187>1085</x187>
      <y187>551</y187>
      <x188>1093</x188>
      <y188>548</y188>
      <x189>1097</x189>
      <y189>543</y189>
      <x190>1098</x190>
      <y190>537</y190>
      <x191>1106</x191>
      <y191>519</y191>
      <x192>1110</x192>
      <y192>497</y192>
      <x193>1116</x193>
      <y193>481</y193>
      <x194>1118</x194>
      <y194>466</y194>
      <x195>1122</x195>
      <y195>454</y195>
      <x196>1122</x196>
      <y196>449</y196>
      <x197>1123</x197>
      <y197>448</y197>
      <x198>1124</x198>
      <y198>437</y198>
      <x199>1125</x199>
      <y199>436</y199>
      <x200>1126</x200>
      <y200>411</y200>
      <x201>1125</x201>
      <y201>410</y201>
      <x202>1125</x202>
      <y202>398</y202>
      <x203>1124</x203>
      <y203>397</y203>
      <x204>1124</x204>
      <y204>389</y204>
      <x205>1123</x205>
      <y205>388</y205>
      <x206>1122</x206>
      <y206>368</y206>
      <x207>1121</x207>
      <y207>367</y207>
      <x208>1121</x208>
      <y208>362</y208>
      <x209>1120</x209>
      <y209>361</y209>
      <x210>1119</x210>
      <y210>353</y210>
      <x211>1117</x211>
      <y211>350</y211>
      <x212>1117</x212>
      <y212>346</y212>
      <x213>1113</x213>
      <y213>337</y213>
      <x214>1113</x214>
      <y214>334</y214>
      <x215>1111</x215>
      <y215>331</y215>
      <x216>1111</x216>
      <y216>328</y216>
      <x217>1107</x217>
      <y217>319</y217>
      <x218>1103</x218>
      <y218>305</y218>
      <x219>1097</x219>
      <y219>294</y219>
      <x220>1097</x220>
      <y220>292</y220>
      <x221>1083</x221>
      <y221>270</y221>
      <x222>1075</x222>
      <y222>262</y222>
      <x223>1070</x223>
      <y223>260</y223>
      <x224>1064</x224>
      <y224>255</y224>
      <x225>1046</x225>
      <y225>246</y225>
      <x226>1044</x226>
      <y226>246</y226>
      <x227>1040</x227>
      <y227>243</y227>
      <x228>1034</x228>
      <y228>241</y228>
      <x229>1015</x229>
      <y229>231</y229>
      <x230>1013</x230>
      <y230>231</y230>
      <x231>1007</x231>
      <y231>228</y231>
      <x232>1000</x232>
      <y232>221</y232>
      <x233>998</x233>
      <y233>217</y233>
      <x234>996</x234>
      <y234>216</y234>
      <x235>978</x235>
      <y235>197</y235>
      <x236>976</x236>
      <y236>186</y236>
      <x237>970</x237>
      <y237>175</y237>
      <x238>962</x238>
      <y238>167</y238>
      <x239>954</x239>
      <y239>161</y239>
      <x240>948</x240>
      <y240>158</y240>
      <x241>936</x241>
      <y241>157</y241>
    </polygon>
  </object>
</annotation>
