<?xml version="1.0" ?>
<annotation>
  <folder>VOC</folder>
  <filename>25-1.png</filename>
  <source>
    <database>roboflow.ai</database>
  </source>
  <size>
    <width>1456</width>
    <height>816</height>
    <depth>3</depth>
  </size>
  <segmented>0</segmented>
  <object>
    <name>person</name>
    <bndbox>
      <xmin>643</xmin>
      <ymin>166</ymin>
      <xmax>757</xmax>
      <ymax>531</ymax>
    </bndbox>
    <polygon>
      <x1>709</x1>
      <y1>166</y1>
      <x2>700</x2>
      <y2>166</y2>
      <x3>695</x3>
      <y3>168</y3>
      <x4>688</x4>
      <y4>174</y4>
      <x5>686</x5>
      <y5>178</y5>
      <x6>685</x6>
      <y6>194</y6>
      <x7>689</x7>
      <y7>213</y7>
      <x8>685</x8>
      <y8>220</y8>
      <x9>684</x9>
      <y9>229</y9>
      <x10>671</x10>
      <y10>246</y10>
      <x11>666</x11>
      <y11>266</y11>
      <x12>664</x12>
      <y12>281</y12>
      <x13>652</x13>
      <y13>319</y13>
      <x14>645</x14>
      <y14>333</y14>
      <x15>643</x15>
      <y15>344</y15>
      <x16>645</x16>
      <y16>354</y16>
      <x17>652</x17>
      <y17>355</y17>
      <x18>655</x18>
      <y18>352</y18>
      <x19>659</x19>
      <y19>343</y19>
      <x20>666</x20>
      <y20>336</y20>
      <x21>667</x21>
      <y21>332</y21>
      <x22>673</x22>
      <y22>327</y22>
      <x23>676</x23>
      <y23>329</y23>
      <x24>680</x24>
      <y24>339</y24>
      <x25>680</x25>
      <y25>349</y25>
      <x26>684</x26>
      <y26>365</y26>
      <x27>685</x27>
      <y27>375</y27>
      <x28>690</x28>
      <y28>390</y28>
      <x29>690</x29>
      <y29>394</y29>
      <x30>693</x30>
      <y30>400</y30>
      <x31>694</x31>
      <y31>408</y31>
      <x32>700</x32>
      <y32>424</y32>
      <x33>700</x33>
      <y33>431</y33>
      <x34>703</x34>
      <y34>439</y34>
      <x35>705</x35>
      <y35>454</y35>
      <x36>709</x36>
      <y36>464</y36>
      <x37>711</x37>
      <y37>480</y37>
      <x38>711</x38>
      <y38>501</y38>
      <x39>709</x39>
      <y39>506</y39>
      <x40>706</x40>
      <y40>509</y40>
      <x41>701</x41>
      <y41>510</y41>
      <x42>697</x42>
      <y42>514</y42>
      <x43>689</x43>
      <y43>518</y43>
      <x44>680</x44>
      <y44>520</y44>
      <x45>674</x45>
      <y45>525</y45>
      <x46>676</x46>
      <y46>529</y46>
      <x47>689</x47>
      <y47>531</y47>
      <x48>716</x48>
      <y48>530</y48>
      <x49>724</x49>
      <y49>527</y49>
      <x50>735</x50>
      <y50>526</y50>
      <x51>742</x51>
      <y51>522</y51>
      <x52>743</x52>
      <y52>520</y52>
      <x53>742</x53>
      <y53>505</y53>
      <x54>744</x54>
      <y54>499</y54>
      <x55>747</x55>
      <y55>472</y55>
      <x56>748</x56>
      <y56>441</y56>
      <x57>745</x57>
      <y57>426</y57>
      <x58>739</x58>
      <y58>407</y58>
      <x59>737</x59>
      <y59>357</y59>
      <x60>739</x60>
      <y60>338</y60>
      <x61>743</x61>
      <y61>334</y61>
      <x62>750</x62>
      <y62>331</y62>
      <x63>753</x63>
      <y63>327</y63>
      <x64>752</x64>
      <y64>303</y64>
      <x65>755</x65>
      <y65>297</y65>
      <x66>755</x66>
      <y66>293</y66>
      <x67>752</x67>
      <y67>286</y67>
      <x68>756</x68>
      <y68>277</y68>
      <x69>755</x69>
      <y69>257</y69>
      <x70>757</x70>
      <y70>248</y70>
      <x71>757</x71>
      <y71>238</y71>
      <x72>755</x72>
      <y72>227</y72>
      <x73>751</x73>
      <y73>218</y73>
      <x74>743</x74>
      <y74>211</y74>
      <x75>737</x75>
      <y75>208</y75>
      <x76>732</x76>
      <y76>202</y76>
      <x77>726</x77>
      <y77>199</y77>
      <x78>725</x78>
      <y78>191</y78>
      <x79>720</x79>
      <y79>175</y79>
      <x80>713</x80>
      <y80>167</y80>
    </polygon>
  </object>
</annotation>
