<?xml version="1.0" ?>
<annotation>
  <folder>VOC</folder>
  <filename>28-2.png</filename>
  <source>
    <database>roboflow.ai</database>
  </source>
  <size>
    <width>1456</width>
    <height>816</height>
    <depth>3</depth>
  </size>
  <segmented>0</segmented>
  <object>
    <name>person</name>
    <bndbox>
      <xmin>616</xmin>
      <ymin>118</ymin>
      <xmax>801</xmax>
      <ymax>530</ymax>
    </bndbox>
    <polygon>
      <x1>717</x1>
      <y1>118</y1>
      <x2>710</x2>
      <y2>118</y2>
      <x3>703</x3>
      <y3>120</y3>
      <x4>696</x4>
      <y4>127</y4>
      <x5>694</x5>
      <y5>134</y5>
      <x6>694</x6>
      <y6>142</y6>
      <x7>700</x7>
      <y7>152</y7>
      <x8>700</x8>
      <y8>160</y8>
      <x9>689</x9>
      <y9>169</y9>
      <x10>680</x10>
      <y10>170</y10>
      <x11>671</x11>
      <y11>174</y11>
      <x12>668</x12>
      <y12>174</y12>
      <x13>657</x13>
      <y13>185</y13>
      <x14>647</x14>
      <y14>207</y14>
      <x15>643</x15>
      <y15>227</y15>
      <x16>634</x16>
      <y16>246</y16>
      <x17>630</x17>
      <y17>278</y17>
      <x18>622</x18>
      <y18>282</y18>
      <x19>619</x19>
      <y19>289</y19>
      <x20>619</x20>
      <y20>293</y20>
      <x21>616</x21>
      <y21>298</y21>
      <x22>618</x22>
      <y22>299</y22>
      <x23>626</x23>
      <y23>295</y23>
      <x24>630</x24>
      <y24>295</y24>
      <x25>634</x25>
      <y25>297</y25>
      <x26>640</x26>
      <y26>292</y26>
      <x27>648</x27>
      <y27>276</y27>
      <x28>649</x28>
      <y28>271</y28>
      <x29>654</x29>
      <y29>263</y29>
      <x30>655</x30>
      <y30>256</y30>
      <x31>657</x31>
      <y31>254</y31>
      <x32>658</x32>
      <y32>255</y32>
      <x33>661</x33>
      <y33>284</y33>
      <x34>663</x34>
      <y34>288</y34>
      <x35>663</x35>
      <y35>292</y35>
      <x36>667</x36>
      <y36>298</y36>
      <x37>670</x37>
      <y37>317</y37>
      <x38>669</x38>
      <y38>370</y38>
      <x39>671</x39>
      <y39>382</y39>
      <x40>671</x40>
      <y40>405</y40>
      <x41>673</x41>
      <y41>411</y41>
      <x42>678</x42>
      <y42>418</y42>
      <x43>678</x43>
      <y43>430</y43>
      <x44>680</x44>
      <y44>439</y44>
      <x45>687</x45>
      <y45>455</y45>
      <x46>688</x46>
      <y46>465</y46>
      <x47>692</x47>
      <y47>472</y47>
      <x48>692</x48>
      <y48>499</y48>
      <x49>689</x49>
      <y49>508</y49>
      <x50>688</x50>
      <y50>521</y50>
      <x51>690</x51>
      <y51>526</y51>
      <x52>700</x52>
      <y52>530</y52>
      <x53>709</x53>
      <y53>529</y53>
      <x54>714</x54>
      <y54>524</y54>
      <x55>730</x55>
      <y55>524</y55>
      <x56>734</x56>
      <y56>522</y56>
      <x57>737</x57>
      <y57>518</y57>
      <x58>737</x58>
      <y58>510</y58>
      <x59>735</x59>
      <y59>503</y59>
      <x60>737</x60>
      <y60>499</y60>
      <x61>738</x61>
      <y61>479</y61>
      <x62>746</x62>
      <y62>439</y62>
      <x63>746</x63>
      <y63>423</y63>
      <x64>745</x64>
      <y64>422</y64>
      <x65>746</x65>
      <y65>421</y65>
      <x66>746</x66>
      <y66>411</y66>
      <x67>744</x67>
      <y67>397</y67>
      <x68>748</x68>
      <y68>369</y68>
      <x69>752</x69>
      <y69>353</y69>
      <x70>754</x70>
      <y70>325</y70>
      <x71>757</x71>
      <y71>313</y71>
      <x72>756</x72>
      <y72>305</y72>
      <x73>757</x73>
      <y73>297</y73>
      <x74>755</x74>
      <y74>293</y74>
      <x75>757</x75>
      <y75>288</y75>
      <x76>757</x76>
      <y76>281</y76>
      <x77>762</x77>
      <y77>271</y77>
      <x78>765</x78>
      <y78>270</y78>
      <x79>772</x79>
      <y79>278</y79>
      <x80>778</x80>
      <y80>288</y80>
      <x81>787</x81>
      <y81>294</y81>
      <x82>792</x82>
      <y82>294</y82>
      <x83>797</x83>
      <y83>292</y83>
      <x84>801</x84>
      <y84>287</y84>
      <x85>800</x85>
      <y85>281</y85>
      <x86>793</x86>
      <y86>263</y86>
      <x87>794</x87>
      <y87>258</y87>
      <x88>792</x88>
      <y88>256</y88>
      <x89>788</x89>
      <y89>257</y89>
      <x90>782</x90>
      <y90>250</y90>
      <x91>776</x91>
      <y91>237</y91>
      <x92>774</x92>
      <y92>211</y92>
      <x93>771</x93>
      <y93>200</y93>
      <x94>764</x94>
      <y94>185</y94>
      <x95>759</x95>
      <y95>180</y95>
      <x96>755</x96>
      <y96>178</y96>
      <x97>747</x97>
      <y97>177</y97>
      <x98>741</x98>
      <y98>171</y98>
      <x99>727</x99>
      <y99>166</y99>
      <x100>726</x100>
      <y100>163</y100>
      <x101>727</x101>
      <y101>154</y101>
      <x102>733</x102>
      <y102>143</y102>
      <x103>734</x103>
      <y103>137</y103>
      <x104>732</x104>
      <y104>129</y104>
      <x105>726</x105>
      <y105>121</y105>
    </polygon>
  </object>
  <object>
    <name>person</name>
    <bndbox>
      <xmin>347</xmin>
      <ymin>140</ymin>
      <xmax>471</xmax>
      <ymax>514</ymax>
    </bndbox>
    <polygon>
      <x1>426</x1>
      <y1>140</y1>
      <x2>417</x2>
      <y2>141</y2>
      <x3>411</x3>
      <y3>144</y3>
      <x4>406</x4>
      <y4>149</y4>
      <x5>401</x5>
      <y5>166</y5>
      <x6>402</x6>
      <y6>173</y6>
      <x7>405</x7>
      <y7>178</y7>
      <x8>404</x8>
      <y8>185</y8>
      <x9>385</x9>
      <y9>201</y9>
      <x10>379</x10>
      <y10>203</y10>
      <x11>377</x11>
      <y11>207</y11>
      <x12>373</x12>
      <y12>208</y12>
      <x13>366</x13>
      <y13>214</y13>
      <x14>358</x14>
      <y14>230</y14>
      <x15>347</x15>
      <y15>270</y15>
      <x16>348</x16>
      <y16>299</y16>
      <x17>353</x17>
      <y17>308</y17>
      <x18>354</x18>
      <y18>314</y18>
      <x19>359</x19>
      <y19>318</y19>
      <x20>368</x20>
      <y20>336</y20>
      <x21>367</x21>
      <y21>351</y21>
      <x22>375</x22>
      <y22>399</y22>
      <x23>374</x23>
      <y23>445</y23>
      <x24>381</x24>
      <y24>470</y24>
      <x25>381</x25>
      <y25>474</y25>
      <x26>384</x26>
      <y26>480</y26>
      <x27>383</x27>
      <y27>491</y27>
      <x28>386</x28>
      <y28>503</y28>
      <x29>385</x29>
      <y29>511</y29>
      <x30>388</x30>
      <y30>514</y30>
      <x31>394</x31>
      <y31>514</y31>
      <x32>397</x32>
      <y32>511</y32>
      <x33>402</x33>
      <y33>487</y33>
      <x34>401</x34>
      <y34>480</y34>
      <x35>398</x35>
      <y35>474</y35>
      <x36>398</x36>
      <y36>459</y36>
      <x37>401</x37>
      <y37>448</y37>
      <x38>400</x38>
      <y38>427</y38>
      <x39>403</x39>
      <y39>398</y39>
      <x40>404</x40>
      <y40>369</y40>
      <x41>406</x41>
      <y41>366</y41>
      <x42>408</x42>
      <y42>368</y42>
      <x43>410</x43>
      <y43>378</y43>
      <x44>410</x44>
      <y44>398</y44>
      <x45>411</x45>
      <y45>399</y45>
      <x46>410</x46>
      <y46>436</y46>
      <x47>414</x47>
      <y47>448</y47>
      <x48>414</x48>
      <y48>469</y48>
      <x49>410</x49>
      <y49>480</y49>
      <x50>411</x50>
      <y50>492</y50>
      <x51>416</x51>
      <y51>500</y51>
      <x52>420</x52>
      <y52>502</y52>
      <x53>428</x53>
      <y53>509</y53>
      <x54>431</x54>
      <y54>508</y54>
      <x55>432</x55>
      <y55>499</y55>
      <x56>425</x56>
      <y56>485</y56>
      <x57>422</x57>
      <y57>471</y57>
      <x58>425</x58>
      <y58>468</y58>
      <x59>429</x59>
      <y59>467</y59>
      <x60>430</x60>
      <y60>453</y60>
      <x61>434</x61>
      <y61>446</y61>
      <x62>433</x62>
      <y62>433</y62>
      <x63>437</x63>
      <y63>402</y63>
      <x64>437</x64>
      <y64>384</y64>
      <x65>440</x65>
      <y65>364</y65>
      <x66>442</x66>
      <y66>359</y66>
      <x67>442</x67>
      <y67>339</y67>
      <x68>444</x68>
      <y68>335</y68>
      <x69>444</x69>
      <y69>329</y69>
      <x70>446</x70>
      <y70>323</y70>
      <x71>450</x71>
      <y71>316</y71>
      <x72>452</x72>
      <y72>315</y72>
      <x73>455</x73>
      <y73>319</y73>
      <x74>456</x74>
      <y74>335</y74>
      <x75>459</x75>
      <y75>339</y75>
      <x76>466</x76>
      <y76>340</y76>
      <x77>469</x77>
      <y77>338</y77>
      <x78>471</x78>
      <y78>333</y78>
      <x79>471</x79>
      <y79>301</y79>
      <x80>469</x80>
      <y80>291</y80>
      <x81>469</x81>
      <y81>273</y81>
      <x82>466</x82>
      <y82>250</y82>
      <x83>465</x83>
      <y83>217</y83>
      <x84>462</x84>
      <y84>208</y84>
      <x85>452</x85>
      <y85>200</y85>
      <x86>451</x86>
      <y86>195</y86>
      <x87>447</x87>
      <y87>188</y87>
      <x88>430</x88>
      <y88>179</y88>
      <x89>439</x89>
      <y89>167</y89>
      <x90>439</x90>
      <y90>154</y90>
      <x91>435</x91>
      <y91>145</y91>
    </polygon>
  </object>
  <object>
    <name>person</name>
    <bndbox>
      <xmin>481</xmin>
      <ymin>134</ymin>
      <xmax>602</xmax>
      <ymax>553</ymax>
    </bndbox>
    <polygon>
      <x1>553</x1>
      <y1>134</y1>
      <x2>544</x2>
      <y2>134</y2>
      <x3>532</x3>
      <y3>140</y3>
      <x4>527</x4>
      <y4>150</y4>
      <x5>525</x5>
      <y5>170</y5>
      <x6>517</x6>
      <y6>174</y6>
      <x7>514</x7>
      <y7>177</y7>
      <x8>510</x8>
      <y8>184</y8>
      <x9>508</x9>
      <y9>193</y9>
      <x10>504</x10>
      <y10>198</y10>
      <x11>501</x11>
      <y11>205</y11>
      <x12>493</x12>
      <y12>212</y12>
      <x13>490</x13>
      <y13>218</y13>
      <x14>490</x14>
      <y14>224</y14>
      <x15>488</x15>
      <y15>229</y15>
      <x16>482</x16>
      <y16>269</y16>
      <x17>481</x17>
      <y17>311</y17>
      <x18>483</x18>
      <y18>321</y18>
      <x19>483</x19>
      <y19>338</y19>
      <x20>485</x20>
      <y20>342</y20>
      <x21>485</x21>
      <y21>356</y21>
      <x22>486</x22>
      <y22>362</y22>
      <x23>488</x23>
      <y23>364</y23>
      <x24>493</x24>
      <y24>365</y24>
      <x25>497</x25>
      <y25>362</y25>
      <x26>502</x26>
      <y26>370</y26>
      <x27>507</x27>
      <y27>392</y27>
      <x28>508</x28>
      <y28>403</y28>
      <x29>513</x29>
      <y29>422</y29>
      <x30>513</x30>
      <y30>436</y30>
      <x31>518</x31>
      <y31>455</y31>
      <x32>522</x32>
      <y32>495</y32>
      <x33>524</x33>
      <y33>502</y33>
      <x34>524</x34>
      <y34>510</y34>
      <x35>522</x35>
      <y35>514</y35>
      <x36>522</x36>
      <y36>526</y36>
      <x37>514</x37>
      <y37>536</y37>
      <x38>513</x38>
      <y38>545</y38>
      <x39>517</x39>
      <y39>551</y39>
      <x40>523</x40>
      <y40>553</y40>
      <x41>538</x41>
      <y41>553</y41>
      <x42>544</x42>
      <y42>549</y42>
      <x43>543</x43>
      <y43>545</y43>
      <x44>544</x44>
      <y44>529</y44>
      <x45>553</x45>
      <y45>514</y45>
      <x46>553</x46>
      <y46>498</y46>
      <x47>550</x47>
      <y47>477</y47>
      <x48>548</x48>
      <y48>474</y48>
      <x49>547</x49>
      <y49>450</y49>
      <x50>546</x50>
      <y50>449</y50>
      <x51>547</x51>
      <y51>429</y51>
      <x52>549</x52>
      <y52>422</y52>
      <x53>551</x53>
      <y53>426</y53>
      <x54>552</x54>
      <y54>464</y54>
      <x55>556</x55>
      <y55>468</y55>
      <x56>565</x56>
      <y56>494</y56>
      <x57>565</x57>
      <y57>498</y57>
      <x58>570</x58>
      <y58>506</y58>
      <x59>575</x59>
      <y59>507</y59>
      <x60>582</x60>
      <y60>506</y60>
      <x61>587</x61>
      <y61>503</y61>
      <x62>589</x62>
      <y62>500</y62>
      <x63>589</x63>
      <y63>495</y63>
      <x64>582</x64>
      <y64>478</y64>
      <x65>578</x65>
      <y65>464</y65>
      <x66>578</x66>
      <y66>453</y66>
      <x67>582</x67>
      <y67>444</y67>
      <x68>585</x68>
      <y68>431</y68>
      <x69>586</x69>
      <y69>382</y69>
      <x70>589</x70>
      <y70>372</y70>
      <x71>592</x71>
      <y71>354</y71>
      <x72>592</x72>
      <y72>346</y72>
      <x73>595</x73>
      <y73>340</y73>
      <x74>599</x74>
      <y74>340</y74>
      <x75>601</x75>
      <y75>327</y75>
      <x76>598</x76>
      <y76>324</y76>
      <x77>596</x77>
      <y77>318</y77>
      <x78>596</x78>
      <y78>314</y78>
      <x79>598</x79>
      <y79>311</y79>
      <x80>600</x80>
      <y80>300</y80>
      <x81>602</x81>
      <y81>296</y81>
      <x82>602</x82>
      <y82>282</y82>
      <x83>600</x83>
      <y83>276</y83>
      <x84>600</x84>
      <y84>270</y84>
      <x85>602</x85>
      <y85>264</y85>
      <x86>601</x86>
      <y86>262</y86>
      <x87>601</x87>
      <y87>245</y87>
      <x88>602</x88>
      <y88>244</y88>
      <x89>601</x89>
      <y89>221</y89>
      <x90>599</x90>
      <y90>211</y90>
      <x91>595</x91>
      <y91>202</y91>
      <x92>588</x92>
      <y92>199</y92>
      <x93>584</x93>
      <y93>194</y93>
      <x94>576</x94>
      <y94>191</y94>
      <x95>572</x95>
      <y95>187</y95>
      <x96>569</x96>
      <y96>181</y96>
      <x97>560</x97>
      <y97>173</y97>
      <x98>564</x98>
      <y98>163</y98>
      <x99>565</x99>
      <y99>144</y99>
      <x100>561</x100>
      <y100>138</y100>
    </polygon>
  </object>
</annotation>
