<?xml version="1.0" ?>
<annotation>
  <folder>VOC</folder>
  <filename>3-2.png</filename>
  <source>
    <database>roboflow.ai</database>
  </source>
  <size>
    <width>1456</width>
    <height>816</height>
    <depth>3</depth>
  </size>
  <segmented>0</segmented>
  <object>
    <name>person</name>
    <bndbox>
      <xmin>671</xmin>
      <ymin>569</ymin>
      <xmax>730</xmax>
      <ymax>751</ymax>
    </bndbox>
    <polygon>
      <x1>689</x1>
      <y1>569</y1>
      <x2>687</x2>
      <y2>571</y2>
      <x3>684</x3>
      <y3>589</y3>
      <x4>691</x4>
      <y4>589</y4>
      <x5>699</x5>
      <y5>595</y5>
      <x6>699</x6>
      <y6>600</y6>
      <x7>704</x7>
      <y7>610</y7>
      <x8>703</x8>
      <y8>621</y8>
      <x9>709</x9>
      <y9>633</y9>
      <x10>707</x10>
      <y10>634</y10>
      <x11>704</x11>
      <y11>631</y11>
      <x12>701</x12>
      <y12>631</y12>
      <x13>698</x13>
      <y13>627</y13>
      <x14>697</x14>
      <y14>621</y14>
      <x15>690</x15>
      <y15>624</y15>
      <x16>686</x16>
      <y16>619</y16>
      <x17>686</x17>
      <y17>615</y17>
      <x18>683</x18>
      <y18>616</y18>
      <x19>683</x19>
      <y19>634</y19>
      <x20>681</x20>
      <y20>638</y20>
      <x21>682</x21>
      <y21>692</y21>
      <x22>679</x22>
      <y22>697</y22>
      <x23>679</x23>
      <y23>701</y23>
      <x24>671</x24>
      <y24>705</y24>
      <x25>671</x25>
      <y25>713</y25>
      <x26>682</x26>
      <y26>724</y26>
      <x27>685</x27>
      <y27>737</y27>
      <x28>695</x28>
      <y28>746</y28>
      <x29>708</x29>
      <y29>751</y29>
      <x30>725</x30>
      <y30>750</y30>
      <x31>728</x31>
      <y31>748</y31>
      <x32>730</x32>
      <y32>731</y32>
      <x33>726</x33>
      <y33>719</y33>
      <x34>728</x34>
      <y34>714</y34>
      <x35>727</x35>
      <y35>693</y35>
      <x36>729</x36>
      <y36>687</y36>
      <x37>727</x37>
      <y37>674</y37>
      <x38>730</x38>
      <y38>661</y38>
      <x39>727</x39>
      <y39>654</y39>
      <x40>725</x40>
      <y40>638</y40>
      <x41>718</x41>
      <y41>628</y41>
      <x42>715</x42>
      <y42>619</y42>
      <x43>704</x43>
      <y43>605</y43>
      <x44>705</x44>
      <y44>599</y44>
      <x45>700</x45>
      <y45>590</y45>
      <x46>696</x46>
      <y46>572</y46>
      <x47>693</x47>
      <y47>569</y47>
    </polygon>
  </object>
  <object>
    <name>person</name>
    <bndbox>
      <xmin>792</xmin>
      <ymin>549</ymin>
      <xmax>887</xmax>
      <ymax>716</ymax>
    </bndbox>
    <polygon>
      <x1>869</x1>
      <y1>549</y1>
      <x2>863</x2>
      <y2>551</y2>
      <x3>862</x3>
      <y3>578</y3>
      <x4>864</x4>
      <y4>583</y4>
      <x5>859</x5>
      <y5>589</y5>
      <x6>861</x6>
      <y6>593</y6>
      <x7>859</x7>
      <y7>595</y7>
      <x8>859</x8>
      <y8>601</y8>
      <x9>862</x9>
      <y9>606</y9>
      <x10>856</x10>
      <y10>614</y10>
      <x11>852</x11>
      <y11>614</y11>
      <x12>850</x12>
      <y12>618</y12>
      <x13>846</x13>
      <y13>614</y13>
      <x14>837</x14>
      <y14>618</y14>
      <x15>838</x15>
      <y15>625</y15>
      <x16>840</x16>
      <y16>625</y16>
      <x17>843</x17>
      <y17>619</y17>
      <x18>846</x18>
      <y18>619</y18>
      <x19>850</x19>
      <y19>625</y19>
      <x20>855</x20>
      <y20>620</y20>
      <x21>857</x21>
      <y21>622</y21>
      <x22>855</x22>
      <y22>629</y22>
      <x23>858</x23>
      <y23>633</y23>
      <x24>855</x24>
      <y24>635</y24>
      <x25>852</x25>
      <y25>631</y25>
      <x26>849</x26>
      <y26>631</y26>
      <x27>845</x27>
      <y27>636</y27>
      <x28>821</x28>
      <y28>636</y28>
      <x29>817</x29>
      <y29>628</y29>
      <x30>819</x30>
      <y30>626</y30>
      <x31>819</x31>
      <y31>621</y31>
      <x32>823</x32>
      <y32>616</y32>
      <x33>818</x33>
      <y33>616</y33>
      <x34>814</x34>
      <y34>620</y34>
      <x35>816</x35>
      <y35>628</y35>
      <x36>808</x36>
      <y36>638</y36>
      <x37>809</x37>
      <y37>645</y37>
      <x38>803</x38>
      <y38>655</y38>
      <x39>803</x39>
      <y39>665</y39>
      <x40>798</x40>
      <y40>673</y40>
      <x41>798</x41>
      <y41>680</y41>
      <x42>792</x42>
      <y42>688</y42>
      <x43>792</x43>
      <y43>692</y43>
      <x44>796</x44>
      <y44>693</y44>
      <x45>803</x45>
      <y45>687</y45>
      <x46>806</x46>
      <y46>687</y46>
      <x47>811</x47>
      <y47>691</y47>
      <x48>807</x48>
      <y48>696</y48>
      <x49>802</x49>
      <y49>698</y49>
      <x50>801</x50>
      <y50>702</y50>
      <x51>809</x51>
      <y51>712</y51>
      <x52>815</x52>
      <y52>716</y52>
      <x53>840</x53>
      <y53>716</y53>
      <x54>858</x54>
      <y54>708</y54>
      <x55>864</x55>
      <y55>694</y55>
      <x56>875</x56>
      <y56>639</y56>
      <x57>873</x57>
      <y57>614</y57>
      <x58>870</x58>
      <y58>603</y58>
      <x59>867</x59>
      <y59>600</y59>
      <x60>870</x60>
      <y60>594</y60>
      <x61>868</x61>
      <y61>587</y61>
      <x62>872</x62>
      <y62>583</y62>
      <x63>878</x63>
      <y63>587</y63>
      <x64>887</x64>
      <y64>578</y64>
      <x65>886</x65>
      <y65>570</y65>
      <x66>882</x66>
      <y66>567</y66>
      <x67>874</x67>
      <y67>553</y67>
    </polygon>
  </object>
  <object>
    <name>person</name>
    <bndbox>
      <xmin>688</xmin>
      <ymin>517</ymin>
      <xmax>761</xmax>
      <ymax>610</ymax>
    </bndbox>
    <polygon>
      <x1>697</x1>
      <y1>519</y1>
      <x2>694</x2>
      <y2>523</y2>
      <x3>694</x3>
      <y3>527</y3>
      <x4>700</x4>
      <y4>537</y4>
      <x5>696</x5>
      <y5>542</y5>
      <x6>691</x6>
      <y6>541</y6>
      <x7>688</x7>
      <y7>544</y7>
      <x8>689</x8>
      <y8>552</y8>
      <x9>691</x9>
      <y9>554</y9>
      <x10>697</x10>
      <y10>552</y10>
      <x11>706</x11>
      <y11>568</y11>
      <x12>716</x12>
      <y12>568</y12>
      <x13>719</x13>
      <y13>570</y13>
      <x14>725</x14>
      <y14>567</y14>
      <x15>728</x15>
      <y15>570</y15>
      <x16>730</x16>
      <y16>579</y16>
      <x17>737</x17>
      <y17>582</y17>
      <x18>743</x18>
      <y18>592</y18>
      <x19>749</x19>
      <y19>597</y19>
      <x20>749</x20>
      <y20>606</y20>
      <x21>753</x21>
      <y21>610</y21>
      <x22>756</x22>
      <y22>593</y22>
      <x23>756</x23>
      <y23>569</y23>
      <x24>753</x24>
      <y24>553</y24>
      <x25>761</x25>
      <y25>542</y25>
      <x26>758</x26>
      <y26>540</y26>
      <x27>754</x27>
      <y27>545</y27>
      <x28>751</x28>
      <y28>545</y28>
      <x29>743</x29>
      <y29>539</y29>
      <x30>737</x30>
      <y30>546</y30>
      <x31>729</x31>
      <y31>544</y31>
      <x32>724</x32>
      <y32>551</y32>
      <x33>718</x33>
      <y33>542</y33>
      <x34>725</x34>
      <y34>539</y34>
      <x35>729</x35>
      <y35>530</y35>
      <x36>735</x36>
      <y36>525</y36>
      <x37>705</x37>
      <y37>523</y37>
      <x38>701</x38>
      <y38>517</y38>
    </polygon>
  </object>
</annotation>
