<?xml version="1.0" ?>
<annotation>
  <folder>VOC</folder>
  <filename>30-1.png</filename>
  <source>
    <database>roboflow.ai</database>
  </source>
  <size>
    <width>1456</width>
    <height>816</height>
    <depth>3</depth>
  </size>
  <segmented>0</segmented>
  <object>
    <name>person</name>
    <bndbox>
      <xmin>1001</xmin>
      <ymin>87</ymin>
      <xmax>1363</xmax>
      <ymax>803</ymax>
    </bndbox>
    <polygon>
      <x1>1121</x1>
      <y1>87</y1>
      <x2>1105</x2>
      <y2>87</y2>
      <x3>1085</x3>
      <y3>94</y3>
      <x4>1072</x4>
      <y4>94</y4>
      <x5>1066</x5>
      <y5>97</y5>
      <x6>1055</x6>
      <y6>108</y6>
      <x7>1050</x7>
      <y7>115</y7>
      <x8>1046</x8>
      <y8>124</y8>
      <x9>1045</x9>
      <y9>133</y9>
      <x10>1054</x10>
      <y10>149</y10>
      <x11>1055</x11>
      <y11>167</y11>
      <x12>1059</x12>
      <y12>176</y12>
      <x13>1061</x13>
      <y13>187</y13>
      <x14>1058</x14>
      <y14>194</y14>
      <x15>1052</x15>
      <y15>203</y15>
      <x16>1050</x16>
      <y16>215</y16>
      <x17>1043</x17>
      <y17>220</y17>
      <x18>1041</x18>
      <y18>226</y18>
      <x19>1037</x19>
      <y19>250</y19>
      <x20>1033</x20>
      <y20>261</y20>
      <x21>1031</x21>
      <y21>285</y21>
      <x22>1026</x22>
      <y22>303</y22>
      <x23>1022</x23>
      <y23>309</y23>
      <x24>1021</x24>
      <y24>320</y24>
      <x25>1017</x25>
      <y25>335</y25>
      <x26>1016</x26>
      <y26>350</y26>
      <x27>1010</x27>
      <y27>365</y27>
      <x28>1010</x28>
      <y28>369</y28>
      <x29>1006</x29>
      <y29>381</y29>
      <x30>1005</x30>
      <y30>401</y30>
      <x31>1006</x31>
      <y31>402</y31>
      <x32>1007</x32>
      <y32>426</y32>
      <x33>1006</x33>
      <y33>427</y33>
      <x34>1006</x34>
      <y34>434</y34>
      <x35>1001</x35>
      <y35>450</y35>
      <x36>1001</x36>
      <y36>475</y36>
      <x37>1005</x37>
      <y37>479</y37>
      <x38>1007</x38>
      <y38>484</y38>
      <x39>1006</x39>
      <y39>488</y39>
      <x40>1007</x40>
      <y40>494</y40>
      <x41>1019</x41>
      <y41>504</y41>
      <x42>1020</x42>
      <y42>509</y42>
      <x43>1023</x43>
      <y43>514</y43>
      <x44>1022</x44>
      <y44>539</y44>
      <x45>1026</x45>
      <y45>544</y45>
      <x46>1032</x46>
      <y46>544</y46>
      <x47>1039</x47>
      <y47>538</y47>
      <x48>1044</x48>
      <y48>536</y48>
      <x49>1046</x49>
      <y49>532</y49>
      <x50>1046</x50>
      <y50>525</y50>
      <x51>1049</x51>
      <y51>521</y51>
      <x52>1050</x52>
      <y52>515</y52>
      <x53>1052</x53>
      <y53>511</y53>
      <x54>1058</x54>
      <y54>505</y54>
      <x55>1075</x55>
      <y55>500</y55>
      <x56>1079</x56>
      <y56>500</y56>
      <x57>1083</x57>
      <y57>503</y57>
      <x58>1084</x58>
      <y58>509</y58>
      <x59>1082</x59>
      <y59>518</y59>
      <x60>1082</x60>
      <y60>533</y60>
      <x61>1080</x61>
      <y61>539</y61>
      <x62>1079</x62>
      <y62>565</y62>
      <x63>1076</x63>
      <y63>581</y63>
      <x64>1076</x64>
      <y64>595</y64>
      <x65>1075</x65>
      <y65>596</y65>
      <x66>1076</x66>
      <y66>634</y66>
      <x67>1081</x67>
      <y67>637</y67>
      <x68>1083</x68>
      <y68>640</y68>
      <x69>1071</x69>
      <y69>655</y69>
      <x70>1052</x70>
      <y70>668</y70>
      <x71>1053</x71>
      <y71>672</y71>
      <x72>1055</x72>
      <y72>674</y72>
      <x73>1060</x73>
      <y73>675</y73>
      <x74>1060</x74>
      <y74>678</y74>
      <x75>1057</x75>
      <y75>681</y75>
      <x76>1051</x76>
      <y76>683</y76>
      <x77>1036</x77>
      <y77>692</y77>
      <x78>1033</x78>
      <y78>692</y78>
      <x79>1026</x79>
      <y79>696</y79>
      <x80>1021</x80>
      <y80>697</y80>
      <x81>1018</x81>
      <y81>701</y81>
      <x82>1019</x82>
      <y82>704</y82>
      <x83>1022</x83>
      <y83>707</y83>
      <x84>1027</x84>
      <y84>709</y84>
      <x85>1042</x85>
      <y85>709</y85>
      <x86>1047</x86>
      <y86>707</y86>
      <x87>1052</x87>
      <y87>707</y87>
      <x88>1064</x88>
      <y88>704</y88>
      <x89>1073</x89>
      <y89>704</y89>
      <x90>1076</x90>
      <y90>707</y90>
      <x91>1079</x91>
      <y91>738</y91>
      <x92>1076</x92>
      <y92>747</y92>
      <x93>1077</x93>
      <y93>754</y93>
      <x94>1075</x94>
      <y94>758</y94>
      <x95>1075</x95>
      <y95>764</y95>
      <x96>1079</x96>
      <y96>767</y96>
      <x97>1084</x97>
      <y97>768</y97>
      <x98>1087</x98>
      <y98>770</y98>
      <x99>1087</x99>
      <y99>775</y99>
      <x100>1081</x100>
      <y100>786</y100>
      <x101>1079</x101>
      <y101>796</y101>
      <x102>1082</x102>
      <y102>801</y102>
      <x103>1088</x103>
      <y103>803</y103>
      <x104>1091</x104>
      <y104>802</y104>
      <x105>1098</x105>
      <y105>802</y105>
      <x106>1099</x106>
      <y106>803</y106>
      <x107>1117</x107>
      <y107>802</y107>
      <x108>1129</x108>
      <y108>799</y108>
      <x109>1166</x109>
      <y109>782</y109>
      <x110>1181</x110>
      <y110>771</y110>
      <x111>1194</x111>
      <y111>758</y111>
      <x112>1195</x112>
      <y112>755</y112>
      <x113>1202</x113>
      <y113>748</y113>
      <x114>1204</x114>
      <y114>744</y114>
      <x115>1214</x115>
      <y115>734</y115>
      <x116>1219</x116>
      <y116>726</y116>
      <x117>1223</x117>
      <y117>723</y117>
      <x118>1225</x118>
      <y118>717</y118>
      <x119>1232</x119>
      <y119>707</y119>
      <x120>1239</x120>
      <y120>701</y120>
      <x121>1241</x121>
      <y121>696</y121>
      <x122>1248</x122>
      <y122>690</y122>
      <x123>1249</x123>
      <y123>686</y123>
      <x124>1259</x124>
      <y124>675</y124>
      <x125>1269</x125>
      <y125>667</y125>
      <x126>1277</x126>
      <y126>654</y126>
      <x127>1285</x127>
      <y127>645</y127>
      <x128>1285</x128>
      <y128>640</y128>
      <x129>1289</x129>
      <y129>636</y129>
      <x130>1292</x130>
      <y130>626</y130>
      <x131>1298</x131>
      <y131>621</y131>
      <x132>1298</x132>
      <y132>616</y132>
      <x133>1302</x133>
      <y133>610</y133>
      <x134>1303</x134>
      <y134>606</y134>
      <x135>1312</x135>
      <y135>598</y135>
      <x136>1313</x136>
      <y136>594</y136>
      <x137>1317</x137>
      <y137>590</y137>
      <x138>1325</x138>
      <y138>577</y138>
      <x139>1326</x139>
      <y139>572</y139>
      <x140>1330</x140>
      <y140>566</y140>
      <x141>1344</x141>
      <y141>529</y141>
      <x142>1354</x142>
      <y142>489</y142>
      <x143>1354</x143>
      <y143>482</y143>
      <x144>1356</x144>
      <y144>474</y144>
      <x145>1356</x145>
      <y145>435</y145>
      <x146>1361</x146>
      <y146>419</y146>
      <x147>1361</x147>
      <y147>411</y147>
      <x148>1363</x148>
      <y148>403</y148>
      <x149>1361</x149>
      <y149>383</y149>
      <x150>1354</x150>
      <y150>358</y150>
      <x151>1354</x151>
      <y151>354</y151>
      <x152>1349</x152>
      <y152>344</y152>
      <x153>1346</x153>
      <y153>334</y153>
      <x154>1339</x154>
      <y154>321</y154>
      <x155>1337</x155>
      <y155>309</y155>
      <x156>1333</x156>
      <y156>301</y156>
      <x157>1331</x157>
      <y157>293</y157>
      <x158>1318</x158>
      <y158>265</y158>
      <x159>1307</x159>
      <y159>248</y159>
      <x160>1266</x160>
      <y160>205</y160>
      <x161>1249</x161>
      <y161>192</y161>
      <x162>1237</x162>
      <y162>185</y162>
      <x163>1234</x163>
      <y163>185</y163>
      <x164>1231</x164>
      <y164>182</y164>
      <x165>1231</x165>
      <y165>177</y165>
      <x166>1223</x166>
      <y166>149</y166>
      <x167>1208</x167>
      <y167>131</y167>
      <x168>1195</x168>
      <y168>118</y168>
      <x169>1179</x169>
      <y169>106</y169>
      <x170>1173</x170>
      <y170>100</y170>
      <x171>1161</x171>
      <y171>94</y171>
      <x172>1148</x172>
      <y172>91</y172>
      <x173>1122</x173>
      <y173>88</y173>
    </polygon>
  </object>
  <object>
    <name>person</name>
    <bndbox>
      <xmin>639</xmin>
      <ymin>323</ymin>
      <xmax>991</xmax>
      <ymax>811</ymax>
    </bndbox>
    <polygon>
      <x1>851</x1>
      <y1>331</y1>
      <x2>841</x2>
      <y2>331</y2>
      <x3>833</x3>
      <y3>329</y3>
      <x4>814</x4>
      <y4>328</y4>
      <x5>798</x5>
      <y5>323</y5>
      <x6>792</x6>
      <y6>323</y6>
      <x7>775</x7>
      <y7>328</y7>
      <x8>757</x8>
      <y8>331</y8>
      <x9>747</x9>
      <y9>335</y9>
      <x10>731</x10>
      <y10>339</y10>
      <x11>711</x11>
      <y11>351</y11>
      <x12>706</x12>
      <y12>356</y12>
      <x13>704</x13>
      <y13>361</y13>
      <x14>699</x14>
      <y14>366</y14>
      <x15>688</x15>
      <y15>383</y15>
      <x16>682</x16>
      <y16>389</y16>
      <x17>679</x17>
      <y17>396</y17>
      <x18>675</x18>
      <y18>401</y18>
      <x19>672</x19>
      <y19>415</y19>
      <x20>669</x20>
      <y20>449</y20>
      <x21>667</x21>
      <y21>452</y21>
      <x22>663</x22>
      <y22>453</y22>
      <x23>653</x23>
      <y23>466</y23>
      <x24>649</x24>
      <y24>474</y24>
      <x25>649</x25>
      <y25>478</y25>
      <x26>644</x26>
      <y26>494</y26>
      <x27>644</x27>
      <y27>500</y27>
      <x28>639</x28>
      <y28>522</y28>
      <x29>639</x29>
      <y29>561</y29>
      <x30>640</x30>
      <y30>562</y30>
      <x31>640</x31>
      <y31>570</y31>
      <x32>642</x32>
      <y32>580</y32>
      <x33>647</x33>
      <y33>593</y33>
      <x34>650</x34>
      <y34>610</y34>
      <x35>654</x35>
      <y35>618</y35>
      <x36>658</x36>
      <y36>635</y36>
      <x37>670</x37>
      <y37>661</y37>
      <x38>673</x38>
      <y38>671</y38>
      <x39>674</x39>
      <y39>681</y39>
      <x40>675</x40>
      <y40>682</y40>
      <x41>675</x41>
      <y41>696</y41>
      <x42>681</x42>
      <y42>724</y42>
      <x43>699</x43>
      <y43>763</y43>
      <x44>704</x44>
      <y44>770</y44>
      <x45>716</x45>
      <y45>781</y45>
      <x46>733</x46>
      <y46>803</y46>
      <x47>741</x47>
      <y47>810</y47>
      <x48>749</x48>
      <y48>810</y48>
      <x49>750</x49>
      <y49>811</y49>
      <x50>812</x50>
      <y50>811</y50>
      <x51>813</x51>
      <y51>810</y51>
      <x52>827</x52>
      <y52>810</y52>
      <x53>828</x53>
      <y53>809</y53>
      <x54>832</x54>
      <y54>810</y54>
      <x55>837</x55>
      <y55>808</y55>
      <x56>846</x56>
      <y56>808</y56>
      <x57>851</x57>
      <y57>806</y57>
      <x58>860</x58>
      <y58>805</y58>
      <x59>868</x59>
      <y59>800</y59>
      <x60>872</x60>
      <y60>800</y60>
      <x61>884</x61>
      <y61>795</y61>
      <x62>890</x62>
      <y62>795</y62>
      <x63>896</x63>
      <y63>793</y63>
      <x64>906</x64>
      <y64>785</y64>
      <x65>908</x65>
      <y65>785</y65>
      <x66>919</x66>
      <y66>779</y66>
      <x67>929</x67>
      <y67>769</y67>
      <x68>935</x68>
      <y68>765</y68>
      <x69>951</x69>
      <y69>758</y69>
      <x70>956</x70>
      <y70>753</y70>
      <x71>965</x71>
      <y71>751</y71>
      <x72>974</x72>
      <y72>745</y72>
      <x73>984</x73>
      <y73>736</y73>
      <x74>984</x74>
      <y74>734</y74>
      <x75>988</x75>
      <y75>727</y75>
      <x76>987</x76>
      <y76>718</y76>
      <x77>978</x77>
      <y77>709</y77>
      <x78>972</x78>
      <y78>707</y78>
      <x79>953</x79>
      <y79>707</y79>
      <x80>950</x80>
      <y80>704</y80>
      <x81>951</x81>
      <y81>689</y81>
      <x82>950</x82>
      <y82>688</y82>
      <x83>947</x83>
      <y83>660</y83>
      <x84>941</x84>
      <y84>642</y84>
      <x85>934</x85>
      <y85>630</y85>
      <x86>934</x86>
      <y86>622</y86>
      <x87>937</x87>
      <y87>617</y87>
      <x88>938</x88>
      <y88>610</y88>
      <x89>935</x89>
      <y89>607</y89>
      <x90>929</x90>
      <y90>593</y90>
      <x91>924</x91>
      <y91>588</y91>
      <x92>918</x92>
      <y92>577</y92>
      <x93>920</x93>
      <y93>572</y93>
      <x94>923</x94>
      <y94>569</y94>
      <x95>929</x95>
      <y95>568</y95>
      <x96>931</x96>
      <y96>570</y96>
      <x97>931</x97>
      <y97>572</y97>
      <x98>948</x98>
      <y98>589</y98>
      <x99>952</x99>
      <y99>591</y99>
      <x100>958</x100>
      <y100>598</y100>
      <x101>961</x101>
      <y101>599</y101>
      <x102>969</x102>
      <y102>607</y102>
      <x103>975</x103>
      <y103>609</y103>
      <x104>982</x104>
      <y104>614</y104>
      <x105>987</x105>
      <y105>614</y105>
      <x106>991</x106>
      <y106>610</y106>
      <x107>988</x107>
      <y107>598</y107>
      <x108>988</x108>
      <y108>575</y108>
      <x109>987</x109>
      <y109>570</y109>
      <x110>983</x110>
      <y110>564</y110>
      <x111>982</x111>
      <y111>560</y111>
      <x112>973</x112>
      <y112>552</y112>
      <x113>968</x113>
      <y113>549</y113>
      <x114>965</x114>
      <y114>549</y114>
      <x115>960</x115>
      <y115>546</y115>
      <x116>950</x116>
      <y116>543</y116>
      <x117>941</x117>
      <y117>535</y117>
      <x118>935</x118>
      <y118>532</y118>
      <x119>926</x119>
      <y119>523</y119>
      <x120>910</x120>
      <y120>515</y120>
      <x121>905</x121>
      <y121>508</y121>
      <x122>902</x122>
      <y122>506</y122>
      <x123>897</x123>
      <y123>505</y123>
      <x124>887</x124>
      <y124>498</y124>
      <x125>887</x125>
      <y125>491</y125>
      <x126>889</x126>
      <y126>488</y126>
      <x127>893</x127>
      <y127>473</y127>
      <x128>894</x128>
      <y128>458</y128>
      <x129>908</x129>
      <y129>443</y129>
      <x130>910</x130>
      <y130>439</y130>
      <x131>910</x131>
      <y131>433</y131>
      <x132>905</x132>
      <y132>427</y132>
      <x133>897</x133>
      <y133>423</y133>
      <x134>891</x134>
      <y134>416</y134>
      <x135>890</x135>
      <y135>401</y135>
      <x136>888</x136>
      <y136>392</y136>
      <x137>889</x137>
      <y137>388</y137>
      <x138>889</x138>
      <y138>371</y138>
      <x139>887</x139>
      <y139>365</y139>
      <x140>882</x140>
      <y140>357</y140>
      <x141>866</x141>
      <y141>340</y141>
      <x142>860</x142>
      <y142>335</y142>
    </polygon>
  </object>
</annotation>
