<?xml version="1.0" ?>
<annotation>
  <folder>VOC</folder>
  <filename>30-2.png</filename>
  <source>
    <database>roboflow.ai</database>
  </source>
  <size>
    <width>1456</width>
    <height>816</height>
    <depth>3</depth>
  </size>
  <segmented>0</segmented>
  <object>
    <name>person</name>
    <bndbox>
      <xmin>601</xmin>
      <ymin>203</ymin>
      <xmax>891</xmax>
      <ymax>814</ymax>
    </bndbox>
    <polygon>
      <x1>734</x1>
      <y1>203</y1>
      <x2>719</x2>
      <y2>210</y2>
      <x3>711</x3>
      <y3>217</y3>
      <x4>707</x4>
      <y4>225</y4>
      <x5>703</x5>
      <y5>241</y5>
      <x6>704</x6>
      <y6>272</y6>
      <x7>707</x7>
      <y7>280</y7>
      <x8>715</x8>
      <y8>287</y8>
      <x9>717</x9>
      <y9>295</y9>
      <x10>719</x10>
      <y10>297</y10>
      <x11>719</x11>
      <y11>302</y11>
      <x12>712</x12>
      <y12>306</y12>
      <x13>698</x13>
      <y13>307</y13>
      <x14>690</x14>
      <y14>309</y14>
      <x15>679</x15>
      <y15>319</y15>
      <x16>677</x16>
      <y16>327</y16>
      <x17>677</x17>
      <y17>344</y17>
      <x18>672</x18>
      <y18>349</y18>
      <x19>663</x19>
      <y19>351</y19>
      <x20>653</x20>
      <y20>357</y20>
      <x21>633</x21>
      <y21>375</y21>
      <x22>623</x22>
      <y22>393</y22>
      <x23>616</x23>
      <y23>402</y23>
      <x24>612</x24>
      <y24>411</y24>
      <x25>605</x25>
      <y25>449</y25>
      <x26>603</x26>
      <y26>454</y26>
      <x27>601</x27>
      <y27>471</y27>
      <x28>601</x28>
      <y28>501</y28>
      <x29>603</x29>
      <y29>519</y29>
      <x30>602</x30>
      <y30>570</y30>
      <x31>608</x31>
      <y31>590</y31>
      <x32>613</x32>
      <y32>597</y32>
      <x33>619</x33>
      <y33>613</y33>
      <x34>631</x34>
      <y34>623</y34>
      <x35>634</x35>
      <y35>629</y35>
      <x36>635</x36>
      <y36>635</y36>
      <x37>639</x37>
      <y37>642</y37>
      <x38>656</x38>
      <y38>655</y38>
      <x39>655</x39>
      <y39>662</y39>
      <x40>656</x40>
      <y40>676</y40>
      <x41>654</x41>
      <y41>681</y41>
      <x42>654</x42>
      <y42>691</y42>
      <x43>663</x43>
      <y43>705</y43>
      <x44>665</x44>
      <y44>717</y44>
      <x45>670</x45>
      <y45>724</y45>
      <x46>670</x46>
      <y46>738</y46>
      <x47>673</x47>
      <y47>746</y47>
      <x48>672</x48>
      <y48>771</y48>
      <x49>675</x49>
      <y49>777</y49>
      <x50>681</x50>
      <y50>783</y50>
      <x51>691</x51>
      <y51>787</y51>
      <x52>695</x52>
      <y52>791</y52>
      <x53>700</x53>
      <y53>800</y53>
      <x54>700</x54>
      <y54>805</y54>
      <x55>705</x55>
      <y55>811</y55>
      <x56>721</x56>
      <y56>813</y56>
      <x57>729</x57>
      <y57>810</y57>
      <x58>730</x58>
      <y58>805</y58>
      <x59>734</x59>
      <y59>801</y59>
      <x60>734</x60>
      <y60>798</y60>
      <x61>727</x61>
      <y61>792</y61>
      <x62>732</x62>
      <y62>780</y62>
      <x63>730</x63>
      <y63>762</y63>
      <x64>735</x64>
      <y64>748</y64>
      <x65>734</x65>
      <y65>729</y65>
      <x66>736</x66>
      <y66>720</y66>
      <x67>736</x67>
      <y67>712</y67>
      <x68>741</x68>
      <y68>699</y68>
      <x69>747</x69>
      <y69>713</y69>
      <x70>750</x70>
      <y70>739</y70>
      <x71>749</x71>
      <y71>746</y71>
      <x72>744</x72>
      <y72>754</y72>
      <x73>740</x73>
      <y73>769</y73>
      <x74>742</x74>
      <y74>783</y74>
      <x75>752</x75>
      <y75>793</y75>
      <x76>751</x76>
      <y76>801</y76>
      <x77>753</x77>
      <y77>812</y77>
      <x78>758</x78>
      <y78>814</y78>
      <x79>779</x79>
      <y79>813</y79>
      <x80>786</x80>
      <y80>811</y80>
      <x81>788</x81>
      <y81>809</y81>
      <x82>786</x82>
      <y82>802</y82>
      <x83>787</x83>
      <y83>795</y83>
      <x84>790</x84>
      <y84>792</y84>
      <x85>806</x85>
      <y85>785</y85>
      <x86>810</x86>
      <y86>780</y86>
      <x87>810</x87>
      <y87>770</y87>
      <x88>807</x88>
      <y88>758</y88>
      <x89>810</x89>
      <y89>745</y89>
      <x90>814</x90>
      <y90>738</y90>
      <x91>813</x91>
      <y91>729</y91>
      <x92>822</x92>
      <y92>720</y92>
      <x93>824</x93>
      <y93>716</y93>
      <x94>824</x94>
      <y94>706</y94>
      <x95>828</x95>
      <y95>691</y95>
      <x96>828</x96>
      <y96>685</y96>
      <x97>837</x97>
      <y97>672</y97>
      <x98>836</x98>
      <y98>662</y98>
      <x99>837</x99>
      <y99>656</y99>
      <x100>831</x100>
      <y100>635</y100>
      <x101>831</x101>
      <y101>619</y101>
      <x102>827</x102>
      <y102>595</y102>
      <x103>831</x103>
      <y103>591</y103>
      <x104>834</x104>
      <y104>590</y104>
      <x105>838</x105>
      <y105>585</y105>
      <x106>841</x106>
      <y106>587</y106>
      <x107>842</x107>
      <y107>602</y107>
      <x108>850</x108>
      <y108>613</y108>
      <x109>850</x109>
      <y109>621</y109>
      <x110>847</x110>
      <y110>636</y110>
      <x111>848</x111>
      <y111>656</y111>
      <x112>850</x112>
      <y112>658</y112>
      <x113>856</x113>
      <y113>659</y113>
      <x114>865</x114>
      <y114>655</y114>
      <x115>869</x115>
      <y115>651</y115>
      <x116>872</x116>
      <y116>645</y116>
      <x117>879</x117>
      <y117>623</y117>
      <x118>880</x118>
      <y118>615</y118>
      <x119>885</x119>
      <y119>610</y119>
      <x120>888</x120>
      <y120>604</y120>
      <x121>887</x121>
      <y121>584</y121>
      <x122>888</x122>
      <y122>583</y122>
      <x123>888</x123>
      <y123>572</y123>
      <x124>891</x124>
      <y124>561</y124>
      <x125>891</x125>
      <y125>546</y125>
      <x126>884</x126>
      <y126>529</y126>
      <x127>882</x127>
      <y127>517</y127>
      <x128>880</x128>
      <y128>476</y128>
      <x129>878</x129>
      <y129>462</y129>
      <x130>873</x130>
      <y130>446</y130>
      <x131>869</x131>
      <y131>440</y131>
      <x132>867</x132>
      <y132>424</y132>
      <x133>859</x133>
      <y133>402</y133>
      <x134>855</x134>
      <y134>398</y134>
      <x135>852</x135>
      <y135>390</y135>
      <x136>844</x136>
      <y136>380</y136>
      <x137>840</x137>
      <y137>370</y137>
      <x138>835</x138>
      <y138>364</y138>
      <x139>828</x139>
      <y139>361</y139>
      <x140>822</x140>
      <y140>361</y140>
      <x141>819</x141>
      <y141>358</y141>
      <x142>806</x142>
      <y142>352</y142>
      <x143>798</x143>
      <y143>351</y143>
      <x144>787</x144>
      <y144>343</y144>
      <x145>785</x145>
      <y145>333</y145>
      <x146>785</x146>
      <y146>319</y146>
      <x147>781</x147>
      <y147>314</y147>
      <x148>772</x148>
      <y148>309</y148>
      <x149>774</x149>
      <y149>290</y149>
      <x150>784</x150>
      <y150>280</y150>
      <x151>788</x151>
      <y151>269</y151>
      <x152>788</x152>
      <y152>245</y152>
      <x153>785</x153>
      <y153>228</y153>
      <x154>778</x154>
      <y154>217</y154>
      <x155>769</x155>
      <y155>209</y155>
      <x156>761</x156>
      <y156>205</y156>
      <x157>753</x157>
      <y157>203</y157>
    </polygon>
  </object>
</annotation>
