<?xml version="1.0" ?>
<annotation>
  <folder>VOC</folder>
  <filename>32-1.png</filename>
  <source>
    <database>roboflow.ai</database>
  </source>
  <size>
    <width>1456</width>
    <height>816</height>
    <depth>3</depth>
  </size>
  <segmented>0</segmented>
  <object>
    <name>person</name>
    <bndbox>
      <xmin>583</xmin>
      <ymin>36</ymin>
      <xmax>929</xmax>
      <ymax>728</ymax>
    </bndbox>
    <polygon>
      <x1>736</x1>
      <y1>36</y1>
      <x2>724</x2>
      <y2>37</y2>
      <x3>703</x3>
      <y3>46</y3>
      <x4>698</x4>
      <y4>53</y4>
      <x5>694</x5>
      <y5>56</y5>
      <x6>690</x6>
      <y6>63</y6>
      <x7>689</x7>
      <y7>78</y7>
      <x8>692</x8>
      <y8>85</y8>
      <x9>692</x9>
      <y9>88</y9>
      <x10>696</x10>
      <y10>94</y10>
      <x11>706</x11>
      <y11>104</y11>
      <x12>705</x12>
      <y12>115</y12>
      <x13>699</x13>
      <y13>121</y13>
      <x14>698</x14>
      <y14>124</y14>
      <x15>691</x15>
      <y15>129</y15>
      <x16>672</x16>
      <y16>134</y16>
      <x17>667</x17>
      <y17>134</y17>
      <x18>657</x18>
      <y18>138</y18>
      <x19>643</x19>
      <y19>149</y19>
      <x20>634</x20>
      <y20>163</y20>
      <x21>625</x21>
      <y21>182</y21>
      <x22>618</x22>
      <y22>201</y22>
      <x23>616</x23>
      <y23>210</y23>
      <x24>601</x24>
      <y24>248</y24>
      <x25>601</x25>
      <y25>254</y25>
      <x26>596</x26>
      <y26>266</y26>
      <x27>593</x27>
      <y27>281</y27>
      <x28>591</x28>
      <y28>285</y28>
      <x29>583</x29>
      <y29>323</y29>
      <x30>583</x30>
      <y30>327</y30>
      <x31>585</x31>
      <y31>331</y31>
      <x32>598</x32>
      <y32>343</y32>
      <x33>611</x33>
      <y33>351</y33>
      <x34>620</x34>
      <y34>371</y34>
      <x35>625</x35>
      <y35>377</y35>
      <x36>625</x36>
      <y36>389</y36>
      <x37>622</x37>
      <y37>403</y37>
      <x38>622</x38>
      <y38>416</y38>
      <x39>626</x39>
      <y39>435</y39>
      <x40>630</x40>
      <y40>442</y40>
      <x41>645</x41>
      <y41>457</y41>
      <x42>652</x42>
      <y42>460</y42>
      <x43>655</x43>
      <y43>464</y43>
      <x44>656</x44>
      <y44>473</y44>
      <x45>654</x45>
      <y45>480</y45>
      <x46>653</x46>
      <y46>508</y46>
      <x47>652</x47>
      <y47>509</y47>
      <x48>652</x48>
      <y48>593</y48>
      <x49>653</x49>
      <y49>594</y49>
      <x50>653</x50>
      <y50>615</y50>
      <x51>654</x51>
      <y51>616</y51>
      <x52>654</x52>
      <y52>631</y52>
      <x53>655</x53>
      <y53>632</y53>
      <x54>656</x54>
      <y54>685</y54>
      <x55>660</x55>
      <y55>692</y55>
      <x56>688</x56>
      <y56>707</y56>
      <x57>691</x57>
      <y57>714</y57>
      <x58>695</x58>
      <y58>718</y58>
      <x59>695</x59>
      <y59>720</y59>
      <x60>698</x60>
      <y60>724</y60>
      <x61>704</x61>
      <y61>726</y61>
      <x62>709</x62>
      <y62>726</y62>
      <x63>713</x63>
      <y63>728</y63>
      <x64>723</x64>
      <y64>727</y64>
      <x65>734</x65>
      <y65>719</y65>
      <x66>741</x66>
      <y66>719</y66>
      <x67>751</x67>
      <y67>716</y67>
      <x68>756</x68>
      <y68>716</y68>
      <x69>761</x69>
      <y69>718</y69>
      <x70>763</x70>
      <y70>722</y70>
      <x71>767</x71>
      <y71>725</y71>
      <x72>781</x72>
      <y72>726</y72>
      <x73>788</x73>
      <y73>722</y73>
      <x74>796</x74>
      <y74>720</y74>
      <x75>801</x75>
      <y75>716</y75>
      <x76>808</x76>
      <y76>714</y76>
      <x77>823</x77>
      <y77>699</y77>
      <x78>826</x78>
      <y78>693</y78>
      <x79>826</x79>
      <y79>688</y79>
      <x80>824</x80>
      <y80>685</y80>
      <x81>824</x81>
      <y81>679</y81>
      <x82>836</x82>
      <y82>667</y82>
      <x83>839</x83>
      <y83>659</y83>
      <x84>839</x84>
      <y84>633</y84>
      <x85>838</x85>
      <y85>632</y85>
      <x86>838</x86>
      <y86>467</y86>
      <x87>840</x87>
      <y87>462</y87>
      <x88>844</x88>
      <y88>458</y88>
      <x89>853</x89>
      <y89>453</y89>
      <x90>860</x90>
      <y90>445</y90>
      <x91>879</x91>
      <y91>440</y91>
      <x92>902</x92>
      <y92>418</y92>
      <x93>903</x93>
      <y93>416</y93>
      <x94>903</x94>
      <y94>402</y94>
      <x95>901</x95>
      <y95>393</y95>
      <x96>901</x96>
      <y96>384</y96>
      <x97>906</x97>
      <y97>381</y97>
      <x98>912</x98>
      <y98>381</y98>
      <x99>924</x99>
      <y99>378</y99>
      <x100>929</x100>
      <y100>374</y100>
      <x101>929</x101>
      <y101>369</y101>
      <x102>917</x102>
      <y102>336</y102>
      <x103>917</x103>
      <y103>333</y103>
      <x104>911</x104>
      <y104>316</y104>
      <x105>910</x105>
      <y105>309</y105>
      <x106>907</x106>
      <y106>302</y106>
      <x107>905</x107>
      <y107>291</y107>
      <x108>900</x108>
      <y108>278</y108>
      <x109>900</x109>
      <y109>275</y109>
      <x110>898</x110>
      <y110>272</y110>
      <x111>892</x111>
      <y111>253</y111>
      <x112>888</x112>
      <y112>246</y112>
      <x113>887</x113>
      <y113>239</y113>
      <x114>876</x114>
      <y114>211</y114>
      <x115>873</x115>
      <y115>208</y115>
      <x116>866</x116>
      <y116>197</y116>
      <x117>866</x117>
      <y117>195</y117>
      <x118>848</x118>
      <y118>172</y118>
      <x119>843</x119>
      <y119>168</y119>
      <x120>841</x120>
      <y120>164</y120>
      <x121>837</x121>
      <y121>161</y121>
      <x122>836</x122>
      <y122>158</y122>
      <x123>828</x123>
      <y123>149</y123>
      <x124>815</x124>
      <y124>142</y124>
      <x125>808</x125>
      <y125>140</y125>
      <x126>803</x126>
      <y126>140</y126>
      <x127>775</x127>
      <y127>131</y127>
      <x128>771</x128>
      <y128>129</y128>
      <x129>757</x129>
      <y129>115</y129>
      <x130>756</x130>
      <y130>111</y130>
      <x131>759</x131>
      <y131>103</y131>
      <x132>770</x132>
      <y132>92</y132>
      <x133>779</x133>
      <y133>71</y133>
      <x134>777</x134>
      <y134>59</y134>
      <x135>773</x135>
      <y135>49</y135>
      <x136>764</x136>
      <y136>41</y136>
      <x137>758</x137>
      <y137>38</y137>
      <x138>737</x138>
      <y138>37</y138>
    </polygon>
  </object>
</annotation>
