<?xml version="1.0" ?>
<annotation>
  <folder>VOC</folder>
  <filename>33-1.png</filename>
  <source>
    <database>roboflow.ai</database>
  </source>
  <size>
    <width>1456</width>
    <height>816</height>
    <depth>3</depth>
  </size>
  <segmented>0</segmented>
  <object>
    <name>person</name>
    <bndbox>
      <xmin>678</xmin>
      <ymin>442</ymin>
      <xmax>841</xmax>
      <ymax>676</ymax>
    </bndbox>
    <polygon>
      <x1>775</x1>
      <y1>442</y1>
      <x2>765</x2>
      <y2>444</y2>
      <x3>759</x3>
      <y3>447</y3>
      <x4>755</x4>
      <y4>453</y4>
      <x5>750</x5>
      <y5>467</y5>
      <x6>750</x6>
      <y6>478</y6>
      <x7>752</x7>
      <y7>482</y7>
      <x8>756</x8>
      <y8>499</y8>
      <x9>765</x9>
      <y9>510</y9>
      <x10>772</x10>
      <y10>514</y10>
      <x11>772</x11>
      <y11>520</y11>
      <x12>769</x12>
      <y12>524</y12>
      <x13>765</x13>
      <y13>524</y13>
      <x14>762</x14>
      <y14>526</y14>
      <x15>754</x15>
      <y15>528</y15>
      <x16>747</x16>
      <y16>533</y16>
      <x17>744</x17>
      <y17>540</y17>
      <x18>741</x18>
      <y18>569</y18>
      <x19>737</x19>
      <y19>585</y19>
      <x20>733</x20>
      <y20>589</y20>
      <x21>723</x21>
      <y21>594</y21>
      <x22>712</x22>
      <y22>597</y22>
      <x23>706</x23>
      <y23>600</y23>
      <x24>687</x24>
      <y24>600</y24>
      <x25>686</x25>
      <y25>599</y25>
      <x26>680</x26>
      <y26>601</y26>
      <x27>678</x27>
      <y27>604</y27>
      <x28>678</x28>
      <y28>616</y28>
      <x29>679</x29>
      <y29>617</y29>
      <x30>679</x30>
      <y30>623</y30>
      <x31>681</x31>
      <y31>628</y31>
      <x32>684</x32>
      <y32>631</y32>
      <x33>696</x33>
      <y33>636</y33>
      <x34>706</x34>
      <y34>643</y34>
      <x35>721</x35>
      <y35>651</y35>
      <x36>732</x36>
      <y36>661</y36>
      <x37>744</x37>
      <y37>667</y37>
      <x38>758</x38>
      <y38>672</y38>
      <x39>778</x39>
      <y39>676</y39>
      <x40>797</x40>
      <y40>676</y40>
      <x41>813</x41>
      <y41>671</y41>
      <x42>824</x42>
      <y42>665</y42>
      <x43>831</x43>
      <y43>658</y43>
      <x44>834</x44>
      <y44>651</y44>
      <x45>835</x45>
      <y45>640</y45>
      <x46>836</x46>
      <y46>639</y46>
      <x47>836</x47>
      <y47>629</y47>
      <x48>834</x48>
      <y48>624</y48>
      <x49>832</x49>
      <y49>609</y49>
      <x50>841</x50>
      <y50>600</y50>
      <x51>841</x51>
      <y51>586</y51>
      <x52>839</x52>
      <y52>582</y52>
      <x53>839</x53>
      <y53>557</y53>
      <x54>840</x54>
      <y54>556</y54>
      <x55>841</x55>
      <y55>528</y55>
      <x56>837</x56>
      <y56>519</y56>
      <x57>834</x57>
      <y57>516</y57>
      <x58>827</x58>
      <y58>514</y58>
      <x59>822</x59>
      <y59>511</y59>
      <x60>814</x60>
      <y60>510</y60>
      <x61>811</x61>
      <y61>508</y61>
      <x62>819</x62>
      <y62>501</y62>
      <x63>821</x63>
      <y63>497</y63>
      <x64>821</x64>
      <y64>485</y64>
      <x65>817</x65>
      <y65>475</y65>
      <x66>807</x66>
      <y66>460</y66>
      <x67>798</x67>
      <y67>449</y67>
      <x68>787</x68>
      <y68>442</y68>
    </polygon>
  </object>
</annotation>
