<?xml version="1.0" ?>
<annotation>
  <folder>VOC</folder>
  <filename>34-1.png</filename>
  <source>
    <database>roboflow.ai</database>
  </source>
  <size>
    <width>1456</width>
    <height>816</height>
    <depth>3</depth>
  </size>
  <segmented>0</segmented>
  <object>
    <name>person</name>
    <bndbox>
      <xmin>1000</xmin>
      <ymin>183</ymin>
      <xmax>1071</xmax>
      <ymax>362</ymax>
    </bndbox>
    <polygon>
      <x1>1039</x1>
      <y1>183</y1>
      <x2>1032</x2>
      <y2>183</y2>
      <x3>1027</x3>
      <y3>187</y3>
      <x4>1026</x4>
      <y4>190</y4>
      <x5>1027</x5>
      <y5>195</y5>
      <x6>1033</x6>
      <y6>204</y6>
      <x7>1034</x7>
      <y7>208</y7>
      <x8>1020</x8>
      <y8>211</y8>
      <x9>1018</x9>
      <y9>213</y9>
      <x10>1015</x10>
      <y10>220</y10>
      <x11>1012</x11>
      <y11>237</y11>
      <x12>1000</x12>
      <y12>268</y12>
      <x13>1000</x13>
      <y13>273</y13>
      <x14>1002</x14>
      <y14>276</y14>
      <x15>1004</x15>
      <y15>276</y15>
      <x16>1007</x16>
      <y16>264</y16>
      <x17>1016</x17>
      <y17>249</y17>
      <x18>1020</x18>
      <y18>237</y18>
      <x19>1025</x19>
      <y19>235</y19>
      <x20>1027</x20>
      <y20>237</y20>
      <x21>1027</x21>
      <y21>267</y21>
      <x22>1025</x22>
      <y22>279</y22>
      <x23>1025</x23>
      <y23>293</y23>
      <x24>1028</x24>
      <y24>298</y24>
      <x25>1030</x25>
      <y25>312</y25>
      <x26>1029</x26>
      <y26>318</y26>
      <x27>1030</x27>
      <y27>346</y27>
      <x28>1027</x28>
      <y28>351</y28>
      <x29>1025</x29>
      <y29>352</y29>
      <x30>1020</x30>
      <y30>351</y30>
      <x31>1015</x31>
      <y31>356</y31>
      <x32>1017</x32>
      <y32>360</y32>
      <x33>1025</x33>
      <y33>362</y33>
      <x34>1032</x34>
      <y34>362</y34>
      <x35>1034</x35>
      <y35>360</y35>
      <x36>1034</x36>
      <y36>349</y36>
      <x37>1040</x37>
      <y37>328</y37>
      <x38>1040</x38>
      <y38>299</y38>
      <x39>1044</x39>
      <y39>289</y39>
      <x40>1050</x40>
      <y40>295</y40>
      <x41>1052</x41>
      <y41>305</y41>
      <x42>1055</x42>
      <y42>310</y42>
      <x43>1058</x43>
      <y43>321</y43>
      <x44>1058</x44>
      <y44>329</y44>
      <x45>1061</x45>
      <y45>343</y45>
      <x46>1059</x46>
      <y46>352</y46>
      <x47>1060</x47>
      <y47>358</y47>
      <x48>1065</x48>
      <y48>359</y48>
      <x49>1067</x49>
      <y49>356</y49>
      <x50>1066</x50>
      <y50>339</y50>
      <x51>1068</x51>
      <y51>325</y51>
      <x52>1062</x52>
      <y52>303</y52>
      <x53>1062</x53>
      <y53>297</y53>
      <x54>1064</x54>
      <y54>292</y54>
      <x55>1064</x55>
      <y55>265</y55>
      <x56>1070</x56>
      <y56>258</y56>
      <x57>1071</x57>
      <y57>245</y57>
      <x58>1065</x58>
      <y58>227</y58>
      <x59>1065</x59>
      <y59>223</y59>
      <x60>1061</x60>
      <y60>215</y60>
      <x61>1045</x61>
      <y61>207</y61>
      <x62>1044</x62>
      <y62>200</y62>
      <x63>1046</x63>
      <y63>196</y63>
      <x64>1046</x64>
      <y64>190</y64>
    </polygon>
  </object>
  <object>
    <name>person</name>
    <bndbox>
      <xmin>1121</xmin>
      <ymin>209</ymin>
      <xmax>1191</xmax>
      <ymax>364</ymax>
    </bndbox>
    <polygon>
      <x1>1150</x1>
      <y1>209</y1>
      <x2>1144</x2>
      <y2>215</y2>
      <x3>1144</x3>
      <y3>220</y3>
      <x4>1149</x4>
      <y4>229</y4>
      <x5>1148</x5>
      <y5>235</y5>
      <x6>1141</x6>
      <y6>238</y6>
      <x7>1137</x7>
      <y7>242</y7>
      <x8>1133</x8>
      <y8>258</y8>
      <x9>1130</x9>
      <y9>261</y9>
      <x10>1127</x10>
      <y10>260</y10>
      <x11>1123</x11>
      <y11>253</y11>
      <x12>1121</x12>
      <y12>258</y12>
      <x13>1124</x13>
      <y13>264</y13>
      <x14>1122</x14>
      <y14>271</y14>
      <x15>1125</x15>
      <y15>275</y15>
      <x16>1122</x16>
      <y16>282</y16>
      <x17>1123</x17>
      <y17>294</y17>
      <x18>1124</x18>
      <y18>295</y18>
      <x19>1127</x19>
      <y19>290</y19>
      <x20>1130</x20>
      <y20>269</y20>
      <x21>1139</x21>
      <y21>260</y21>
      <x22>1142</x22>
      <y22>263</y22>
      <x23>1142</x23>
      <y23>265</y23>
      <x24>1138</x24>
      <y24>269</y24>
      <x25>1138</x25>
      <y25>275</y25>
      <x26>1142</x26>
      <y26>276</y26>
      <x27>1146</x27>
      <y27>280</y27>
      <x28>1146</x28>
      <y28>295</y28>
      <x29>1149</x29>
      <y29>303</y29>
      <x30>1148</x30>
      <y30>308</y30>
      <x31>1150</x31>
      <y31>323</y31>
      <x32>1152</x32>
      <y32>326</y32>
      <x33>1153</x33>
      <y33>360</y33>
      <x34>1157</x34>
      <y34>364</y34>
      <x35>1160</x35>
      <y35>362</y35>
      <x36>1159</x36>
      <y36>318</y36>
      <x37>1160</x37>
      <y37>310</y37>
      <x38>1162</x38>
      <y38>307</y38>
      <x39>1165</x39>
      <y39>310</y39>
      <x40>1172</x40>
      <y40>329</y40>
      <x41>1174</x41>
      <y41>361</y41>
      <x42>1177</x42>
      <y42>364</y42>
      <x43>1180</x43>
      <y43>364</y43>
      <x44>1180</x44>
      <y44>351</y44>
      <x45>1182</x45>
      <y45>341</y45>
      <x46>1180</x46>
      <y46>330</y46>
      <x47>1180</x47>
      <y47>305</y47>
      <x48>1187</x48>
      <y48>299</y48>
      <x49>1191</x49>
      <y49>293</y49>
      <x50>1190</x50>
      <y50>274</y50>
      <x51>1179</x51>
      <y51>243</y51>
      <x52>1175</x52>
      <y52>239</y52>
      <x53>1161</x53>
      <y53>232</y53>
      <x54>1160</x54>
      <y54>229</y54>
      <x55>1163</x55>
      <y55>218</y55>
      <x56>1157</x56>
      <y56>210</y56>
    </polygon>
  </object>
  <object>
    <name>person</name>
    <bndbox>
      <xmin>1203</xmin>
      <ymin>208</ymin>
      <xmax>1251</xmax>
      <ymax>381</ymax>
    </bndbox>
    <polygon>
      <x1>1207</x1>
      <y1>208</y1>
      <x2>1203</x2>
      <y2>213</y2>
      <x3>1203</x3>
      <y3>218</y3>
      <x4>1207</x4>
      <y4>223</y4>
      <x5>1209</x5>
      <y5>236</y5>
      <x6>1203</x6>
      <y6>247</y6>
      <x7>1206</x7>
      <y7>251</y7>
      <x8>1204</x8>
      <y8>277</y8>
      <x9>1208</x9>
      <y9>285</y9>
      <x10>1206</x10>
      <y10>290</y10>
      <x11>1206</x11>
      <y11>301</y11>
      <x12>1211</x12>
      <y12>329</y12>
      <x13>1211</x13>
      <y13>349</y13>
      <x14>1213</x14>
      <y14>354</y14>
      <x15>1212</x15>
      <y15>363</y15>
      <x16>1215</x16>
      <y16>369</y16>
      <x17>1219</x17>
      <y17>364</y17>
      <x18>1220</x18>
      <y18>354</y18>
      <x19>1222</x19>
      <y19>351</y19>
      <x20>1222</x20>
      <y20>320</y20>
      <x21>1225</x21>
      <y21>317</y21>
      <x22>1231</x22>
      <y22>318</y22>
      <x23>1233</x23>
      <y23>321</y23>
      <x24>1233</x24>
      <y24>328</y24>
      <x25>1238</x25>
      <y25>333</y25>
      <x26>1239</x26>
      <y26>355</y26>
      <x27>1237</x27>
      <y27>364</y27>
      <x28>1234</x28>
      <y28>367</y28>
      <x29>1224</x29>
      <y29>371</y29>
      <x30>1224</x30>
      <y30>376</y30>
      <x31>1231</x31>
      <y31>381</y31>
      <x32>1243</x32>
      <y32>381</y32>
      <x33>1246</x33>
      <y33>377</y33>
      <x34>1245</x34>
      <y34>363</y34>
      <x35>1247</x35>
      <y35>342</y35>
      <x36>1242</x36>
      <y36>324</y36>
      <x37>1242</x37>
      <y37>320</y37>
      <x38>1246</x38>
      <y38>315</y38>
      <x39>1244</x39>
      <y39>284</y39>
      <x40>1249</x40>
      <y40>280</y40>
      <x41>1251</x41>
      <y41>271</y41>
      <x42>1251</x42>
      <y42>256</y42>
      <x43>1246</x43>
      <y43>239</y43>
      <x44>1236</x44>
      <y44>233</y44>
      <x45>1223</x45>
      <y45>231</y45>
      <x46>1218</x46>
      <y46>225</y46>
      <x47>1218</x47>
      <y47>212</y47>
      <x48>1213</x48>
      <y48>208</y48>
    </polygon>
  </object>
</annotation>
