<?xml version="1.0" ?>
<annotation>
  <folder>VOC</folder>
  <filename>35-1.png</filename>
  <source>
    <database>roboflow.ai</database>
  </source>
  <size>
    <width>1456</width>
    <height>816</height>
    <depth>3</depth>
  </size>
  <segmented>0</segmented>
  <object>
    <name>person</name>
    <bndbox>
      <xmin>382</xmin>
      <ymin>44</ymin>
      <xmax>1037</xmax>
      <ymax>812</ymax>
    </bndbox>
    <polygon>
      <x1>756</x1>
      <y1>49</y1>
      <x2>748</x2>
      <y2>48</y2>
      <x3>735</x3>
      <y3>44</y3>
      <x4>714</x4>
      <y4>44</y4>
      <x5>713</x5>
      <y5>45</y5>
      <x6>700</x6>
      <y6>46</y6>
      <x7>691</x7>
      <y7>49</y7>
      <x8>672</x8>
      <y8>52</y8>
      <x9>662</x9>
      <y9>55</y9>
      <x10>655</x10>
      <y10>60</y10>
      <x11>654</x11>
      <y11>64</y11>
      <x12>651</x12>
      <y12>68</y12>
      <x13>645</x13>
      <y13>72</y13>
      <x14>639</x14>
      <y14>71</y14>
      <x15>640</x15>
      <y15>76</y15>
      <x16>629</x16>
      <y16>90</y16>
      <x17>624</x17>
      <y17>103</y17>
      <x18>624</x18>
      <y18>109</y18>
      <x19>623</x19>
      <y19>110</y19>
      <x20>624</x20>
      <y20>115</y20>
      <x21>623</x21>
      <y21>126</y21>
      <x22>624</x22>
      <y22>128</y22>
      <x23>623</x23>
      <y23>129</y23>
      <x24>623</x24>
      <y24>141</y24>
      <x25>620</x25>
      <y25>151</y25>
      <x26>620</x26>
      <y26>166</y26>
      <x27>621</x27>
      <y27>167</y27>
      <x28>621</x28>
      <y28>178</y28>
      <x29>622</x29>
      <y29>179</y29>
      <x30>622</x30>
      <y30>186</y30>
      <x31>624</x31>
      <y31>195</y31>
      <x32>627</x32>
      <y32>201</y32>
      <x33>634</x33>
      <y33>207</y33>
      <x34>638</x34>
      <y34>225</y34>
      <x35>642</x35>
      <y35>234</y35>
      <x36>643</x36>
      <y36>244</y36>
      <x37>645</x37>
      <y37>248</y37>
      <x38>644</x38>
      <y38>254</y38>
      <x39>632</x39>
      <y39>265</y39>
      <x40>619</x40>
      <y40>284</y40>
      <x41>608</x41>
      <y41>292</y41>
      <x42>603</x42>
      <y42>298</y42>
      <x43>553</x43>
      <y43>314</y43>
      <x44>547</x44>
      <y44>318</y44>
      <x45>544</x45>
      <y45>318</y45>
      <x46>537</x46>
      <y46>322</y46>
      <x47>519</x47>
      <y47>328</y47>
      <x48>495</x48>
      <y48>339</y48>
      <x49>487</x49>
      <y49>341</y49>
      <x50>464</x50>
      <y50>351</y50>
      <x51>443</x51>
      <y51>364</y51>
      <x52>432</x52>
      <y52>375</y52>
      <x53>428</x53>
      <y53>383</y53>
      <x54>425</x54>
      <y54>397</y54>
      <x55>425</x55>
      <y55>407</y55>
      <x56>424</x56>
      <y56>408</y56>
      <x57>424</x57>
      <y57>434</y57>
      <x58>423</x58>
      <y58>435</y58>
      <x59>423</x59>
      <y59>440</y59>
      <x60>418</x60>
      <y60>459</y60>
      <x61>418</x61>
      <y61>463</y61>
      <x62>414</x62>
      <y62>474</y62>
      <x63>412</x63>
      <y63>486</y63>
      <x64>408</x64>
      <y64>497</y64>
      <x65>408</x65>
      <y65>502</y65>
      <x66>402</x66>
      <y66>523</y66>
      <x67>402</x67>
      <y67>528</y67>
      <x68>399</x68>
      <y68>536</y68>
      <x69>396</x69>
      <y69>558</y69>
      <x70>395</x70>
      <y70>559</y70>
      <x71>395</x71>
      <y71>566</y71>
      <x72>393</x72>
      <y72>571</y72>
      <x73>391</x73>
      <y73>588</y73>
      <x74>390</x74>
      <y74>589</y74>
      <x75>388</x75>
      <y75>622</y75>
      <x76>386</x76>
      <y76>627</y76>
      <x77>383</x77>
      <y77>648</y77>
      <x78>382</x78>
      <y78>649</y78>
      <x79>383</x79>
      <y79>680</y79>
      <x80>385</x80>
      <y80>683</y80>
      <x81>386</x81>
      <y81>696</y81>
      <x82>389</x82>
      <y82>701</y82>
      <x83>393</x83>
      <y83>719</y83>
      <x84>397</x84>
      <y84>727</y84>
      <x85>401</x85>
      <y85>731</y85>
      <x86>405</x86>
      <y86>733</y86>
      <x87>410</x87>
      <y87>739</y87>
      <x88>418</x88>
      <y88>744</y88>
      <x89>429</x89>
      <y89>745</y89>
      <x90>430</x90>
      <y90>746</y90>
      <x91>463</x91>
      <y91>748</y91>
      <x92>464</x92>
      <y92>747</y92>
      <x93>481</x93>
      <y93>747</y93>
      <x94>482</x94>
      <y94>746</y94>
      <x95>505</x95>
      <y95>746</y95>
      <x96>521</x96>
      <y96>743</y96>
      <x97>525</x97>
      <y97>750</y97>
      <x98>523</x98>
      <y98>797</y98>
      <x99>526</x99>
      <y99>807</y99>
      <x100>532</x100>
      <y100>811</y100>
      <x101>536</x101>
      <y101>812</y101>
      <x102>889</x102>
      <y102>812</y102>
      <x103>892</x103>
      <y103>810</y103>
      <x104>894</x104>
      <y104>805</y104>
      <x105>892</x105>
      <y105>766</y105>
      <x106>891</x106>
      <y106>765</y106>
      <x107>891</x107>
      <y107>750</y107>
      <x108>893</x108>
      <y108>742</y108>
      <x109>895</x109>
      <y109>740</y109>
      <x110>905</x110>
      <y110>744</y110>
      <x111>914</x111>
      <y111>745</y111>
      <x112>922</x112>
      <y112>748</y112>
      <x113>937</x113>
      <y113>748</y113>
      <x114>947</x114>
      <y114>750</y114>
      <x115>971</x115>
      <y115>750</y115>
      <x116>997</x116>
      <y116>745</y116>
      <x117>1009</x117>
      <y117>736</y117>
      <x118>1012</x118>
      <y118>731</y118>
      <x119>1018</x119>
      <y119>726</y119>
      <x120>1025</x120>
      <y120>713</y120>
      <x121>1026</x121>
      <y121>708</y121>
      <x122>1031</x122>
      <y122>702</y122>
      <x123>1032</x123>
      <y123>696</y123>
      <x124>1035</x124>
      <y124>690</y124>
      <x125>1035</x125>
      <y125>668</y125>
      <x126>1036</x126>
      <y126>667</y126>
      <x127>1037</x127>
      <y127>642</y127>
      <x128>1036</x128>
      <y128>641</y128>
      <x129>1036</x129>
      <y129>634</y129>
      <x130>1034</x130>
      <y130>629</y130>
      <x131>1034</x131>
      <y131>621</y131>
      <x132>1033</x132>
      <y132>620</y132>
      <x133>1032</x133>
      <y133>582</y133>
      <x134>1025</x134>
      <y134>549</y134>
      <x135>1023</x135>
      <y135>518</y135>
      <x136>1021</x136>
      <y136>514</y136>
      <x137>1021</x137>
      <y137>508</y137>
      <x138>1019</x138>
      <y138>503</y138>
      <x139>1019</x139>
      <y139>497</y139>
      <x140>1016</x140>
      <y140>487</y140>
      <x141>1016</x141>
      <y141>483</y141>
      <x142>1013</x142>
      <y142>474</y142>
      <x143>1012</x143>
      <y143>464</y143>
      <x144>1009</x144>
      <y144>458</y144>
      <x145>1006</x145>
      <y145>445</y145>
      <x146>1006</x146>
      <y146>438</y146>
      <x147>1005</x147>
      <y147>437</y147>
      <x148>1005</x148>
      <y148>420</y148>
      <x149>1006</x149>
      <y149>419</y149>
      <x150>1005</x150>
      <y150>416</y150>
      <x151>1005</x151>
      <y151>402</y151>
      <x152>1000</x152>
      <y152>378</y152>
      <x153>988</x153>
      <y153>365</y153>
      <x154>982</x154>
      <y154>362</y154>
      <x155>970</x155>
      <y155>353</y155>
      <x156>955</x156>
      <y156>345</y156>
      <x157>885</x157>
      <y157>322</y157>
      <x158>882</x158>
      <y158>322</y158>
      <x159>879</x159>
      <y159>320</y159>
      <x160>867</x160>
      <y160>317</y160>
      <x161>859</x161>
      <y161>313</y161>
      <x162>856</x162>
      <y162>313</y162>
      <x163>837</x163>
      <y163>306</y163>
      <x164>831</x164>
      <y164>305</y164>
      <x165>828</x165>
      <y165>303</y165>
      <x166>822</x166>
      <y166>302</y166>
      <x167>813</x167>
      <y167>295</y167>
      <x168>807</x168>
      <y168>292</y168>
      <x169>799</x169>
      <y169>284</y169>
      <x170>792</x170>
      <y170>268</y170>
      <x171>781</x171>
      <y171>256</y171>
      <x172>777</x172>
      <y172>247</y172>
      <x173>779</x173>
      <y173>242</y173>
      <x174>779</x174>
      <y174>228</y174>
      <x175>782</x175>
      <y175>218</y175>
      <x176>786</x176>
      <y176>212</y176>
      <x177>786</x177>
      <y177>209</y177>
      <x178>789</x178>
      <y178>205</y178>
      <x179>797</x179>
      <y179>203</y179>
      <x180>804</x180>
      <y180>198</y180>
      <x181>808</x181>
      <y181>191</y181>
      <x182>813</x182>
      <y182>171</y182>
      <x183>814</x183>
      <y183>156</y183>
      <x184>811</x184>
      <y184>148</y184>
      <x185>806</x185>
      <y185>144</y185>
      <x186>806</x186>
      <y186>135</y186>
      <x187>805</x187>
      <y187>134</y187>
      <x188>805</x188>
      <y188>116</y188>
      <x189>807</x189>
      <y189>107</y189>
      <x190>807</x190>
      <y190>94</y190>
      <x191>803</x191>
      <y191>84</y191>
      <x192>801</x192>
      <y192>70</y192>
      <x193>797</x193>
      <y193>64</y193>
      <x194>793</x194>
      <y194>62</y194>
      <x195>774</x195>
      <y195>58</y195>
      <x196>772</x196>
      <y196>56</y196>
    </polygon>
  </object>
</annotation>
