<?xml version="1.0" ?>
<annotation>
  <folder>VOC</folder>
  <filename>36-1.png</filename>
  <source>
    <database>roboflow.ai</database>
  </source>
  <size>
    <width>1456</width>
    <height>816</height>
    <depth>3</depth>
  </size>
  <segmented>0</segmented>
  <object>
    <name>person</name>
    <bndbox>
      <xmin>586</xmin>
      <ymin>68</ymin>
      <xmax>876</xmax>
      <ymax>589</ymax>
    </bndbox>
    <polygon>
      <x1>733</x1>
      <y1>68</y1>
      <x2>717</x2>
      <y2>68</y2>
      <x3>712</x3>
      <y3>70</y3>
      <x4>708</x4>
      <y4>70</y4>
      <x5>697</x5>
      <y5>75</y5>
      <x6>695</x6>
      <y6>80</y6>
      <x7>695</x7>
      <y7>86</y7>
      <x8>696</x8>
      <y8>87</y8>
      <x9>695</x9>
      <y9>88</y9>
      <x10>695</x10>
      <y10>99</y10>
      <x11>697</x11>
      <y11>104</y11>
      <x12>696</x12>
      <y12>115</y12>
      <x13>695</x13>
      <y13>116</y13>
      <x14>696</x14>
      <y14>124</y14>
      <x15>701</x15>
      <y15>140</y15>
      <x16>707</x16>
      <y16>147</y16>
      <x17>711</x17>
      <y17>155</y17>
      <x18>712</x18>
      <y18>168</y18>
      <x19>708</x19>
      <y19>172</y19>
      <x20>703</x20>
      <y20>174</y20>
      <x21>690</x21>
      <y21>184</y21>
      <x22>677</x22>
      <y22>186</y22>
      <x23>664</x23>
      <y23>191</y23>
      <x24>656</x24>
      <y24>192</y24>
      <x25>644</x25>
      <y25>196</y25>
      <x26>635</x26>
      <y26>201</y26>
      <x27>630</x27>
      <y27>206</y27>
      <x28>629</x28>
      <y28>209</y28>
      <x29>623</x29>
      <y29>216</y29>
      <x30>615</x30>
      <y30>229</y30>
      <x31>609</x31>
      <y31>241</y31>
      <x32>609</x32>
      <y32>244</y32>
      <x33>606</x33>
      <y33>251</y33>
      <x34>598</x34>
      <y34>265</y34>
      <x35>596</x35>
      <y35>272</y35>
      <x36>586</x36>
      <y36>293</y36>
      <x37>588</x37>
      <y37>303</y37>
      <x38>598</x38>
      <y38>317</y38>
      <x39>600</x39>
      <y39>342</y39>
      <x40>608</x40>
      <y40>369</y40>
      <x41>610</x41>
      <y41>385</y41>
      <x42>613</x42>
      <y42>389</y42>
      <x43>623</x43>
      <y43>390</y43>
      <x44>630</x44>
      <y44>383</y44>
      <x45>631</x45>
      <y45>365</y45>
      <x46>633</x46>
      <y46>360</y46>
      <x47>633</x47>
      <y47>354</y47>
      <x48>637</x48>
      <y48>348</y48>
      <x49>641</x49>
      <y49>331</y49>
      <x50>645</x50>
      <y50>324</y50>
      <x51>647</x51>
      <y51>324</y51>
      <x52>651</x52>
      <y52>329</y52>
      <x53>651</x53>
      <y53>351</y53>
      <x54>649</x54>
      <y54>361</y54>
      <x55>645</x55>
      <y55>368</y55>
      <x56>639</x56>
      <y56>387</y56>
      <x57>637</x57>
      <y57>430</y57>
      <x58>639</x58>
      <y58>436</y58>
      <x59>638</x59>
      <y59>478</y59>
      <x60>641</x60>
      <y60>491</y60>
      <x61>641</x61>
      <y61>504</y61>
      <x62>639</x62>
      <y62>514</y62>
      <x63>636</x63>
      <y63>519</y63>
      <x64>635</x64>
      <y64>533</y64>
      <x65>636</x65>
      <y65>534</y65>
      <x66>636</x66>
      <y66>542</y66>
      <x67>639</x67>
      <y67>549</y67>
      <x68>641</x68>
      <y68>561</y68>
      <x69>645</x69>
      <y69>570</y69>
      <x70>649</x70>
      <y70>576</y70>
      <x71>658</x71>
      <y71>585</y71>
      <x72>667</x72>
      <y72>589</y72>
      <x73>672</x73>
      <y73>589</y73>
      <x74>683</x74>
      <y74>585</y74>
      <x75>690</x75>
      <y75>579</y75>
      <x76>697</x76>
      <y76>566</y76>
      <x77>700</x77>
      <y77>555</y77>
      <x78>700</x78>
      <y78>536</y78>
      <x79>706</x79>
      <y79>508</y79>
      <x80>707</x80>
      <y80>496</y80>
      <x81>716</x81>
      <y81>476</y81>
      <x82>718</x82>
      <y82>465</y82>
      <x83>720</x83>
      <y83>461</y83>
      <x84>720</x84>
      <y84>457</y84>
      <x85>723</x85>
      <y85>449</y85>
      <x86>729</x86>
      <y86>442</y86>
      <x87>732</x87>
      <y87>443</y87>
      <x88>732</x88>
      <y88>446</y88>
      <x89>736</x89>
      <y89>456</y89>
      <x90>738</x90>
      <y90>468</y90>
      <x91>747</x91>
      <y91>497</y91>
      <x92>751</x92>
      <y92>518</y92>
      <x93>757</x93>
      <y93>534</y93>
      <x94>761</x94>
      <y94>552</y94>
      <x95>771</x95>
      <y95>575</y95>
      <x96>781</x96>
      <y96>582</y96>
      <x97>789</x97>
      <y97>584</y97>
      <x98>794</x98>
      <y98>584</y98>
      <x99>799</x99>
      <y99>582</y99>
      <x100>806</x100>
      <y100>577</y100>
      <x101>810</x101>
      <y101>557</y101>
      <x102>809</x102>
      <y102>487</y102>
      <x103>810</x103>
      <y103>486</y103>
      <x104>810</x104>
      <y104>474</y104>
      <x105>811</x105>
      <y105>473</y105>
      <x106>811</x106>
      <y106>459</y106>
      <x107>815</x107>
      <y107>445</y107>
      <x108>816</x108>
      <y108>419</y108>
      <x109>818</x109>
      <y109>413</y109>
      <x110>817</x110>
      <y110>382</y110>
      <x111>820</x111>
      <y111>378</y111>
      <x112>823</x112>
      <y112>378</y112>
      <x113>825</x113>
      <y113>380</y113>
      <x114>832</x114>
      <y114>380</y114>
      <x115>838</x115>
      <y115>377</y115>
      <x116>843</x116>
      <y116>371</y116>
      <x117>847</x117>
      <y117>361</y117>
      <x118>850</x118>
      <y118>348</y118>
      <x119>853</x119>
      <y119>343</y119>
      <x120>856</x120>
      <y120>333</y120>
      <x121>866</x121>
      <y121>317</y121>
      <x122>868</x122>
      <y122>310</y122>
      <x123>868</x123>
      <y123>305</y123>
      <x124>874</x124>
      <y124>295</y124>
      <x125>876</x125>
      <y125>286</y125>
      <x126>876</x126>
      <y126>279</y126>
      <x127>872</x127>
      <y127>265</y127>
      <x128>872</x128>
      <y128>260</y128>
      <x129>867</x129>
      <y129>245</y129>
      <x130>862</x130>
      <y130>235</y130>
      <x131>857</x131>
      <y131>215</y131>
      <x132>840</x132>
      <y132>190</y132>
      <x133>833</x133>
      <y133>185</y133>
      <x134>818</x134>
      <y134>180</y134>
      <x135>788</x135>
      <y135>179</y135>
      <x136>776</x136>
      <y136>169</y136>
      <x137>772</x137>
      <y137>167</y137>
      <x138>770</x138>
      <y138>148</y138>
      <x139>781</x139>
      <y139>128</y139>
      <x140>784</x140>
      <y140>119</y140>
      <x141>784</x141>
      <y141>111</y141>
      <x142>783</x142>
      <y142>110</y142>
      <x143>782</x143>
      <y143>100</y143>
      <x144>777</x144>
      <y144>88</y144>
      <x145>771</x145>
      <y145>81</y145>
      <x146>762</x146>
      <y146>75</y146>
    </polygon>
  </object>
</annotation>
