<?xml version="1.0" ?>
<annotation>
  <folder>VOC</folder>
  <filename>37-1.png</filename>
  <source>
    <database>roboflow.ai</database>
  </source>
  <size>
    <width>1456</width>
    <height>816</height>
    <depth>3</depth>
  </size>
  <segmented>0</segmented>
  <object>
    <name>person</name>
    <bndbox>
      <xmin>657</xmin>
      <ymin>202</ymin>
      <xmax>959</xmax>
      <ymax>814</ymax>
    </bndbox>
    <polygon>
      <x1>872</x1>
      <y1>208</y1>
      <x2>847</x2>
      <y2>203</y2>
      <x3>824</x3>
      <y3>202</y3>
      <x4>814</x4>
      <y4>205</y4>
      <x5>805</x5>
      <y5>214</y5>
      <x6>789</x6>
      <y6>213</y6>
      <x7>788</x7>
      <y7>212</y7>
      <x8>787</x8>
      <y8>213</y8>
      <x9>782</x9>
      <y9>213</y9>
      <x10>774</x10>
      <y10>217</y10>
      <x11>768</x11>
      <y11>224</y11>
      <x12>765</x12>
      <y12>230</y12>
      <x13>764</x13>
      <y13>237</y13>
      <x14>766</x14>
      <y14>243</y14>
      <x15>783</x15>
      <y15>257</y15>
      <x16>786</x16>
      <y16>258</y16>
      <x17>791</x17>
      <y17>263</y17>
      <x18>789</x18>
      <y18>268</y18>
      <x19>789</x19>
      <y19>275</y19>
      <x20>785</x20>
      <y20>281</y20>
      <x21>781</x21>
      <y21>282</y21>
      <x22>773</x22>
      <y22>274</y22>
      <x23>768</x23>
      <y23>271</y23>
      <x24>759</x24>
      <y24>270</y24>
      <x25>747</x25>
      <y25>282</y25>
      <x26>743</x26>
      <y26>290</y26>
      <x27>735</x27>
      <y27>295</y27>
      <x28>734</x28>
      <y28>299</y28>
      <x29>730</x29>
      <y29>305</y29>
      <x30>723</x30>
      <y30>310</y30>
      <x31>705</x31>
      <y31>319</y31>
      <x32>697</x32>
      <y32>325</y32>
      <x33>690</x33>
      <y33>328</y33>
      <x34>680</x34>
      <y34>337</y34>
      <x35>679</x35>
      <y35>341</y35>
      <x36>674</x36>
      <y36>349</y36>
      <x37>673</x37>
      <y37>354</y37>
      <x38>670</x38>
      <y38>358</y38>
      <x39>669</x39>
      <y39>368</y39>
      <x40>664</x40>
      <y40>389</y40>
      <x41>664</x41>
      <y41>409</y41>
      <x42>665</x42>
      <y42>410</y42>
      <x43>665</x43>
      <y43>417</y43>
      <x44>666</x44>
      <y44>418</y44>
      <x45>670</x45>
      <y45>447</y45>
      <x46>677</x46>
      <y46>468</y46>
      <x47>677</x47>
      <y47>509</y47>
      <x48>676</x48>
      <y48>510</y48>
      <x49>676</x49>
      <y49>517</y49>
      <x50>672</x50>
      <y50>530</y50>
      <x51>673</x51>
      <y51>535</y51>
      <x52>676</x52>
      <y52>540</y52>
      <x53>676</x53>
      <y53>549</y53>
      <x54>674</x54>
      <y54>556</y54>
      <x55>674</x55>
      <y55>574</y55>
      <x56>672</x56>
      <y56>583</y56>
      <x57>670</x57>
      <y57>622</y57>
      <x58>664</x58>
      <y58>648</y58>
      <x59>657</x59>
      <y59>724</y59>
      <x60>660</x60>
      <y60>728</y60>
      <x61>666</x61>
      <y61>730</y61>
      <x62>670</x62>
      <y62>734</y62>
      <x63>671</x63>
      <y63>738</y63>
      <x64>674</x64>
      <y64>741</y64>
      <x65>681</x65>
      <y65>743</y65>
      <x66>698</x66>
      <y66>745</y66>
      <x67>706</x67>
      <y67>750</y67>
      <x68>707</x68>
      <y68>752</y68>
      <x69>707</x69>
      <y69>764</y69>
      <x70>704</x70>
      <y70>774</y70>
      <x71>703</x71>
      <y71>786</y71>
      <x72>710</x72>
      <y72>798</y72>
      <x73>712</x73>
      <y73>812</y73>
      <x74>714</x74>
      <y74>814</y74>
      <x75>716</x75>
      <y75>813</y75>
      <x76>745</x76>
      <y76>814</y76>
      <x77>746</x77>
      <y77>813</y77>
      <x78>768</x78>
      <y78>813</y78>
      <x79>769</x79>
      <y79>812</y79>
      <x80>774</x80>
      <y80>812</y80>
      <x81>775</x81>
      <y81>813</y81>
      <x82>778</x82>
      <y82>812</y82>
      <x83>784</x83>
      <y83>807</y83>
      <x84>794</x84>
      <y84>783</y84>
      <x85>795</x85>
      <y85>777</y85>
      <x86>797</x86>
      <y86>775</y86>
      <x87>833</x87>
      <y87>765</y87>
      <x88>840</x88>
      <y88>762</y88>
      <x89>843</x89>
      <y89>759</y89>
      <x90>845</x90>
      <y90>754</y90>
      <x91>846</x91>
      <y91>737</y91>
      <x92>847</x92>
      <y92>736</y92>
      <x93>849</x93>
      <y93>719</y93>
      <x94>852</x94>
      <y94>713</y94>
      <x95>852</x95>
      <y95>707</y95>
      <x96>854</x96>
      <y96>703</y96>
      <x97>855</x97>
      <y97>682</y97>
      <x98>856</x98>
      <y98>681</y98>
      <x99>855</x99>
      <y99>676</y99>
      <x100>856</x100>
      <y100>671</y100>
      <x101>855</x101>
      <y101>651</y101>
      <x102>859</x102>
      <y102>639</y102>
      <x103>860</x103>
      <y103>628</y103>
      <x104>861</x104>
      <y104>627</y104>
      <x105>860</x105>
      <y105>600</y105>
      <x106>858</x106>
      <y106>595</y106>
      <x107>858</x107>
      <y107>590</y107>
      <x108>856</x108>
      <y108>583</y108>
      <x109>859</x109>
      <y109>565</y109>
      <x110>869</x110>
      <y110>558</y110>
      <x111>902</x111>
      <y111>553</y111>
      <x112>912</x112>
      <y112>549</y112>
      <x113>922</x113>
      <y113>548</y113>
      <x114>930</x114>
      <y114>545</y114>
      <x115>938</x115>
      <y115>540</y115>
      <x116>940</x116>
      <y116>536</y116>
      <x117>953</x117>
      <y117>524</y117>
      <x118>956</x118>
      <y118>520</y118>
      <x119>959</x119>
      <y119>510</y119>
      <x120>958</x120>
      <y120>503</y120>
      <x121>956</x121>
      <y121>502</y121>
      <x122>948</x122>
      <y122>502</y122>
      <x123>947</x123>
      <y123>503</y123>
      <x124>941</x124>
      <y124>502</y124>
      <x125>935</x125>
      <y125>499</y125>
      <x126>924</x126>
      <y126>496</y126>
      <x127>911</x127>
      <y127>499</y127>
      <x128>902</x128>
      <y128>499</y128>
      <x129>874</x129>
      <y129>508</y129>
      <x130>867</x130>
      <y130>507</y130>
      <x131>863</x131>
      <y131>503</y131>
      <x132>860</x132>
      <y132>497</y132>
      <x133>858</x133>
      <y133>487</y133>
      <x134>859</x134>
      <y134>448</y134>
      <x135>858</x135>
      <y135>447</y135>
      <x136>858</x136>
      <y136>416</y136>
      <x137>857</x137>
      <y137>415</y137>
      <x138>856</x138>
      <y138>391</y138>
      <x139>850</x139>
      <y139>377</y139>
      <x140>843</x140>
      <y140>371</y140>
      <x141>840</x141>
      <y141>365</y141>
      <x142>837</x142>
      <y142>343</y142>
      <x143>849</x143>
      <y143>321</y143>
      <x144>859</x144>
      <y144>313</y144>
      <x145>869</x145>
      <y145>303</y145>
      <x146>872</x146>
      <y146>298</y146>
      <x147>877</x147>
      <y147>296</y147>
      <x148>892</x148>
      <y148>296</y148>
      <x149>900</x149>
      <y149>294</y149>
      <x150>906</x150>
      <y150>291</y150>
      <x151>910</x151>
      <y151>285</y151>
      <x152>909</x152>
      <y152>274</y152>
      <x153>903</x153>
      <y153>264</y153>
      <x154>894</x154>
      <y154>253</y154>
      <x155>895</x155>
      <y155>242</y155>
      <x156>896</x156>
      <y156>241</y156>
      <x157>895</x157>
      <y157>224</y157>
      <x158>880</x158>
      <y158>212</y158>
    </polygon>
  </object>
</annotation>
