<?xml version="1.0" ?>
<annotation>
  <folder>VOC</folder>
  <filename>40-1.png</filename>
  <source>
    <database>roboflow.ai</database>
  </source>
  <size>
    <width>1456</width>
    <height>816</height>
    <depth>3</depth>
  </size>
  <segmented>0</segmented>
  <object>
    <name>person</name>
    <bndbox>
      <xmin>722</xmin>
      <ymin>578</ymin>
      <xmax>781</xmax>
      <ymax>682</ymax>
    </bndbox>
    <polygon>
      <x1>761</x1>
      <y1>578</y1>
      <x2>753</x2>
      <y2>579</y2>
      <x3>748</x3>
      <y3>582</y3>
      <x4>748</x4>
      <y4>592</y4>
      <x5>736</x5>
      <y5>600</y5>
      <x6>723</x6>
      <y6>622</y6>
      <x7>722</x7>
      <y7>627</y7>
      <x8>725</x8>
      <y8>628</y8>
      <x9>737</x9>
      <y9>616</y9>
      <x10>742</x10>
      <y10>618</y10>
      <x11>744</x11>
      <y11>634</y11>
      <x12>743</x12>
      <y12>662</y12>
      <x13>746</x13>
      <y13>667</y13>
      <x14>746</x14>
      <y14>680</y14>
      <x15>748</x15>
      <y15>682</y15>
      <x16>752</x16>
      <y16>678</y16>
      <x17>752</x17>
      <y17>649</y17>
      <x18>757</x18>
      <y18>641</y18>
      <x19>759</x19>
      <y19>642</y19>
      <x20>760</x20>
      <y20>647</y20>
      <x21>756</x21>
      <y21>679</y21>
      <x22>759</x22>
      <y22>682</y22>
      <x23>764</x23>
      <y23>681</y23>
      <x24>769</x24>
      <y24>660</y24>
      <x25>771</x25>
      <y25>638</y25>
      <x26>776</x26>
      <y26>634</y26>
      <x27>781</x27>
      <y27>622</y27>
      <x28>777</x28>
      <y28>605</y28>
      <x29>768</x29>
      <y29>597</y29>
      <x30>765</x30>
      <y30>582</y30>
    </polygon>
  </object>
</annotation>
