<?xml version="1.0" ?>
<annotation>
  <folder>VOC</folder>
  <filename>41-2.png</filename>
  <source>
    <database>roboflow.ai</database>
  </source>
  <size>
    <width>1456</width>
    <height>816</height>
    <depth>3</depth>
  </size>
  <segmented>0</segmented>
  <object>
    <name>person</name>
    <bndbox>
      <xmin>424</xmin>
      <ymin>15</ymin>
      <xmax>1097</xmax>
      <ymax>812</ymax>
    </bndbox>
    <polygon>
      <x1>634</x1>
      <y1>29</y1>
      <x2>622</x2>
      <y2>35</y2>
      <x3>612</x3>
      <y3>43</y3>
      <x4>603</x4>
      <y4>47</y4>
      <x5>590</x5>
      <y5>56</y5>
      <x6>584</x6>
      <y6>58</y6>
      <x7>574</x7>
      <y7>68</y7>
      <x8>569</x8>
      <y8>71</y8>
      <x9>566</x9>
      <y9>76</y9>
      <x10>562</x10>
      <y10>90</y10>
      <x11>561</x11>
      <y11>100</y11>
      <x12>562</x12>
      <y12>101</y12>
      <x13>563</x13>
      <y13>111</y13>
      <x14>561</x14>
      <y14>118</y14>
      <x15>561</x15>
      <y15>137</y15>
      <x16>563</x16>
      <y16>144</y16>
      <x17>566</x17>
      <y17>148</y17>
      <x18>568</x18>
      <y18>157</y18>
      <x19>581</x19>
      <y19>172</y19>
      <x20>580</x20>
      <y20>191</y20>
      <x21>585</x21>
      <y21>211</y21>
      <x22>590</x22>
      <y22>219</y22>
      <x23>594</x23>
      <y23>245</y23>
      <x24>598</x24>
      <y24>254</y24>
      <x25>600</x25>
      <y25>265</y25>
      <x26>597</x26>
      <y26>268</y26>
      <x27>592</x27>
      <y27>269</y27>
      <x28>582</x28>
      <y28>275</y28>
      <x29>580</x29>
      <y29>279</y29>
      <x30>575</x30>
      <y30>284</y30>
      <x31>571</x31>
      <y31>286</y31>
      <x32>567</x32>
      <y32>291</y32>
      <x33>558</x33>
      <y33>296</y33>
      <x34>547</x34>
      <y34>305</y34>
      <x35>533</x35>
      <y35>313</y35>
      <x36>510</x36>
      <y36>335</y36>
      <x37>505</x37>
      <y37>342</y37>
      <x38>499</x38>
      <y38>354</y38>
      <x39>490</x39>
      <y39>364</y39>
      <x40>486</x40>
      <y40>372</y40>
      <x41>481</x41>
      <y41>375</y41>
      <x42>471</x42>
      <y42>387</y42>
      <x43>460</x43>
      <y43>393</y43>
      <x44>458</x44>
      <y44>393</y44>
      <x45>455</x45>
      <y45>397</y45>
      <x46>453</x46>
      <y46>406</y46>
      <x47>449</x47>
      <y47>408</y47>
      <x48>446</x48>
      <y48>408</y48>
      <x49>443</x49>
      <y49>412</y49>
      <x50>442</x50>
      <y50>421</y50>
      <x51>439</x51>
      <y51>429</y51>
      <x52>439</x52>
      <y52>434</y52>
      <x53>434</x53>
      <y53>448</y53>
      <x54>431</x54>
      <y54>464</y54>
      <x55>428</x55>
      <y55>473</y55>
      <x56>428</x56>
      <y56>479</y56>
      <x57>425</x57>
      <y57>494</y57>
      <x58>425</x58>
      <y58>508</y58>
      <x59>424</x59>
      <y59>509</y59>
      <x60>425</x60>
      <y60>587</y60>
      <x61>426</x61>
      <y61>588</y61>
      <x62>427</x62>
      <y62>611</y62>
      <x63>429</x63>
      <y63>617</y63>
      <x64>429</x64>
      <y64>633</y64>
      <x65>431</x65>
      <y65>638</y65>
      <x66>432</x66>
      <y66>654</y66>
      <x67>436</x67>
      <y67>664</y67>
      <x68>437</x68>
      <y68>673</y68>
      <x69>442</x69>
      <y69>685</y69>
      <x70>443</x70>
      <y70>694</y70>
      <x71>452</x71>
      <y71>711</y71>
      <x72>454</x72>
      <y72>723</y72>
      <x73>465</x73>
      <y73>745</y73>
      <x74>471</x74>
      <y74>751</y74>
      <x75>475</x75>
      <y75>753</y75>
      <x76>477</x76>
      <y76>763</y76>
      <x77>483</x77>
      <y77>773</y77>
      <x78>488</x78>
      <y78>777</y78>
      <x79>489</x79>
      <y79>781</y79>
      <x80>508</x80>
      <y80>797</y80>
      <x81>514</x81>
      <y81>798</y81>
      <x82>525</x82>
      <y82>806</y82>
      <x83>540</x83>
      <y83>810</y83>
      <x84>546</x84>
      <y84>810</y84>
      <x85>547</x85>
      <y85>811</y85>
      <x86>552</x86>
      <y86>811</y86>
      <x87>553</x87>
      <y87>810</y87>
      <x88>557</x88>
      <y88>811</y88>
      <x89>580</x89>
      <y89>810</y89>
      <x90>581</x90>
      <y90>811</y90>
      <x91>596</x91>
      <y91>811</y91>
      <x92>597</x92>
      <y92>812</y92>
      <x93>663</x93>
      <y93>812</y93>
      <x94>667</x94>
      <y94>810</y94>
      <x95>673</x95>
      <y95>812</y95>
      <x96>820</x96>
      <y96>812</y96>
      <x97>826</x97>
      <y97>810</y97>
      <x98>838</x98>
      <y98>811</y98>
      <x99>839</x99>
      <y99>812</y99>
      <x100>902</x100>
      <y100>812</y100>
      <x101>910</x101>
      <y101>810</y101>
      <x102>952</x102>
      <y102>811</y102>
      <x103>962</x103>
      <y103>809</y103>
      <x104>971</x104>
      <y104>809</y104>
      <x105>974</x105>
      <y105>807</y105>
      <x106>982</x106>
      <y106>806</y106>
      <x107>1017</x107>
      <y107>783</y107>
      <x108>1039</x108>
      <y108>761</y108>
      <x109>1043</x109>
      <y109>752</y109>
      <x110>1052</x110>
      <y110>739</y110>
      <x111>1055</x111>
      <y111>731</y111>
      <x112>1058</x112>
      <y112>727</y112>
      <x113>1059</x113>
      <y113>722</y113>
      <x114>1069</x114>
      <y114>703</y114>
      <x115>1070</x115>
      <y115>698</y115>
      <x116>1075</x116>
      <y116>690</y116>
      <x117>1077</x117>
      <y117>681</y117>
      <x118>1086</x118>
      <y118>662</y118>
      <x119>1087</x119>
      <y119>653</y119>
      <x120>1090</x120>
      <y120>644</y120>
      <x121>1091</x121>
      <y121>630</y121>
      <x122>1092</x122>
      <y122>629</y122>
      <x123>1092</x123>
      <y123>618</y123>
      <x124>1094</x124>
      <y124>611</y124>
      <x125>1095</x125>
      <y125>589</y125>
      <x126>1096</x126>
      <y126>588</y126>
      <x127>1095</x127>
      <y127>584</y127>
      <x128>1096</x128>
      <y128>581</y128>
      <x129>1096</x129>
      <y129>549</y129>
      <x130>1097</x130>
      <y130>548</y130>
      <x131>1096</x131>
      <y131>513</y131>
      <x132>1094</x132>
      <y132>507</y132>
      <x133>1093</x133>
      <y133>494</y133>
      <x134>1087</x134>
      <y134>466</y134>
      <x135>1086</x135>
      <y135>454</y135>
      <x136>1082</x136>
      <y136>442</y136>
      <x137>1080</x137>
      <y137>430</y137>
      <x138>1077</x138>
      <y138>423</y138>
      <x139>1075</x139>
      <y139>411</y139>
      <x140>1069</x140>
      <y140>397</y140>
      <x141>1067</x141>
      <y141>389</y141>
      <x142>1067</x142>
      <y142>383</y142>
      <x143>1063</x143>
      <y143>371</y143>
      <x144>1059</x144>
      <y144>364</y144>
      <x145>1055</x145>
      <y145>360</y145>
      <x146>1054</x146>
      <y146>355</y146>
      <x147>1050</x147>
      <y147>357</y147>
      <x148>1047</x148>
      <y148>355</y148>
      <x149>1050</x149>
      <y149>350</y149>
      <x150>1044</x150>
      <y150>345</y150>
      <x151>1032</x151>
      <y151>340</y151>
      <x152>1025</x152>
      <y152>339</y152>
      <x153>1020</x153>
      <y153>332</y153>
      <x154>1016</x154>
      <y154>332</y154>
      <x155>1009</x155>
      <y155>327</y155>
      <x156>993</x156>
      <y156>324</y156>
      <x157>975</x157>
      <y157>306</y157>
      <x158>954</x158>
      <y158>288</y158>
      <x159>947</x159>
      <y159>284</y159>
      <x160>940</x160>
      <y160>278</y160>
      <x161>928</x161>
      <y161>272</y161>
      <x162>915</x162>
      <y162>261</y162>
      <x163>912</x163>
      <y163>260</y163>
      <x164>909</x164>
      <y164>256</y164>
      <x165>892</x165>
      <y165>244</y165>
      <x166>884</x166>
      <y166>241</y166>
      <x167>878</x167>
      <y167>241</y167>
      <x168>875</x168>
      <y168>239</y168>
      <x169>873</x169>
      <y169>229</y169>
      <x170>876</x170>
      <y170>219</y170>
      <x171>878</x171>
      <y171>195</y171>
      <x172>882</x172>
      <y172>178</y172>
      <x173>882</x173>
      <y173>169</y173>
      <x174>883</x174>
      <y174>168</y174>
      <x175>882</x175>
      <y175>158</y175>
      <x176>885</x176>
      <y176>151</y176>
      <x177>892</x177>
      <y177>143</y177>
      <x178>898</x178>
      <y178>132</y178>
      <x179>899</x179>
      <y179>117</y179>
      <x180>898</x180>
      <y180>116</y180>
      <x181>898</x181>
      <y181>106</y181>
      <x182>892</x182>
      <y182>92</y182>
      <x183>888</x183>
      <y183>88</y183>
      <x184>887</x184>
      <y184>83</y184>
      <x185>884</x185>
      <y185>78</y185>
      <x186>874</x186>
      <y186>68</y186>
      <x187>868</x187>
      <y187>66</y187>
      <x188>856</x188>
      <y188>56</y188>
      <x189>854</x189>
      <y189>56</y189>
      <x190>838</x190>
      <y190>46</y190>
      <x191>832</x191>
      <y191>44</y191>
      <x192>826</x192>
      <y192>37</y192>
      <x193>821</x193>
      <y193>34</y193>
      <x194>811</x194>
      <y194>32</y194>
      <x195>806</x195>
      <y195>29</y195>
      <x196>771</x196>
      <y196>22</y196>
      <x197>742</x197>
      <y197>20</y197>
      <x198>732</x198>
      <y198>15</y198>
      <x199>713</x199>
      <y199>16</y199>
      <x200>707</x200>
      <y200>19</y200>
      <x201>702</x201>
      <y201>19</y201>
      <x202>701</x202>
      <y202>20</y202>
      <x203>669</x203>
      <y203>21</y203>
      <x204>668</x204>
      <y204>22</y204>
      <x205>645</x205>
      <y205>25</y205>
    </polygon>
  </object>
</annotation>
