<?xml version="1.0" ?>
<annotation>
  <folder>VOC</folder>
  <filename>43-2.png</filename>
  <source>
    <database>roboflow.ai</database>
  </source>
  <size>
    <width>1456</width>
    <height>816</height>
    <depth>3</depth>
  </size>
  <segmented>0</segmented>
  <object>
    <name>person</name>
    <bndbox>
      <xmin>278</xmin>
      <ymin>14</ymin>
      <xmax>1132</xmax>
      <ymax>813</ymax>
    </bndbox>
    <polygon>
      <x1>635</x1>
      <y1>27</y1>
      <x2>606</x2>
      <y2>39</y2>
      <x3>587</x3>
      <y3>51</y3>
      <x4>567</x4>
      <y4>70</y4>
      <x5>549</x5>
      <y5>93</y5>
      <x6>544</x6>
      <y6>103</y6>
      <x7>543</x7>
      <y7>110</y7>
      <x8>538</x8>
      <y8>121</y8>
      <x9>533</x9>
      <y9>146</y9>
      <x10>534</x10>
      <y10>179</y10>
      <x11>539</x11>
      <y11>195</y11>
      <x12>539</x12>
      <y12>201</y12>
      <x13>540</x13>
      <y13>204</y13>
      <x14>543</x14>
      <y14>206</y14>
      <x15>543</x15>
      <y15>211</y15>
      <x16>535</x16>
      <y16>215</y16>
      <x17>520</x17>
      <y17>215</y17>
      <x18>512</x18>
      <y18>212</y18>
      <x19>491</x19>
      <y19>213</y19>
      <x20>485</x20>
      <y20>215</y20>
      <x21>474</x21>
      <y21>225</y21>
      <x22>451</x22>
      <y22>239</y22>
      <x23>444</x23>
      <y23>250</y23>
      <x24>443</x24>
      <y24>258</y24>
      <x25>446</x25>
      <y25>267</y25>
      <x26>447</x26>
      <y26>277</y26>
      <x27>443</x27>
      <y27>285</y27>
      <x28>414</x28>
      <y28>314</y28>
      <x29>409</x29>
      <y29>316</y29>
      <x30>404</x30>
      <y30>321</y30>
      <x31>409</x31>
      <y31>329</y31>
      <x32>409</x32>
      <y32>336</y32>
      <x33>404</x33>
      <y33>349</y33>
      <x34>404</x34>
      <y34>354</y34>
      <x35>401</x35>
      <y35>362</y35>
      <x36>397</x36>
      <y36>365</y36>
      <x37>382</x37>
      <y37>369</y37>
      <x38>372</x38>
      <y38>375</y38>
      <x39>355</x39>
      <y39>381</y39>
      <x40>348</x40>
      <y40>388</y40>
      <x41>337</x41>
      <y41>394</y41>
      <x42>328</x42>
      <y42>406</y42>
      <x43>315</x43>
      <y43>435</y43>
      <x44>312</x44>
      <y44>447</y44>
      <x45>306</x45>
      <y45>462</y45>
      <x46>298</x46>
      <y46>502</y46>
      <x47>295</x47>
      <y47>547</y47>
      <x48>293</x48>
      <y48>558</y48>
      <x49>285</x49>
      <y49>573</y49>
      <x50>279</x50>
      <y50>591</y50>
      <x51>278</x51>
      <y51>598</y51>
      <x52>279</x52>
      <y52>620</y52>
      <x53>286</x53>
      <y53>636</y53>
      <x54>299</x54>
      <y54>654</y54>
      <x55>308</x55>
      <y55>671</y55>
      <x56>332</x56>
      <y56>695</y56>
      <x57>350</x57>
      <y57>705</y57>
      <x58>361</x58>
      <y58>705</y58>
      <x59>367</x59>
      <y59>709</y59>
      <x60>397</x60>
      <y60>707</y60>
      <x61>405</x61>
      <y61>705</y61>
      <x62>423</x62>
      <y62>696</y62>
      <x63>433</x63>
      <y63>693</y63>
      <x64>454</x64>
      <y64>675</y64>
      <x65>459</x65>
      <y65>665</y65>
      <x66>462</x66>
      <y66>664</y66>
      <x67>466</x67>
      <y67>666</y67>
      <x68>476</x68>
      <y68>675</y68>
      <x69>480</x69>
      <y69>684</y69>
      <x70>480</x70>
      <y70>691</y70>
      <x71>477</x71>
      <y71>696</y71>
      <x72>476</x72>
      <y72>702</y72>
      <x73>469</x73>
      <y73>714</y73>
      <x74>469</x74>
      <y74>717</y74>
      <x75>463</x75>
      <y75>725</y75>
      <x76>463</x76>
      <y76>730</y76>
      <x77>459</x77>
      <y77>735</y77>
      <x78>461</x78>
      <y78>740</y78>
      <x79>460</x79>
      <y79>749</y79>
      <x80>462</x80>
      <y80>759</y80>
      <x81>466</x81>
      <y81>763</y81>
      <x82>467</x82>
      <y82>770</y82>
      <x83>476</x83>
      <y83>783</y83>
      <x84>480</x84>
      <y84>785</y84>
      <x85>498</x85>
      <y85>787</y85>
      <x86>499</x86>
      <y86>788</y86>
      <x87>497</x87>
      <y87>792</y87>
      <x88>503</x88>
      <y88>797</y88>
      <x89>508</x89>
      <y89>798</y89>
      <x90>512</x90>
      <y90>808</y90>
      <x91>518</x91>
      <y91>811</y91>
      <x92>528</x92>
      <y92>811</y92>
      <x93>529</x93>
      <y93>812</y93>
      <x94>637</x94>
      <y94>812</y94>
      <x95>638</x95>
      <y95>813</y95>
      <x96>641</x96>
      <y96>812</y96>
      <x97>650</x97>
      <y97>813</y97>
      <x98>653</x98>
      <y98>812</y98>
      <x99>663</x99>
      <y99>813</y99>
      <x100>664</x100>
      <y100>812</y100>
      <x101>883</x101>
      <y101>812</y101>
      <x102>884</x102>
      <y102>811</y102>
      <x103>889</x103>
      <y103>812</y103>
      <x104>897</x104>
      <y104>808</y104>
      <x105>909</x105>
      <y105>796</y105>
      <x106>911</x106>
      <y106>791</y106>
      <x107>917</x107>
      <y107>785</y107>
      <x108>921</x108>
      <y108>783</y108>
      <x109>922</x109>
      <y109>780</y109>
      <x110>928</x110>
      <y110>775</y110>
      <x111>931</x111>
      <y111>770</y111>
      <x112>933</x112>
      <y112>752</y112>
      <x113>936</x113>
      <y113>747</y113>
      <x114>935</x114>
      <y114>724</y114>
      <x115>932</x115>
      <y115>719</y115>
      <x116>930</x116>
      <y116>700</y116>
      <x117>935</x117>
      <y117>694</y117>
      <x118>954</x118>
      <y118>683</y118>
      <x119>959</x119>
      <y119>677</y119>
      <x120>963</x120>
      <y120>684</y120>
      <x121>970</x121>
      <y121>691</y121>
      <x122>981</x122>
      <y122>698</y122>
      <x123>985</x123>
      <y123>698</y123>
      <x124>989</x124>
      <y124>703</y124>
      <x125>997</x125>
      <y125>706</y125>
      <x126>1002</x126>
      <y126>710</y126>
      <x127>1009</x127>
      <y127>709</y127>
      <x128>1014</x128>
      <y128>713</y128>
      <x129>1026</x129>
      <y129>714</y129>
      <x130>1029</x130>
      <y130>712</y130>
      <x131>1029</x131>
      <y131>706</y131>
      <x132>1027</x132>
      <y132>703</y132>
      <x133>1027</x133>
      <y133>699</y133>
      <x134>1030</x134>
      <y134>691</y134>
      <x135>1031</x135>
      <y135>682</y135>
      <x136>1041</x136>
      <y136>665</y136>
      <x137>1055</x137>
      <y137>651</y137>
      <x138>1084</x138>
      <y138>635</y138>
      <x139>1089</x139>
      <y139>631</y139>
      <x140>1096</x140>
      <y140>632</y140>
      <x141>1100</x141>
      <y141>629</y141>
      <x142>1108</x142>
      <y142>630</y142>
      <x143>1111</x143>
      <y143>628</y143>
      <x144>1117</x144>
      <y144>630</y144>
      <x145>1129</x145>
      <y145>621</y145>
      <x146>1132</x146>
      <y146>602</y146>
      <x147>1131</x147>
      <y147>585</y147>
      <x148>1128</x148>
      <y148>577</y148>
      <x149>1128</x149>
      <y149>572</y149>
      <x150>1122</x150>
      <y150>549</y150>
      <x151>1122</x151>
      <y151>524</y151>
      <x152>1120</x152>
      <y152>511</y152>
      <x153>1115</x153>
      <y153>494</y153>
      <x154>1114</x154>
      <y154>484</y154>
      <x155>1110</x155>
      <y155>476</y155>
      <x156>1104</x156>
      <y156>454</y156>
      <x157>1102</x157>
      <y157>436</y157>
      <x158>1098</x158>
      <y158>429</y158>
      <x159>1097</x159>
      <y159>423</y159>
      <x160>1092</x160>
      <y160>417</y160>
      <x161>1091</x161>
      <y161>412</y161>
      <x162>1079</x162>
      <y162>397</y162>
      <x163>1076</x163>
      <y163>396</y163>
      <x164>1065</x164>
      <y164>387</y164>
      <x165>1059</x165>
      <y165>385</y165>
      <x166>1055</x166>
      <y166>381</y166>
      <x167>1044</x167>
      <y167>378</y167>
      <x168>1027</x168>
      <y168>369</y168>
      <x169>1022</x169>
      <y169>368</y169>
      <x170>1015</x170>
      <y170>369</y170>
      <x171>1010</x171>
      <y171>364</y171>
      <x172>1003</x172>
      <y172>361</y172>
      <x173>999</x173>
      <y173>356</y173>
      <x174>992</x174>
      <y174>355</y174>
      <x175>991</x175>
      <y175>354</y175>
      <x176>992</x176>
      <y176>352</y176>
      <x177>1001</x177>
      <y177>351</y177>
      <x178>1014</x178>
      <y178>352</y178>
      <x179>1015</x179>
      <y179>350</y179>
      <x180>1011</x180>
      <y180>348</y180>
      <x181>1008</x181>
      <y181>343</y181>
      <x182>996</x182>
      <y182>342</y182>
      <x183>992</x183>
      <y183>345</y183>
      <x184>990</x184>
      <y184>343</y184>
      <x185>990</x185>
      <y185>337</y185>
      <x186>987</x186>
      <y186>335</y186>
      <x187>985</x187>
      <y187>335</y187>
      <x188>980</x188>
      <y188>340</y188>
      <x189>970</x189>
      <y189>340</y189>
      <x190>968</x190>
      <y190>338</y190>
      <x191>966</x191>
      <y191>327</y191>
      <x192>952</x192>
      <y192>314</y192>
      <x193>944</x193>
      <y193>310</y193>
      <x194>946</x194>
      <y194>306</y194>
      <x195>953</x195>
      <y195>306</y195>
      <x196>957</x196>
      <y196>310</y196>
      <x197>965</x197>
      <y197>310</y197>
      <x198>968</x198>
      <y198>315</y198>
      <x199>974</x199>
      <y199>315</y199>
      <x200>974</x200>
      <y200>308</y200>
      <x201>980</x201>
      <y201>305</y201>
      <x202>983</x202>
      <y202>301</y202>
      <x203>984</x203>
      <y203>290</y203>
      <x204>982</x204>
      <y204>279</y204>
      <x205>977</x205>
      <y205>269</y205>
      <x206>965</x206>
      <y206>255</y206>
      <x207>961</x207>
      <y207>244</y207>
      <x208>958</x208>
      <y208>241</y208>
      <x209>954</x209>
      <y209>240</y209>
      <x210>944</x210>
      <y210>229</y210>
      <x211>945</x211>
      <y211>225</y211>
      <x212>942</x212>
      <y212>221</y212>
      <x213>935</x213>
      <y213>221</y213>
      <x214>928</x214>
      <y214>225</y214>
      <x215>926</x215>
      <y215>228</y215>
      <x216>925</x216>
      <y216>238</y216>
      <x217>927</x217>
      <y217>241</y217>
      <x218>926</x218>
      <y218>246</y218>
      <x219>930</x219>
      <y219>247</y219>
      <x220>934</x220>
      <y220>239</y220>
      <x221>937</x221>
      <y221>239</y221>
      <x222>939</x222>
      <y222>241</y222>
      <x223>939</x223>
      <y223>246</y223>
      <x224>937</x224>
      <y224>249</y224>
      <x225>937</x225>
      <y225>258</y225>
      <x226>942</x226>
      <y226>263</y226>
      <x227>942</x227>
      <y227>271</y227>
      <x228>940</x228>
      <y228>273</y228>
      <x229>936</x229>
      <y229>273</y229>
      <x230>921</x230>
      <y230>258</y230>
      <x231>914</x231>
      <y231>256</y231>
      <x232>911</x232>
      <y232>253</y232>
      <x233>909</x233>
      <y233>247</y233>
      <x234>904</x234>
      <y234>242</y234>
      <x235>903</x235>
      <y235>236</y235>
      <x236>900</x236>
      <y236>230</y236>
      <x237>903</x237>
      <y237>228</y237>
      <x238>921</x238>
      <y238>225</y238>
      <x239>925</x239>
      <y239>219</y239>
      <x240>931</x240>
      <y240>214</y240>
      <x241>934</x241>
      <y241>206</y241>
      <x242>938</x242>
      <y242>201</y242>
      <x243>938</x243>
      <y243>196</y243>
      <x244>947</x244>
      <y244>188</y244>
      <x245>953</x245>
      <y245>185</y245>
      <x246>958</x246>
      <y246>185</y246>
      <x247>960</x247>
      <y247>180</y247>
      <x248>963</x248>
      <y248>177</y248>
      <x249>963</x249>
      <y249>174</y249>
      <x250>975</x250>
      <y250>166</y250>
      <x251>980</x251>
      <y251>161</y251>
      <x252>983</x252>
      <y252>155</y252>
      <x253>987</x253>
      <y253>140</y253>
      <x254>984</x254>
      <y254>111</y254>
      <x255>980</x255>
      <y255>103</y255>
      <x256>972</x256>
      <y256>103</y256>
      <x257>970</x257>
      <y257>105</y257>
      <x258>968</x258>
      <y258>104</y258>
      <x259>969</x259>
      <y259>96</y259>
      <x260>963</x260>
      <y260>85</y260>
      <x261>957</x261>
      <y261>81</y261>
      <x262>950</x262>
      <y262>80</y262>
      <x263>947</x263>
      <y263>76</y263>
      <x264>944</x264>
      <y264>75</y264>
      <x265>940</x265>
      <y265>71</y265>
      <x266>932</x266>
      <y266>69</y266>
      <x267>927</x267>
      <y267>65</y267>
      <x268>918</x268>
      <y268>61</y268>
      <x269>908</x269>
      <y269>61</y269>
      <x270>907</x270>
      <y270>60</y270>
      <x271>901</x271>
      <y271>61</y271>
      <x272>898</x272>
      <y272>59</y272>
      <x273>888</x273>
      <y273>59</y273>
      <x274>887</x274>
      <y274>58</y274>
      <x275>880</x275>
      <y275>59</y275>
      <x276>871</x276>
      <y276>58</y276>
      <x277>867</x277>
      <y277>60</y277>
      <x278>861</x278>
      <y278>60</y278>
      <x279>850</x279>
      <y279>52</y279>
      <x280>845</x280>
      <y280>50</y280>
      <x281>839</x281>
      <y281>43</y281>
      <x282>831</x282>
      <y282>40</y282>
      <x283>827</x283>
      <y283>36</y283>
      <x284>816</x284>
      <y284>30</y284>
      <x285>793</x285>
      <y285>22</y285>
      <x286>787</x286>
      <y286>22</y286>
      <x287>780</x287>
      <y287>19</y287>
      <x288>765</x288>
      <y288>17</y288>
      <x289>760</x289>
      <y289>15</y289>
      <x290>744</x290>
      <y290>15</y290>
      <x291>743</x291>
      <y291>14</y291>
      <x292>688</x292>
      <y292>15</y292>
      <x293>670</x293>
      <y293>18</y293>
      <x294>650</x294>
      <y294>23</y294>
      <x295>640</x295>
      <y295>27</y295>
    </polygon>
  </object>
</annotation>
