<?xml version="1.0" ?>
<annotation>
  <folder>VOC</folder>
  <filename>44-1.png</filename>
  <source>
    <database>roboflow.ai</database>
  </source>
  <size>
    <width>1456</width>
    <height>816</height>
    <depth>3</depth>
  </size>
  <segmented>0</segmented>
  <object>
    <name>person</name>
    <bndbox>
      <xmin>362</xmin>
      <ymin>4</ymin>
      <xmax>1066</xmax>
      <ymax>807</ymax>
    </bndbox>
    <polygon>
      <x1>595</x1>
      <y1>13</y1>
      <x2>580</x2>
      <y2>21</y2>
      <x3>576</x3>
      <y3>26</y3>
      <x4>568</x4>
      <y4>32</y4>
      <x5>566</x5>
      <y5>37</y5>
      <x6>567</x6>
      <y6>40</y6>
      <x7>566</x7>
      <y7>43</y7>
      <x8>567</x8>
      <y8>56</y8>
      <x9>569</x9>
      <y9>58</y9>
      <x10>573</x10>
      <y10>68</y10>
      <x11>578</x11>
      <y11>72</y11>
      <x12>578</x12>
      <y12>75</y12>
      <x13>580</x13>
      <y13>78</y13>
      <x14>584</x14>
      <y14>81</y14>
      <x15>588</x15>
      <y15>82</y15>
      <x16>590</x16>
      <y16>86</y16>
      <x17>591</x17>
      <y17>94</y17>
      <x18>588</x18>
      <y18>105</y18>
      <x19>587</x19>
      <y19>106</y19>
      <x20>577</x20>
      <y20>107</y20>
      <x21>574</x21>
      <y21>111</y21>
      <x22>574</x22>
      <y22>116</y22>
      <x23>571</x23>
      <y23>118</y23>
      <x24>570</x24>
      <y24>117</y24>
      <x25>564</x25>
      <y25>117</y25>
      <x26>560</x26>
      <y26>118</y26>
      <x27>552</x27>
      <y27>123</y27>
      <x28>541</x28>
      <y28>125</y28>
      <x29>535</x29>
      <y29>129</y29>
      <x30>530</x30>
      <y30>130</y30>
      <x31>521</x31>
      <y31>135</y31>
      <x32>518</x32>
      <y32>135</y32>
      <x33>503</x33>
      <y33>145</y33>
      <x34>494</x34>
      <y34>149</y34>
      <x35>485</x35>
      <y35>157</y35>
      <x36>480</x36>
      <y36>159</y36>
      <x37>469</x37>
      <y37>169</y37>
      <x38>453</x38>
      <y38>186</y38>
      <x39>451</x39>
      <y39>190</y39>
      <x40>444</x40>
      <y40>197</y40>
      <x41>443</x41>
      <y41>200</y41>
      <x42>423</x42>
      <y42>220</y42>
      <x43>419</x43>
      <y43>236</y43>
      <x44>415</x44>
      <y44>244</y44>
      <x45>409</x45>
      <y45>262</y45>
      <x46>407</x46>
      <y46>273</y46>
      <x47>396</x47>
      <y47>306</y47>
      <x48>394</x48>
      <y48>309</y48>
      <x49>388</x49>
      <y49>330</y49>
      <x50>385</x50>
      <y50>336</y50>
      <x51>384</x51>
      <y51>343</y51>
      <x52>380</x52>
      <y52>355</y52>
      <x53>376</x53>
      <y53>378</y53>
      <x54>374</x54>
      <y54>383</y54>
      <x55>369</x55>
      <y55>409</y55>
      <x56>368</x56>
      <y56>423</y56>
      <x57>367</x57>
      <y57>424</y57>
      <x58>366</x58>
      <y58>468</y58>
      <x59>365</x59>
      <y59>469</y59>
      <x60>363</x60>
      <y60>494</y60>
      <x61>362</x61>
      <y61>495</y61>
      <x62>362</x62>
      <y62>512</y62>
      <x63>363</x63>
      <y63>516</y63>
      <x64>367</x64>
      <y64>523</y64>
      <x65>374</x65>
      <y65>530</y65>
      <x66>388</x66>
      <y66>538</y66>
      <x67>389</x67>
      <y67>553</y67>
      <x68>392</x68>
      <y68>562</y68>
      <x69>394</x69>
      <y69>575</y69>
      <x70>399</x70>
      <y70>590</y70>
      <x71>403</x71>
      <y71>597</y71>
      <x72>406</x72>
      <y72>608</y72>
      <x73>410</x73>
      <y73>614</y73>
      <x74>410</x74>
      <y74>616</y74>
      <x75>419</x75>
      <y75>634</y75>
      <x76>425</x76>
      <y76>642</y76>
      <x77>429</x77>
      <y77>650</y77>
      <x78>454</x78>
      <y78>683</y78>
      <x79>479</x79>
      <y79>709</y79>
      <x80>480</x80>
      <y80>712</y80>
      <x81>489</x81>
      <y81>724</y81>
      <x82>497</x82>
      <y82>730</y82>
      <x83>499</x83>
      <y83>736</y83>
      <x84>504</x84>
      <y84>741</y84>
      <x85>510</x85>
      <y85>751</y85>
      <x86>523</x86>
      <y86>764</y86>
      <x87>528</x87>
      <y87>767</y87>
      <x88>531</x88>
      <y88>771</y88>
      <x89>543</x89>
      <y89>775</y89>
      <x90>547</x90>
      <y90>782</y90>
      <x91>565</x91>
      <y91>791</y91>
      <x92>570</x92>
      <y92>792</y92>
      <x93>575</x93>
      <y93>796</y93>
      <x94>585</x94>
      <y94>798</y94>
      <x95>590</x95>
      <y95>801</y95>
      <x96>593</x96>
      <y96>801</y96>
      <x97>604</x97>
      <y97>805</y97>
      <x98>623</x98>
      <y98>806</y98>
      <x99>624</x99>
      <y99>807</y99>
      <x100>636</x100>
      <y100>807</y100>
      <x101>640</x101>
      <y101>805</y101>
      <x102>647</x102>
      <y102>805</y102>
      <x103>648</x103>
      <y103>804</y103>
      <x104>669</x104>
      <y104>804</y104>
      <x105>674</x105>
      <y105>802</y105>
      <x106>692</x106>
      <y106>802</y106>
      <x107>699</x107>
      <y107>800</y107>
      <x108>703</x108>
      <y108>797</y108>
      <x109>703</x109>
      <y109>788</y109>
      <x110>701</x110>
      <y110>786</y110>
      <x111>697</x111>
      <y111>788</y111>
      <x112>691</x112>
      <y112>785</y112>
      <x113>687</x113>
      <y113>785</y113>
      <x114>670</x114>
      <y114>777</y114>
      <x115>664</x115>
      <y115>776</y115>
      <x116>656</x116>
      <y116>772</y116>
      <x117>649</x117>
      <y117>771</y117>
      <x118>643</x118>
      <y118>766</y118>
      <x119>641</x119>
      <y119>766</y119>
      <x120>632</x120>
      <y120>761</y120>
      <x121>624</x121>
      <y121>759</y121>
      <x122>616</x122>
      <y122>759</y122>
      <x123>609</x123>
      <y123>756</y123>
      <x124>604</x124>
      <y124>756</y124>
      <x125>599</x125>
      <y125>753</y125>
      <x126>594</x126>
      <y126>753</y126>
      <x127>590</x127>
      <y127>750</y127>
      <x128>583</x128>
      <y128>749</y128>
      <x129>577</x129>
      <y129>744</y129>
      <x130>572</x130>
      <y130>743</y130>
      <x131>566</x131>
      <y131>737</y131>
      <x132>563</x132>
      <y132>736</y132>
      <x133>554</x133>
      <y133>726</y133>
      <x134>548</x134>
      <y134>724</y134>
      <x135>545</x135>
      <y135>716</y135>
      <x136>542</x136>
      <y136>713</y136>
      <x137>536</x137>
      <y137>701</y137>
      <x138>536</x138>
      <y138>695</y138>
      <x139>538</x139>
      <y139>693</y139>
      <x140>543</x140>
      <y140>693</y140>
      <x141>548</x141>
      <y141>695</y141>
      <x142>557</x142>
      <y142>704</y142>
      <x143>572</x143>
      <y143>704</y143>
      <x144>583</x144>
      <y144>698</y144>
      <x145>590</x145>
      <y145>697</y145>
      <x146>594</x146>
      <y146>695</y146>
      <x147>621</x147>
      <y147>695</y147>
      <x148>623</x148>
      <y148>696</y148>
      <x149>624</x149>
      <y149>695</y149>
      <x150>637</x150>
      <y150>695</y150>
      <x151>638</x151>
      <y151>694</y151>
      <x152>675</x152>
      <y152>694</y152>
      <x153>684</x153>
      <y153>697</y153>
      <x154>700</x154>
      <y154>692</y154>
      <x155>715</x155>
      <y155>692</y155>
      <x156>719</x156>
      <y156>694</y156>
      <x157>725</x157>
      <y157>694</y157>
      <x158>732</x158>
      <y158>691</y158>
      <x159>739</x159>
      <y159>683</y159>
      <x160>745</x160>
      <y160>681</y160>
      <x161>748</x161>
      <y161>678</y161>
      <x162>752</x162>
      <y162>678</y162>
      <x163>757</x163>
      <y163>676</y163>
      <x164>764</x164>
      <y164>676</y164>
      <x165>765</x165>
      <y165>675</y165>
      <x166>776</x166>
      <y166>675</y166>
      <x167>791</x167>
      <y167>678</y167>
      <x168>796</x168>
      <y168>682</y168>
      <x169>802</x169>
      <y169>684</y169>
      <x170>806</x170>
      <y170>688</y170>
      <x171>814</x171>
      <y171>693</y171>
      <x172>827</x172>
      <y172>693</y172>
      <x173>828</x173>
      <y173>694</y173>
      <x174>833</x174>
      <y174>694</y174>
      <x175>836</x175>
      <y175>696</y175>
      <x176>835</x176>
      <y176>702</y176>
      <x177>830</x177>
      <y177>706</y177>
      <x178>827</x178>
      <y178>712</y178>
      <x179>819</x179>
      <y179>720</y179>
      <x180>818</x180>
      <y180>724</y180>
      <x181>814</x181>
      <y181>730</y181>
      <x182>814</x182>
      <y182>736</y182>
      <x183>811</x183>
      <y183>741</y183>
      <x184>810</x184>
      <y184>746</y184>
      <x185>804</x185>
      <y185>754</y185>
      <x186>799</x186>
      <y186>765</y186>
      <x187>799</x187>
      <y187>768</y187>
      <x188>794</x188>
      <y188>776</y188>
      <x189>795</x189>
      <y189>780</y189>
      <x190>800</x190>
      <y190>780</y190>
      <x191>807</x191>
      <y191>785</y191>
      <x192>808</x192>
      <y192>788</y192>
      <x193>807</x193>
      <y193>799</y193>
      <x194>813</x194>
      <y194>802</y194>
      <x195>823</x195>
      <y195>802</y195>
      <x196>839</x196>
      <y196>797</y196>
      <x197>842</x197>
      <y197>799</y197>
      <x198>856</x198>
      <y198>800</y198>
      <x199>860</x199>
      <y199>797</y199>
      <x200>867</x200>
      <y200>796</y200>
      <x201>875</x201>
      <y201>791</y201>
      <x202>891</x202>
      <y202>790</y202>
      <x203>899</x203>
      <y203>785</y203>
      <x204>903</x204>
      <y204>771</y204>
      <x205>905</x205>
      <y205>767</y205>
      <x206>911</x206>
      <y206>761</y206>
      <x207>912</x207>
      <y207>755</y207>
      <x208>916</x208>
      <y208>748</y208>
      <x209>916</x209>
      <y209>727</y209>
      <x210>915</x210>
      <y210>726</y210>
      <x211>916</x211>
      <y211>708</y211>
      <x212>927</x212>
      <y212>697</y212>
      <x213>939</x213>
      <y213>673</y213>
      <x214>939</x214>
      <y214>671</y214>
      <x215>950</x215>
      <y215>651</y215>
      <x216>957</x216>
      <y216>643</y216>
      <x217>965</x217>
      <y217>630</y217>
      <x218>972</x218>
      <y218>622</y218>
      <x219>975</x219>
      <y219>616</y219>
      <x220>980</x220>
      <y220>611</y220>
      <x221>995</x221>
      <y221>588</y221>
      <x222>997</x222>
      <y222>583</y222>
      <x223>1003</x223>
      <y223>576</y223>
      <x224>1006</x224>
      <y224>568</y224>
      <x225>1014</x225>
      <y225>555</y225>
      <x226>1017</x226>
      <y226>546</y226>
      <x227>1027</x227>
      <y227>527</y227>
      <x228>1033</x228>
      <y228>503</y228>
      <x229>1040</x229>
      <y229>496</y229>
      <x230>1047</x230>
      <y230>486</y230>
      <x231>1049</x231>
      <y231>480</y231>
      <x232>1055</x232>
      <y232>474</y232>
      <x233>1062</x233>
      <y233>464</y233>
      <x234>1066</x234>
      <y234>453</y234>
      <x235>1066</x235>
      <y235>444</y235>
      <x236>1063</x236>
      <y236>433</y236>
      <x237>1060</x237>
      <y237>428</y237>
      <x238>1059</x238>
      <y238>418</y238>
      <x239>1054</x239>
      <y239>405</y239>
      <x240>1054</x240>
      <y240>401</y240>
      <x241>1048</x241>
      <y241>387</y241>
      <x242>1047</x242>
      <y242>381</y242>
      <x243>1042</x243>
      <y243>370</y243>
      <x244>1041</x244>
      <y244>365</y244>
      <x245>1035</x245>
      <y245>354</y245>
      <x246>1030</x246>
      <y246>333</y246>
      <x247>1024</x247>
      <y247>319</y247>
      <x248>1023</x248>
      <y248>313</y248>
      <x249>1018</x249>
      <y249>301</y249>
      <x250>1018</x250>
      <y250>298</y250>
      <x251>1014</x251>
      <y251>291</y251>
      <x252>1013</x252>
      <y252>285</y252>
      <x253>1002</x253>
      <y253>260</y253>
      <x254>991</x254>
      <y254>228</y254>
      <x255>988</x255>
      <y255>224</y255>
      <x256>981</x256>
      <y256>202</y256>
      <x257>979</x257>
      <y257>199</y257>
      <x258>979</x258>
      <y258>196</y258>
      <x259>976</x259>
      <y259>192</y259>
      <x260>973</x260>
      <y260>184</y260>
      <x261>970</x261>
      <y261>181</y261>
      <x262>959</x262>
      <y262>174</y262>
      <x263>941</x263>
      <y263>157</y263>
      <x264>935</x264>
      <y264>153</y264>
      <x265>932</x265>
      <y265>149</y265>
      <x266>926</x266>
      <y266>146</y266>
      <x267>906</x267>
      <y267>128</y267>
      <x268>895</x268>
      <y268>123</y268>
      <x269>892</x269>
      <y269>120</y269>
      <x270>883</x270>
      <y270>115</y270>
      <x271>872</x271>
      <y271>111</y271>
      <x272>863</x272>
      <y272>106</y272>
      <x273>857</x273>
      <y273>105</y273>
      <x274>853</x274>
      <y274>102</y274>
      <x275>837</x275>
      <y275>99</y275>
      <x276>805</x276>
      <y276>86</y276>
      <x277>788</x277>
      <y277>85</y277>
      <x278>786</x278>
      <y278>83</y278>
      <x279>787</x279>
      <y279>77</y279>
      <x280>791</x280>
      <y280>75</y280>
      <x281>792</x281>
      <y281>71</y281>
      <x282>803</x282>
      <y282>63</y282>
      <x283>804</x283>
      <y283>60</y283>
      <x284>814</x284>
      <y284>51</y284>
      <x285>818</x285>
      <y285>41</y285>
      <x286>814</x286>
      <y286>30</y286>
      <x287>807</x287>
      <y287>22</y287>
      <x288>803</x288>
      <y288>21</y288>
      <x289>793</x289>
      <y289>15</y289>
      <x290>766</x290>
      <y290>10</y290>
      <x291>757</x291>
      <y291>6</y291>
      <x292>729</x292>
      <y292>5</y292>
      <x293>728</x293>
      <y293>4</y293>
      <x294>649</x294>
      <y294>4</y294>
      <x295>640</x295>
      <y295>6</y295>
      <x296>628</x296>
      <y296>6</y296>
      <x297>623</x297>
      <y297>8</y297>
      <x298>615</x298>
      <y298>8</y298>
      <x299>605</x299>
      <y299>10</y299>
      <x300>599</x300>
      <y300>13</y300>
    </polygon>
  </object>
</annotation>
