<?xml version="1.0" ?>
<annotation>
  <folder>VOC</folder>
  <filename>47-1.png</filename>
  <source>
    <database>roboflow.ai</database>
  </source>
  <size>
    <width>1456</width>
    <height>816</height>
    <depth>3</depth>
  </size>
  <segmented>0</segmented>
  <object>
    <name>person</name>
    <bndbox>
      <xmin>509</xmin>
      <ymin>636</ymin>
      <xmax>685</xmax>
      <ymax>796</ymax>
    </bndbox>
    <polygon>
      <x1>678</x1>
      <y1>644</y1>
      <x2>675</x2>
      <y2>644</y2>
      <x3>671</x3>
      <y3>642</y3>
      <x4>663</x4>
      <y4>642</y4>
      <x5>655</x5>
      <y5>638</y5>
      <x6>646</x6>
      <y6>636</y6>
      <x7>639</x7>
      <y7>636</y7>
      <x8>638</x8>
      <y8>637</y8>
      <x9>605</x9>
      <y9>636</y9>
      <x10>593</x10>
      <y10>640</y10>
      <x11>588</x11>
      <y11>647</y11>
      <x12>582</x12>
      <y12>648</y12>
      <x13>580</x13>
      <y13>651</y13>
      <x14>579</x14>
      <y14>657</y14>
      <x15>577</x15>
      <y15>659</y15>
      <x16>573</x16>
      <y16>660</y16>
      <x17>570</x17>
      <y17>663</y17>
      <x18>568</x18>
      <y18>669</y18>
      <x19>559</x19>
      <y19>675</y19>
      <x20>557</x20>
      <y20>680</y20>
      <x21>547</x21>
      <y21>690</y21>
      <x22>544</x22>
      <y22>696</y22>
      <x23>542</x23>
      <y23>698</y23>
      <x24>538</x24>
      <y24>699</y24>
      <x25>520</x25>
      <y25>715</y25>
      <x26>514</x26>
      <y26>717</y26>
      <x27>510</x27>
      <y27>722</y27>
      <x28>510</x28>
      <y28>727</y28>
      <x29>509</x29>
      <y29>728</y29>
      <x30>510</x30>
      <y30>737</y30>
      <x31>516</x31>
      <y31>748</y31>
      <x32>524</x32>
      <y32>771</y32>
      <x33>531</x33>
      <y33>781</y33>
      <x34>536</x34>
      <y34>785</y34>
      <x35>553</x35>
      <y35>792</y35>
      <x36>563</x36>
      <y36>793</y36>
      <x37>569</x37>
      <y37>795</y37>
      <x38>575</x38>
      <y38>795</y38>
      <x39>576</x39>
      <y39>796</y39>
      <x40>599</x40>
      <y40>796</y40>
      <x41>614</x41>
      <y41>793</y41>
      <x42>626</x42>
      <y42>789</y42>
      <x43>651</x43>
      <y43>776</y43>
      <x44>657</x44>
      <y44>770</y44>
      <x45>662</x45>
      <y45>760</y45>
      <x46>663</x46>
      <y46>748</y46>
      <x47>666</x47>
      <y47>738</y47>
      <x48>669</x48>
      <y48>718</y48>
      <x49>672</x49>
      <y49>711</y49>
      <x50>673</x50>
      <y50>701</y50>
      <x51>677</x51>
      <y51>689</y51>
      <x52>677</x52>
      <y52>678</y52>
      <x53>685</x53>
      <y53>661</y53>
      <x54>684</x54>
      <y54>652</y54>
      <x55>680</x55>
      <y55>648</y55>
      <x56>680</x56>
      <y56>646</y56>
    </polygon>
  </object>
  <object>
    <name>person</name>
    <bndbox>
      <xmin>728</xmin>
      <ymin>537</ymin>
      <xmax>990</xmax>
      <ymax>812</ymax>
    </bndbox>
    <polygon>
      <x1>800</x1>
      <y1>538</y1>
      <x2>790</x2>
      <y2>548</y2>
      <x3>788</x3>
      <y3>565</y3>
      <x4>784</x4>
      <y4>571</y4>
      <x5>782</x5>
      <y5>581</y5>
      <x6>777</x6>
      <y6>585</y6>
      <x7>775</x7>
      <y7>589</y7>
      <x8>769</x8>
      <y8>595</y8>
      <x9>761</x9>
      <y9>596</y9>
      <x10>758</x10>
      <y10>600</y10>
      <x11>755</x11>
      <y11>601</y11>
      <x12>752</x12>
      <y12>604</y12>
      <x13>749</x13>
      <y13>613</y13>
      <x14>741</x14>
      <y14>622</y14>
      <x15>736</x15>
      <y15>630</y15>
      <x16>730</x16>
      <y16>634</y16>
      <x17>728</x17>
      <y17>641</y17>
      <x18>728</x18>
      <y18>646</y18>
      <x19>743</x19>
      <y19>661</y19>
      <x20>746</x20>
      <y20>667</y20>
      <x21>773</x21>
      <y21>693</y21>
      <x22>802</x22>
      <y22>713</y22>
      <x23>811</x23>
      <y23>717</y23>
      <x24>830</x24>
      <y24>729</y24>
      <x25>841</x25>
      <y25>743</y25>
      <x26>848</x26>
      <y26>755</y26>
      <x27>850</x27>
      <y27>765</y27>
      <x28>847</x28>
      <y28>771</y28>
      <x29>842</x29>
      <y29>777</y29>
      <x30>840</x30>
      <y30>782</y30>
      <x31>826</x31>
      <y31>798</y31>
      <x32>807</x32>
      <y32>809</y32>
      <x33>808</x33>
      <y33>811</y33>
      <x34>813</x34>
      <y34>811</y34>
      <x35>814</x35>
      <y35>812</y35>
      <x36>818</x36>
      <y36>811</y36>
      <x37>893</x37>
      <y37>811</y37>
      <x38>918</x38>
      <y38>806</y38>
      <x39>926</x39>
      <y39>801</y39>
      <x40>943</x40>
      <y40>786</y40>
      <x41>958</x41>
      <y41>777</y41>
      <x42>965</x42>
      <y42>770</y42>
      <x43>969</x43>
      <y43>764</y43>
      <x44>977</x44>
      <y44>756</y44>
      <x45>990</x45>
      <y45>731</y45>
      <x46>990</x46>
      <y46>710</y46>
      <x47>989</x47>
      <y47>706</y47>
      <x48>984</x48>
      <y48>701</y48>
      <x49>983</x49>
      <y49>696</y49>
      <x50>980</x50>
      <y50>691</y50>
      <x51>979</x51>
      <y51>683</y51>
      <x52>974</x52>
      <y52>671</y52>
      <x53>972</x53>
      <y53>669</y53>
      <x54>968</x54>
      <y54>659</y54>
      <x55>965</x55>
      <y55>656</y55>
      <x56>964</x56>
      <y56>650</y56>
      <x57>958</x57>
      <y57>641</y57>
      <x58>956</x58>
      <y58>635</y58>
      <x59>952</x59>
      <y59>630</y59>
      <x60>950</x60>
      <y60>624</y60>
      <x61>947</x61>
      <y61>621</y61>
      <x62>945</x62>
      <y62>614</y62>
      <x63>942</x63>
      <y63>610</y63>
      <x64>941</x64>
      <y64>605</y64>
      <x65>935</x65>
      <y65>600</y65>
      <x66>934</x66>
      <y66>596</y66>
      <x67>929</x67>
      <y67>590</y67>
      <x68>922</x68>
      <y68>587</y68>
      <x69>922</x69>
      <y69>585</y69>
      <x70>918</x70>
      <y70>579</y70>
      <x71>912</x71>
      <y71>578</y71>
      <x72>905</x72>
      <y72>574</y72>
      <x73>892</x73>
      <y73>572</y73>
      <x74>885</x74>
      <y74>568</y74>
      <x75>875</x75>
      <y75>567</y75>
      <x76>874</x76>
      <y76>566</y76>
      <x77>864</x77>
      <y77>566</y77>
      <x78>860</x78>
      <y78>563</y78>
      <x79>856</x79>
      <y79>563</y79>
      <x80>851</x80>
      <y80>560</y80>
      <x81>840</x81>
      <y81>560</y81>
      <x82>828</x82>
      <y82>555</y82>
      <x83>821</x83>
      <y83>554</y83>
      <x84>806</x84>
      <y84>542</y84>
      <x85>805</x85>
      <y85>537</y85>
    </polygon>
  </object>
  <object>
    <name>person</name>
    <bndbox>
      <xmin>201</xmin>
      <ymin>16</ymin>
      <xmax>1013</xmax>
      <ymax>611</ymax>
    </bndbox>
    <polygon>
      <x1>927</x1>
      <y1>158</y1>
      <x2>923</x2>
      <y2>155</y2>
      <x3>922</x3>
      <y3>152</y3>
      <x4>916</x4>
      <y4>145</y4>
      <x5>903</x5>
      <y5>133</y5>
      <x6>898</x6>
      <y6>126</y6>
      <x7>891</x7>
      <y7>125</y7>
      <x8>882</x8>
      <y8>121</y8>
      <x9>865</x9>
      <y9>110</y9>
      <x10>856</x10>
      <y10>102</y10>
      <x11>828</x11>
      <y11>90</y11>
      <x12>819</x12>
      <y12>89</y12>
      <x13>816</x13>
      <y13>87</y13>
      <x14>809</x14>
      <y14>87</y14>
      <x15>803</x15>
      <y15>83</y15>
      <x16>794</x16>
      <y16>81</y16>
      <x17>781</x17>
      <y17>74</y17>
      <x18>779</x18>
      <y18>74</y18>
      <x19>772</x19>
      <y19>65</y19>
      <x20>770</x20>
      <y20>60</y20>
      <x21>770</x21>
      <y21>54</y21>
      <x22>763</x22>
      <y22>46</y22>
      <x23>741</x23>
      <y23>34</y23>
      <x24>734</x24>
      <y24>33</y24>
      <x25>720</x25>
      <y25>26</y25>
      <x26>703</x26>
      <y26>21</y26>
      <x27>686</x27>
      <y27>19</y27>
      <x28>679</x28>
      <y28>17</y28>
      <x29>670</x29>
      <y29>17</y29>
      <x30>669</x30>
      <y30>16</y30>
      <x31>651</x31>
      <y31>18</y31>
      <x32>627</x32>
      <y32>24</y32>
      <x33>612</x33>
      <y33>31</y33>
      <x34>604</x34>
      <y34>37</y34>
      <x35>588</x35>
      <y35>53</y35>
      <x36>579</x36>
      <y36>52</y36>
      <x37>571</x37>
      <y37>55</y37>
      <x38>566</x38>
      <y38>55</y38>
      <x39>560</x39>
      <y39>57</y39>
      <x40>544</x40>
      <y40>66</y40>
      <x41>532</x41>
      <y41>81</y41>
      <x42>525</x42>
      <y42>95</y42>
      <x43>523</x43>
      <y43>102</y43>
      <x44>518</x44>
      <y44>108</y44>
      <x45>509</x45>
      <y45>110</y45>
      <x46>486</x46>
      <y46>121</y46>
      <x47>482</x47>
      <y47>124</y47>
      <x48>480</x48>
      <y48>124</y48>
      <x49>474</x49>
      <y49>129</y49>
      <x50>462</x50>
      <y50>135</y50>
      <x51>456</x51>
      <y51>140</y51>
      <x52>431</x52>
      <y52>153</y52>
      <x53>416</x53>
      <y53>164</y53>
      <x54>412</x54>
      <y54>166</y54>
      <x55>408</x55>
      <y55>166</y55>
      <x56>394</x56>
      <y56>170</y56>
      <x57>373</x57>
      <y57>184</y57>
      <x58>334</x58>
      <y58>218</y58>
      <x59>327</x59>
      <y59>222</y59>
      <x60>310</x60>
      <y60>237</y60>
      <x61>305</x61>
      <y61>240</y61>
      <x62>263</x62>
      <y62>285</y62>
      <x63>258</x63>
      <y63>288</y63>
      <x64>237</x64>
      <y64>306</y64>
      <x65>228</x65>
      <y65>316</y65>
      <x66>225</x66>
      <y66>322</y66>
      <x67>224</x67>
      <y67>328</y67>
      <x68>221</x68>
      <y68>333</y68>
      <x69>219</x69>
      <y69>343</y69>
      <x70>212</x70>
      <y70>355</y70>
      <x71>208</x71>
      <y71>359</y71>
      <x72>201</x72>
      <y72>378</y72>
      <x73>201</x73>
      <y73>428</y73>
      <x74>204</x74>
      <y74>440</y74>
      <x75>207</x75>
      <y75>444</y75>
      <x76>213</x76>
      <y76>448</y76>
      <x77>222</x77>
      <y77>451</y77>
      <x78>228</x78>
      <y78>457</y78>
      <x79>242</x79>
      <y79>486</y79>
      <x80>250</x80>
      <y80>496</y80>
      <x81>263</x81>
      <y81>508</y81>
      <x82>270</x82>
      <y82>518</y82>
      <x83>282</x83>
      <y83>529</y83>
      <x84>295</x84>
      <y84>545</y84>
      <x85>313</x85>
      <y85>560</y85>
      <x86>319</x86>
      <y86>567</y86>
      <x87>339</x87>
      <y87>581</y87>
      <x88>348</x88>
      <y88>589</y88>
      <x89>354</x89>
      <y89>591</y89>
      <x90>366</x90>
      <y90>591</y90>
      <x91>378</x91>
      <y91>588</y91>
      <x92>386</x92>
      <y92>588</y92>
      <x93>392</x93>
      <y93>582</y93>
      <x94>396</x94>
      <y94>574</y94>
      <x95>399</x95>
      <y95>571</y95>
      <x96>401</x96>
      <y96>571</y96>
      <x97>405</x97>
      <y97>576</y97>
      <x98>420</x98>
      <y98>583</y98>
      <x99>427</x99>
      <y99>588</y99>
      <x100>433</x100>
      <y100>590</y100>
      <x101>446</x101>
      <y101>601</y101>
      <x102>451</x102>
      <y102>603</y102>
      <x103>456</x103>
      <y103>608</y103>
      <x104>462</x104>
      <y104>611</y104>
      <x105>480</x105>
      <y105>610</y105>
      <x106>487</x106>
      <y106>605</y106>
      <x107>496</x107>
      <y107>603</y107>
      <x108>504</x108>
      <y108>599</y108>
      <x109>506</x109>
      <y109>595</y109>
      <x110>513</x110>
      <y110>587</y110>
      <x111>526</x111>
      <y111>564</y111>
      <x112>526</x112>
      <y112>560</y112>
      <x113>530</x113>
      <y113>550</y113>
      <x114>531</x114>
      <y114>541</y114>
      <x115>507</x115>
      <y115>521</y115>
      <x116>498</x116>
      <y116>510</y116>
      <x117>492</x117>
      <y117>508</y117>
      <x118>487</x118>
      <y118>504</y118>
      <x119>476</x119>
      <y119>502</y119>
      <x120>470</x120>
      <y120>499</y120>
      <x121>452</x121>
      <y121>499</y121>
      <x122>447</x122>
      <y122>502</y122>
      <x123>419</x123>
      <y123>502</y123>
      <x124>412</x124>
      <y124>499</y124>
      <x125>410</x125>
      <y125>497</y125>
      <x126>409</x126>
      <y126>491</y126>
      <x127>406</x127>
      <y127>488</y127>
      <x128>401</x128>
      <y128>487</y128>
      <x129>399</x129>
      <y129>485</y129>
      <x130>398</x130>
      <y130>480</y130>
      <x131>394</x131>
      <y131>476</y131>
      <x132>389</x132>
      <y132>474</y132>
      <x133>388</x133>
      <y133>470</y133>
      <x134>382</x134>
      <y134>463</y134>
      <x135>382</x135>
      <y135>458</y135>
      <x136>379</x136>
      <y136>458</y136>
      <x137>375</x137>
      <y137>455</y137>
      <x138>372</x138>
      <y138>446</y138>
      <x139>367</x139>
      <y139>439</y139>
      <x140>364</x140>
      <y140>430</y140>
      <x141>363</x141>
      <y141>422</y141>
      <x142>360</x142>
      <y142>417</y142>
      <x143>359</x143>
      <y143>410</y143>
      <x144>353</x144>
      <y144>406</y144>
      <x145>353</x145>
      <y145>401</y145>
      <x146>351</x146>
      <y146>397</y146>
      <x147>349</x147>
      <y147>387</y147>
      <x148>347</x148>
      <y148>384</y148>
      <x149>347</x149>
      <y149>379</y149>
      <x150>350</x150>
      <y150>376</y150>
      <x151>358</x151>
      <y151>374</y151>
      <x152>364</x152>
      <y152>374</y152>
      <x153>374</x153>
      <y153>370</y153>
      <x154>379</x154>
      <y154>366</y154>
      <x155>386</x155>
      <y155>364</y155>
      <x156>406</x156>
      <y156>365</y156>
      <x157>407</x157>
      <y157>366</y157>
      <x158>417</x158>
      <y158>367</y158>
      <x159>444</x159>
      <y159>376</y159>
      <x160>452</x160>
      <y160>377</y160>
      <x161>454</x161>
      <y161>379</y161>
      <x162>469</x162>
      <y162>386</y162>
      <x163>480</x163>
      <y163>388</y163>
      <x164>491</x164>
      <y164>393</y164>
      <x165>504</x165>
      <y165>396</y165>
      <x166>509</x166>
      <y166>396</y166>
      <x167>514</x167>
      <y167>398</y167>
      <x168>526</x168>
      <y168>398</y168>
      <x169>540</x169>
      <y169>394</y169>
      <x170>550</x170>
      <y170>388</y170>
      <x171>555</x171>
      <y171>387</y171>
      <x172>559</x172>
      <y172>383</y172>
      <x173>576</x173>
      <y173>372</y173>
      <x174>583</x174>
      <y174>365</y174>
      <x175>587</x175>
      <y175>364</y175>
      <x176>603</x176>
      <y176>353</y176>
      <x177>623</x177>
      <y177>346</y177>
      <x178>628</x178>
      <y178>343</y178>
      <x179>634</x179>
      <y179>343</y179>
      <x180>639</x180>
      <y180>341</y180>
      <x181>673</x181>
      <y181>341</y181>
      <x182>679</x182>
      <y182>339</y182>
      <x183>691</x183>
      <y183>340</y183>
      <x184>695</x184>
      <y184>337</y184>
      <x185>698</x185>
      <y185>337</y185>
      <x186>701</x186>
      <y186>339</y186>
      <x187>708</x187>
      <y187>340</y187>
      <x188>717</x188>
      <y188>348</y188>
      <x189>729</x189>
      <y189>354</y189>
      <x190>736</x190>
      <y190>361</y190>
      <x191>742</x191>
      <y191>372</y191>
      <x192>747</x192>
      <y192>377</y192>
      <x193>749</x193>
      <y193>381</y193>
      <x194>751</x194>
      <y194>389</y194>
      <x195>759</x195>
      <y195>405</y195>
      <x196>762</x196>
      <y196>418</y196>
      <x197>765</x197>
      <y197>424</y197>
      <x198>769</x198>
      <y198>428</y198>
      <x199>782</x199>
      <y199>428</y199>
      <x200>798</x200>
      <y200>423</y200>
      <x201>804</x201>
      <y201>423</y201>
      <x202>828</x202>
      <y202>418</y202>
      <x203>835</x203>
      <y203>418</y203>
      <x204>846</x204>
      <y204>415</y204>
      <x205>848</x205>
      <y205>413</y205>
      <x206>862</x206>
      <y206>412</y206>
      <x207>866</x207>
      <y207>410</y207>
      <x208>888</x208>
      <y208>409</y208>
      <x209>892</x209>
      <y209>417</y209>
      <x210>887</x210>
      <y210>423</y210>
      <x211>886</x211>
      <y211>432</y211>
      <x212>883</x212>
      <y212>434</y212>
      <x213>882</x213>
      <y213>433</y213>
      <x214>876</x214>
      <y214>433</y214>
      <x215>869</x215>
      <y215>436</y215>
      <x216>864</x216>
      <y216>446</y216>
      <x217>864</x217>
      <y217>450</y217>
      <x218>859</x218>
      <y218>457</y218>
      <x219>862</x219>
      <y219>487</y219>
      <x220>857</x220>
      <y220>490</y220>
      <x221>848</x221>
      <y221>489</y221>
      <x222>844</x222>
      <y222>491</y222>
      <x223>842</x223>
      <y223>495</y223>
      <x224>842</x224>
      <y224>499</y224>
      <x225>844</x225>
      <y225>502</y225>
      <x226>841</x226>
      <y226>508</y226>
      <x227>844</x227>
      <y227>513</y227>
      <x228>847</x228>
      <y228>513</y228>
      <x229>853</x229>
      <y229>518</y229>
      <x230>861</x230>
      <y230>521</y230>
      <x231>873</x231>
      <y231>530</y231>
      <x232>875</x232>
      <y232>533</y232>
      <x233>879</x233>
      <y233>535</y233>
      <x234>885</x234>
      <y234>535</y234>
      <x235>894</x235>
      <y235>540</y235>
      <x236>903</x236>
      <y236>540</y236>
      <x237>909</x237>
      <y237>538</y237>
      <x238>918</x238>
      <y238>538</y238>
      <x239>926</x239>
      <y239>536</y239>
      <x240>930</x240>
      <y240>534</y240>
      <x241>936</x241>
      <y241>528</y241>
      <x242>940</x242>
      <y242>528</y242>
      <x243>944</x243>
      <y243>523</y243>
      <x244>948</x244>
      <y244>521</y244>
      <x245>963</x245>
      <y245>503</y245>
      <x246>966</x246>
      <y246>497</y246>
      <x247>964</x247>
      <y247>478</y247>
      <x248>969</x248>
      <y248>465</y248>
      <x249>969</x249>
      <y249>456</y249>
      <x250>968</x250>
      <y250>454</y250>
      <x251>955</x251>
      <y251>444</y251>
      <x252>947</x252>
      <y252>441</y252>
      <x253>934</x253>
      <y253>433</y253>
      <x254>924</x254>
      <y254>429</y254>
      <x255>918</x255>
      <y255>430</y255>
      <x256>915</x256>
      <y256>432</y256>
      <x257>911</x257>
      <y257>432</y257>
      <x258>908</x258>
      <y258>429</y258>
      <x259>908</x259>
      <y259>422</y259>
      <x260>905</x260>
      <y260>419</y260>
      <x261>899</x261>
      <y261>418</y261>
      <x262>898</x262>
      <y262>415</y262>
      <x263>900</x263>
      <y263>412</y263>
      <x264>907</x264>
      <y264>410</y264>
      <x265>912</x265>
      <y265>407</y265>
      <x266>921</x266>
      <y266>398</y266>
      <x267>929</x267>
      <y267>395</y267>
      <x268>937</x268>
      <y268>388</y268>
      <x269>945</x269>
      <y269>388</y269>
      <x270>946</x270>
      <y270>389</y270>
      <x271>953</x271>
      <y271>388</y271>
      <x272>971</x272>
      <y272>381</y272>
      <x273>982</x273>
      <y273>379</y273>
      <x274>988</x274>
      <y274>376</y274>
      <x275>1003</x275>
      <y275>373</y275>
      <x276>1007</x276>
      <y276>371</y276>
      <x277>1010</x277>
      <y277>368</y277>
      <x278>1011</x278>
      <y278>365</y278>
      <x279>1011</x279>
      <y279>359</y279>
      <x280>1013</x280>
      <y280>351</y280>
      <x281>1013</x281>
      <y281>320</y281>
      <x282>1010</x282>
      <y282>306</y282>
      <x283>1006</x283>
      <y283>298</y283>
      <x284>996</x284>
      <y284>286</y284>
      <x285>991</x285>
      <y285>282</y285>
      <x286>983</x286>
      <y286>271</y286>
      <x287>967</x287>
      <y287>224</y287>
      <x288>950</x288>
      <y288>193</y288>
      <x289>928</x289>
      <y289>161</y289>
    </polygon>
  </object>
</annotation>
