<?xml version="1.0" ?>
<annotation>
  <folder>VOC</folder>
  <filename>5-1.png</filename>
  <source>
    <database>roboflow.ai</database>
  </source>
  <size>
    <width>1456</width>
    <height>816</height>
    <depth>3</depth>
  </size>
  <segmented>0</segmented>
  <object>
    <name>person</name>
    <bndbox>
      <xmin>557</xmin>
      <ymin>359</ymin>
      <xmax>743</xmax>
      <ymax>766</ymax>
    </bndbox>
    <polygon>
      <x1>650</x1>
      <y1>359</y1>
      <x2>643</x2>
      <y2>365</y2>
      <x3>643</x3>
      <y3>374</y3>
      <x4>637</x4>
      <y4>379</y4>
      <x5>632</x5>
      <y5>381</y5>
      <x6>626</x6>
      <y6>390</y6>
      <x7>626</x7>
      <y7>393</y7>
      <x8>621</x8>
      <y8>405</y8>
      <x9>620</x9>
      <y9>411</y9>
      <x10>615</x10>
      <y10>417</y10>
      <x11>615</x11>
      <y11>427</y11>
      <x12>616</x12>
      <y12>428</y12>
      <x13>615</x13>
      <y13>436</y13>
      <x14>608</x14>
      <y14>443</y14>
      <x15>605</x15>
      <y15>454</y15>
      <x16>595</x16>
      <y16>466</y16>
      <x17>589</x17>
      <y17>468</y17>
      <x18>585</x18>
      <y18>472</y18>
      <x19>577</x19>
      <y19>477</y19>
      <x20>569</x20>
      <y20>491</y20>
      <x21>567</x21>
      <y21>498</y21>
      <x22>565</x22>
      <y22>519</y22>
      <x23>564</x23>
      <y23>520</y23>
      <x24>564</x24>
      <y24>529</y24>
      <x25>563</x25>
      <y25>530</y25>
      <x26>562</x26>
      <y26>546</y26>
      <x27>561</x27>
      <y27>547</y27>
      <x28>561</x28>
      <y28>557</y28>
      <x29>560</x29>
      <y29>558</y29>
      <x30>560</x30>
      <y30>565</y30>
      <x31>559</x31>
      <y31>566</y31>
      <x32>559</x32>
      <y32>573</y32>
      <x33>557</x33>
      <y33>582</y33>
      <x34>557</x34>
      <y34>592</y34>
      <x35>560</x35>
      <y35>596</y35>
      <x36>567</x36>
      <y36>596</y36>
      <x37>569</x37>
      <y37>599</y37>
      <x38>576</x38>
      <y38>634</y38>
      <x39>576</x39>
      <y39>647</y39>
      <x40>581</x40>
      <y40>640</y40>
      <x41>584</x41>
      <y41>640</y41>
      <x42>586</x42>
      <y42>644</y42>
      <x43>586</x43>
      <y43>681</y43>
      <x44>587</x44>
      <y44>682</y44>
      <x45>588</x45>
      <y45>698</y45>
      <x46>596</x46>
      <y46>719</y46>
      <x47>598</x47>
      <y47>732</y47>
      <x48>602</x48>
      <y48>743</y48>
      <x49>602</x49>
      <y49>746</y49>
      <x50>600</x50>
      <y50>749</y50>
      <x51>595</x51>
      <y51>750</y51>
      <x52>591</x52>
      <y52>753</y52>
      <x53>591</x53>
      <y53>758</y53>
      <x54>593</x54>
      <y54>760</y54>
      <x55>603</x55>
      <y55>763</y55>
      <x56>621</x56>
      <y56>764</y56>
      <x57>622</x57>
      <y57>765</y57>
      <x58>671</x58>
      <y58>765</y58>
      <x59>672</x59>
      <y59>766</y59>
      <x60>707</x60>
      <y60>765</y60>
      <x61>722</x61>
      <y61>760</y61>
      <x62>726</x62>
      <y62>755</y62>
      <x63>730</x63>
      <y63>742</y63>
      <x64>730</x64>
      <y64>736</y64>
      <x65>731</x65>
      <y65>735</y65>
      <x66>730</x66>
      <y66>734</y66>
      <x67>730</x67>
      <y67>717</y67>
      <x68>715</x68>
      <y68>655</y68>
      <x69>720</x69>
      <y69>647</y69>
      <x70>720</x70>
      <y70>634</y70>
      <x71>726</x71>
      <y71>629</y71>
      <x72>729</x72>
      <y72>623</y72>
      <x73>728</x73>
      <y73>610</y73>
      <x74>725</x74>
      <y74>606</y74>
      <x75>725</x75>
      <y75>586</y75>
      <x76>740</x76>
      <y76>580</y76>
      <x77>743</x77>
      <y77>577</y77>
      <x78>743</x78>
      <y78>574</y78>
      <x79>740</x79>
      <y79>568</y79>
      <x80>738</x80>
      <y80>560</y80>
      <x81>731</x81>
      <y81>547</y81>
      <x82>731</x82>
      <y82>544</y82>
      <x83>725</x83>
      <y83>528</y83>
      <x84>714</x84>
      <y84>507</y84>
      <x85>708</x85>
      <y85>500</y85>
      <x86>703</x86>
      <y86>488</y86>
      <x87>694</x87>
      <y87>478</y87>
      <x88>690</x88>
      <y88>475</y88>
      <x89>686</x89>
      <y89>475</y89>
      <x90>682</x90>
      <y90>473</y90>
      <x91>678</x91>
      <y91>468</y91>
      <x92>676</x92>
      <y92>458</y92>
      <x93>677</x93>
      <y93>445</y93>
      <x94>674</x94>
      <y94>435</y94>
      <x95>670</x95>
      <y95>428</y95>
      <x96>670</x96>
      <y96>421</y96>
      <x97>667</x97>
      <y97>411</y97>
      <x98>667</x98>
      <y98>405</y98>
      <x99>664</x99>
      <y99>389</y99>
      <x100>658</x100>
      <y100>379</y100>
      <x101>652</x101>
      <y101>374</y101>
      <x102>653</x102>
      <y102>361</y102>
      <x103>652</x103>
      <y103>359</y103>
    </polygon>
  </object>
  <object>
    <name>person</name>
    <bndbox>
      <xmin>756</xmin>
      <ymin>388</ymin>
      <xmax>1024</xmax>
      <ymax>766</ymax>
    </bndbox>
    <polygon>
      <x1>851</x1>
      <y1>390</y1>
      <x2>851</x2>
      <y2>396</y2>
      <x3>853</x3>
      <y3>399</y3>
      <x4>853</x4>
      <y4>402</y4>
      <x5>845</x5>
      <y5>410</y5>
      <x6>841</x6>
      <y6>420</y6>
      <x7>826</x7>
      <y7>440</y7>
      <x8>823</x8>
      <y8>448</y8>
      <x9>822</x9>
      <y9>459</y9>
      <x10>813</x10>
      <y10>479</y10>
      <x11>813</x11>
      <y11>487</y11>
      <x12>808</x12>
      <y12>494</y12>
      <x13>799</x13>
      <y13>499</y13>
      <x14>796</x14>
      <y14>506</y14>
      <x15>792</x15>
      <y15>511</y15>
      <x16>787</x16>
      <y16>525</y16>
      <x17>788</x17>
      <y17>532</y17>
      <x18>783</x18>
      <y18>545</y18>
      <x19>781</x19>
      <y19>558</y19>
      <x20>783</x20>
      <y20>565</y20>
      <x21>791</x21>
      <y21>580</y21>
      <x22>792</x22>
      <y22>584</y22>
      <x23>801</x23>
      <y23>592</y23>
      <x24>801</x24>
      <y24>595</y24>
      <x25>790</x25>
      <y25>610</y25>
      <x26>786</x26>
      <y26>618</y26>
      <x27>786</x27>
      <y27>629</y27>
      <x28>775</x28>
      <y28>652</y28>
      <x29>770</x29>
      <y29>669</y29>
      <x30>766</x30>
      <y30>677</y30>
      <x31>763</x31>
      <y31>695</y31>
      <x32>760</x32>
      <y32>704</y32>
      <x33>759</x33>
      <y33>728</y33>
      <x34>756</x34>
      <y34>742</y34>
      <x35>761</x35>
      <y35>748</y35>
      <x36>770</x36>
      <y36>753</y36>
      <x37>782</x37>
      <y37>762</y37>
      <x38>797</x38>
      <y38>765</y38>
      <x39>871</x39>
      <y39>764</y39>
      <x40>872</x40>
      <y40>765</y40>
      <x41>883</x41>
      <y41>765</y41>
      <x42>884</x42>
      <y42>766</y42>
      <x43>905</x43>
      <y43>766</y43>
      <x44>906</x44>
      <y44>765</y44>
      <x45>914</x45>
      <y45>765</y45>
      <x46>928</x46>
      <y46>762</y46>
      <x47>941</x47>
      <y47>762</y47>
      <x48>942</x48>
      <y48>761</y48>
      <x49>954</x49>
      <y49>761</y49>
      <x50>955</x50>
      <y50>760</y50>
      <x51>988</x51>
      <y51>761</y51>
      <x52>989</x52>
      <y52>760</y52>
      <x53>1017</x53>
      <y53>758</y53>
      <x54>1024</x54>
      <y54>753</y54>
      <x55>1024</x55>
      <y55>747</y55>
      <x56>1022</x56>
      <y56>744</y56>
      <x57>1001</x57>
      <y57>743</y57>
      <x58>980</x58>
      <y58>738</y58>
      <x59>968</x59>
      <y59>728</y59>
      <x60>962</x60>
      <y60>717</y60>
      <x61>957</x61>
      <y61>713</y61>
      <x62>952</x62>
      <y62>706</y62>
      <x63>944</x63>
      <y63>668</y63>
      <x64>935</x64>
      <y64>642</y64>
      <x65>934</x65>
      <y65>634</y65>
      <x66>924</x66>
      <y66>607</y66>
      <x67>916</x67>
      <y67>593</y67>
      <x68>911</x68>
      <y68>580</y68>
      <x69>908</x69>
      <y69>576</y69>
      <x70>909</x70>
      <y70>573</y70>
      <x71>919</x71>
      <y71>564</y71>
      <x72>925</x72>
      <y72>554</y72>
      <x73>925</x73>
      <y73>552</y73>
      <x74>933</x74>
      <y74>543</y74>
      <x75>933</x75>
      <y75>524</y75>
      <x76>930</x76>
      <y76>515</y76>
      <x77>932</x77>
      <y77>505</y77>
      <x78>928</x78>
      <y78>499</y78>
      <x79>925</x79>
      <y79>490</y79>
      <x80>920</x80>
      <y80>487</y80>
      <x81>907</x81>
      <y81>473</y81>
      <x82>900</x82>
      <y82>460</y82>
      <x83>895</x83>
      <y83>446</y83>
      <x84>890</x84>
      <y84>438</y84>
      <x85>889</x85>
      <y85>434</y85>
      <x86>884</x86>
      <y86>428</y86>
      <x87>883</x87>
      <y87>424</y87>
      <x88>879</x88>
      <y88>418</y88>
      <x89>876</x89>
      <y89>409</y89>
      <x90>872</x90>
      <y90>405</y90>
      <x91>868</x91>
      <y91>403</y91>
      <x92>863</x92>
      <y92>396</y92>
      <x93>855</x93>
      <y93>388</y93>
    </polygon>
  </object>
</annotation>
