<?xml version="1.0" ?>
<annotation>
  <folder>VOC</folder>
  <filename>54-1.png</filename>
  <source>
    <database>roboflow.ai</database>
  </source>
  <size>
    <width>1456</width>
    <height>816</height>
    <depth>3</depth>
  </size>
  <segmented>0</segmented>
  <object>
    <name>person</name>
    <bndbox>
      <xmin>602</xmin>
      <ymin>32</ymin>
      <xmax>861</xmax>
      <ymax>691</ymax>
    </bndbox>
    <polygon>
      <x1>729</x1>
      <y1>32</y1>
      <x2>728</x2>
      <y2>33</y2>
      <x3>709</x3>
      <y3>33</y3>
      <x4>706</x4>
      <y4>34</y4>
      <x5>701</x5>
      <y5>38</y5>
      <x6>700</x6>
      <y6>41</y6>
      <x7>695</x7>
      <y7>46</y7>
      <x8>693</x8>
      <y8>54</y8>
      <x9>681</x9>
      <y9>82</y9>
      <x10>676</x10>
      <y10>107</y10>
      <x11>672</x11>
      <y11>115</y11>
      <x12>669</x12>
      <y12>131</y12>
      <x13>666</x13>
      <y13>138</y13>
      <x14>663</x14>
      <y14>155</y14>
      <x15>660</x15>
      <y15>160</y15>
      <x16>659</x16>
      <y16>168</y16>
      <x17>657</x17>
      <y17>170</y17>
      <x18>655</x18>
      <y18>176</y18>
      <x19>655</x19>
      <y19>186</y19>
      <x20>650</x20>
      <y20>197</y20>
      <x21>650</x21>
      <y21>202</y21>
      <x22>644</x22>
      <y22>225</y22>
      <x23>643</x23>
      <y23>235</y23>
      <x24>640</x24>
      <y24>240</y24>
      <x25>639</x25>
      <y25>248</y25>
      <x26>637</x26>
      <y26>251</y26>
      <x27>637</x27>
      <y27>257</y27>
      <x28>634</x28>
      <y28>263</y28>
      <x29>633</x29>
      <y29>293</y29>
      <x30>629</x30>
      <y30>297</y30>
      <x31>629</x31>
      <y31>299</y31>
      <x32>633</x32>
      <y32>303</y32>
      <x33>630</x33>
      <y33>308</y33>
      <x34>629</x34>
      <y34>314</y34>
      <x35>621</x35>
      <y35>327</y35>
      <x36>621</x36>
      <y36>333</y36>
      <x37>614</x37>
      <y37>352</y37>
      <x38>610</x38>
      <y38>383</y38>
      <x39>609</x39>
      <y39>384</y39>
      <x40>609</x40>
      <y40>393</y40>
      <x41>608</x41>
      <y41>394</y41>
      <x42>608</x42>
      <y42>441</y42>
      <x43>607</x43>
      <y43>442</y43>
      <x44>607</x44>
      <y44>453</y44>
      <x45>605</x45>
      <y45>457</y45>
      <x46>605</x46>
      <y46>467</y46>
      <x47>604</x47>
      <y47>468</y47>
      <x48>604</x48>
      <y48>477</y48>
      <x49>603</x49>
      <y49>478</y49>
      <x50>603</x50>
      <y50>494</y50>
      <x51>602</x51>
      <y51>495</y51>
      <x52>603</x52>
      <y52>500</y52>
      <x53>603</x53>
      <y53>521</y53>
      <x54>604</x54>
      <y54>522</y54>
      <x55>603</x55>
      <y55>539</y55>
      <x56>602</x56>
      <y56>540</y56>
      <x57>602</x57>
      <y57>554</y57>
      <x58>607</x58>
      <y58>580</y58>
      <x59>609</x59>
      <y59>598</y59>
      <x60>615</x60>
      <y60>616</y60>
      <x61>618</x61>
      <y61>622</y61>
      <x62>621</x62>
      <y62>625</y62>
      <x63>625</x63>
      <y63>634</y63>
      <x64>631</x64>
      <y64>640</y64>
      <x65>641</x65>
      <y65>655</y65>
      <x66>657</x66>
      <y66>671</y66>
      <x67>665</x67>
      <y67>677</y67>
      <x68>669</x68>
      <y68>678</y68>
      <x69>673</x69>
      <y69>681</y69>
      <x70>690</x70>
      <y70>686</y70>
      <x71>700</x71>
      <y71>688</y71>
      <x72>712</x72>
      <y72>688</y72>
      <x73>713</x73>
      <y73>689</y73>
      <x74>727</x74>
      <y74>689</y74>
      <x75>731</x75>
      <y75>686</y75>
      <x76>735</x76>
      <y76>686</y76>
      <x77>742</x77>
      <y77>688</y77>
      <x78>746</x78>
      <y78>691</y78>
      <x79>774</x79>
      <y79>686</y79>
      <x80>786</x80>
      <y80>682</y80>
      <x81>802</x81>
      <y81>674</y81>
      <x82>809</x82>
      <y82>669</y82>
      <x83>817</x83>
      <y83>660</y83>
      <x84>824</x84>
      <y84>656</y84>
      <x85>841</x85>
      <y85>634</y85>
      <x86>847</x86>
      <y86>621</y86>
      <x87>847</x87>
      <y87>618</y87>
      <x88>852</x88>
      <y88>611</y88>
      <x89>857</x89>
      <y89>587</y89>
      <x90>858</x90>
      <y90>559</y90>
      <x91>859</x91>
      <y91>558</y91>
      <x92>859</x92>
      <y92>524</y92>
      <x93>861</x93>
      <y93>520</y93>
      <x94>860</x94>
      <y94>516</y94>
      <x95>861</x95>
      <y95>512</y95>
      <x96>861</x96>
      <y96>488</y96>
      <x97>860</x97>
      <y97>487</y97>
      <x98>860</x98>
      <y98>475</y98>
      <x99>857</x99>
      <y99>465</y99>
      <x100>857</x100>
      <y100>454</y100>
      <x101>856</x101>
      <y101>453</y101>
      <x102>857</x102>
      <y102>450</y102>
      <x103>856</x103>
      <y103>399</y103>
      <x104>854</x104>
      <y104>391</y104>
      <x105>854</x105>
      <y105>381</y105>
      <x106>853</x106>
      <y106>380</y106>
      <x107>853</x107>
      <y107>373</y107>
      <x108>851</x108>
      <y108>367</y108>
      <x109>850</x109>
      <y109>356</y109>
      <x110>842</x110>
      <y110>326</y110>
      <x111>834</x111>
      <y111>310</y111>
      <x112>834</x112>
      <y112>297</y112>
      <x113>831</x113>
      <y113>293</y113>
      <x114>828</x114>
      <y114>283</y114>
      <x115>828</x115>
      <y115>275</y115>
      <x116>825</x116>
      <y116>270</y116>
      <x117>825</x117>
      <y117>266</y117>
      <x118>822</x118>
      <y118>257</y118>
      <x119>822</x119>
      <y119>251</y119>
      <x120>817</x120>
      <y120>236</y120>
      <x121>816</x121>
      <y121>226</y121>
      <x122>813</x122>
      <y122>220</y122>
      <x123>810</x123>
      <y123>207</y123>
      <x124>806</x124>
      <y124>201</y124>
      <x125>806</x125>
      <y125>195</y125>
      <x126>802</x126>
      <y126>188</y126>
      <x127>799</x127>
      <y127>172</y127>
      <x128>796</x128>
      <y128>167</y128>
      <x129>796</x129>
      <y129>161</y129>
      <x130>792</x130>
      <y130>152</y130>
      <x131>790</x131>
      <y131>137</y131>
      <x132>787</x132>
      <y132>132</y132>
      <x133>786</x133>
      <y133>126</y133>
      <x134>780</x134>
      <y134>111</y134>
      <x135>780</x135>
      <y135>107</y135>
      <x136>777</x136>
      <y136>98</y136>
      <x137>777</x137>
      <y137>88</y137>
      <x138>769</x138>
      <y138>71</y138>
      <x139>761</x139>
      <y139>61</y139>
      <x140>758</x140>
      <y140>48</y140>
      <x141>747</x141>
      <y141>36</y141>
      <x142>739</x142>
      <y142>33</y142>
    </polygon>
  </object>
</annotation>
