<?xml version="1.0" ?>
<annotation>
  <folder>VOC</folder>
  <filename>54-2.png</filename>
  <source>
    <database>roboflow.ai</database>
  </source>
  <size>
    <width>1456</width>
    <height>816</height>
    <depth>3</depth>
  </size>
  <segmented>0</segmented>
  <object>
    <name>person</name>
    <bndbox>
      <xmin>502</xmin>
      <ymin>26</ymin>
      <xmax>938</xmax>
      <ymax>813</ymax>
    </bndbox>
    <polygon>
      <x1>845</x1>
      <y1>33</y1>
      <x2>834</x2>
      <y2>32</y2>
      <x3>811</x3>
      <y3>27</y3>
      <x4>788</x4>
      <y4>29</y4>
      <x5>775</x5>
      <y5>26</y5>
      <x6>758</x6>
      <y6>26</y6>
      <x7>724</x7>
      <y7>34</y7>
      <x8>718</x8>
      <y8>38</y8>
      <x9>715</x9>
      <y9>38</y9>
      <x10>706</x10>
      <y10>43</y10>
      <x11>700</x11>
      <y11>44</y11>
      <x12>693</x12>
      <y12>50</y12>
      <x13>680</x13>
      <y13>65</y13>
      <x14>677</x14>
      <y14>72</y14>
      <x15>670</x15>
      <y15>81</y15>
      <x16>667</x16>
      <y16>95</y16>
      <x17>663</x17>
      <y17>104</y17>
      <x18>651</x18>
      <y18>115</y18>
      <x19>646</x19>
      <y19>129</y19>
      <x20>644</x20>
      <y20>131</y20>
      <x21>642</x21>
      <y21>139</y21>
      <x22>642</x22>
      <y22>149</y22>
      <x23>647</x23>
      <y23>161</y23>
      <x24>648</x24>
      <y24>179</y24>
      <x25>643</x25>
      <y25>201</y25>
      <x26>641</x26>
      <y26>217</y26>
      <x27>635</x27>
      <y27>234</y27>
      <x28>624</x28>
      <y28>246</y28>
      <x29>615</x29>
      <y29>259</y29>
      <x30>612</x30>
      <y30>268</y30>
      <x31>612</x31>
      <y31>275</y31>
      <x32>608</x32>
      <y32>278</y32>
      <x33>574</x33>
      <y33>289</y33>
      <x34>561</x34>
      <y34>296</y34>
      <x35>543</x35>
      <y35>309</y35>
      <x36>538</x36>
      <y36>311</y36>
      <x37>522</x37>
      <y37>330</y37>
      <x38>516</x38>
      <y38>345</y38>
      <x39>510</x39>
      <y39>371</y39>
      <x40>510</x40>
      <y40>395</y40>
      <x41>509</x41>
      <y41>396</y41>
      <x42>510</x42>
      <y42>434</y42>
      <x43>504</x43>
      <y43>476</y43>
      <x44>503</x44>
      <y44>502</y44>
      <x45>502</x45>
      <y45>503</y45>
      <x46>502</x46>
      <y46>538</y46>
      <x47>507</x47>
      <y47>569</y47>
      <x48>508</x48>
      <y48>590</y48>
      <x49>510</x49>
      <y49>593</y49>
      <x50>511</x50>
      <y50>649</y50>
      <x51>516</x51>
      <y51>691</y51>
      <x52>518</x52>
      <y52>701</y52>
      <x53>521</x53>
      <y53>708</y53>
      <x54>521</x54>
      <y54>712</y54>
      <x55>530</x55>
      <y55>738</y55>
      <x56>545</x56>
      <y56>768</y56>
      <x57>552</x57>
      <y57>775</y57>
      <x58>555</x58>
      <y58>781</y58>
      <x59>569</x59>
      <y59>795</y59>
      <x60>584</x60>
      <y60>805</y60>
      <x61>593</x61>
      <y61>809</y61>
      <x62>604</x62>
      <y62>812</y62>
      <x63>628</x63>
      <y63>812</y63>
      <x64>632</x64>
      <y64>809</y64>
      <x65>630</x65>
      <y65>799</y65>
      <x66>616</x66>
      <y66>780</y66>
      <x67>613</x67>
      <y67>763</y67>
      <x68>609</x68>
      <y68>752</y68>
      <x69>604</x69>
      <y69>746</y69>
      <x70>604</x70>
      <y70>742</y70>
      <x71>601</x71>
      <y71>736</y71>
      <x72>600</x72>
      <y72>730</y72>
      <x73>593</x73>
      <y73>717</y73>
      <x74>591</x74>
      <y74>707</y74>
      <x75>589</x75>
      <y75>704</y75>
      <x76>588</x76>
      <y76>697</y76>
      <x77>582</x77>
      <y77>680</y77>
      <x78>583</x78>
      <y78>667</y78>
      <x79>592</x79>
      <y79>646</y79>
      <x80>592</x80>
      <y80>638</y80>
      <x81>596</x81>
      <y81>626</y81>
      <x82>600</x82>
      <y82>594</y82>
      <x83>604</x83>
      <y83>589</y83>
      <x84>606</x84>
      <y84>589</y84>
      <x85>612</x85>
      <y85>595</y85>
      <x86>614</x86>
      <y86>602</y86>
      <x87>618</x87>
      <y87>606</y87>
      <x88>624</x88>
      <y88>618</y88>
      <x89>624</x89>
      <y89>621</y89>
      <x90>629</x90>
      <y90>629</y90>
      <x91>630</x91>
      <y91>634</y91>
      <x92>634</x92>
      <y92>639</y92>
      <x93>634</x93>
      <y93>643</y93>
      <x94>638</x94>
      <y94>651</y94>
      <x95>643</x95>
      <y95>670</y95>
      <x96>645</x96>
      <y96>673</y96>
      <x97>648</x97>
      <y97>699</y97>
      <x98>647</x98>
      <y98>711</y98>
      <x99>640</x99>
      <y99>728</y99>
      <x100>639</x100>
      <y100>749</y100>
      <x101>632</x101>
      <y101>768</y101>
      <x102>632</x102>
      <y102>777</y102>
      <x103>634</x103>
      <y103>781</y103>
      <x104>637</x104>
      <y104>805</y104>
      <x105>643</x105>
      <y105>810</y105>
      <x106>651</x106>
      <y106>812</y106>
      <x107>666</x107>
      <y107>812</y107>
      <x108>667</x108>
      <y108>813</y108>
      <x109>672</x109>
      <y109>812</y109>
      <x110>676</x110>
      <y110>813</y110>
      <x111>682</x111>
      <y111>812</y111>
      <x112>689</x112>
      <y112>813</y112>
      <x113>693</x113>
      <y113>812</y113>
      <x114>709</x114>
      <y114>812</y114>
      <x115>710</x115>
      <y115>813</y115>
      <x116>849</x116>
      <y116>812</y116>
      <x117>850</x117>
      <y117>813</y117>
      <x118>851</x118>
      <y118>812</y118>
      <x119>871</x119>
      <y119>812</y119>
      <x120>886</x120>
      <y120>808</y120>
      <x121>889</x121>
      <y121>810</y121>
      <x122>894</x122>
      <y122>810</y122>
      <x123>899</x123>
      <y123>812</y123>
      <x124>907</x124>
      <y124>812</y124>
      <x125>918</x125>
      <y125>809</y125>
      <x126>925</x126>
      <y126>799</y126>
      <x127>928</x127>
      <y127>791</y127>
      <x128>924</x128>
      <y128>669</y128>
      <x129>919</x129>
      <y129>627</y129>
      <x130>914</x130>
      <y130>604</y130>
      <x131>911</x131>
      <y131>598</y131>
      <x132>908</x132>
      <y132>573</y132>
      <x133>908</x133>
      <y133>551</y133>
      <x134>907</x134>
      <y134>550</y134>
      <x135>909</x135>
      <y135>537</y135>
      <x136>908</x136>
      <y136>500</y136>
      <x137>912</x137>
      <y137>488</y137>
      <x138>928</x138>
      <y138>472</y138>
      <x139>933</x139>
      <y139>462</y139>
      <x140>937</x140>
      <y140>439</y140>
      <x141>938</x141>
      <y141>390</y141>
      <x142>935</x142>
      <y142>383</y142>
      <x143>933</x143>
      <y143>358</y143>
      <x144>930</x144>
      <y144>347</y144>
      <x145>928</x145>
      <y145>330</y145>
      <x146>924</x146>
      <y146>322</y146>
      <x147>915</x147>
      <y147>310</y147>
      <x148>916</x148>
      <y148>284</y148>
      <x149>917</x149>
      <y149>283</y149>
      <x150>917</x150>
      <y150>273</y150>
      <x151>916</x151>
      <y151>272</y151>
      <x152>917</x152>
      <y152>252</y152>
      <x153>915</x153>
      <y153>240</y153>
      <x154>911</x154>
      <y154>230</y154>
      <x155>910</x155>
      <y155>217</y155>
      <x156>912</x156>
      <y156>204</y156>
      <x157>920</x157>
      <y157>183</y157>
      <x158>923</x158>
      <y158>179</y158>
      <x159>936</x159>
      <y159>174</y159>
      <x160>937</x160>
      <y160>172</y160>
      <x161>937</x161>
      <y161>149</y161>
      <x162>933</x162>
      <y162>143</y162>
      <x163>909</x163>
      <y163>122</y163>
      <x164>906</x164>
      <y164>116</y164>
      <x165>902</x165>
      <y165>97</y165>
      <x166>901</x166>
      <y166>83</y166>
      <x167>898</x167>
      <y167>77</y167>
      <x168>878</x168>
      <y168>55</y168>
      <x169>865</x169>
      <y169>48</y169>
      <x170>855</x170>
      <y170>38</y170>
    </polygon>
  </object>
  <object>
    <name>person</name>
    <bndbox>
      <xmin>109</xmin>
      <ymin>58</ymin>
      <xmax>478</xmax>
      <ymax>812</ymax>
    </bndbox>
    <polygon>
      <x1>337</x1>
      <y1>60</y1>
      <x2>312</x2>
      <y2>68</y2>
      <x3>305</x3>
      <y3>73</y3>
      <x4>298</x4>
      <y4>75</y4>
      <x5>294</x5>
      <y5>79</y5>
      <x6>288</x6>
      <y6>81</y6>
      <x7>280</x7>
      <y7>89</y7>
      <x8>277</x8>
      <y8>90</y8>
      <x9>265</x9>
      <y9>103</y9>
      <x10>262</x10>
      <y10>110</y10>
      <x11>253</x11>
      <y11>122</y11>
      <x12>251</x12>
      <y12>127</y12>
      <x13>240</x13>
      <y13>138</y13>
      <x14>226</x14>
      <y14>165</y14>
      <x15>225</x15>
      <y15>169</y15>
      <x16>216</x16>
      <y16>183</y16>
      <x17>215</x17>
      <y17>190</y17>
      <x18>217</x18>
      <y18>200</y18>
      <x19>217</x19>
      <y19>210</y19>
      <x20>218</x20>
      <y20>214</y20>
      <x21>221</x21>
      <y21>218</y21>
      <x22>221</x22>
      <y22>233</y22>
      <x23>220</x23>
      <y23>236</y23>
      <x24>224</x24>
      <y24>241</y24>
      <x25>224</x25>
      <y25>243</y25>
      <x26>214</x26>
      <y26>253</y26>
      <x27>213</x27>
      <y27>256</y27>
      <x28>210</x28>
      <y28>259</y28>
      <x29>203</x29>
      <y29>262</y29>
      <x30>198</x30>
      <y30>262</y30>
      <x31>190</x31>
      <y31>265</y31>
      <x32>178</x32>
      <y32>277</y32>
      <x33>163</x33>
      <y33>285</y33>
      <x34>149</x34>
      <y34>299</y34>
      <x35>147</x35>
      <y35>303</y35>
      <x36>143</x36>
      <y36>307</y36>
      <x37>125</x37>
      <y37>337</y37>
      <x38>124</x38>
      <y38>344</y38>
      <x39>118</x39>
      <y39>358</y39>
      <x40>118</x40>
      <y40>366</y40>
      <x41>115</x41>
      <y41>377</y41>
      <x42>114</x42>
      <y42>394</y42>
      <x43>112</x43>
      <y43>400</y43>
      <x44>111</x44>
      <y44>426</y44>
      <x45>110</x45>
      <y45>427</y45>
      <x46>111</x46>
      <y46>432</y46>
      <x47>110</x47>
      <y47>470</y47>
      <x48>109</x48>
      <y48>471</y48>
      <x49>109</x49>
      <y49>476</y49>
      <x50>110</x50>
      <y50>477</y50>
      <x51>110</x51>
      <y51>507</y51>
      <x52>111</x52>
      <y52>508</y52>
      <x53>111</x53>
      <y53>518</y53>
      <x54>113</x54>
      <y54>528</y54>
      <x55>113</x55>
      <y55>540</y55>
      <x56>116</x56>
      <y56>555</y56>
      <x57>116</x57>
      <y57>564</y57>
      <x58>119</x58>
      <y58>573</y58>
      <x59>121</x59>
      <y59>588</y59>
      <x60>124</x60>
      <y60>593</y60>
      <x61>126</x61>
      <y61>612</y61>
      <x62>129</x62>
      <y62>620</y62>
      <x63>131</x63>
      <y63>634</y63>
      <x64>134</x64>
      <y64>641</y64>
      <x65>137</x65>
      <y65>656</y65>
      <x66>145</x66>
      <y66>673</y66>
      <x67>146</x67>
      <y67>680</y67>
      <x68>149</x68>
      <y68>689</y68>
      <x69>153</x69>
      <y69>695</y69>
      <x70>155</x70>
      <y70>704</y70>
      <x71>161</x71>
      <y71>715</y71>
      <x72>164</x72>
      <y72>724</y72>
      <x73>170</x73>
      <y73>731</y73>
      <x74>180</x74>
      <y74>753</y74>
      <x75>191</x75>
      <y75>765</y75>
      <x76>193</x76>
      <y76>771</y76>
      <x77>198</x77>
      <y77>776</y77>
      <x78>200</x78>
      <y78>780</y78>
      <x79>205</x79>
      <y79>783</y79>
      <x80>209</x80>
      <y80>789</y80>
      <x81>223</x81>
      <y81>803</y81>
      <x82>234</x82>
      <y82>806</y82>
      <x83>240</x83>
      <y83>810</y83>
      <x84>264</x84>
      <y84>811</y84>
      <x85>265</x85>
      <y85>812</y85>
      <x86>322</x86>
      <y86>812</y86>
      <x87>329</x87>
      <y87>810</y87>
      <x88>370</x88>
      <y88>811</y88>
      <x89>375</x89>
      <y89>809</y89>
      <x90>385</x90>
      <y90>809</y90>
      <x91>393</x91>
      <y91>807</y91>
      <x92>401</x92>
      <y92>810</y92>
      <x93>422</x93>
      <y93>809</y93>
      <x94>429</x94>
      <y94>811</y94>
      <x95>441</x95>
      <y95>811</y95>
      <x96>442</x96>
      <y96>812</y96>
      <x97>470</x97>
      <y97>811</y97>
      <x98>473</x98>
      <y98>809</y98>
      <x99>473</x99>
      <y99>804</y99>
      <x100>469</x100>
      <y100>798</y100>
      <x101>467</x101>
      <y101>791</y101>
      <x102>459</x102>
      <y102>781</y102>
      <x103>458</x103>
      <y103>776</y103>
      <x104>466</x104>
      <y104>769</y104>
      <x105>471</x105>
      <y105>767</y105>
      <x106>476</x106>
      <y106>763</y106>
      <x107>478</x107>
      <y107>748</y107>
      <x108>477</x108>
      <y108>744</y108>
      <x109>468</x109>
      <y109>730</y109>
      <x110>466</x110>
      <y110>724</y110>
      <x111>461</x111>
      <y111>720</y111>
      <x112>460</x112>
      <y112>715</y112>
      <x113>455</x113>
      <y113>707</y113>
      <x114>455</x114>
      <y114>701</y114>
      <x115>450</x115>
      <y115>697</y115>
      <x116>449</x116>
      <y116>692</y116>
      <x117>445</x117>
      <y117>684</y117>
      <x118>444</x118>
      <y118>677</y118>
      <x119>441</x119>
      <y119>672</y119>
      <x120>441</x120>
      <y120>668</y120>
      <x121>437</x121>
      <y121>663</y121>
      <x122>437</x122>
      <y122>660</y122>
      <x123>439</x123>
      <y123>658</y123>
      <x124>442</x124>
      <y124>658</y124>
      <x125>445</x125>
      <y125>660</y125>
      <x126>452</x126>
      <y126>660</y126>
      <x127>454</x127>
      <y127>662</y127>
      <x128>454</x128>
      <y128>667</y128>
      <x129>463</x129>
      <y129>675</y129>
      <x130>464</x130>
      <y130>679</y130>
      <x131>457</x131>
      <y131>681</y131>
      <x132>457</x132>
      <y132>693</y132>
      <x133>464</x133>
      <y133>697</y133>
      <x134>465</x134>
      <y134>702</y134>
      <x135>468</x135>
      <y135>706</y135>
      <x136>469</x136>
      <y136>712</y136>
      <x137>472</x137>
      <y137>712</y137>
      <x138>475</x138>
      <y138>710</y138>
      <x139>476</x139>
      <y139>701</y139>
      <x140>473</x140>
      <y140>696</y140>
      <x141>472</x141>
      <y141>683</y141>
      <x142>470</x142>
      <y142>676</y142>
      <x143>467</x143>
      <y143>672</y143>
      <x144>467</x144>
      <y144>667</y144>
      <x145>465</x145>
      <y145>664</y145>
      <x146>464</x146>
      <y146>654</y146>
      <x147>461</x147>
      <y147>646</y147>
      <x148>459</x148>
      <y148>626</y148>
      <x149>456</x149>
      <y149>618</y149>
      <x150>456</x150>
      <y150>609</y150>
      <x151>452</x151>
      <y151>596</y151>
      <x152>452</x152>
      <y152>587</y152>
      <x153>449</x153>
      <y153>581</y153>
      <x154>447</x154>
      <y154>564</y154>
      <x155>444</x155>
      <y155>556</y155>
      <x156>443</x156>
      <y156>541</y156>
      <x157>440</x157>
      <y157>527</y157>
      <x158>440</x158>
      <y158>519</y158>
      <x159>437</x159>
      <y159>507</y159>
      <x160>437</x160>
      <y160>495</y160>
      <x161>436</x161>
      <y161>494</y161>
      <x162>434</x162>
      <y162>474</y162>
      <x163>432</x163>
      <y163>466</y163>
      <x164>431</x164>
      <y164>440</y164>
      <x165>430</x165>
      <y165>439</y165>
      <x166>426</x166>
      <y166>409</y166>
      <x167>421</x167>
      <y167>397</y167>
      <x168>421</x168>
      <y168>393</y168>
      <x169>410</x169>
      <y169>364</y169>
      <x170>410</x170>
      <y170>359</y170>
      <x171>408</x171>
      <y171>353</y171>
      <x172>404</x172>
      <y172>346</y172>
      <x173>401</x173>
      <y173>336</y173>
      <x174>399</x174>
      <y174>334</y174>
      <x175>397</x175>
      <y175>325</y175>
      <x176>390</x176>
      <y176>313</y176>
      <x177>384</x177>
      <y177>295</y177>
      <x178>370</x178>
      <y178>279</y178>
      <x179>350</x179>
      <y179>261</y179>
      <x180>347</x180>
      <y180>260</y180>
      <x181>344</x181>
      <y181>257</y181>
      <x182>344</x182>
      <y182>253</y182>
      <x183>350</x183>
      <y183>249</y183>
      <x184>352</x184>
      <y184>243</y184>
      <x185>355</x185>
      <y185>240</y185>
      <x186>362</x186>
      <y186>238</y186>
      <x187>364</x187>
      <y187>234</y187>
      <x188>364</x188>
      <y188>231</y188>
      <x189>367</x189>
      <y189>228</y189>
      <x190>384</x190>
      <y190>222</y190>
      <x191>389</x191>
      <y191>216</y191>
      <x192>397</x192>
      <y192>215</y192>
      <x193>401</x193>
      <y193>208</y193>
      <x194>407</x194>
      <y194>202</y194>
      <x195>409</x195>
      <y195>175</y195>
      <x196>412</x196>
      <y196>168</y196>
      <x197>413</x197>
      <y197>161</y197>
      <x198>417</x198>
      <y198>156</y198>
      <x199>418</x199>
      <y199>150</y199>
      <x200>421</x200>
      <y200>146</y200>
      <x201>421</x201>
      <y201>143</y201>
      <x202>419</x202>
      <y202>140</y202>
      <x203>421</x203>
      <y203>128</y203>
      <x204>426</x204>
      <y204>120</y204>
      <x205>429</x205>
      <y205>112</y205>
      <x206>428</x206>
      <y206>87</y206>
      <x207>424</x207>
      <y207>78</y207>
      <x208>417</x208>
      <y208>69</y208>
      <x209>415</x209>
      <y209>69</y209>
      <x210>409</x210>
      <y210>65</y210>
      <x211>400</x211>
      <y211>63</y211>
      <x212>387</x212>
      <y212>58</y212>
      <x213>364</x213>
      <y213>58</y213>
      <x214>363</x214>
      <y214>59</y214>
      <x215>349</x215>
      <y215>58</y215>
      <x216>348</x216>
      <y216>59</y216>
    </polygon>
  </object>
</annotation>
