<?xml version="1.0" ?>
<annotation>
  <folder>VOC</folder>
  <filename>55-1.png</filename>
  <source>
    <database>roboflow.ai</database>
  </source>
  <size>
    <width>1456</width>
    <height>816</height>
    <depth>3</depth>
  </size>
  <segmented>0</segmented>
  <object>
    <name>person</name>
    <bndbox>
      <xmin>426</xmin>
      <ymin>554</ymin>
      <xmax>521</xmax>
      <ymax>641</ymax>
    </bndbox>
    <polygon>
      <x1>426</x1>
      <y1>582</y1>
      <x2>428</x2>
      <y2>592</y2>
      <x3>436</x3>
      <y3>602</y3>
      <x4>441</x4>
      <y4>613</y4>
      <x5>445</x5>
      <y5>617</y5>
      <x6>447</x6>
      <y6>616</y6>
      <x7>447</x7>
      <y7>609</y7>
      <x8>436</x8>
      <y8>590</y8>
      <x9>436</x9>
      <y9>587</y9>
      <x10>440</x10>
      <y10>584</y10>
      <x11>451</x11>
      <y11>583</y11>
      <x12>461</x12>
      <y12>600</y12>
      <x13>487</x13>
      <y13>627</y13>
      <x14>489</x14>
      <y14>635</y14>
      <x15>493</x15>
      <y15>639</y15>
      <x16>498</x16>
      <y16>641</y16>
      <x17>502</x17>
      <y17>640</y17>
      <x18>503</x18>
      <y18>638</y18>
      <x19>494</x19>
      <y19>618</y19>
      <x20>494</x20>
      <y20>602</y20>
      <x21>495</x21>
      <y21>599</y21>
      <x22>493</x22>
      <y22>595</y22>
      <x23>493</x23>
      <y23>587</y23>
      <x24>492</x24>
      <y24>586</y24>
      <x25>491</x25>
      <y25>576</y25>
      <x26>492</x26>
      <y26>575</y26>
      <x27>500</x27>
      <y27>575</y27>
      <x28>508</x28>
      <y28>578</y28>
      <x29>512</x29>
      <y29>582</y29>
      <x30>515</x30>
      <y30>589</y30>
      <x31>517</x31>
      <y31>602</y31>
      <x32>520</x32>
      <y32>603</y32>
      <x33>521</x33>
      <y33>601</y33>
      <x34>521</x34>
      <y34>592</y34>
      <x35>519</x35>
      <y35>586</y35>
      <x36>515</x36>
      <y36>579</y36>
      <x37>515</x37>
      <y37>577</y37>
      <x38>510</x38>
      <y38>572</y38>
      <x39>499</x39>
      <y39>568</y39>
      <x40>491</x40>
      <y40>568</y40>
      <x41>481</x41>
      <y41>565</y41>
      <x42>475</x42>
      <y42>565</y42>
      <x43>472</x43>
      <y43>563</y43>
      <x44>469</x44>
      <y44>557</y44>
      <x45>464</x45>
      <y45>554</y45>
      <x46>457</x46>
      <y46>556</y46>
      <x47>455</x47>
      <y47>560</y47>
      <x48>455</x48>
      <y48>563</y48>
      <x49>452</x49>
      <y49>566</y49>
      <x50>430</x50>
      <y50>578</y50>
    </polygon>
  </object>
  <object>
    <name>person</name>
    <bndbox>
      <xmin>824</xmin>
      <ymin>487</ymin>
      <xmax>918</xmax>
      <ymax>572</ymax>
    </bndbox>
    <polygon>
      <x1>845</x1>
      <y1>488</y1>
      <x2>842</x2>
      <y2>492</y2>
      <x3>842</x3>
      <y3>500</y3>
      <x4>846</x4>
      <y4>519</y4>
      <x5>845</x5>
      <y5>524</y5>
      <x6>841</x6>
      <y6>528</y6>
      <x7>824</x7>
      <y7>536</y7>
      <x8>824</x8>
      <y8>538</y8>
      <x9>839</x9>
      <y9>536</y9>
      <x10>845</x10>
      <y10>540</y10>
      <x11>850</x11>
      <y11>532</y11>
      <x12>855</x12>
      <y12>528</y12>
      <x13>857</x13>
      <y13>530</y13>
      <x14>862</x14>
      <y14>560</y14>
      <x15>868</x15>
      <y15>571</y15>
      <x16>873</x16>
      <y16>572</y16>
      <x17>875</x17>
      <y17>570</y17>
      <x18>876</x18>
      <y18>558</y18>
      <x19>879</x19>
      <y19>555</y19>
      <x20>886</x20>
      <y20>564</y20>
      <x21>896</x21>
      <y21>567</y21>
      <x22>898</x22>
      <y22>565</y22>
      <x23>898</x23>
      <y23>557</y23>
      <x24>894</x24>
      <y24>548</y24>
      <x25>895</x25>
      <y25>543</y25>
      <x26>903</x26>
      <y26>533</y26>
      <x27>905</x27>
      <y27>528</y27>
      <x28>918</x28>
      <y28>514</y28>
      <x29>917</x29>
      <y29>506</y29>
      <x30>912</x30>
      <y30>502</y30>
      <x31>902</x31>
      <y31>499</y31>
      <x32>889</x32>
      <y32>499</y32>
      <x33>878</x33>
      <y33>506</y33>
      <x34>873</x34>
      <y34>502</y34>
      <x35>877</x35>
      <y35>497</y35>
      <x36>877</x36>
      <y36>492</y36>
      <x37>875</x37>
      <y37>490</y37>
      <x38>863</x38>
      <y38>487</y38>
    </polygon>
  </object>
  <object>
    <name>person</name>
    <bndbox>
      <xmin>763</xmin>
      <ymin>361</ymin>
      <xmax>814</xmax>
      <ymax>465</ymax>
    </bndbox>
    <polygon>
      <x1>789</x1>
      <y1>361</y1>
      <x2>782</x2>
      <y2>361</y2>
      <x3>777</x3>
      <y3>365</y3>
      <x4>775</x4>
      <y4>371</y4>
      <x5>775</x5>
      <y5>381</y5>
      <x6>768</x6>
      <y6>390</y6>
      <x7>768</x7>
      <y7>393</y7>
      <x8>763</x8>
      <y8>401</y8>
      <x9>767</x9>
      <y9>430</y9>
      <x10>777</x10>
      <y10>446</y10>
      <x11>777</x11>
      <y11>455</y11>
      <x12>781</x12>
      <y12>465</y12>
      <x13>784</x13>
      <y13>465</y13>
      <x14>788</x14>
      <y14>458</y14>
      <x15>788</x15>
      <y15>451</y15>
      <x16>792</x16>
      <y16>445</y16>
      <x17>795</x17>
      <y17>447</y17>
      <x18>803</x18>
      <y18>461</y18>
      <x19>806</x19>
      <y19>462</y19>
      <x20>809</x20>
      <y20>459</y20>
      <x21>805</x21>
      <y21>446</y21>
      <x22>806</x22>
      <y22>418</y22>
      <x23>808</x23>
      <y23>413</y23>
      <x24>807</x24>
      <y24>406</y24>
      <x25>814</x25>
      <y25>396</y25>
      <x26>803</x26>
      <y26>384</y26>
      <x27>792</x27>
      <y27>377</y27>
      <x28>791</x28>
      <y28>364</y28>
    </polygon>
  </object>
  <object>
    <name>person</name>
    <bndbox>
      <xmin>942</xmin>
      <ymin>501</ymin>
      <xmax>1012</xmax>
      <ymax>601</ymax>
    </bndbox>
    <polygon>
      <x1>1004</x1>
      <y1>504</y1>
      <x2>993</x2>
      <y2>501</y2>
      <x3>987</x3>
      <y3>502</y3>
      <x4>984</x4>
      <y4>512</y4>
      <x5>985</x5>
      <y5>520</y5>
      <x6>983</x6>
      <y6>522</y6>
      <x7>970</x7>
      <y7>527</y7>
      <x8>957</x8>
      <y8>543</y8>
      <x9>958</x9>
      <y9>548</y9>
      <x10>963</x10>
      <y10>550</y10>
      <x11>963</x11>
      <y11>555</y11>
      <x12>960</x12>
      <y12>565</y12>
      <x13>958</x13>
      <y13>586</y13>
      <x14>955</x14>
      <y14>590</y14>
      <x15>942</x15>
      <y15>600</y15>
      <x16>943</x16>
      <y16>601</y16>
      <x17>953</x17>
      <y17>600</y17>
      <x18>960</x18>
      <y18>596</y18>
      <x19>967</x19>
      <y19>588</y19>
      <x20>968</x20>
      <y20>579</y20>
      <x21>972</x21>
      <y21>568</y21>
      <x22>980</x22>
      <y22>560</y22>
      <x23>985</x23>
      <y23>560</y23>
      <x24>987</x24>
      <y24>562</y24>
      <x25>987</x25>
      <y25>567</y25>
      <x26>991</x26>
      <y26>578</y26>
      <x27>996</x27>
      <y27>574</y27>
      <x28>1001</x28>
      <y28>555</y28>
      <x29>1001</x29>
      <y29>548</y29>
      <x30>995</x30>
      <y30>543</y30>
      <x31>995</x31>
      <y31>540</y31>
      <x32>1001</x32>
      <y32>532</y32>
      <x33>1012</x33>
      <y33>521</y33>
      <x34>1010</x34>
      <y34>511</y34>
      <x35>1008</x35>
      <y35>507</y35>
    </polygon>
  </object>
  <object>
    <name>person</name>
    <bndbox>
      <xmin>626</xmin>
      <ymin>265</ymin>
      <xmax>699</xmax>
      <ymax>421</ymax>
    </bndbox>
    <polygon>
      <x1>654</x1>
      <y1>265</y1>
      <x2>647</x2>
      <y2>275</y2>
      <x3>648</x3>
      <y3>288</y3>
      <x4>646</x4>
      <y4>290</y4>
      <x5>638</x5>
      <y5>290</y5>
      <x6>634</x6>
      <y6>293</y6>
      <x7>632</x7>
      <y7>300</y7>
      <x8>633</x8>
      <y8>315</y8>
      <x9>626</x9>
      <y9>322</y9>
      <x10>630</x10>
      <y10>327</y10>
      <x11>640</x11>
      <y11>328</y11>
      <x12>639</x12>
      <y12>321</y12>
      <x13>642</x13>
      <y13>319</y13>
      <x14>646</x14>
      <y14>321</y14>
      <x15>646</x15>
      <y15>327</y15>
      <x16>642</x16>
      <y16>331</y16>
      <x17>644</x17>
      <y17>334</y17>
      <x18>648</x18>
      <y18>379</y18>
      <x19>654</x19>
      <y19>408</y19>
      <x20>653</x20>
      <y20>417</y20>
      <x21>656</x21>
      <y21>421</y21>
      <x22>662</x22>
      <y22>421</y22>
      <x23>664</x23>
      <y23>416</y23>
      <x24>660</x24>
      <y24>406</y24>
      <x25>657</x25>
      <y25>384</y25>
      <x26>659</x26>
      <y26>381</y26>
      <x27>667</x27>
      <y27>379</y27>
      <x28>674</x28>
      <y28>374</y28>
      <x29>682</x29>
      <y29>348</y29>
      <x30>682</x30>
      <y30>338</y30>
      <x31>687</x31>
      <y31>333</y31>
      <x32>699</x32>
      <y32>327</y32>
      <x33>699</x33>
      <y33>324</y33>
      <x34>691</x34>
      <y34>320</y34>
      <x35>684</x35>
      <y35>320</y35>
      <x36>684</x36>
      <y36>315</y36>
      <x37>689</x37>
      <y37>309</y37>
      <x38>688</x38>
      <y38>298</y38>
      <x39>685</x39>
      <y39>293</y39>
      <x40>680</x40>
      <y40>290</y40>
      <x41>674</x41>
      <y41>290</y41>
      <x42>669</x42>
      <y42>286</y42>
      <x43>669</x43>
      <y43>275</y43>
      <x44>663</x44>
      <y44>266</y44>
    </polygon>
  </object>
  <object>
    <name>person</name>
    <bndbox>
      <xmin>558</xmin>
      <ymin>291</ymin>
      <xmax>623</xmax>
      <ymax>436</ymax>
    </bndbox>
    <polygon>
      <x1>586</x1>
      <y1>291</y1>
      <x2>583</x2>
      <y2>295</y2>
      <x3>577</x3>
      <y3>296</y3>
      <x4>574</x4>
      <y4>299</y4>
      <x5>566</x5>
      <y5>312</y5>
      <x6>560</x6>
      <y6>332</y6>
      <x7>558</x7>
      <y7>349</y7>
      <x8>562</x8>
      <y8>350</y8>
      <x9>569</x9>
      <y9>346</y9>
      <x10>574</x10>
      <y10>346</y10>
      <x11>578</x11>
      <y11>349</y11>
      <x12>578</x12>
      <y12>355</y12>
      <x13>576</x13>
      <y13>360</y13>
      <x14>576</x14>
      <y14>369</y14>
      <x15>580</x15>
      <y15>376</y15>
      <x16>581</x16>
      <y16>382</y16>
      <x17>588</x17>
      <y17>396</y17>
      <x18>590</x18>
      <y18>403</y18>
      <x19>597</x19>
      <y19>415</y19>
      <x20>598</x20>
      <y20>424</y20>
      <x21>594</x21>
      <y21>428</y21>
      <x22>594</x22>
      <y22>430</y22>
      <x23>601</x23>
      <y23>435</y23>
      <x24>611</x24>
      <y24>436</y24>
      <x25>617</x25>
      <y25>433</y25>
      <x26>619</x26>
      <y26>428</y26>
      <x27>616</x27>
      <y27>422</y27>
      <x28>615</x28>
      <y28>391</y28>
      <x29>610</x29>
      <y29>374</y29>
      <x30>610</x30>
      <y30>366</y30>
      <x31>612</x31>
      <y31>359</y31>
      <x32>606</x32>
      <y32>345</y32>
      <x33>607</x33>
      <y33>323</y33>
      <x34>612</x34>
      <y34>322</y34>
      <x35>614</x35>
      <y35>324</y35>
      <x36>621</x36>
      <y36>325</y36>
      <x37>623</x37>
      <y37>322</y37>
      <x38>615</x38>
      <y38>316</y38>
      <x39>608</x39>
      <y39>316</y39>
      <x40>606</x40>
      <y40>322</y40>
      <x41>602</x41>
      <y41>315</y41>
      <x42>603</x42>
      <y42>310</y42>
      <x43>599</x43>
      <y43>306</y43>
      <x44>595</x44>
      <y44>304</y44>
      <x45>596</x45>
      <y45>302</y45>
      <x46>595</x46>
      <y46>297</y46>
      <x47>588</x47>
      <y47>291</y47>
    </polygon>
  </object>
  <object>
    <name>person</name>
    <bndbox>
      <xmin>301</xmin>
      <ymin>499</ymin>
      <xmax>364</xmax>
      <ymax>617</ymax>
    </bndbox>
    <polygon>
      <x1>315</x1>
      <y1>499</y1>
      <x2>312</x2>
      <y2>506</y2>
      <x3>311</x3>
      <y3>521</y3>
      <x4>309</x4>
      <y4>524</y4>
      <x5>302</x5>
      <y5>525</y5>
      <x6>301</x6>
      <y6>531</y6>
      <x7>305</x7>
      <y7>533</y7>
      <x8>313</x8>
      <y8>542</y8>
      <x9>313</x9>
      <y9>547</y9>
      <x10>311</x10>
      <y10>553</y10>
      <x11>313</x11>
      <y11>559</y11>
      <x12>319</x12>
      <y12>562</y12>
      <x13>325</x13>
      <y13>569</y13>
      <x14>334</x14>
      <y14>589</y14>
      <x15>346</x15>
      <y15>598</y15>
      <x16>347</x16>
      <y16>600</y16>
      <x17>345</x17>
      <y17>610</y17>
      <x18>346</x18>
      <y18>613</y18>
      <x19>350</x19>
      <y19>617</y19>
      <x20>354</x20>
      <y20>616</y20>
      <x21>354</x21>
      <y21>607</y21>
      <x22>358</x22>
      <y22>602</y22>
      <x23>364</x23>
      <y23>590</y23>
      <x24>364</x24>
      <y24>587</y24>
      <x25>358</x25>
      <y25>576</y25>
      <x26>357</x26>
      <y26>571</y26>
      <x27>354</x27>
      <y27>566</y27>
      <x28>351</x28>
      <y28>553</y28>
      <x29>347</x29>
      <y29>545</y29>
      <x30>343</x30>
      <y30>541</y30>
      <x31>337</x31>
      <y31>538</y31>
      <x32>333</x32>
      <y32>538</y32>
      <x33>329</x33>
      <y33>536</y33>
      <x34>323</x34>
      <y34>536</y34>
      <x35>319</x35>
      <y35>533</y35>
      <x36>317</x36>
      <y36>528</y36>
      <x37>317</x37>
      <y37>524</y37>
      <x38>321</x38>
      <y38>516</y38>
      <x39>321</x39>
      <y39>508</y39>
      <x40>318</x40>
      <y40>501</y40>
    </polygon>
  </object>
  <object>
    <name>person</name>
    <bndbox>
      <xmin>476</xmin>
      <ymin>270</ymin>
      <xmax>544</xmax>
      <ymax>372</ymax>
    </bndbox>
    <polygon>
      <x1>507</x1>
      <y1>270</y1>
      <x2>496</x2>
      <y2>277</y2>
      <x3>496</x3>
      <y3>286</y3>
      <x4>485</x4>
      <y4>298</y4>
      <x5>479</x5>
      <y5>310</y5>
      <x6>476</x6>
      <y6>320</y6>
      <x7>479</x7>
      <y7>326</y7>
      <x8>483</x8>
      <y8>329</y8>
      <x9>487</x9>
      <y9>336</y9>
      <x10>489</x10>
      <y10>332</y10>
      <x11>488</x11>
      <y11>320</y11>
      <x12>492</x12>
      <y12>316</y12>
      <x13>494</x13>
      <y13>318</y13>
      <x14>496</x14>
      <y14>326</y14>
      <x15>496</x15>
      <y15>338</y15>
      <x16>502</x16>
      <y16>351</y16>
      <x17>503</x17>
      <y17>359</y17>
      <x18>502</x18>
      <y18>369</y18>
      <x19>504</x19>
      <y19>372</y19>
      <x20>509</x20>
      <y20>372</y20>
      <x21>511</x21>
      <y21>369</y21>
      <x22>512</x22>
      <y22>363</y22>
      <x23>511</x23>
      <y23>348</y23>
      <x24>512</x24>
      <y24>343</y24>
      <x25>515</x25>
      <y25>338</y25>
      <x26>527</x26>
      <y26>335</y26>
      <x27>532</x27>
      <y27>340</y27>
      <x28>538</x28>
      <y28>356</y28>
      <x29>542</x29>
      <y29>356</y29>
      <x30>544</x30>
      <y30>350</y30>
      <x31>543</x31>
      <y31>336</y31>
      <x32>538</x32>
      <y32>323</y32>
      <x33>539</x33>
      <y33>293</y33>
      <x34>526</x34>
      <y34>280</y34>
      <x35>521</x35>
      <y35>278</y35>
      <x36>513</x36>
      <y36>279</y36>
      <x37>509</x37>
      <y37>275</y37>
    </polygon>
  </object>
  <object>
    <name>person</name>
    <bndbox>
      <xmin>987</xmin>
      <ymin>282</ymin>
      <xmax>1052</xmax>
      <ymax>386</ymax>
    </bndbox>
    <polygon>
      <x1>1033</x1>
      <y1>282</y1>
      <x2>1021</x2>
      <y2>283</y2>
      <x3>1017</x3>
      <y3>285</y3>
      <x4>1011</x4>
      <y4>292</y4>
      <x5>1004</x5>
      <y5>296</y5>
      <x6>997</x6>
      <y6>295</y6>
      <x7>987</x7>
      <y7>305</y7>
      <x8>987</x8>
      <y8>311</y8>
      <x9>991</x9>
      <y9>310</y9>
      <x10>995</x10>
      <y10>311</y10>
      <x11>1003</x11>
      <y11>317</y11>
      <x12>1012</x12>
      <y12>338</y12>
      <x13>1025</x13>
      <y13>350</y13>
      <x14>1023</x14>
      <y14>369</y14>
      <x15>1020</x15>
      <y15>382</y15>
      <x16>1021</x16>
      <y16>385</y16>
      <x17>1025</x17>
      <y17>386</y17>
      <x18>1027</x18>
      <y18>384</y18>
      <x19>1030</x19>
      <y19>369</y19>
      <x20>1032</x20>
      <y20>366</y20>
      <x21>1038</x21>
      <y21>345</y21>
      <x22>1040</x22>
      <y22>314</y22>
      <x23>1043</x23>
      <y23>311</y23>
      <x24>1049</x24>
      <y24>311</y24>
      <x25>1052</x25>
      <y25>308</y25>
      <x26>1050</x26>
      <y26>302</y26>
      <x27>1040</x27>
      <y27>287</y27>
    </polygon>
  </object>
  <object>
    <name>person</name>
    <bndbox>
      <xmin>884</xmin>
      <ymin>94</ymin>
      <xmax>958</xmax>
      <ymax>184</ymax>
    </bndbox>
    <polygon>
      <x1>922</x1>
      <y1>95</y1>
      <x2>916</x2>
      <y2>94</y2>
      <x3>908</x3>
      <y3>97</y3>
      <x4>900</x4>
      <y4>107</y4>
      <x5>899</x5>
      <y5>112</y5>
      <x6>901</x6>
      <y6>116</y6>
      <x7>901</x7>
      <y7>124</y7>
      <x8>899</x8>
      <y8>131</y8>
      <x9>896</x9>
      <y9>134</y9>
      <x10>893</x10>
      <y10>148</y10>
      <x11>890</x11>
      <y11>151</y11>
      <x12>898</x12>
      <y12>150</y12>
      <x13>901</x13>
      <y13>146</y13>
      <x14>901</x14>
      <y14>140</y14>
      <x15>903</x15>
      <y15>138</y15>
      <x16>909</x16>
      <y16>138</y16>
      <x17>913</x17>
      <y17>140</y17>
      <x18>916</x18>
      <y18>145</y18>
      <x19>916</x19>
      <y19>150</y19>
      <x20>889</x20>
      <y20>172</y20>
      <x21>884</x21>
      <y21>173</y21>
      <x22>885</x22>
      <y22>178</y22>
      <x23>890</x23>
      <y23>184</y23>
      <x24>895</x24>
      <y24>183</y24>
      <x25>924</x25>
      <y25>155</y25>
      <x26>930</x26>
      <y26>140</y26>
      <x27>929</x27>
      <y27>132</y27>
      <x28>935</x28>
      <y28>124</y28>
      <x29>942</x29>
      <y29>124</y29>
      <x30>951</x30>
      <y30>129</y30>
      <x31>958</x31>
      <y31>128</y31>
      <x32>952</x32>
      <y32>123</y32>
      <x33>946</x33>
      <y33>122</y33>
      <x34>932</x34>
      <y34>115</y34>
      <x35>928</x35>
      <y35>111</y35>
      <x36>927</x36>
      <y36>99</y36>
    </polygon>
  </object>
  <object>
    <name>person</name>
    <bndbox>
      <xmin>626</xmin>
      <ymin>151</ymin>
      <xmax>670</xmax>
      <ymax>262</ymax>
    </bndbox>
    <polygon>
      <x1>651</x1>
      <y1>151</y1>
      <x2>646</x2>
      <y2>155</y2>
      <x3>644</x3>
      <y3>162</y3>
      <x4>641</x4>
      <y4>165</y4>
      <x5>629</x5>
      <y5>170</y5>
      <x6>626</x6>
      <y6>173</y6>
      <x7>626</x7>
      <y7>180</y7>
      <x8>636</x8>
      <y8>208</y8>
      <x9>637</x9>
      <y9>220</y9>
      <x10>644</x10>
      <y10>229</y10>
      <x11>644</x11>
      <y11>246</y11>
      <x12>646</x12>
      <y12>256</y12>
      <x13>650</x13>
      <y13>262</y13>
      <x14>655</x14>
      <y14>262</y14>
      <x15>656</x15>
      <y15>258</y15>
      <x16>653</x16>
      <y16>252</y16>
      <x17>655</x17>
      <y17>242</y17>
      <x18>661</x18>
      <y18>238</y18>
      <x19>667</x19>
      <y19>240</y19>
      <x20>670</x20>
      <y20>237</y20>
      <x21>665</x21>
      <y21>231</y21>
      <x22>667</x22>
      <y22>226</y22>
      <x23>669</x23>
      <y23>195</y23>
      <x24>664</x24>
      <y24>187</y24>
      <x25>665</x25>
      <y25>177</y25>
      <x26>668</x26>
      <y26>172</y26>
      <x27>667</x27>
      <y27>167</y27>
      <x28>662</x28>
      <y28>164</y28>
      <x29>659</x29>
      <y29>155</y29>
      <x30>656</x30>
      <y30>152</y30>
    </polygon>
  </object>
  <object>
    <name>person</name>
    <bndbox>
      <xmin>843</xmin>
      <ymin>356</ymin>
      <xmax>917</xmax>
      <ymax>450</ymax>
    </bndbox>
    <polygon>
      <x1>874</x1>
      <y1>356</y1>
      <x2>863</x2>
      <y2>361</y2>
      <x3>849</x3>
      <y3>371</y3>
      <x4>844</x4>
      <y4>379</y4>
      <x5>843</x5>
      <y5>387</y5>
      <x6>844</x6>
      <y6>388</y6>
      <x7>847</x7>
      <y7>387</y7>
      <x8>851</x8>
      <y8>383</y8>
      <x9>853</x9>
      <y9>378</y9>
      <x10>861</x10>
      <y10>370</y10>
      <x11>864</x11>
      <y11>370</y11>
      <x12>867</x12>
      <y12>372</y12>
      <x13>866</x13>
      <y13>382</y13>
      <x14>860</x14>
      <y14>397</y14>
      <x15>860</x15>
      <y15>401</y15>
      <x16>863</x16>
      <y16>406</y16>
      <x17>862</x17>
      <y17>418</y17>
      <x18>866</x18>
      <y18>422</y18>
      <x19>869</x19>
      <y19>429</y19>
      <x20>866</x20>
      <y20>439</y20>
      <x21>878</x21>
      <y21>450</y21>
      <x22>884</x22>
      <y22>450</y22>
      <x23>894</x23>
      <y23>442</y23>
      <x24>899</x24>
      <y24>435</y24>
      <x25>908</x25>
      <y25>426</y25>
      <x26>917</x26>
      <y26>412</y26>
      <x27>917</x27>
      <y27>404</y27>
      <x28>913</x28>
      <y28>390</y28>
      <x29>910</x29>
      <y29>384</y29>
      <x30>902</x30>
      <y30>374</y30>
      <x31>896</x31>
      <y31>370</y31>
      <x32>887</x32>
      <y32>361</y32>
      <x33>882</x33>
      <y33>360</y33>
      <x34>877</x34>
      <y34>356</y34>
    </polygon>
  </object>
  <object>
    <name>person</name>
    <bndbox>
      <xmin>1043</xmin>
      <ymin>401</ymin>
      <xmax>1100</xmax>
      <ymax>521</ymax>
    </bndbox>
    <polygon>
      <x1>1093</x1>
      <y1>402</y1>
      <x2>1087</x2>
      <y2>401</y2>
      <x3>1078</x3>
      <y3>403</y3>
      <x4>1076</x4>
      <y4>418</y4>
      <x5>1073</x5>
      <y5>426</y5>
      <x6>1045</x6>
      <y6>452</y6>
      <x7>1045</x7>
      <y7>456</y7>
      <x8>1048</x8>
      <y8>460</y8>
      <x9>1054</x9>
      <y9>459</y9>
      <x10>1056</x10>
      <y10>461</y10>
      <x11>1057</x11>
      <y11>472</y11>
      <x12>1055</x12>
      <y12>500</y12>
      <x13>1051</x13>
      <y13>503</y13>
      <x14>1043</x14>
      <y14>503</y14>
      <x15>1044</x15>
      <y15>508</y15>
      <x16>1047</x16>
      <y16>512</y16>
      <x17>1047</x17>
      <y17>516</y17>
      <x18>1051</x18>
      <y18>521</y18>
      <x19>1056</x19>
      <y19>521</y19>
      <x20>1063</x20>
      <y20>511</y20>
      <x21>1070</x21>
      <y21>486</y21>
      <x22>1072</x22>
      <y22>484</y22>
      <x23>1078</x23>
      <y23>484</y23>
      <x24>1081</x24>
      <y24>481</y24>
      <x25>1084</x25>
      <y25>470</y25>
      <x26>1088</x26>
      <y26>465</y26>
      <x27>1092</x27>
      <y27>448</y27>
      <x28>1100</x28>
      <y28>439</y28>
      <x29>1100</x29>
      <y29>431</y29>
      <x30>1097</x30>
      <y30>423</y30>
      <x31>1097</x31>
      <y31>407</y31>
    </polygon>
  </object>
  <object>
    <name>person</name>
    <bndbox>
      <xmin>382</xmin>
      <ymin>584</ymin>
      <xmax>447</xmax>
      <ymax>678</ymax>
    </bndbox>
    <polygon>
      <x1>384</x1>
      <y1>585</y1>
      <x2>382</x2>
      <y2>587</y2>
      <x3>385</x3>
      <y3>598</y3>
      <x4>384</x4>
      <y4>605</y4>
      <x5>390</x5>
      <y5>622</y5>
      <x6>401</x6>
      <y6>631</y6>
      <x7>411</x7>
      <y7>650</y7>
      <x8>411</x8>
      <y8>661</y8>
      <x9>408</x9>
      <y9>669</y9>
      <x10>410</x10>
      <y10>670</y10>
      <x11>413</x11>
      <y11>669</y11>
      <x12>415</x12>
      <y12>661</y12>
      <x13>418</x13>
      <y13>658</y13>
      <x14>424</x14>
      <y14>660</y14>
      <x15>434</x15>
      <y15>667</y15>
      <x16>439</x16>
      <y16>672</y16>
      <x17>440</x17>
      <y17>675</y17>
      <x18>445</x18>
      <y18>678</y18>
      <x19>447</x19>
      <y19>675</y19>
      <x20>446</x20>
      <y20>669</y20>
      <x21>433</x21>
      <y21>660</y21>
      <x22>417</x22>
      <y22>645</y22>
      <x23>419</x23>
      <y23>619</y23>
      <x24>418</x24>
      <y24>605</y24>
      <x25>416</x25>
      <y25>600</y25>
      <x26>409</x26>
      <y26>594</y26>
      <x27>402</x27>
      <y27>592</y27>
      <x28>393</x28>
      <y28>584</y28>
    </polygon>
  </object>
  <object>
    <name>person</name>
    <bndbox>
      <xmin>710</xmin>
      <ymin>606</ymin>
      <xmax>772</xmax>
      <ymax>714</ymax>
    </bndbox>
    <polygon>
      <x1>725</x1>
      <y1>606</y1>
      <x2>721</x2>
      <y2>608</y2>
      <x3>716</x3>
      <y3>614</y3>
      <x4>716</x4>
      <y4>620</y4>
      <x5>720</x5>
      <y5>626</y5>
      <x6>720</x6>
      <y6>629</y6>
      <x7>710</x7>
      <y7>639</y7>
      <x8>711</x8>
      <y8>655</y8>
      <x9>713</x9>
      <y9>660</y9>
      <x10>719</x10>
      <y10>663</y10>
      <x11>724</x11>
      <y11>677</y11>
      <x12>731</x12>
      <y12>686</y12>
      <x13>731</x13>
      <y13>692</y13>
      <x14>736</x14>
      <y14>713</y14>
      <x15>741</x15>
      <y15>714</y15>
      <x16>742</x16>
      <y16>713</y16>
      <x17>743</x17>
      <y17>692</y17>
      <x18>738</x18>
      <y18>674</y18>
      <x19>738</x19>
      <y19>669</y19>
      <x20>742</x20>
      <y20>665</y20>
      <x21>748</x21>
      <y21>668</y21>
      <x22>754</x22>
      <y22>668</y22>
      <x23>759</x23>
      <y23>661</y23>
      <x24>760</x24>
      <y24>655</y24>
      <x25>758</x25>
      <y25>653</y25>
      <x26>754</x26>
      <y26>641</y26>
      <x27>754</x27>
      <y27>634</y27>
      <x28>756</x28>
      <y28>632</y28>
      <x29>760</x29>
      <y29>634</y29>
      <x30>761</x30>
      <y30>637</y30>
      <x31>768</x31>
      <y31>645</y31>
      <x32>769</x32>
      <y32>652</y32>
      <x33>771</x33>
      <y33>652</y33>
      <x34>772</x34>
      <y34>650</y34>
      <x35>772</x35>
      <y35>638</y35>
      <x36>767</x36>
      <y36>627</y36>
      <x37>759</x37>
      <y37>616</y37>
      <x38>746</x38>
      <y38>610</y38>
      <x39>735</x39>
      <y39>609</y39>
    </polygon>
  </object>
  <object>
    <name>person</name>
    <bndbox>
      <xmin>701</xmin>
      <ymin>309</ymin>
      <xmax>759</xmax>
      <ymax>444</ymax>
    </bndbox>
    <polygon>
      <x1>757</x1>
      <y1>309</y1>
      <x2>750</x2>
      <y2>310</y2>
      <x3>744</x3>
      <y3>316</y3>
      <x4>731</x4>
      <y4>341</y4>
      <x5>727</x5>
      <y5>335</y5>
      <x6>722</x6>
      <y6>331</y6>
      <x7>721</x7>
      <y7>325</y7>
      <x8>716</x8>
      <y8>321</y8>
      <x9>706</x9>
      <y9>322</y9>
      <x10>701</x10>
      <y10>331</y10>
      <x11>703</x11>
      <y11>338</y11>
      <x12>710</x12>
      <y12>347</y12>
      <x13>712</x13>
      <y13>352</y13>
      <x14>712</x14>
      <y14>356</y14>
      <x15>707</x15>
      <y15>361</y15>
      <x16>707</x16>
      <y16>368</y16>
      <x17>720</x17>
      <y17>388</y17>
      <x18>718</x18>
      <y18>401</y18>
      <x19>723</x19>
      <y19>416</y19>
      <x20>723</x20>
      <y20>428</y20>
      <x21>722</x21>
      <y21>429</y21>
      <x22>723</x22>
      <y22>439</y22>
      <x23>728</x23>
      <y23>444</y23>
      <x24>733</x24>
      <y24>444</y24>
      <x25>736</x25>
      <y25>439</y25>
      <x26>735</x26>
      <y26>419</y26>
      <x27>739</x27>
      <y27>410</y27>
      <x28>743</x28>
      <y28>408</y28>
      <x29>758</x29>
      <y29>412</y29>
      <x30>759</x30>
      <y30>411</y30>
      <x31>759</x31>
      <y31>406</y31>
      <x32>754</x32>
      <y32>402</y32>
      <x33>755</x33>
      <y33>398</y33>
      <x34>759</x34>
      <y34>393</y34>
      <x35>759</x35>
      <y35>371</y35>
      <x36>756</x36>
      <y36>365</y36>
      <x37>753</x37>
      <y37>350</y37>
      <x38>753</x38>
      <y38>345</y38>
      <x39>759</x39>
      <y39>318</y39>
    </polygon>
  </object>
  <object>
    <name>person</name>
    <bndbox>
      <xmin>694</xmin>
      <ymin>89</ymin>
      <xmax>726</xmax>
      <ymax>170</ymax>
    </bndbox>
    <polygon>
      <x1>707</x1>
      <y1>89</y1>
      <x2>702</x2>
      <y2>94</y2>
      <x3>701</x3>
      <y3>97</y3>
      <x4>702</x4>
      <y4>105</y4>
      <x5>695</x5>
      <y5>115</y5>
      <x6>694</x6>
      <y6>121</y6>
      <x7>695</x7>
      <y7>128</y7>
      <x8>697</x8>
      <y8>132</y8>
      <x9>703</x9>
      <y9>138</y9>
      <x10>711</x10>
      <y10>142</y10>
      <x11>712</x11>
      <y11>145</y11>
      <x12>708</x12>
      <y12>155</y12>
      <x13>709</x13>
      <y13>161</y13>
      <x14>718</x14>
      <y14>169</y14>
      <x15>721</x15>
      <y15>170</y15>
      <x16>722</x16>
      <y16>167</y16>
      <x17>718</x17>
      <y17>162</y17>
      <x18>716</x18>
      <y18>155</y18>
      <x19>726</x19>
      <y19>145</y19>
      <x20>724</x20>
      <y20>136</y20>
      <x21>722</x21>
      <y21>110</y21>
      <x22>717</x22>
      <y22>98</y22>
      <x23>716</x23>
      <y23>91</y23>
      <x24>713</x24>
      <y24>89</y24>
    </polygon>
  </object>
  <object>
    <name>person</name>
    <bndbox>
      <xmin>779</xmin>
      <ymin>46</ymin>
      <xmax>816</xmax>
      <ymax>139</ymax>
    </bndbox>
    <polygon>
      <x1>797</x1>
      <y1>46</y1>
      <x2>786</x2>
      <y2>52</y2>
      <x3>785</x3>
      <y3>54</y3>
      <x4>786</x4>
      <y4>60</y4>
      <x5>780</x5>
      <y5>67</y5>
      <x6>779</x6>
      <y6>72</y6>
      <x7>784</x7>
      <y7>75</y7>
      <x8>784</x8>
      <y8>84</y8>
      <x9>786</x9>
      <y9>92</y9>
      <x10>796</x10>
      <y10>108</y10>
      <x11>796</x11>
      <y11>114</y11>
      <x12>794</x12>
      <y12>120</y12>
      <x13>795</x13>
      <y13>128</y13>
      <x14>807</x14>
      <y14>138</y14>
      <x15>812</x15>
      <y15>139</y15>
      <x16>807</x16>
      <y16>127</y16>
      <x17>808</x17>
      <y17>123</y17>
      <x18>816</x18>
      <y18>108</y18>
      <x19>816</x19>
      <y19>85</y19>
      <x20>815</x20>
      <y20>82</y20>
      <x21>812</x21>
      <y21>79</y21>
      <x22>812</x22>
      <y22>73</y22>
      <x23>814</x23>
      <y23>65</y23>
      <x24>808</x24>
      <y24>53</y24>
      <x25>808</x25>
      <y25>48</y25>
      <x26>806</x26>
      <y26>46</y26>
    </polygon>
  </object>
</annotation>
