<?xml version="1.0" ?>
<annotation>
  <folder>VOC</folder>
  <filename>58-2.png</filename>
  <source>
    <database>roboflow.ai</database>
  </source>
  <size>
    <width>1456</width>
    <height>816</height>
    <depth>3</depth>
  </size>
  <segmented>0</segmented>
  <object>
    <name>person</name>
    <bndbox>
      <xmin>690</xmin>
      <ymin>299</ymin>
      <xmax>912</xmax>
      <ymax>811</ymax>
    </bndbox>
    <polygon>
      <x1>797</x1>
      <y1>299</y1>
      <x2>796</x2>
      <y2>300</y2>
      <x3>791</x3>
      <y3>300</y3>
      <x4>781</x4>
      <y4>306</y4>
      <x5>775</x5>
      <y5>313</y5>
      <x6>770</x6>
      <y6>324</y6>
      <x7>760</x7>
      <y7>336</y7>
      <x8>748</x8>
      <y8>339</y8>
      <x9>741</x9>
      <y9>345</y9>
      <x10>740</x10>
      <y10>350</y10>
      <x11>742</x11>
      <y11>354</y11>
      <x12>746</x12>
      <y12>358</y12>
      <x13>749</x13>
      <y13>359</y13>
      <x14>752</x14>
      <y14>364</y14>
      <x15>750</x15>
      <y15>373</y15>
      <x16>752</x16>
      <y16>379</y16>
      <x17>757</x17>
      <y17>387</y17>
      <x18>757</x18>
      <y18>394</y18>
      <x19>746</x19>
      <y19>405</y19>
      <x20>741</x20>
      <y20>413</y20>
      <x21>740</x21>
      <y21>418</y21>
      <x22>723</x22>
      <y22>435</y22>
      <x23>716</x23>
      <y23>450</y23>
      <x24>710</x24>
      <y24>495</y24>
      <x25>709</x25>
      <y25>496</y25>
      <x26>709</x26>
      <y26>502</y26>
      <x27>703</x27>
      <y27>526</y27>
      <x28>703</x28>
      <y28>530</y28>
      <x29>700</x29>
      <y29>537</y29>
      <x30>698</x30>
      <y30>547</y30>
      <x31>697</x31>
      <y31>565</y31>
      <x32>692</x32>
      <y32>590</y32>
      <x33>690</x33>
      <y33>611</y33>
      <x34>691</x34>
      <y34>615</y34>
      <x35>693</x35>
      <y35>617</y35>
      <x36>701</x36>
      <y36>619</y36>
      <x37>704</x37>
      <y37>624</y37>
      <x38>704</x38>
      <y38>629</y38>
      <x39>700</x39>
      <y39>640</y39>
      <x40>700</x40>
      <y40>652</y40>
      <x41>702</x41>
      <y41>657</y41>
      <x42>713</x42>
      <y42>668</y42>
      <x43>719</x43>
      <y43>671</y43>
      <x44>723</x44>
      <y44>675</y44>
      <x45>723</x45>
      <y45>681</y45>
      <x46>721</x46>
      <y46>688</y46>
      <x47>721</x47>
      <y47>701</y47>
      <x48>724</x48>
      <y48>705</y48>
      <x49>725</x49>
      <y49>709</y49>
      <x50>728</x50>
      <y50>712</y50>
      <x51>730</x51>
      <y51>718</y51>
      <x52>728</x52>
      <y52>740</y52>
      <x53>727</x53>
      <y53>741</y53>
      <x54>728</x54>
      <y54>742</y54>
      <x55>728</x55>
      <y55>747</y55>
      <x56>732</x56>
      <y56>752</y56>
      <x57>741</x57>
      <y57>756</y57>
      <x58>744</x58>
      <y58>759</y58>
      <x59>745</x59>
      <y59>763</y59>
      <x60>743</x60>
      <y60>768</y60>
      <x61>745</x61>
      <y61>788</y61>
      <x62>733</x62>
      <y62>805</y62>
      <x63>740</x63>
      <y63>809</y63>
      <x64>748</x64>
      <y64>809</y64>
      <x65>749</x65>
      <y65>810</y65>
      <x66>765</x66>
      <y66>810</y66>
      <x67>770</x67>
      <y67>807</y67>
      <x68>771</x68>
      <y68>800</y68>
      <x69>774</x69>
      <y69>792</y69>
      <x70>783</x70>
      <y70>783</y70>
      <x71>785</x71>
      <y71>773</y71>
      <x72>785</x72>
      <y72>754</y72>
      <x73>790</x73>
      <y73>749</y73>
      <x74>792</x74>
      <y74>745</y74>
      <x75>793</x75>
      <y75>737</y75>
      <x76>797</x76>
      <y76>729</y76>
      <x77>797</x77>
      <y77>726</y77>
      <x78>799</x78>
      <y78>724</y78>
      <x79>806</x79>
      <y79>730</y79>
      <x80>810</x80>
      <y80>736</y80>
      <x81>810</x81>
      <y81>746</y81>
      <x82>812</x82>
      <y82>750</y82>
      <x83>819</x83>
      <y83>758</y83>
      <x84>817</x84>
      <y84>782</y84>
      <x85>818</x85>
      <y85>783</y85>
      <x86>818</x86>
      <y86>789</y86>
      <x87>821</x87>
      <y87>796</y87>
      <x88>820</x88>
      <y88>800</y88>
      <x89>821</x89>
      <y89>809</y89>
      <x90>829</x90>
      <y90>811</y90>
      <x91>846</x91>
      <y91>810</y91>
      <x92>849</x92>
      <y92>807</y92>
      <x93>854</x93>
      <y93>805</y93>
      <x94>853</x94>
      <y94>803</y94>
      <x95>849</x95>
      <y95>801</y95>
      <x96>848</x96>
      <y96>794</y96>
      <x97>855</x97>
      <y97>779</y97>
      <x98>857</x98>
      <y98>769</y98>
      <x99>862</x99>
      <y99>761</y99>
      <x100>861</x100>
      <y100>752</y100>
      <x101>867</x101>
      <y101>746</y101>
      <x102>869</x102>
      <y102>742</y102>
      <x103>868</x103>
      <y103>737</y103>
      <x104>860</x104>
      <y104>721</y104>
      <x105>859</x105>
      <y105>707</y105>
      <x106>862</x106>
      <y106>702</y106>
      <x107>867</x107>
      <y107>707</y107>
      <x108>872</x108>
      <y108>702</y108>
      <x109>873</x109>
      <y109>690</y109>
      <x110>871</x110>
      <y110>681</y110>
      <x111>871</x111>
      <y111>673</y111>
      <x112>872</x112>
      <y112>672</y112>
      <x113>874</x113>
      <y113>653</y113>
      <x114>878</x114>
      <y114>648</y114>
      <x115>884</x115>
      <y115>647</y115>
      <x116>886</x116>
      <y116>645</y116>
      <x117>889</x117>
      <y117>638</y117>
      <x118>889</x118>
      <y118>632</y118>
      <x119>892</x119>
      <y119>624</y119>
      <x120>891</x120>
      <y120>616</y120>
      <x121>895</x121>
      <y121>611</y121>
      <x122>902</x122>
      <y122>609</y122>
      <x123>905</x123>
      <y123>606</y123>
      <x124>908</x124>
      <y124>599</y124>
      <x125>909</x125>
      <y125>579</y125>
      <x126>911</x126>
      <y126>570</y126>
      <x127>912</x127>
      <y127>542</y127>
      <x128>905</x128>
      <y128>514</y128>
      <x129>899</x129>
      <y129>479</y129>
      <x130>890</x130>
      <y130>447</y130>
      <x131>888</x131>
      <y131>434</y131>
      <x132>885</x132>
      <y132>429</y132>
      <x133>877</x133>
      <y133>422</y133>
      <x134>868</x134>
      <y134>416</y134>
      <x135>859</x135>
      <y135>413</y135>
      <x136>854</x136>
      <y136>408</y136>
      <x137>850</x137>
      <y137>399</y137>
      <x138>850</x138>
      <y138>385</y138>
      <x139>849</x139>
      <y139>384</y139>
      <x140>852</x140>
      <y140>374</y140>
      <x141>856</x141>
      <y141>367</y141>
      <x142>855</x142>
      <y142>362</y142>
      <x143>852</x143>
      <y143>358</y143>
      <x144>835</x144>
      <y144>343</y144>
      <x145>834</x145>
      <y145>338</y145>
      <x146>831</x146>
      <y146>334</y146>
      <x147>826</x147>
      <y147>316</y147>
      <x148>818</x148>
      <y148>306</y148>
      <x149>810</x149>
      <y149>301</y149>
    </polygon>
  </object>
</annotation>
