<?xml version="1.0" ?>
<annotation>
  <folder>VOC</folder>
  <filename>59-1.png</filename>
  <source>
    <database>roboflow.ai</database>
  </source>
  <size>
    <width>1456</width>
    <height>816</height>
    <depth>3</depth>
  </size>
  <segmented>0</segmented>
  <object>
    <name>person</name>
    <bndbox>
      <xmin>547</xmin>
      <ymin>637</ymin>
      <xmax>609</xmax>
      <ymax>718</ymax>
    </bndbox>
    <polygon>
      <x1>601</x1>
      <y1>638</y1>
      <x2>593</x2>
      <y2>637</y2>
      <x3>588</x3>
      <y3>644</y3>
      <x4>584</x4>
      <y4>645</y4>
      <x5>577</x5>
      <y5>651</y5>
      <x6>573</x6>
      <y6>651</y6>
      <x7>567</x7>
      <y7>658</y7>
      <x8>560</x8>
      <y8>661</y8>
      <x9>557</x9>
      <y9>666</y9>
      <x10>549</x10>
      <y10>672</y10>
      <x11>549</x11>
      <y11>682</y11>
      <x12>547</x12>
      <y12>693</y12>
      <x13>547</x13>
      <y13>713</y13>
      <x14>549</x14>
      <y14>717</y14>
      <x15>554</x15>
      <y15>718</y15>
      <x16>561</x16>
      <y16>712</y16>
      <x17>571</x17>
      <y17>708</y17>
      <x18>584</x18>
      <y18>700</y18>
      <x19>595</x19>
      <y19>690</y19>
      <x20>608</x20>
      <y20>675</y20>
      <x21>609</x21>
      <y21>667</y21>
      <x22>602</x22>
      <y22>645</y22>
      <x23>603</x23>
      <y23>640</y23>
    </polygon>
  </object>
  <object>
    <name>person</name>
    <bndbox>
      <xmin>248</xmin>
      <ymin>195</ymin>
      <xmax>688</xmax>
      <ymax>712</ymax>
    </bndbox>
    <polygon>
      <x1>382</x1>
      <y1>198</y1>
      <x2>379</x2>
      <y2>200</y2>
      <x3>357</x3>
      <y3>207</y3>
      <x4>343</x4>
      <y4>213</y4>
      <x5>341</x5>
      <y5>215</y5>
      <x6>334</x6>
      <y6>218</y6>
      <x7>330</x7>
      <y7>223</y7>
      <x8>325</x8>
      <y8>227</y8>
      <x9>322</x9>
      <y9>233</y9>
      <x10>307</x10>
      <y10>251</y10>
      <x11>300</x11>
      <y11>273</y11>
      <x12>299</x12>
      <y12>293</y12>
      <x13>300</x13>
      <y13>294</y13>
      <x14>301</x14>
      <y14>301</y14>
      <x15>306</x15>
      <y15>312</y15>
      <x16>308</x16>
      <y16>314</y16>
      <x17>308</x17>
      <y17>316</y17>
      <x18>303</x18>
      <y18>318</y18>
      <x19>302</x19>
      <y19>317</y19>
      <x20>299</x20>
      <y20>317</y20>
      <x21>292</x21>
      <y21>313</y21>
      <x22>289</x22>
      <y22>315</y22>
      <x23>279</x23>
      <y23>316</y23>
      <x24>268</x24>
      <y24>321</y24>
      <x25>258</x25>
      <y25>330</y25>
      <x26>255</x26>
      <y26>335</y26>
      <x27>252</x27>
      <y27>345</y27>
      <x28>250</x28>
      <y28>348</y28>
      <x29>248</x29>
      <y29>363</y29>
      <x30>249</x30>
      <y30>364</y30>
      <x31>249</x31>
      <y31>384</y31>
      <x32>250</x32>
      <y32>385</y32>
      <x33>251</x33>
      <y33>404</y33>
      <x34>256</x34>
      <y34>418</y34>
      <x35>256</x35>
      <y35>421</y35>
      <x36>260</x36>
      <y36>434</y36>
      <x37>260</x37>
      <y37>441</y37>
      <x38>261</x38>
      <y38>442</y38>
      <x39>261</x39>
      <y39>450</y39>
      <x40>260</x40>
      <y40>451</y40>
      <x41>261</x41>
      <y41>452</y41>
      <x42>261</x42>
      <y42>458</y42>
      <x43>269</x43>
      <y43>471</y43>
      <x44>271</x44>
      <y44>477</y44>
      <x45>272</x45>
      <y45>487</y45>
      <x46>276</x46>
      <y46>496</y46>
      <x47>277</x47>
      <y47>505</y47>
      <x48>286</x48>
      <y48>524</y48>
      <x49>285</x49>
      <y49>565</y49>
      <x50>288</x50>
      <y50>572</y50>
      <x51>290</x51>
      <y51>574</y51>
      <x52>310</x52>
      <y52>586</y52>
      <x53>330</x53>
      <y53>602</y53>
      <x54>339</x54>
      <y54>606</y54>
      <x55>351</x55>
      <y55>614</y55>
      <x56>361</x56>
      <y56>624</y56>
      <x57>366</x57>
      <y57>627</y57>
      <x58>377</x58>
      <y58>639</y58>
      <x59>390</x59>
      <y59>649</y59>
      <x60>399</x60>
      <y60>659</y60>
      <x61>412</x61>
      <y61>667</y61>
      <x62>418</x62>
      <y62>673</y62>
      <x63>424</x63>
      <y63>677</y63>
      <x64>429</x64>
      <y64>684</y64>
      <x65>431</x65>
      <y65>685</y65>
      <x66>444</x66>
      <y66>699</y66>
      <x67>448</x67>
      <y67>701</y67>
      <x68>461</x68>
      <y68>703</y68>
      <x69>462</x69>
      <y69>704</y69>
      <x70>474</x70>
      <y70>705</y70>
      <x71>481</x71>
      <y71>707</y71>
      <x72>488</x72>
      <y72>707</y72>
      <x73>489</x73>
      <y73>708</y73>
      <x74>495</x74>
      <y74>708</y74>
      <x75>508</x75>
      <y75>712</y75>
      <x76>514</x76>
      <y76>712</y76>
      <x77>517</x77>
      <y77>707</y77>
      <x78>517</x78>
      <y78>697</y78>
      <x79>509</x79>
      <y79>691</y79>
      <x80>503</x80>
      <y80>689</y80>
      <x81>496</x81>
      <y81>682</y81>
      <x82>492</x82>
      <y82>681</y82>
      <x83>489</x83>
      <y83>678</y83>
      <x84>489</x84>
      <y84>676</y84>
      <x85>485</x85>
      <y85>669</y85>
      <x86>486</x86>
      <y86>662</y86>
      <x87>498</x87>
      <y87>649</y87>
      <x88>509</x88>
      <y88>642</y88>
      <x89>511</x89>
      <y89>639</y89>
      <x90>522</x90>
      <y90>632</y90>
      <x91>526</x91>
      <y91>627</y91>
      <x92>536</x92>
      <y92>622</y92>
      <x93>542</x93>
      <y93>616</y93>
      <x94>549</x94>
      <y94>613</y94>
      <x95>555</x95>
      <y95>609</y95>
      <x96>560</x96>
      <y96>604</y96>
      <x97>565</x97>
      <y97>601</y97>
      <x98>576</x98>
      <y98>597</y98>
      <x99>581</x99>
      <y99>593</y99>
      <x100>586</x100>
      <y100>592</y100>
      <x101>589</x101>
      <y101>589</y101>
      <x102>594</x102>
      <y102>592</y102>
      <x103>612</x103>
      <y103>611</y103>
      <x104>612</x104>
      <y104>616</y104>
      <x105>615</x105>
      <y105>622</y105>
      <x106>615</x106>
      <y106>628</y106>
      <x107>620</x107>
      <y107>635</y107>
      <x108>622</x108>
      <y108>635</y108>
      <x109>628</x109>
      <y109>630</y109>
      <x110>633</x110>
      <y110>631</y110>
      <x111>636</x111>
      <y111>624</y111>
      <x112>638</x112>
      <y112>622</y112>
      <x113>640</x113>
      <y113>622</y113>
      <x114>644</x114>
      <y114>618</y114>
      <x115>647</x115>
      <y115>612</y115>
      <x116>648</x116>
      <y116>605</y116>
      <x117>654</x117>
      <y117>600</y117>
      <x118>658</x118>
      <y118>595</y118>
      <x119>661</x119>
      <y119>581</y119>
      <x120>664</x120>
      <y120>575</y120>
      <x121>664</x121>
      <y121>571</y121>
      <x122>666</x122>
      <y122>567</y122>
      <x123>667</x123>
      <y123>560</y123>
      <x124>670</x124>
      <y124>554</y124>
      <x125>671</x125>
      <y125>548</y125>
      <x126>673</x126>
      <y126>545</y126>
      <x127>674</x127>
      <y127>539</y127>
      <x128>678</x128>
      <y128>530</y128>
      <x129>678</x129>
      <y129>525</y129>
      <x130>680</x130>
      <y130>521</y130>
      <x131>680</x131>
      <y131>518</y131>
      <x132>684</x132>
      <y132>505</y132>
      <x133>684</x133>
      <y133>501</y133>
      <x134>685</x134>
      <y134>500</y134>
      <x135>686</x135>
      <y135>490</y135>
      <x136>688</x136>
      <y136>485</y136>
      <x137>688</x137>
      <y137>471</y137>
      <x138>684</x138>
      <y138>462</y138>
      <x139>680</x139>
      <y139>456</y139>
      <x140>670</x140>
      <y140>448</y140>
      <x141>656</x141>
      <y141>443</y141>
      <x142>632</x142>
      <y142>443</y142>
      <x143>631</x143>
      <y143>444</y143>
      <x144>628</x144>
      <y144>444</y144>
      <x145>621</x145>
      <y145>448</y145>
      <x146>615</x146>
      <y146>449</y146>
      <x147>609</x147>
      <y147>452</y147>
      <x148>604</x148>
      <y148>453</y148>
      <x149>574</x149>
      <y149>468</y149>
      <x150>572</x150>
      <y150>468</y150>
      <x151>564</x151>
      <y151>473</y151>
      <x152>559</x152>
      <y152>469</y152>
      <x153>553</x153>
      <y153>455</y153>
      <x154>553</x154>
      <y154>447</y154>
      <x155>554</x155>
      <y155>446</y155>
      <x156>554</x156>
      <y156>429</y156>
      <x157>553</x157>
      <y157>428</y157>
      <x158>553</x158>
      <y158>423</y158>
      <x159>550</x159>
      <y159>418</y159>
      <x160>543</x160>
      <y160>412</y160>
      <x161>537</x161>
      <y161>405</y161>
      <x162>525</x162>
      <y162>395</y162>
      <x163>524</x163>
      <y163>389</y163>
      <x164>521</x164>
      <y164>384</y164>
      <x165>520</x165>
      <y165>378</y165>
      <x166>516</x166>
      <y166>371</y166>
      <x167>514</x167>
      <y167>359</y167>
      <x168>511</x168>
      <y168>354</y168>
      <x169>507</x169>
      <y169>352</y169>
      <x170>502</x170>
      <y170>352</y170>
      <x171>475</x171>
      <y171>337</y171>
      <x172>467</x172>
      <y172>337</y172>
      <x173>458</x173>
      <y173>341</y173>
      <x174>445</x174>
      <y174>341</y174>
      <x175>444</x175>
      <y175>342</y175>
      <x176>440</x176>
      <y176>342</y176>
      <x177>426</x177>
      <y177>347</y177>
      <x178>417</x178>
      <y178>347</y178>
      <x179>412</x179>
      <y179>345</y179>
      <x180>409</x180>
      <y180>341</y180>
      <x181>409</x181>
      <y181>338</y181>
      <x182>416</x182>
      <y182>331</y182>
      <x183>428</x183>
      <y183>325</y183>
      <x184>433</x184>
      <y184>319</y184>
      <x185>437</x185>
      <y185>317</y185>
      <x186>443</x186>
      <y186>299</y186>
      <x187>446</x187>
      <y187>295</y187>
      <x188>449</x188>
      <y188>288</y188>
      <x189>449</x189>
      <y189>276</y189>
      <x190>445</x190>
      <y190>265</y190>
      <x191>445</x191>
      <y191>251</y191>
      <x192>446</x192>
      <y192>250</y192>
      <x193>445</x193>
      <y193>230</y193>
      <x194>441</x194>
      <y194>216</y194>
      <x195>433</x195>
      <y195>205</y195>
      <x196>423</x196>
      <y196>197</y196>
      <x197>416</x197>
      <y197>196</y197>
      <x198>415</x198>
      <y198>195</y198>
      <x199>398</x199>
      <y199>195</y199>
      <x200>388</x200>
      <y200>198</y200>
    </polygon>
  </object>
  <object>
    <name>person</name>
    <bndbox>
      <xmin>680</xmin>
      <ymin>113</ymin>
      <xmax>1247</xmax>
      <ymax>813</ymax>
    </bndbox>
    <polygon>
      <x1>1104</x1>
      <y1>124</y1>
      <x2>1091</x2>
      <y2>117</y2>
      <x3>1084</x3>
      <y3>115</y3>
      <x4>1072</x4>
      <y4>114</y4>
      <x5>1071</x5>
      <y5>113</y5>
      <x6>1059</x6>
      <y6>113</y6>
      <x7>1058</x7>
      <y7>114</y7>
      <x8>1039</x8>
      <y8>116</y8>
      <x9>1006</x9>
      <y9>128</y9>
      <x10>1001</x10>
      <y10>137</y10>
      <x11>1001</x11>
      <y11>148</y11>
      <x12>1000</x12>
      <y12>149</y12>
      <x13>1001</x13>
      <y13>168</y13>
      <x14>999</x14>
      <y14>174</y14>
      <x15>999</x15>
      <y15>183</y15>
      <x16>1002</x16>
      <y16>194</y16>
      <x17>1002</x17>
      <y17>202</y17>
      <x18>997</x18>
      <y18>206</y18>
      <x19>990</x19>
      <y19>206</y19>
      <x20>974</x20>
      <y20>209</y20>
      <x21>968</x21>
      <y21>213</y21>
      <x22>962</x22>
      <y22>215</y22>
      <x23>953</x23>
      <y23>225</y23>
      <x24>927</x24>
      <y24>239</y24>
      <x25>914</x25>
      <y25>251</y25>
      <x26>909</x26>
      <y26>260</y26>
      <x27>891</x27>
      <y27>283</y27>
      <x28>863</x28>
      <y28>311</y28>
      <x29>839</x29>
      <y29>328</y29>
      <x30>829</x30>
      <y30>339</y30>
      <x31>827</x31>
      <y31>343</y31>
      <x32>828</x32>
      <y32>349</y32>
      <x33>833</x33>
      <y33>358</y33>
      <x34>844</x34>
      <y34>367</y34>
      <x35>844</x35>
      <y35>371</y35>
      <x36>840</x36>
      <y36>380</y36>
      <x37>818</x37>
      <y37>401</y37>
      <x38>805</x38>
      <y38>426</y38>
      <x39>804</x39>
      <y39>430</y39>
      <x40>805</x40>
      <y40>440</y40>
      <x41>802</x41>
      <y41>443</y41>
      <x42>797</x42>
      <y42>444</y42>
      <x43>790</x43>
      <y43>452</y43>
      <x44>784</x44>
      <y44>470</y44>
      <x45>783</x45>
      <y45>480</y45>
      <x46>781</x46>
      <y46>486</y46>
      <x47>781</x47>
      <y47>494</y47>
      <x48>780</x48>
      <y48>495</y48>
      <x49>780</x49>
      <y49>505</y49>
      <x50>778</x50>
      <y50>515</y50>
      <x51>778</x51>
      <y51>530</y51>
      <x52>777</x52>
      <y52>531</y52>
      <x53>777</x53>
      <y53>564</y53>
      <x54>778</x54>
      <y54>565</y54>
      <x55>778</x55>
      <y55>587</y55>
      <x56>779</x56>
      <y56>588</y56>
      <x57>778</x57>
      <y57>651</y57>
      <x58>793</x58>
      <y58>666</y58>
      <x59>794</x59>
      <y59>669</y59>
      <x60>794</x60>
      <y60>688</y60>
      <x61>789</x61>
      <y61>704</y61>
      <x62>783</x62>
      <y62>711</y62>
      <x63>777</x63>
      <y63>713</y63>
      <x64>765</x64>
      <y64>721</y64>
      <x65>759</x65>
      <y65>727</y65>
      <x66>750</x66>
      <y66>732</y66>
      <x67>738</x67>
      <y67>737</y67>
      <x68>734</x68>
      <y68>737</y68>
      <x69>726</x69>
      <y69>740</y69>
      <x70>707</x70>
      <y70>744</y70>
      <x71>683</x71>
      <y71>755</y71>
      <x72>680</x72>
      <y72>758</y72>
      <x73>680</x73>
      <y73>766</y73>
      <x74>684</x74>
      <y74>770</y74>
      <x75>690</x75>
      <y75>772</y75>
      <x76>699</x76>
      <y76>772</y76>
      <x77>700</x77>
      <y77>773</y77>
      <x78>738</x78>
      <y78>772</y78>
      <x79>744</x79>
      <y79>770</y79>
      <x80>754</x80>
      <y80>769</y80>
      <x81>776</x81>
      <y81>760</y81>
      <x82>816</x82>
      <y82>755</y82>
      <x83>822</x83>
      <y83>750</y83>
      <x84>825</x84>
      <y84>753</y84>
      <x85>824</x85>
      <y85>755</y85>
      <x86>824</x86>
      <y86>765</y86>
      <x87>829</x87>
      <y87>770</y87>
      <x88>829</x88>
      <y88>775</y88>
      <x89>820</x89>
      <y89>782</y89>
      <x90>807</x90>
      <y90>788</y90>
      <x91>799</x91>
      <y91>794</y91>
      <x92>785</x92>
      <y92>800</y92>
      <x93>773</x93>
      <y93>809</y93>
      <x94>774</x94>
      <y94>812</y94>
      <x95>778</x95>
      <y95>813</y95>
      <x96>808</x96>
      <y96>813</y96>
      <x97>834</x97>
      <y97>807</y97>
      <x98>841</x98>
      <y98>804</y98>
      <x99>850</x99>
      <y99>797</y99>
      <x100>857</x100>
      <y100>794</y100>
      <x101>885</x101>
      <y101>792</y101>
      <x102>893</x102>
      <y102>787</y102>
      <x103>887</x103>
      <y103>783</y103>
      <x104>886</x104>
      <y104>769</y104>
      <x105>888</x105>
      <y105>765</y105>
      <x106>900</x106>
      <y106>756</y106>
      <x107>908</x107>
      <y107>748</y107>
      <x108>918</x108>
      <y108>733</y108>
      <x109>925</x109>
      <y109>726</y109>
      <x110>929</x110>
      <y110>718</y110>
      <x111>940</x111>
      <y111>709</y111>
      <x112>946</x112>
      <y112>706</y112>
      <x113>958</x113>
      <y113>703</y113>
      <x114>974</x114>
      <y114>694</y114>
      <x115>985</x115>
      <y115>691</y115>
      <x116>991</x116>
      <y116>687</y116>
      <x117>996</x117>
      <y117>690</y117>
      <x118>1014</x118>
      <y118>696</y118>
      <x119>1024</x119>
      <y119>696</y119>
      <x120>1042</x120>
      <y120>689</y120>
      <x121>1048</x121>
      <y121>685</y121>
      <x122>1058</x122>
      <y122>681</y122>
      <x123>1066</x123>
      <y123>675</y123>
      <x124>1084</x124>
      <y124>667</y124>
      <x125>1088</x125>
      <y125>663</y125>
      <x126>1088</x126>
      <y126>660</y126>
      <x127>1082</x127>
      <y127>647</y127>
      <x128>1082</x128>
      <y128>641</y128>
      <x129>1081</x129>
      <y129>640</y129>
      <x130>1083</x130>
      <y130>630</y130>
      <x131>1088</x131>
      <y131>625</y131>
      <x132>1113</x132>
      <y132>616</y132>
      <x133>1124</x133>
      <y133>615</y133>
      <x134>1141</x134>
      <y134>610</y134>
      <x135>1152</x135>
      <y135>609</y135>
      <x136>1167</x136>
      <y136>605</y136>
      <x137>1193</x137>
      <y137>603</y137>
      <x138>1199</x138>
      <y138>598</y138>
      <x139>1200</x139>
      <y139>595</y139>
      <x140>1210</x140>
      <y140>585</y140>
      <x141>1216</x141>
      <y141>577</y141>
      <x142>1219</x142>
      <y142>570</y142>
      <x143>1223</x143>
      <y143>566</y143>
      <x144>1225</x144>
      <y144>561</y144>
      <x145>1229</x145>
      <y145>556</y145>
      <x146>1235</x146>
      <y146>543</y146>
      <x147>1235</x147>
      <y147>539</y147>
      <x148>1237</x148>
      <y148>535</y148>
      <x149>1239</x149>
      <y149>525</y149>
      <x150>1239</x150>
      <y150>514</y150>
      <x151>1240</x151>
      <y151>513</y151>
      <x152>1240</x152>
      <y152>504</y152>
      <x153>1243</x153>
      <y153>490</y153>
      <x154>1243</x154>
      <y154>483</y154>
      <x155>1246</x155>
      <y155>472</y155>
      <x156>1246</x156>
      <y156>463</y156>
      <x157>1247</x157>
      <y157>462</y157>
      <x158>1246</x158>
      <y158>461</y158>
      <x159>1247</x159>
      <y159>449</y159>
      <x160>1246</x160>
      <y160>448</y160>
      <x161>1246</x161>
      <y161>416</y161>
      <x162>1245</x162>
      <y162>415</y162>
      <x163>1246</x163>
      <y163>358</y163>
      <x164>1242</x164>
      <y164>337</y164>
      <x165>1234</x165>
      <y165>314</y165>
      <x166>1221</x166>
      <y166>287</y166>
      <x167>1206</x167>
      <y167>266</y167>
      <x168>1202</x168>
      <y168>263</y168>
      <x169>1197</x169>
      <y169>256</y169>
      <x170>1161</x170>
      <y170>223</y170>
      <x171>1156</x171>
      <y171>215</y171>
      <x172>1150</x172>
      <y172>215</y172>
      <x173>1141</x173>
      <y173>206</y173>
      <x174>1141</x174>
      <y174>200</y174>
      <x175>1143</x175>
      <y175>193</y175>
      <x176>1143</x176>
      <y176>179</y176>
      <x177>1142</x177>
      <y177>178</y177>
      <x178>1142</x178>
      <y178>172</y178>
      <x179>1139</x179>
      <y179>167</y179>
      <x180>1137</x180>
      <y180>159</y180>
      <x181>1131</x181>
      <y181>150</y181>
      <x182>1126</x182>
      <y182>145</y182>
      <x183>1125</x183>
      <y183>142</y183>
    </polygon>
  </object>
  <object>
    <name>person</name>
    <bndbox>
      <xmin>858</xmin>
      <ymin>533</ymin>
      <xmax>973</xmax>
      <ymax>690</ymax>
    </bndbox>
    <polygon>
      <x1>913</x1>
      <y1>533</y1>
      <x2>917</x2>
      <y2>543</y2>
      <x3>924</x3>
      <y3>549</y3>
      <x4>926</x4>
      <y4>555</y4>
      <x5>942</x5>
      <y5>568</y5>
      <x6>950</x6>
      <y6>571</y6>
      <x7>971</x7>
      <y7>570</y7>
      <x8>973</x8>
      <y8>573</y8>
      <x9>967</x9>
      <y9>581</y9>
      <x10>966</x10>
      <y10>586</y10>
      <x11>956</x11>
      <y11>603</y11>
      <x12>940</x12>
      <y12>619</y12>
      <x13>938</x13>
      <y13>619</y13>
      <x14>919</x14>
      <y14>629</y14>
      <x15>898</x15>
      <y15>646</y15>
      <x16>889</x16>
      <y16>655</y16>
      <x17>887</x17>
      <y17>659</y17>
      <x18>866</x18>
      <y18>679</y18>
      <x19>864</x19>
      <y19>682</y19>
      <x20>863</x20>
      <y20>687</y20>
      <x21>860</x21>
      <y21>690</y21>
      <x22>858</x22>
      <y22>688</y22>
      <x23>858</x23>
      <y23>684</y23>
      <x24>860</x24>
      <y24>675</y24>
      <x25>863</x25>
      <y25>671</y25>
      <x26>864</x26>
      <y26>667</y26>
      <x27>864</x27>
      <y27>659</y27>
      <x28>867</x28>
      <y28>647</y28>
      <x29>867</x29>
      <y29>638</y29>
      <x30>870</x30>
      <y30>622</y30>
      <x31>870</x31>
      <y31>613</y31>
      <x32>871</x32>
      <y32>612</y32>
      <x33>874</x33>
      <y33>577</y33>
      <x34>876</x34>
      <y34>569</y34>
      <x35>878</x35>
      <y35>544</y35>
      <x36>881</x36>
      <y36>538</y36>
      <x37>886</x37>
      <y37>535</y37>
      <x38>907</x38>
      <y38>535</y38>
    </polygon>
  </object>
  <object>
    <name>person</name>
    <bndbox>
      <xmin>888</xmin>
      <ymin>282</ymin>
      <xmax>1018</xmax>
      <ymax>477</ymax>
    </bndbox>
    <polygon>
      <x1>1016</x1>
      <y1>282</y1>
      <x2>1018</x2>
      <y2>284</y2>
      <x3>1017</x3>
      <y3>297</y3>
      <x4>1011</x4>
      <y4>318</y4>
      <x5>1010</x5>
      <y5>327</y5>
      <x6>1008</x6>
      <y6>331</y6>
      <x7>1006</x7>
      <y7>347</y7>
      <x8>989</x8>
      <y8>410</y8>
      <x9>987</x9>
      <y9>428</y9>
      <x10>983</x10>
      <y10>448</y10>
      <x11>982</x11>
      <y11>475</y11>
      <x12>980</x12>
      <y12>477</y12>
      <x13>977</x13>
      <y13>472</y13>
      <x14>976</x14>
      <y14>451</y14>
      <x15>974</x15>
      <y15>446</y15>
      <x16>969</x16>
      <y16>444</y16>
      <x17>964</x17>
      <y17>439</y17>
      <x18>962</x18>
      <y18>439</y18>
      <x19>957</x19>
      <y19>435</y19>
      <x20>951</x20>
      <y20>435</y20>
      <x21>943</x21>
      <y21>432</y21>
      <x22>923</x22>
      <y22>432</y22>
      <x23>922</x23>
      <y23>433</y23>
      <x24>899</x24>
      <y24>432</y24>
      <x25>898</x25>
      <y25>433</y25>
      <x26>890</x26>
      <y26>433</y26>
      <x27>888</x27>
      <y27>431</y27>
      <x28>888</x28>
      <y28>416</y28>
      <x29>891</x29>
      <y29>406</y29>
      <x30>891</x30>
      <y30>397</y30>
      <x31>894</x31>
      <y31>389</y31>
      <x32>911</x32>
      <y32>373</y32>
      <x33>921</x33>
      <y33>360</y33>
      <x34>923</x34>
      <y34>355</y34>
      <x35>927</x35>
      <y35>352</y35>
      <x36>933</x36>
      <y36>344</y36>
      <x37>946</x37>
      <y37>331</y37>
      <x38>954</x38>
      <y38>326</y38>
      <x39>971</x39>
      <y39>309</y39>
      <x40>979</x40>
      <y40>304</y40>
      <x41>980</x41>
      <y41>299</y41>
      <x42>985</x42>
      <y42>295</y42>
      <x43>986</x43>
      <y43>291</y43>
      <x44>991</x44>
      <y44>286</y44>
    </polygon>
  </object>
</annotation>
