<?xml version="1.0" ?>
<annotation>
  <folder>VOC</folder>
  <filename>59-2.png</filename>
  <source>
    <database>roboflow.ai</database>
  </source>
  <size>
    <width>1456</width>
    <height>816</height>
    <depth>3</depth>
  </size>
  <segmented>0</segmented>
  <object>
    <name>person</name>
    <bndbox>
      <xmin>573</xmin>
      <ymin>725</ymin>
      <xmax>668</xmax>
      <ymax>782</ymax>
    </bndbox>
    <polygon>
      <x1>573</x1>
      <y1>737</y1>
      <x2>573</x2>
      <y2>742</y2>
      <x3>576</x3>
      <y3>749</y3>
      <x4>585</x4>
      <y4>750</y4>
      <x5>589</x5>
      <y5>752</y5>
      <x6>589</x6>
      <y6>758</y6>
      <x7>594</x7>
      <y7>769</y7>
      <x8>606</x8>
      <y8>770</y8>
      <x9>612</x9>
      <y9>773</y9>
      <x10>619</x10>
      <y10>774</y10>
      <x11>641</x11>
      <y11>781</y11>
      <x12>657</x12>
      <y12>782</y12>
      <x13>663</x13>
      <y13>777</y13>
      <x14>667</x14>
      <y14>779</y14>
      <x15>668</x15>
      <y15>778</y15>
      <x16>668</x16>
      <y16>770</y16>
      <x17>665</x17>
      <y17>764</y17>
      <x18>660</x18>
      <y18>761</y18>
      <x19>648</x19>
      <y19>749</y19>
      <x20>645</x20>
      <y20>742</y20>
      <x21>629</x21>
      <y21>735</y21>
      <x22>620</x22>
      <y22>727</y22>
      <x23>616</x23>
      <y23>725</y23>
      <x24>611</x24>
      <y24>727</y24>
      <x25>606</x25>
      <y25>726</y25>
      <x26>592</x26>
      <y26>730</y26>
      <x27>580</x27>
      <y27>731</y27>
      <x28>576</x28>
      <y28>733</y28>
    </polygon>
  </object>
  <object>
    <name>person</name>
    <bndbox>
      <xmin>294</xmin>
      <ymin>482</ymin>
      <xmax>453</xmax>
      <ymax>811</ymax>
    </bndbox>
    <polygon>
      <x1>297</x1>
      <y1>482</y1>
      <x2>295</x2>
      <y2>484</y2>
      <x3>294</x3>
      <y3>500</y3>
      <x4>297</x4>
      <y4>513</y4>
      <x5>297</x5>
      <y5>521</y5>
      <x6>299</x6>
      <y6>526</y6>
      <x7>301</x7>
      <y7>527</y7>
      <x8>301</x8>
      <y8>532</y8>
      <x9>297</x9>
      <y9>536</y9>
      <x10>297</x10>
      <y10>542</y10>
      <x11>299</x11>
      <y11>545</y11>
      <x12>304</x12>
      <y12>542</y12>
      <x13>305</x13>
      <y13>548</y13>
      <x14>309</x14>
      <y14>550</y14>
      <x15>311</x15>
      <y15>553</y15>
      <x16>311</x16>
      <y16>556</y16>
      <x17>309</x17>
      <y17>559</y17>
      <x18>317</x18>
      <y18>575</y18>
      <x19>318</x19>
      <y19>590</y19>
      <x20>319</x20>
      <y20>593</y20>
      <x21>326</x21>
      <y21>599</y21>
      <x22>329</x22>
      <y22>609</y22>
      <x23>330</x23>
      <y23>622</y23>
      <x24>327</x24>
      <y24>628</y24>
      <x25>328</x25>
      <y25>636</y25>
      <x26>327</x26>
      <y26>661</y26>
      <x27>329</x27>
      <y27>675</y27>
      <x28>333</x28>
      <y28>688</y28>
      <x29>347</x29>
      <y29>715</y29>
      <x30>357</x30>
      <y30>731</y30>
      <x31>359</x31>
      <y31>737</y31>
      <x32>370</x32>
      <y32>752</y32>
      <x33>377</x33>
      <y33>774</y33>
      <x34>389</x34>
      <y34>792</y34>
      <x35>393</x35>
      <y35>796</y35>
      <x36>400</x36>
      <y36>798</y36>
      <x37>408</x37>
      <y37>804</y37>
      <x38>413</x38>
      <y38>806</y38>
      <x39>436</x39>
      <y39>811</y39>
      <x40>451</x40>
      <y40>811</y40>
      <x41>453</x41>
      <y41>810</y41>
      <x42>451</x42>
      <y42>801</y42>
      <x43>442</x43>
      <y43>795</y43>
      <x44>435</x44>
      <y44>794</y44>
      <x45>433</x45>
      <y45>792</y45>
      <x46>431</x46>
      <y46>785</y46>
      <x47>427</x47>
      <y47>781</y47>
      <x48>424</x48>
      <y48>775</y48>
      <x49>420</x49>
      <y49>772</y49>
      <x50>418</x50>
      <y50>766</y50>
      <x51>411</x51>
      <y51>760</y51>
      <x52>403</x52>
      <y52>748</y52>
      <x53>400</x53>
      <y53>731</y53>
      <x54>396</x54>
      <y54>719</y54>
      <x55>395</x55>
      <y55>701</y55>
      <x56>393</x56>
      <y56>694</y56>
      <x57>393</x57>
      <y57>677</y57>
      <x58>391</x58>
      <y58>666</y58>
      <x59>397</x59>
      <y59>652</y59>
      <x60>397</x60>
      <y60>624</y60>
      <x61>399</x61>
      <y61>605</y61>
      <x62>399</x62>
      <y62>595</y62>
      <x63>396</x63>
      <y63>582</y63>
      <x64>405</x64>
      <y64>556</y64>
      <x65>411</x65>
      <y65>525</y65>
      <x66>419</x66>
      <y66>514</y66>
      <x67>419</x67>
      <y67>507</y67>
      <x68>417</x68>
      <y68>502</y68>
      <x69>416</x69>
      <y69>492</y69>
      <x70>406</x70>
      <y70>486</y70>
      <x71>382</x71>
      <y71>485</y71>
      <x72>381</x72>
      <y72>484</y72>
      <x73>353</x73>
      <y73>484</y73>
      <x74>352</x74>
      <y74>483</y74>
      <x75>332</x75>
      <y75>483</y75>
      <x76>321</x76>
      <y76>486</y76>
      <x77>314</x77>
      <y77>491</y77>
      <x78>308</x78>
      <y78>484</y78>
      <x79>303</x79>
      <y79>482</y79>
    </polygon>
  </object>
  <object>
    <name>person</name>
    <bndbox>
      <xmin>574</xmin>
      <ymin>356</ymin>
      <xmax>732</xmax>
      <ymax>683</ymax>
    </bndbox>
    <polygon>
      <x1>591</x1>
      <y1>356</y1>
      <x2>590</x2>
      <y2>361</y2>
      <x3>594</x3>
      <y3>377</y3>
      <x4>594</x4>
      <y4>387</y4>
      <x5>595</x5>
      <y5>388</y5>
      <x6>593</x6>
      <y6>418</y6>
      <x7>590</x7>
      <y7>430</y7>
      <x8>590</x8>
      <y8>444</y8>
      <x9>593</x9>
      <y9>451</y9>
      <x10>593</x10>
      <y10>457</y10>
      <x11>592</x11>
      <y11>458</y11>
      <x12>593</x12>
      <y12>462</y12>
      <x13>596</x13>
      <y13>465</y13>
      <x14>601</x14>
      <y14>467</y14>
      <x15>627</x15>
      <y15>467</y15>
      <x16>634</x16>
      <y16>469</y16>
      <x17>638</x17>
      <y17>473</y17>
      <x18>642</x18>
      <y18>481</y18>
      <x19>642</x19>
      <y19>485</y19>
      <x20>639</x20>
      <y20>488</y20>
      <x21>633</x21>
      <y21>491</y21>
      <x22>626</x22>
      <y22>491</y22>
      <x23>625</x23>
      <y23>492</y23>
      <x24>602</x24>
      <y24>492</y24>
      <x25>601</x25>
      <y25>493</y25>
      <x26>583</x26>
      <y26>492</y26>
      <x27>580</x27>
      <y27>495</y27>
      <x28>579</x28>
      <y28>498</y28>
      <x29>575</x29>
      <y29>500</y29>
      <x30>574</x30>
      <y30>502</y30>
      <x31>577</x31>
      <y31>518</y31>
      <x32>579</x32>
      <y32>523</y32>
      <x33>583</x33>
      <y33>527</y33>
      <x34>584</x34>
      <y34>533</y34>
      <x35>589</x35>
      <y35>539</y35>
      <x36>590</x36>
      <y36>542</y36>
      <x37>595</x37>
      <y37>547</y37>
      <x38>608</x38>
      <y38>553</y38>
      <x39>618</x39>
      <y39>554</y39>
      <x40>622</x40>
      <y40>552</y40>
      <x41>628</x41>
      <y41>557</y41>
      <x42>629</x42>
      <y42>566</y42>
      <x43>634</x43>
      <y43>570</y43>
      <x44>636</x44>
      <y44>583</y44>
      <x45>640</x45>
      <y45>589</y45>
      <x46>647</x46>
      <y46>596</y46>
      <x47>647</x47>
      <y47>599</y47>
      <x48>658</x48>
      <y48>618</y48>
      <x49>658</x49>
      <y49>624</y49>
      <x50>663</x50>
      <y50>639</y50>
      <x51>663</x51>
      <y51>662</y51>
      <x52>662</x52>
      <y52>663</y52>
      <x53>662</x53>
      <y53>672</y53>
      <x54>660</x54>
      <y54>676</y54>
      <x55>660</x55>
      <y55>680</y55>
      <x56>666</x56>
      <y56>683</y56>
      <x57>673</x57>
      <y57>683</y57>
      <x58>678</x58>
      <y58>680</y58>
      <x59>681</x59>
      <y59>673</y59>
      <x60>684</x60>
      <y60>670</y60>
      <x61>687</x61>
      <y61>663</y61>
      <x62>691</x62>
      <y62>658</y62>
      <x63>693</x63>
      <y63>652</y63>
      <x64>705</x64>
      <y64>634</y64>
      <x65>706</x65>
      <y65>630</y65>
      <x66>712</x66>
      <y66>623</y66>
      <x67>716</x67>
      <y67>616</y67>
      <x68>720</x68>
      <y68>613</y68>
      <x69>723</x69>
      <y69>606</y69>
      <x70>729</x70>
      <y70>599</y70>
      <x71>729</x71>
      <y71>593</y71>
      <x72>731</x72>
      <y72>589</y72>
      <x73>732</x73>
      <y73>581</y73>
      <x74>727</x74>
      <y74>564</y74>
      <x75>718</x75>
      <y75>548</y75>
      <x76>708</x76>
      <y76>539</y76>
      <x77>682</x77>
      <y77>509</y77>
      <x78>670</x78>
      <y78>490</y78>
      <x79>665</x79>
      <y79>485</y79>
      <x80>662</x80>
      <y80>479</y80>
      <x81>636</x81>
      <y81>452</y81>
      <x82>632</x82>
      <y82>446</y82>
      <x83>628</x83>
      <y83>436</y83>
      <x84>624</x84>
      <y84>430</y84>
      <x85>622</x85>
      <y85>423</y85>
      <x86>616</x86>
      <y86>416</y86>
      <x87>614</x87>
      <y87>410</y87>
      <x88>600</x88>
      <y88>384</y88>
      <x89>600</x89>
      <y89>377</y89>
      <x90>596</x90>
      <y90>370</y90>
      <x91>594</x91>
      <y91>357</y91>
    </polygon>
  </object>
  <object>
    <name>person</name>
    <bndbox>
      <xmin>468</xmin>
      <ymin>111</ymin>
      <xmax>657</xmax>
      <ymax>341</ymax>
    </bndbox>
    <polygon>
      <x1>479</x1>
      <y1>113</y1>
      <x2>477</x2>
      <y2>119</y2>
      <x3>477</x3>
      <y3>124</y3>
      <x4>478</x4>
      <y4>125</y4>
      <x5>478</x5>
      <y5>152</y5>
      <x6>477</x6>
      <y6>153</y6>
      <x7>477</x7>
      <y7>158</y7>
      <x8>478</x8>
      <y8>159</y8>
      <x9>479</x9>
      <y9>207</y9>
      <x10>480</x10>
      <y10>208</y10>
      <x11>480</x11>
      <y11>245</y11>
      <x12>481</x12>
      <y12>246</y12>
      <x13>476</x13>
      <y13>252</y13>
      <x14>470</x14>
      <y14>263</y14>
      <x15>470</x15>
      <y15>268</y15>
      <x16>468</x16>
      <y16>273</y16>
      <x17>468</x17>
      <y17>282</y17>
      <x18>470</x18>
      <y18>288</y18>
      <x19>480</x19>
      <y19>297</y19>
      <x20>482</x20>
      <y20>303</y20>
      <x21>485</x21>
      <y21>305</y21>
      <x22>497</x22>
      <y22>304</y22>
      <x23>508</x23>
      <y23>298</y23>
      <x24>514</x24>
      <y24>297</y24>
      <x25>531</x25>
      <y25>301</y25>
      <x26>550</x26>
      <y26>309</y26>
      <x27>552</x27>
      <y27>313</y27>
      <x28>561</x28>
      <y28>319</y28>
      <x29>565</x29>
      <y29>320</y29>
      <x30>569</x30>
      <y30>326</y30>
      <x31>577</x31>
      <y31>333</y31>
      <x32>583</x32>
      <y32>341</y32>
      <x33>588</x33>
      <y33>340</y33>
      <x34>592</x34>
      <y34>337</y34>
      <x35>613</x35>
      <y35>337</y35>
      <x36>616</x36>
      <y36>335</y36>
      <x37>632</x37>
      <y37>336</y37>
      <x38>640</x38>
      <y38>334</y38>
      <x39>650</x39>
      <y39>326</y39>
      <x40>654</x40>
      <y40>318</y40>
      <x41>657</x41>
      <y41>307</y41>
      <x42>657</x42>
      <y42>290</y42>
      <x43>655</x43>
      <y43>286</y43>
      <x44>655</x44>
      <y44>281</y44>
      <x45>653</x45>
      <y45>275</y45>
      <x46>647</x46>
      <y46>264</y46>
      <x47>634</x47>
      <y47>254</y47>
      <x48>629</x48>
      <y48>248</y48>
      <x49>620</x49>
      <y49>228</y49>
      <x50>607</x50>
      <y50>207</y50>
      <x51>593</x51>
      <y51>180</y51>
      <x52>591</x52>
      <y52>173</y52>
      <x53>587</x53>
      <y53>167</y53>
      <x54>581</x54>
      <y54>153</y54>
      <x55>574</x55>
      <y55>142</y55>
      <x56>568</x56>
      <y56>124</y56>
      <x57>563</x57>
      <y57>118</y57>
      <x58>555</x58>
      <y58>113</y58>
      <x59>544</x59>
      <y59>113</y59>
      <x60>543</x60>
      <y60>112</y60>
      <x61>533</x61>
      <y61>112</y61>
      <x62>532</x62>
      <y62>111</y62>
      <x63>526</x63>
      <y63>111</y63>
      <x64>525</x64>
      <y64>112</y64>
      <x65>489</x65>
      <y65>111</y65>
    </polygon>
  </object>
  <object>
    <name>person</name>
    <bndbox>
      <xmin>210</xmin>
      <ymin>21</ymin>
      <xmax>508</xmax>
      <ymax>485</ymax>
    </bndbox>
    <polygon>
      <x1>501</x1>
      <y1>30</y1>
      <x2>481</x2>
      <y2>23</y2>
      <x3>468</x3>
      <y3>22</y3>
      <x4>467</x4>
      <y4>21</y4>
      <x5>457</x5>
      <y5>21</y5>
      <x6>456</x6>
      <y6>22</y6>
      <x7>440</x7>
      <y7>24</y7>
      <x8>431</x8>
      <y8>28</y8>
      <x9>411</x9>
      <y9>34</y9>
      <x10>403</x10>
      <y10>39</y10>
      <x11>387</x11>
      <y11>46</y11>
      <x12>374</x12>
      <y12>58</y12>
      <x13>367</x13>
      <y13>71</y13>
      <x14>365</x14>
      <y14>81</y14>
      <x15>365</x15>
      <y15>87</y15>
      <x16>373</x16>
      <y16>94</y16>
      <x17>373</x17>
      <y17>104</y17>
      <x18>380</x18>
      <y18>109</y18>
      <x19>380</x19>
      <y19>111</y19>
      <x20>375</x20>
      <y20>116</y20>
      <x21>366</x21>
      <y21>120</y21>
      <x22>362</x22>
      <y22>124</y22>
      <x23>358</x23>
      <y23>125</y23>
      <x24>343</x24>
      <y24>134</y24>
      <x25>339</x25>
      <y25>135</y25>
      <x26>300</x26>
      <y26>155</y26>
      <x27>294</x27>
      <y27>159</y27>
      <x28>286</x28>
      <y28>167</y28>
      <x29>282</x29>
      <y29>179</y29>
      <x30>279</x30>
      <y30>182</y30>
      <x31>271</x31>
      <y31>200</y31>
      <x32>263</x32>
      <y32>212</y32>
      <x33>256</x33>
      <y33>235</y33>
      <x34>252</x34>
      <y34>240</y34>
      <x35>249</x35>
      <y35>248</y35>
      <x36>245</x36>
      <y36>253</y36>
      <x37>232</x37>
      <y37>278</y37>
      <x38>229</x38>
      <y38>288</y38>
      <x39>229</x39>
      <y39>292</y39>
      <x40>216</x40>
      <y40>309</y40>
      <x41>210</x41>
      <y41>325</y41>
      <x42>211</x42>
      <y42>336</y42>
      <x43>213</x43>
      <y43>342</y43>
      <x44>212</x44>
      <y44>363</y44>
      <x45>215</x45>
      <y45>374</y45>
      <x46>215</x46>
      <y46>384</y46>
      <x47>220</x47>
      <y47>391</y47>
      <x48>223</x48>
      <y48>391</y48>
      <x49>226</x49>
      <y49>394</y49>
      <x50>226</x50>
      <y50>407</y50>
      <x51>230</x51>
      <y51>413</y51>
      <x52>232</x52>
      <y52>430</y52>
      <x53>242</x53>
      <y53>442</y53>
      <x54>244</x54>
      <y54>447</y54>
      <x55>244</x55>
      <y55>452</y55>
      <x56>247</x56>
      <y56>457</y56>
      <x57>247</x57>
      <y57>463</y57>
      <x58>244</x58>
      <y58>468</y58>
      <x59>244</x59>
      <y59>473</y59>
      <x60>246</x60>
      <y60>473</y60>
      <x61>251</x61>
      <y61>479</y61>
      <x62>258</x62>
      <y62>482</y62>
      <x63>264</x63>
      <y63>482</y63>
      <x64>268</x64>
      <y64>485</y64>
      <x65>271</x65>
      <y65>485</y65>
      <x66>276</x66>
      <y66>479</y66>
      <x67>289</x67>
      <y67>480</y67>
      <x68>295</x68>
      <y68>478</y68>
      <x69>299</x69>
      <y69>468</y69>
      <x70>298</x70>
      <y70>467</y70>
      <x71>298</x71>
      <y71>457</y71>
      <x72>303</x72>
      <y72>452</y72>
      <x73>306</x73>
      <y73>455</y73>
      <x74>309</x74>
      <y74>456</y74>
      <x75>321</x75>
      <y75>456</y75>
      <x76>322</x76>
      <y76>457</y76>
      <x77>331</x77>
      <y77>457</y77>
      <x78>332</x78>
      <y78>456</y78>
      <x79>333</x79>
      <y79>457</y79>
      <x80>343</x80>
      <y80>458</y80>
      <x81>347</x81>
      <y81>460</y81>
      <x82>354</x82>
      <y82>460</y82>
      <x83>363</x83>
      <y83>462</y83>
      <x84>382</x84>
      <y84>462</y84>
      <x85>384</x85>
      <y85>457</y85>
      <x86>381</x86>
      <y86>447</y86>
      <x87>376</x87>
      <y87>437</y87>
      <x88>368</x88>
      <y88>401</y88>
      <x89>368</x89>
      <y89>389</y89>
      <x90>370</x90>
      <y90>383</y90>
      <x91>371</x91>
      <y91>369</y91>
      <x92>375</x92>
      <y92>360</y92>
      <x93>376</x93>
      <y93>354</y93>
      <x94>384</x94>
      <y94>341</y94>
      <x95>393</x95>
      <y95>330</y95>
      <x96>409</x96>
      <y96>316</y96>
      <x97>412</x97>
      <y97>315</y97>
      <x98>421</x98>
      <y98>308</y98>
      <x99>430</x99>
      <y99>305</y99>
      <x100>434</x100>
      <y100>301</y100>
      <x101>442</x101>
      <y101>298</y101>
      <x102>449</x102>
      <y102>293</y102>
      <x103>451</x103>
      <y103>283</y103>
      <x104>451</x104>
      <y104>256</y104>
      <x105>448</x105>
      <y105>251</y105>
      <x106>447</x106>
      <y106>246</y106>
      <x107>450</x107>
      <y107>240</y107>
      <x108>451</x108>
      <y108>223</y108>
      <x109>452</x109>
      <y109>222</y109>
      <x110>451</x110>
      <y110>210</y110>
      <x111>452</x111>
      <y111>209</y111>
      <x112>453</x112>
      <y112>139</y112>
      <x113>467</x113>
      <y113>122</y113>
      <x114>469</x114>
      <y114>114</y114>
      <x115>473</x115>
      <y115>110</y115>
      <x116>477</x116>
      <y116>103</y116>
      <x117>478</x117>
      <y117>96</y117>
      <x118>480</x118>
      <y118>93</y118>
      <x119>479</x119>
      <y119>91</y119>
      <x120>480</x120>
      <y120>75</y120>
      <x121>484</x121>
      <y121>65</y121>
      <x122>484</x122>
      <y122>60</y122>
      <x123>488</x123>
      <y123>57</y123>
      <x124>496</x124>
      <y124>55</y124>
      <x125>506</x125>
      <y125>47</y125>
      <x126>508</x126>
      <y126>43</y126>
      <x127>507</x127>
      <y127>36</y127>
    </polygon>
  </object>
  <object>
    <name>person</name>
    <bndbox>
      <xmin>729</xmin>
      <ymin>424</ymin>
      <xmax>886</xmax>
      <ymax>755</ymax>
    </bndbox>
    <polygon>
      <x1>827</x1>
      <y1>424</y1>
      <x2>818</x2>
      <y2>424</y2>
      <x3>816</x3>
      <y3>425</y3>
      <x4>797</x4>
      <y4>446</y4>
      <x5>781</x5>
      <y5>467</y5>
      <x6>770</x6>
      <y6>485</y6>
      <x7>763</x7>
      <y7>493</y7>
      <x8>756</x8>
      <y8>506</y8>
      <x9>749</x9>
      <y9>513</y9>
      <x10>730</x10>
      <y10>547</y10>
      <x11>730</x11>
      <y11>554</y11>
      <x12>729</x12>
      <y12>555</y12>
      <x13>730</x13>
      <y13>556</y13>
      <x14>730</x14>
      <y14>561</y14>
      <x15>736</x15>
      <y15>572</y15>
      <x16>738</x16>
      <y16>581</y16>
      <x17>738</x17>
      <y17>589</y17>
      <x18>744</x18>
      <y18>600</y18>
      <x19>750</x19>
      <y19>608</y19>
      <x20>761</x20>
      <y20>645</y20>
      <x21>768</x21>
      <y21>659</y21>
      <x22>771</x22>
      <y22>662</y22>
      <x23>777</x23>
      <y23>673</y23>
      <x24>784</x24>
      <y24>695</y24>
      <x25>783</x25>
      <y25>702</y25>
      <x26>779</x26>
      <y26>706</y26>
      <x27>776</x27>
      <y27>707</y27>
      <x28>774</x28>
      <y28>711</y28>
      <x29>764</x29>
      <y29>720</y29>
      <x30>761</x30>
      <y30>728</y30>
      <x31>758</x31>
      <y31>731</y31>
      <x32>758</x32>
      <y32>734</y32>
      <x33>753</x33>
      <y33>738</y33>
      <x34>750</x34>
      <y34>744</y34>
      <x35>750</x35>
      <y35>749</y35>
      <x36>754</x36>
      <y36>753</y36>
      <x37>756</x37>
      <y37>753</y37>
      <x38>758</x38>
      <y38>755</y38>
      <x39>765</x39>
      <y39>755</y39>
      <x40>769</x40>
      <y40>753</y40>
      <x41>777</x41>
      <y41>754</y41>
      <x42>785</x42>
      <y42>751</y42>
      <x43>791</x43>
      <y43>751</y43>
      <x44>806</x44>
      <y44>748</y44>
      <x45>817</x45>
      <y45>737</y45>
      <x46>821</x46>
      <y46>728</y46>
      <x47>828</x47>
      <y47>727</y47>
      <x48>836</x48>
      <y48>721</y48>
      <x49>836</x49>
      <y49>718</y49>
      <x50>832</x50>
      <y50>717</y50>
      <x51>829</x51>
      <y51>713</y51>
      <x52>831</x52>
      <y52>708</y52>
      <x53>827</x53>
      <y53>706</y53>
      <x54>821</x54>
      <y54>706</y54>
      <x55>816</x55>
      <y55>701</y55>
      <x56>815</x56>
      <y56>694</y56>
      <x57>811</x57>
      <y57>695</y57>
      <x58>808</x58>
      <y58>692</y58>
      <x59>808</x59>
      <y59>686</y59>
      <x60>800</x60>
      <y60>683</y60>
      <x61>797</x61>
      <y61>680</y61>
      <x62>791</x62>
      <y62>667</y62>
      <x63>792</x63>
      <y63>666</y63>
      <x64>792</x64>
      <y64>659</y64>
      <x65>788</x65>
      <y65>664</y65>
      <x66>786</x66>
      <y66>661</y66>
      <x67>785</x67>
      <y67>656</y67>
      <x68>785</x68>
      <y68>635</y68>
      <x69>786</x69>
      <y69>634</y69>
      <x70>787</x70>
      <y70>615</y70>
      <x71>790</x71>
      <y71>610</y71>
      <x72>793</x72>
      <y72>597</y72>
      <x73>797</x73>
      <y73>589</y73>
      <x74>797</x74>
      <y74>584</y74>
      <x75>802</x75>
      <y75>578</y75>
      <x76>804</x76>
      <y76>571</y76>
      <x77>808</x77>
      <y77>566</y77>
      <x78>810</x78>
      <y78>560</y78>
      <x79>815</x79>
      <y79>555</y79>
      <x80>818</x80>
      <y80>548</y80>
      <x81>829</x81>
      <y81>532</y81>
      <x82>830</x82>
      <y82>526</y82>
      <x83>833</x83>
      <y83>523</y83>
      <x84>839</x84>
      <y84>524</y84>
      <x85>852</x85>
      <y85>519</y85>
      <x86>862</x86>
      <y86>510</y86>
      <x87>865</x87>
      <y87>503</y87>
      <x88>870</x88>
      <y88>498</y88>
      <x89>872</x89>
      <y89>492</y89>
      <x90>877</x90>
      <y90>485</y90>
      <x91>877</x91>
      <y91>480</y91>
      <x92>881</x92>
      <y92>474</y92>
      <x93>882</x93>
      <y93>468</y93>
      <x94>886</x94>
      <y94>459</y94>
      <x95>886</x95>
      <y95>456</y95>
      <x96>883</x96>
      <y96>453</y96>
      <x97>879</x97>
      <y97>452</y97>
      <x98>874</x98>
      <y98>444</y98>
      <x99>866</x99>
      <y99>442</y99>
      <x100>861</x100>
      <y100>437</y100>
      <x101>856</x101>
      <y101>436</y101>
      <x102>851</x102>
      <y102>432</y102>
      <x103>829</x103>
      <y103>429</y103>
    </polygon>
  </object>
  <object>
    <name>person</name>
    <bndbox>
      <xmin>752</xmin>
      <ymin>16</ymin>
      <xmax>1198</xmax>
      <ymax>790</ymax>
    </bndbox>
    <polygon>
      <x1>940</x1>
      <y1>16</y1>
      <x2>932</x2>
      <y2>18</y2>
      <x3>918</x3>
      <y3>19</y3>
      <x4>907</x4>
      <y4>22</y4>
      <x5>901</x5>
      <y5>26</y5>
      <x6>899</x6>
      <y6>31</y6>
      <x7>900</x7>
      <y7>43</y7>
      <x8>912</x8>
      <y8>56</y8>
      <x9>914</x9>
      <y9>65</y9>
      <x10>918</x10>
      <y10>70</y10>
      <x11>924</x11>
      <y11>82</y11>
      <x12>925</x12>
      <y12>88</y12>
      <x13>923</x13>
      <y13>90</y13>
      <x14>921</x14>
      <y14>89</y14>
      <x15>895</x15>
      <y15>89</y15>
      <x16>879</x16>
      <y16>93</y16>
      <x17>875</x17>
      <y17>96</y17>
      <x18>870</x18>
      <y18>103</y18>
      <x19>868</x19>
      <y19>110</y19>
      <x20>864</x20>
      <y20>116</y20>
      <x21>845</x21>
      <y21>134</y21>
      <x22>831</x22>
      <y22>142</y22>
      <x23>825</x23>
      <y23>149</y23>
      <x24>822</x24>
      <y24>155</y24>
      <x25>813</x25>
      <y25>164</y25>
      <x26>804</x26>
      <y26>170</y26>
      <x27>795</x27>
      <y27>181</y27>
      <x28>775</x28>
      <y28>197</y28>
      <x29>761</x29>
      <y29>224</y29>
      <x30>754</x30>
      <y30>256</y30>
      <x31>754</x31>
      <y31>273</y31>
      <x32>755</x32>
      <y32>276</y32>
      <x33>752</x33>
      <y33>291</y33>
      <x34>753</x34>
      <y34>295</y34>
      <x35>752</x35>
      <y35>349</y35>
      <x36>754</x36>
      <y36>351</y36>
      <x37>756</x37>
      <y37>349</y37>
      <x38>757</x38>
      <y38>342</y38>
      <x39>760</x39>
      <y39>338</y39>
      <x40>764</x40>
      <y40>342</y40>
      <x41>764</x41>
      <y41>344</y41>
      <x42>762</x42>
      <y42>346</y42>
      <x43>761</x43>
      <y43>355</y43>
      <x44>758</x44>
      <y44>363</y44>
      <x45>757</x45>
      <y45>378</y45>
      <x46>758</x46>
      <y46>382</y46>
      <x47>767</x47>
      <y47>390</y47>
      <x48>769</x48>
      <y48>394</y48>
      <x49>775</x49>
      <y49>399</y49>
      <x50>787</x50>
      <y50>402</y50>
      <x51>792</x51>
      <y51>405</y51>
      <x52>796</x52>
      <y52>405</y52>
      <x53>803</x53>
      <y53>402</y53>
      <x54>817</x54>
      <y54>388</y54>
      <x55>819</x55>
      <y55>384</y55>
      <x56>819</x56>
      <y56>366</y56>
      <x57>821</x57>
      <y57>361</y57>
      <x58>821</x58>
      <y58>354</y58>
      <x59>819</x59>
      <y59>349</y59>
      <x60>819</x60>
      <y60>344</y60>
      <x61>817</x61>
      <y61>337</y61>
      <x62>816</x62>
      <y62>320</y62>
      <x63>819</x63>
      <y63>314</y63>
      <x64>820</x64>
      <y64>298</y64>
      <x65>826</x65>
      <y65>293</y65>
      <x66>828</x66>
      <y66>286</y66>
      <x67>831</x67>
      <y67>283</y67>
      <x68>836</x68>
      <y68>282</y68>
      <x69>838</x69>
      <y69>280</y69>
      <x70>838</x70>
      <y70>274</y70>
      <x71>840</x71>
      <y71>271</y71>
      <x72>841</x72>
      <y72>266</y72>
      <x73>844</x73>
      <y73>263</y73>
      <x74>851</x74>
      <y74>261</y74>
      <x75>867</x75>
      <y75>247</y75>
      <x76>872</x76>
      <y76>246</y76>
      <x77>876</x77>
      <y77>253</y77>
      <x78>875</x78>
      <y78>268</y78>
      <x79>872</x79>
      <y79>276</y79>
      <x80>864</x80>
      <y80>290</y80>
      <x81>860</x81>
      <y81>306</y81>
      <x82>854</x82>
      <y82>317</y82>
      <x83>846</x83>
      <y83>344</y83>
      <x84>842</x84>
      <y84>351</y84>
      <x85>835</x85>
      <y85>372</y85>
      <x86>835</x86>
      <y86>375</y86>
      <x87>831</x87>
      <y87>384</y87>
      <x88>831</x88>
      <y88>395</y88>
      <x89>833</x89>
      <y89>397</y89>
      <x90>842</x90>
      <y90>399</y90>
      <x91>847</x91>
      <y91>407</y91>
      <x92>860</x92>
      <y92>413</y92>
      <x93>865</x93>
      <y93>417</y93>
      <x94>873</x94>
      <y94>420</y94>
      <x95>877</x95>
      <y95>420</y95>
      <x96>880</x96>
      <y96>415</y96>
      <x97>883</x97>
      <y97>413</y97>
      <x98>883</x98>
      <y98>411</y98>
      <x99>881</x99>
      <y99>409</y99>
      <x100>881</x100>
      <y100>404</y100>
      <x101>883</x101>
      <y101>399</y101>
      <x102>883</x102>
      <y102>391</y102>
      <x103>885</x103>
      <y103>384</y103>
      <x104>885</x104>
      <y104>365</y104>
      <x105>887</x105>
      <y105>361</y105>
      <x106>888</x106>
      <y106>345</y106>
      <x107>893</x107>
      <y107>337</y107>
      <x108>897</x108>
      <y108>321</y108>
      <x109>904</x109>
      <y109>310</y109>
      <x110>909</x110>
      <y110>305</y110>
      <x111>911</x111>
      <y111>299</y111>
      <x112>926</x112>
      <y112>287</y112>
      <x113>945</x113>
      <y113>277</y113>
      <x114>955</x114>
      <y114>275</y114>
      <x115>966</x115>
      <y115>275</y115>
      <x116>967</x116>
      <y116>274</y116>
      <x117>975</x117>
      <y117>275</y117>
      <x118>979</x118>
      <y118>270</y118>
      <x119>980</x119>
      <y119>257</y119>
      <x120>981</x120>
      <y120>256</y120>
      <x121>991</x121>
      <y121>262</y121>
      <x122>997</x122>
      <y122>263</y122>
      <x123>999</x123>
      <y123>267</y123>
      <x124>1009</x124>
      <y124>275</y124>
      <x125>1013</x125>
      <y125>282</y125>
      <x126>1023</x126>
      <y126>284</y126>
      <x127>1026</x127>
      <y127>287</y127>
      <x128>1025</x128>
      <y128>290</y128>
      <x129>1026</x129>
      <y129>293</y129>
      <x130>1034</x130>
      <y130>293</y130>
      <x131>1037</x131>
      <y131>295</y131>
      <x132>1043</x132>
      <y132>296</y132>
      <x133>1048</x133>
      <y133>305</y133>
      <x134>1054</x134>
      <y134>310</y134>
      <x135>1055</x135>
      <y135>313</y135>
      <x136>1061</x136>
      <y136>319</y136>
      <x137>1066</x137>
      <y137>320</y137>
      <x138>1067</x138>
      <y138>322</y138>
      <x139>1066</x139>
      <y139>325</y139>
      <x140>1068</x140>
      <y140>329</y140>
      <x141>1069</x141>
      <y141>337</y141>
      <x142>1078</x142>
      <y142>345</y142>
      <x143>1080</x143>
      <y143>350</y143>
      <x144>1095</x144>
      <y144>362</y144>
      <x145>1100</x145>
      <y145>363</y145>
      <x146>1106</x146>
      <y146>367</y146>
      <x147>1105</x147>
      <y147>372</y147>
      <x148>1107</x148>
      <y148>376</y148>
      <x149>1107</x149>
      <y149>384</y149>
      <x150>1109</x150>
      <y150>388</y150>
      <x151>1109</x151>
      <y151>391</y151>
      <x152>1107</x152>
      <y152>395</y152>
      <x153>1106</x153>
      <y153>406</y153>
      <x154>1104</x154>
      <y154>409</y154>
      <x155>1101</x155>
      <y155>421</y155>
      <x156>1093</x156>
      <y156>435</y156>
      <x157>1091</x157>
      <y157>451</y157>
      <x158>1088</x158>
      <y158>454</y158>
      <x159>1083</x159>
      <y159>456</y159>
      <x160>1081</x160>
      <y160>466</y160>
      <x161>1076</x161>
      <y161>475</y161>
      <x162>1072</x162>
      <y162>474</y162>
      <x163>1066</x163>
      <y163>477</y163>
      <x164>1061</x164>
      <y164>477</y164>
      <x165>1048</x165>
      <y165>480</y165>
      <x166>1047</x166>
      <y166>498</y166>
      <x167>1050</x167>
      <y167>502</y167>
      <x168>1054</x168>
      <y168>503</y168>
      <x169>1060</x169>
      <y169>509</y169>
      <x170>1065</x170>
      <y170>510</y170>
      <x171>1069</x171>
      <y171>514</y171>
      <x172>1072</x172>
      <y172>524</y172>
      <x173>1072</x173>
      <y173>531</y173>
      <x174>1068</x174>
      <y174>536</y174>
      <x175>1065</x175>
      <y175>537</y175>
      <x176>1063</x176>
      <y176>536</y176>
      <x177>1051</x177>
      <y177>536</y177>
      <x178>1050</x178>
      <y178>535</y178>
      <x179>1046</x179>
      <y179>536</y179>
      <x180>1044</x180>
      <y180>538</y180>
      <x181>1044</x181>
      <y181>543</y181>
      <x182>1040</x182>
      <y182>546</y182>
      <x183>1039</x183>
      <y183>549</y183>
      <x184>1039</x184>
      <y184>559</y184>
      <x185>1046</x185>
      <y185>572</y185>
      <x186>1046</x186>
      <y186>581</y186>
      <x187>1045</x187>
      <y187>582</y187>
      <x188>1045</x188>
      <y188>639</y188>
      <x189>1044</x189>
      <y189>644</y189>
      <x190>1038</x190>
      <y190>649</y190>
      <x191>1037</x191>
      <y191>658</y191>
      <x192>1033</x192>
      <y192>668</y192>
      <x193>1027</x193>
      <y193>678</y193>
      <x194>1022</x194>
      <y194>683</y194>
      <x195>1021</x195>
      <y195>686</y195>
      <x196>1010</x196>
      <y196>696</y196>
      <x197>1006</x197>
      <y197>703</y197>
      <x198>991</x198>
      <y198>710</y198>
      <x199>985</x199>
      <y199>716</y199>
      <x200>982</x200>
      <y200>724</y200>
      <x201>974</x201>
      <y201>734</y201>
      <x202>972</x202>
      <y202>743</y202>
      <x203>968</x203>
      <y203>749</y203>
      <x204>966</x204>
      <y204>755</y204>
      <x205>963</x205>
      <y205>758</y205>
      <x206>961</x206>
      <y206>758</y206>
      <x207>959</x207>
      <y207>756</y207>
      <x208>959</x208>
      <y208>766</y208>
      <x209>953</x209>
      <y209>777</y209>
      <x210>952</x210>
      <y210>788</y210>
      <x211>956</x211>
      <y211>790</y211>
      <x212>963</x212>
      <y212>790</y212>
      <x213>964</x213>
      <y213>789</y213>
      <x214>981</x214>
      <y214>788</y214>
      <x215>991</x215>
      <y215>783</y215>
      <x216>1003</x216>
      <y216>772</y216>
      <x217>1010</x217>
      <y217>770</y217>
      <x218>1014</x218>
      <y218>767</y218>
      <x219>1020</x219>
      <y219>760</y219>
      <x220>1021</x220>
      <y220>754</y220>
      <x221>1026</x221>
      <y221>745</y221>
      <x222>1029</x222>
      <y222>742</y222>
      <x223>1039</x223>
      <y223>737</y223>
      <x224>1061</x224>
      <y224>713</y224>
      <x225>1066</x225>
      <y225>705</y225>
      <x226>1070</x226>
      <y226>695</y226>
      <x227>1074</x227>
      <y227>691</y227>
      <x228>1081</x228>
      <y228>677</y228>
      <x229>1089</x229>
      <y229>667</y229>
      <x230>1092</x230>
      <y230>661</y230>
      <x231>1097</x231>
      <y231>656</y231>
      <x232>1104</x232>
      <y232>641</y232>
      <x233>1115</x233>
      <y233>627</y233>
      <x234>1117</x234>
      <y234>623</y234>
      <x235>1118</x235>
      <y235>616</y235>
      <x236>1121</x236>
      <y236>611</y236>
      <x237>1121</x237>
      <y237>603</y237>
      <x238>1124</x238>
      <y238>596</y238>
      <x239>1124</x239>
      <y239>590</y239>
      <x240>1125</x240>
      <y240>589</y240>
      <x241>1126</x241>
      <y241>572</y241>
      <x242>1134</x242>
      <y242>542</y242>
      <x243>1134</x243>
      <y243>536</y243>
      <x244>1138</x244>
      <y244>528</y244>
      <x245>1145</x245>
      <y245>520</y245>
      <x246>1145</x246>
      <y246>508</y246>
      <x247>1146</x247>
      <y247>507</y247>
      <x248>1145</x248>
      <y248>496</y248>
      <x249>1147</x249>
      <y249>493</y249>
      <x250>1149</x250>
      <y250>485</y250>
      <x251>1149</x251>
      <y251>452</y251>
      <x252>1148</x252>
      <y252>451</y252>
      <x253>1148</x253>
      <y253>438</y253>
      <x254>1147</x254>
      <y254>437</y254>
      <x255>1146</x255>
      <y255>405</y255>
      <x256>1142</x256>
      <y256>390</y256>
      <x257>1142</x257>
      <y257>381</y257>
      <x258>1144</x258>
      <y258>378</y258>
      <x259>1150</x259>
      <y259>375</y259>
      <x260>1173</x260>
      <y260>371</y260>
      <x261>1182</x261>
      <y261>364</y261>
      <x262>1188</x262>
      <y262>361</y262>
      <x263>1193</x263>
      <y263>356</y263>
      <x264>1197</x264>
      <y264>348</y264>
      <x265>1198</x265>
      <y265>334</y265>
      <x266>1197</x266>
      <y266>333</y266>
      <x267>1196</x267>
      <y267>323</y267>
      <x268>1192</x268>
      <y268>312</y268>
      <x269>1191</x269>
      <y269>298</y269>
      <x270>1186</x270>
      <y270>285</y270>
      <x271>1186</x271>
      <y271>281</y271>
      <x272>1181</x272>
      <y272>261</y272>
      <x273>1177</x273>
      <y273>250</y273>
      <x274>1165</x274>
      <y274>230</y274>
      <x275>1162</x275>
      <y275>207</y275>
      <x276>1154</x276>
      <y276>189</y276>
      <x277>1153</x277>
      <y277>182</y277>
      <x278>1148</x278>
      <y278>168</y278>
      <x279>1133</x279>
      <y279>154</y279>
      <x280>1127</x280>
      <y280>152</y280>
      <x281>1119</x281>
      <y281>147</y281>
      <x282>1117</x282>
      <y282>147</y282>
      <x283>1103</x283>
      <y283>136</y283>
      <x284>1095</x284>
      <y284>133</y284>
      <x285>1090</x285>
      <y285>129</y285>
      <x286>1088</x286>
      <y286>129</y286>
      <x287>1072</x287>
      <y287>118</y287>
      <x288>1063</x288>
      <y288>118</y288>
      <x289>1062</x289>
      <y289>117</y289>
      <x290>1059</x290>
      <y290>118</y290>
      <x291>1053</x291>
      <y291>128</y291>
      <x292>1054</x292>
      <y292>132</y292>
      <x293>1049</x293>
      <y293>137</y293>
      <x294>1045</x294>
      <y294>158</y294>
      <x295>1044</x295>
      <y295>181</y295>
      <x296>1042</x296>
      <y296>185</y296>
      <x297>1042</x297>
      <y297>188</y297>
      <x298>1038</x298>
      <y298>195</y298>
      <x299>1038</x299>
      <y299>202</y299>
      <x300>1033</x300>
      <y300>218</y300>
      <x301>1033</x301>
      <y301>224</y301>
      <x302>1031</x302>
      <y302>226</y302>
      <x303>1013</x303>
      <y303>226</y303>
      <x304>1012</x304>
      <y304>225</y304>
      <x305>1003</x305>
      <y305>226</y305>
      <x306>1001</x306>
      <y306>224</y306>
      <x307>1001</x307>
      <y307>208</y307>
      <x308>1006</x308>
      <y308>202</y308>
      <x309>1009</x309>
      <y309>186</y309>
      <x310>1012</x310>
      <y310>178</y310>
      <x311>1009</x311>
      <y311>163</y311>
      <x312>1013</x312>
      <y312>158</y312>
      <x313>1020</x313>
      <y313>158</y313>
      <x314>1021</x314>
      <y314>156</y314>
      <x315>1021</x315>
      <y315>140</y315>
      <x316>1022</x316>
      <y316>139</y316>
      <x317>1023</x317>
      <y317>126</y317>
      <x318>1025</x318>
      <y318>122</y318>
      <x319>1022</x319>
      <y319>115</y319>
      <x320>1026</x320>
      <y320>109</y320>
      <x321>1027</x321>
      <y321>102</y321>
      <x322>1032</x322>
      <y322>97</y322>
      <x323>1035</x323>
      <y323>89</y323>
      <x324>1035</x324>
      <y324>83</y324>
      <x325>1037</x325>
      <y325>76</y325>
      <x326>1036</x326>
      <y326>59</y326>
      <x327>1033</x327>
      <y327>53</y327>
      <x328>1021</x328>
      <y328>41</y328>
      <x329>998</x329>
      <y329>28</y329>
      <x330>978</x330>
      <y330>21</y330>
      <x331>974</x331>
      <y331>17</y331>
    </polygon>
  </object>
</annotation>
