<?xml version="1.0" ?>
<annotation>
  <folder>VOC</folder>
  <filename>6-2.png</filename>
  <source>
    <database>roboflow.ai</database>
  </source>
  <size>
    <width>1456</width>
    <height>816</height>
    <depth>3</depth>
  </size>
  <segmented>0</segmented>
  <object>
    <name>person</name>
    <bndbox>
      <xmin>709</xmin>
      <ymin>40</ymin>
      <xmax>833</xmax>
      <ymax>384</ymax>
    </bndbox>
    <polygon>
      <x1>774</x1>
      <y1>40</y1>
      <x2>765</x2>
      <y2>40</y2>
      <x3>759</x3>
      <y3>43</y3>
      <x4>758</x4>
      <y4>45</y4>
      <x5>758</x5>
      <y5>55</y5>
      <x6>761</x6>
      <y6>66</y6>
      <x7>758</x7>
      <y7>70</y7>
      <x8>755</x8>
      <y8>71</y8>
      <x9>734</x9>
      <y9>70</y9>
      <x10>725</x10>
      <y10>73</y10>
      <x11>721</x11>
      <y11>77</y11>
      <x12>719</x12>
      <y12>84</y12>
      <x13>714</x13>
      <y13>92</y13>
      <x14>709</x14>
      <y14>110</y14>
      <x15>710</x15>
      <y15>122</y15>
      <x16>717</x16>
      <y16>141</y16>
      <x17>718</x17>
      <y17>147</y17>
      <x18>720</x18>
      <y18>151</y18>
      <x19>728</x19>
      <y19>159</y19>
      <x20>727</x20>
      <y20>184</y20>
      <x21>725</x21>
      <y21>191</y21>
      <x22>724</x22>
      <y22>211</y22>
      <x23>723</x23>
      <y23>212</y23>
      <x24>724</x24>
      <y24>217</y24>
      <x25>724</x25>
      <y25>242</y25>
      <x26>727</x26>
      <y26>257</y26>
      <x27>735</x27>
      <y27>276</y27>
      <x28>738</x28>
      <y28>298</y28>
      <x29>742</x29>
      <y29>309</y29>
      <x30>746</x30>
      <y30>328</y30>
      <x31>748</x31>
      <y31>348</y31>
      <x32>750</x32>
      <y32>354</y32>
      <x33>748</x33>
      <y33>362</y33>
      <x34>744</x34>
      <y34>368</y34>
      <x35>742</x35>
      <y35>375</y35>
      <x36>742</x36>
      <y36>380</y36>
      <x37>746</x37>
      <y37>384</y37>
      <x38>761</x38>
      <y38>384</y38>
      <x39>763</x39>
      <y39>383</y39>
      <x40>765</x40>
      <y40>366</y40>
      <x41>777</x41>
      <y41>353</y41>
      <x42>782</x42>
      <y42>344</y42>
      <x43>782</x43>
      <y43>336</y43>
      <x44>779</x44>
      <y44>330</y44>
      <x45>777</x45>
      <y45>322</y45>
      <x46>779</x46>
      <y46>297</y46>
      <x47>776</x47>
      <y47>289</y47>
      <x48>774</x48>
      <y48>287</y48>
      <x49>774</x49>
      <y49>260</y49>
      <x50>773</x50>
      <y50>259</y50>
      <x51>774</x51>
      <y51>244</y51>
      <x52>785</x52>
      <y52>223</y52>
      <x53>785</x53>
      <y53>220</y53>
      <x54>788</x54>
      <y54>214</y54>
      <x55>792</x55>
      <y55>210</y55>
      <x56>802</x56>
      <y56>190</y56>
      <x57>802</x57>
      <y57>180</y57>
      <x58>803</x58>
      <y58>179</y58>
      <x59>802</x59>
      <y59>169</y59>
      <x60>801</x60>
      <y60>168</y60>
      <x61>802</x61>
      <y61>160</y61>
      <x62>805</x62>
      <y62>155</y62>
      <x63>812</x63>
      <y63>152</y63>
      <x64>824</x64>
      <y64>141</y64>
      <x65>826</x65>
      <y65>137</y65>
      <x66>830</x66>
      <y66>133</y66>
      <x67>833</x67>
      <y67>125</y67>
      <x68>831</x68>
      <y68>114</y68>
      <x69>827</x69>
      <y69>107</y69>
      <x70>819</x70>
      <y70>87</y70>
      <x71>812</x71>
      <y71>80</y71>
      <x72>808</x72>
      <y72>78</y72>
      <x73>786</x73>
      <y73>73</y73>
      <x74>781</x74>
      <y74>70</y74>
      <x75>780</x75>
      <y75>62</y75>
      <x76>784</x76>
      <y76>53</y76>
      <x77>784</x77>
      <y77>46</y77>
      <x78>781</x78>
      <y78>42</y78>
    </polygon>
  </object>
</annotation>
