<?xml version="1.0" ?>
<annotation>
  <folder>VOC</folder>
  <filename>8-1.png</filename>
  <source>
    <database>roboflow.ai</database>
  </source>
  <size>
    <width>1456</width>
    <height>816</height>
    <depth>3</depth>
  </size>
  <segmented>0</segmented>
  <object>
    <name>person</name>
    <bndbox>
      <xmin>749</xmin>
      <ymin>406</ymin>
      <xmax>920</xmax>
      <ymax>664</ymax>
    </bndbox>
    <polygon>
      <x1>883</x1>
      <y1>406</y1>
      <x2>879</x2>
      <y2>406</y2>
      <x3>874</x3>
      <y3>408</y3>
      <x4>870</x4>
      <y4>413</y4>
      <x5>860</x5>
      <y5>419</y5>
      <x6>852</x6>
      <y6>427</y6>
      <x7>851</x7>
      <y7>430</y7>
      <x8>848</x8>
      <y8>432</y8>
      <x9>839</x9>
      <y9>445</y9>
      <x10>829</x10>
      <y10>456</y10>
      <x11>827</x11>
      <y11>460</y11>
      <x12>791</x12>
      <y12>500</y12>
      <x13>773</x13>
      <y13>526</y13>
      <x14>771</x14>
      <y14>531</y14>
      <x15>764</x15>
      <y15>537</y15>
      <x16>762</x16>
      <y16>543</y16>
      <x17>754</x17>
      <y17>554</y17>
      <x18>751</x18>
      <y18>562</y18>
      <x19>751</x19>
      <y19>568</y19>
      <x20>749</x20>
      <y20>575</y20>
      <x21>749</x21>
      <y21>589</y21>
      <x22>751</x22>
      <y22>592</y22>
      <x23>752</x23>
      <y23>601</y23>
      <x24>756</x24>
      <y24>612</y24>
      <x25>766</x25>
      <y25>623</y25>
      <x26>795</x26>
      <y26>637</y26>
      <x27>832</x27>
      <y27>664</y27>
      <x28>837</x28>
      <y28>661</y28>
      <x29>855</x29>
      <y29>659</y29>
      <x30>874</x30>
      <y30>651</y30>
      <x31>889</x31>
      <y31>646</y31>
      <x32>892</x32>
      <y32>646</y32>
      <x33>902</x33>
      <y33>639</y33>
      <x34>901</x34>
      <y34>628</y34>
      <x35>903</x35>
      <y35>624</y35>
      <x36>904</x36>
      <y36>606</y36>
      <x37>895</x37>
      <y37>596</y37>
      <x38>891</x38>
      <y38>594</y38>
      <x39>883</x39>
      <y39>586</y39>
      <x40>873</x40>
      <y40>567</y40>
      <x41>871</x41>
      <y41>558</y41>
      <x42>871</x42>
      <y42>530</y42>
      <x43>877</x43>
      <y43>502</y43>
      <x44>882</x44>
      <y44>497</y44>
      <x45>883</x45>
      <y45>494</y45>
      <x46>888</x46>
      <y46>488</y46>
      <x47>890</x47>
      <y47>481</y47>
      <x48>891</x48>
      <y48>470</y48>
      <x49>895</x49>
      <y49>466</y49>
      <x50>905</x50>
      <y50>460</y50>
      <x51>913</x51>
      <y51>452</y51>
      <x52>916</x52>
      <y52>451</y52>
      <x53>918</x53>
      <y53>448</y53>
      <x54>920</x54>
      <y54>440</y54>
      <x55>919</x55>
      <y55>437</y55>
      <x56>912</x56>
      <y56>432</y56>
      <x57>905</x57>
      <y57>422</y57>
      <x58>901</x58>
      <y58>420</y58>
      <x59>895</x59>
      <y59>413</y59>
      <x60>891</x60>
      <y60>412</y60>
      <x61>887</x61>
      <y61>408</y61>
    </polygon>
  </object>
  <object>
    <name>person</name>
    <bndbox>
      <xmin>823</xmin>
      <ymin>76</ymin>
      <xmax>1206</xmax>
      <ymax>797</ymax>
    </bndbox>
    <polygon>
      <x1>1038</x1>
      <y1>76</y1>
      <x2>1020</x2>
      <y2>78</y2>
      <x3>1010</x3>
      <y3>82</y3>
      <x4>1002</x4>
      <y4>88</y4>
      <x5>989</x5>
      <y5>94</y5>
      <x6>977</x6>
      <y6>105</y6>
      <x7>976</x7>
      <y7>108</y7>
      <x8>969</x8>
      <y8>115</y8>
      <x9>966</x9>
      <y9>126</y9>
      <x10>963</x10>
      <y10>130</y10>
      <x11>960</x11>
      <y11>131</y11>
      <x12>959</x12>
      <y12>133</y12>
      <x13>957</x13>
      <y13>133</y13>
      <x14>954</x14>
      <y14>128</y14>
      <x15>947</x15>
      <y15>127</y15>
      <x16>941</x16>
      <y16>129</y16>
      <x17>935</x17>
      <y17>133</y17>
      <x18>899</x18>
      <y18>170</y18>
      <x19>895</x19>
      <y19>176</y19>
      <x20>891</x20>
      <y20>179</y20>
      <x21>881</x21>
      <y21>183</y21>
      <x22>868</x22>
      <y22>192</y22>
      <x23>842</x23>
      <y23>203</y23>
      <x24>828</x24>
      <y24>218</y24>
      <x25>823</x25>
      <y25>231</y25>
      <x26>823</x26>
      <y26>247</y26>
      <x27>826</x27>
      <y27>258</y27>
      <x28>826</x28>
      <y28>271</y28>
      <x29>830</x29>
      <y29>291</y29>
      <x30>829</x30>
      <y30>316</y30>
      <x31>827</x31>
      <y31>322</y31>
      <x32>827</x32>
      <y32>328</y32>
      <x33>828</x33>
      <y33>330</y33>
      <x34>829</x34>
      <y34>329</y34>
      <x35>834</x35>
      <y35>329</y35>
      <x36>836</x36>
      <y36>331</y36>
      <x37>838</x37>
      <y37>338</y37>
      <x38>839</x38>
      <y38>351</y38>
      <x39>841</x39>
      <y39>354</y39>
      <x40>841</x40>
      <y40>360</y40>
      <x41>845</x41>
      <y41>366</y41>
      <x42>848</x42>
      <y42>375</y42>
      <x43>856</x43>
      <y43>383</y43>
      <x44>860</x44>
      <y44>384</y44>
      <x45>868</x45>
      <y45>383</y45>
      <x46>873</x46>
      <y46>385</y46>
      <x47>880</x47>
      <y47>381</y47>
      <x48>887</x48>
      <y48>375</y48>
      <x49>889</x49>
      <y49>366</y49>
      <x50>895</x50>
      <y50>361</y50>
      <x51>895</x51>
      <y51>355</y51>
      <x52>900</x52>
      <y52>340</y52>
      <x53>901</x53>
      <y53>325</y53>
      <x54>899</x54>
      <y54>319</y54>
      <x55>899</x55>
      <y55>308</y55>
      <x56>893</x56>
      <y56>296</y56>
      <x57>893</x57>
      <y57>284</y57>
      <x58>889</x58>
      <y58>271</y58>
      <x59>888</x59>
      <y59>248</y59>
      <x60>890</x60>
      <y60>241</y60>
      <x61>894</x61>
      <y61>237</y61>
      <x62>898</x62>
      <y62>235</y62>
      <x63>907</x63>
      <y63>235</y63>
      <x64>915</x64>
      <y64>233</y64>
      <x65>930</x65>
      <y65>232</y65>
      <x66>933</x66>
      <y66>235</y66>
      <x67>933</x67>
      <y67>259</y67>
      <x68>935</x68>
      <y68>269</y68>
      <x69>938</x69>
      <y69>274</y69>
      <x70>942</x70>
      <y70>274</y70>
      <x71>949</x71>
      <y71>268</y71>
      <x72>959</x72>
      <y72>263</y72>
      <x73>987</x73>
      <y73>258</y73>
      <x74>991</x74>
      <y74>248</y74>
      <x75>991</x75>
      <y75>241</y75>
      <x76>993</x76>
      <y76>236</y76>
      <x77>993</x77>
      <y77>231</y77>
      <x78>996</x78>
      <y78>225</y78>
      <x79>996</x79>
      <y79>219</y79>
      <x80>998</x80>
      <y80>216</y80>
      <x81>1002</x81>
      <y81>217</y81>
      <x82>1008</x82>
      <y82>224</y82>
      <x83>1017</x83>
      <y83>228</y83>
      <x84>1021</x84>
      <y84>228</y84>
      <x85>1025</x85>
      <y85>231</y85>
      <x86>1024</x86>
      <y86>232</y86>
      <x87>1025</x87>
      <y87>247</y87>
      <x88>1023</x88>
      <y88>251</y88>
      <x89>1023</x89>
      <y89>265</y89>
      <x90>1025</x90>
      <y90>271</y90>
      <x91>1032</x91>
      <y91>276</y91>
      <x92>1046</x92>
      <y92>282</y92>
      <x93>1054</x93>
      <y93>292</y93>
      <x94>1062</x94>
      <y94>295</y94>
      <x95>1068</x95>
      <y95>301</y95>
      <x96>1079</x96>
      <y96>321</y96>
      <x97>1083</x97>
      <y97>331</y97>
      <x98>1086</x98>
      <y98>345</y98>
      <x99>1086</x99>
      <y99>364</y99>
      <x100>1083</x100>
      <y100>380</y100>
      <x101>1072</x101>
      <y101>405</y101>
      <x102>1070</x102>
      <y102>421</y102>
      <x103>1067</x103>
      <y103>425</y103>
      <x104>1066</x104>
      <y104>430</y104>
      <x105>1061</x105>
      <y105>432</y105>
      <x106>1057</x106>
      <y106>436</y106>
      <x107>1053</x107>
      <y107>443</y107>
      <x108>1046</x108>
      <y108>449</y108>
      <x109>1045</x109>
      <y109>452</y109>
      <x110>1042</x110>
      <y110>455</y110>
      <x111>1038</x111>
      <y111>456</y111>
      <x112>1037</x112>
      <y112>458</y112>
      <x113>1038</x113>
      <y113>459</y113>
      <x114>1038</x114>
      <y114>469</y114>
      <x115>1036</x115>
      <y115>474</y115>
      <x116>1039</x116>
      <y116>480</y116>
      <x117>1041</x117>
      <y117>489</y117>
      <x118>1045</x118>
      <y118>497</y118>
      <x119>1056</x119>
      <y119>508</y119>
      <x120>1056</x120>
      <y120>513</y120>
      <x121>1054</x121>
      <y121>519</y121>
      <x122>1050</x122>
      <y122>522</y122>
      <x123>1045</x123>
      <y123>532</y123>
      <x124>1046</x124>
      <y124>537</y124>
      <x125>1034</x125>
      <y125>549</y125>
      <x126>1032</x126>
      <y126>550</y126>
      <x127>1027</x127>
      <y127>549</y127>
      <x128>1028</x128>
      <y128>554</y128>
      <x129>1022</x129>
      <y129>561</y129>
      <x130>1020</x130>
      <y130>566</y130>
      <x131>1016</x131>
      <y131>570</y131>
      <x132>1012</x132>
      <y132>578</y132>
      <x133>1006</x133>
      <y133>584</y133>
      <x134>1005</x134>
      <y134>589</y134>
      <x135>998</x135>
      <y135>596</y135>
      <x136>998</x136>
      <y136>599</y136>
      <x137>996</x137>
      <y137>601</y137>
      <x138>993</x138>
      <y138>601</y138>
      <x139>990</x139>
      <y139>604</y139>
      <x140>991</x140>
      <y140>608</y140>
      <x141>1001</x141>
      <y141>609</y141>
      <x142>1004</x142>
      <y142>611</y142>
      <x143>1003</x143>
      <y143>616</y143>
      <x144>996</x144>
      <y144>623</y144>
      <x145>996</x145>
      <y145>628</y145>
      <x146>988</x146>
      <y146>635</y146>
      <x147>980</x147>
      <y147>638</y147>
      <x148>968</x148>
      <y148>663</y148>
      <x149>960</x149>
      <y149>675</y149>
      <x150>955</x150>
      <y150>677</y150>
      <x151>952</x151>
      <y151>680</y151>
      <x152>947</x152>
      <y152>680</y152>
      <x153>939</x153>
      <y153>685</y153>
      <x154>931</x154>
      <y154>688</y154>
      <x155>925</x155>
      <y155>694</y155>
      <x156>913</x156>
      <y156>712</y156>
      <x157>909</x157>
      <y157>724</y157>
      <x158>904</x158>
      <y158>729</y158>
      <x159>900</x159>
      <y159>737</y159>
      <x160>896</x160>
      <y160>741</y160>
      <x161>894</x161>
      <y161>746</y161>
      <x162>885</x162>
      <y162>753</y162>
      <x163>873</x163>
      <y163>765</y163>
      <x164>870</x164>
      <y164>772</y164>
      <x165>866</x165>
      <y165>777</y165>
      <x166>865</x166>
      <y166>782</y166>
      <x167>865</x167>
      <y167>794</y167>
      <x168>867</x168>
      <y168>796</y168>
      <x169>871</x169>
      <y169>797</y169>
      <x170>893</x170>
      <y170>797</y170>
      <x171>901</x171>
      <y171>794</y171>
      <x172>908</x172>
      <y172>793</y172>
      <x173>918</x173>
      <y173>784</y173>
      <x174>927</x174>
      <y174>781</y174>
      <x175>929</x175>
      <y175>775</y175>
      <x176>936</x176>
      <y176>769</y176>
      <x177>937</x177>
      <y177>764</y177>
      <x178>946</x178>
      <y178>748</y178>
      <x179>955</x179>
      <y179>740</y179>
      <x180>962</x180>
      <y180>737</y180>
      <x181>976</x181>
      <y181>735</y181>
      <x182>979</x182>
      <y182>733</y182>
      <x183>994</x183>
      <y183>732</y183>
      <x184>1010</x184>
      <y184>727</y184>
      <x185>1019</x185>
      <y185>719</y185>
      <x186>1027</x186>
      <y186>716</y186>
      <x187>1030</x187>
      <y187>713</y187>
      <x188>1032</x188>
      <y188>708</y188>
      <x189>1040</x189>
      <y189>700</y189>
      <x190>1041</x190>
      <y190>697</y190>
      <x191>1047</x191>
      <y191>690</y191>
      <x192>1048</x192>
      <y192>685</y192>
      <x193>1052</x193>
      <y193>678</y193>
      <x194>1053</x194>
      <y194>673</y194>
      <x195>1057</x195>
      <y195>667</y195>
      <x196>1062</x196>
      <y196>652</y196>
      <x197>1066</x197>
      <y197>646</y197>
      <x198>1067</x198>
      <y198>640</y198>
      <x199>1073</x199>
      <y199>630</y199>
      <x200>1081</x200>
      <y200>602</y200>
      <x201>1081</x201>
      <y201>599</y201>
      <x202>1077</x202>
      <y202>597</y202>
      <x203>1070</x203>
      <y203>600</y203>
      <x204>1056</x204>
      <y204>602</y204>
      <x205>1052</x205>
      <y205>605</y205>
      <x206>1048</x206>
      <y206>606</y206>
      <x207>1047</x207>
      <y207>605</y207>
      <x208>1048</x208>
      <y208>599</y208>
      <x209>1059</x209>
      <y209>589</y209>
      <x210>1064</x210>
      <y210>580</y210>
      <x211>1069</x211>
      <y211>575</y211>
      <x212>1069</x212>
      <y212>572</y212>
      <x213>1072</x213>
      <y213>569</y213>
      <x214>1079</x214>
      <y214>569</y214>
      <x215>1086</x215>
      <y215>566</y215>
      <x216>1093</x216>
      <y216>560</y216>
      <x217>1102</x217>
      <y217>556</y217>
      <x218>1116</x218>
      <y218>542</y218>
      <x219>1123</x219>
      <y219>531</y219>
      <x220>1124</x220>
      <y220>525</y220>
      <x221>1127</x221>
      <y221>518</y221>
      <x222>1130</x222>
      <y222>515</y222>
      <x223>1137</x223>
      <y223>512</y223>
      <x224>1150</x224>
      <y224>498</y224>
      <x225>1159</x225>
      <y225>485</y225>
      <x226>1173</x226>
      <y226>459</y226>
      <x227>1185</x227>
      <y227>443</y227>
      <x228>1188</x228>
      <y228>436</y228>
      <x229>1189</x229>
      <y229>425</y229>
      <x230>1192</x230>
      <y230>414</y230>
      <x231>1193</x231>
      <y231>400</y231>
      <x232>1195</x232>
      <y232>394</y232>
      <x233>1196</x233>
      <y233>378</y233>
      <x234>1200</x234>
      <y234>362</y234>
      <x235>1200</x235>
      <y235>342</y235>
      <x236>1205</x236>
      <y236>326</y236>
      <x237>1205</x237>
      <y237>318</y237>
      <x238>1206</x238>
      <y238>317</y238>
      <x239>1205</x239>
      <y239>270</y239>
      <x240>1204</x240>
      <y240>265</y240>
      <x241>1195</x241>
      <y241>252</y241>
      <x242>1185</x242>
      <y242>243</y242>
      <x243>1184</x243>
      <y243>240</y243>
      <x244>1180</x244>
      <y244>236</y244>
      <x245>1175</x245>
      <y245>228</y245>
      <x246>1166</x246>
      <y246>221</y246>
      <x247>1161</x247>
      <y247>215</y247>
      <x248>1146</x248>
      <y248>204</y248>
      <x249>1141</x249>
      <y249>202</y249>
      <x250>1130</x250>
      <y250>193</y250>
      <x251>1115</x251>
      <y251>185</y251>
      <x252>1115</x252>
      <y252>183</y252>
      <x253>1118</x253>
      <y253>179</y253>
      <x254>1118</x254>
      <y254>175</y254>
      <x255>1121</x255>
      <y255>167</y255>
      <x256>1122</x256>
      <y256>151</y256>
      <x257>1115</x257>
      <y257>138</y257>
      <x258>1112</x258>
      <y258>128</y258>
      <x259>1104</x259>
      <y259>117</y259>
      <x260>1097</x260>
      <y260>110</y260>
      <x261>1095</x261>
      <y261>106</y261>
      <x262>1084</x262>
      <y262>96</y262>
      <x263>1064</x263>
      <y263>86</y263>
      <x264>1061</x264>
      <y264>83</y264>
      <x265>1049</x265>
      <y265>79</y265>
      <x266>1041</x266>
      <y266>78</y266>
    </polygon>
  </object>
  <object>
    <name>person</name>
    <bndbox>
      <xmin>616</xmin>
      <ymin>708</ymin>
      <xmax>713</xmax>
      <ymax>788</ymax>
    </bndbox>
    <polygon>
      <x1>712</x1>
      <y1>713</y1>
      <x2>708</x2>
      <y2>708</y2>
      <x3>701</x3>
      <y3>711</y3>
      <x4>697</x4>
      <y4>710</y4>
      <x5>691</x5>
      <y5>717</y5>
      <x6>686</x6>
      <y6>718</y6>
      <x7>679</x7>
      <y7>728</y7>
      <x8>672</x8>
      <y8>729</y8>
      <x9>656</x9>
      <y9>744</y9>
      <x10>651</x10>
      <y10>743</y10>
      <x11>650</x11>
      <y11>747</y11>
      <x12>646</x12>
      <y12>751</y12>
      <x13>640</x13>
      <y13>752</y13>
      <x14>633</x14>
      <y14>759</y14>
      <x15>630</x15>
      <y15>759</y15>
      <x16>622</x16>
      <y16>768</y16>
      <x17>618</x17>
      <y17>769</y17>
      <x18>616</x18>
      <y18>774</y18>
      <x19>617</x19>
      <y19>781</y19>
      <x20>622</x20>
      <y20>786</y20>
      <x21>629</x21>
      <y21>786</y21>
      <x22>632</x22>
      <y22>788</y22>
      <x23>656</x23>
      <y23>786</y23>
      <x24>661</x24>
      <y24>782</y24>
      <x25>670</x25>
      <y25>762</y25>
      <x26>680</x26>
      <y26>753</y26>
      <x27>690</x27>
      <y27>751</y27>
      <x28>694</x28>
      <y28>748</y28>
      <x29>697</x29>
      <y29>742</y29>
      <x30>703</x30>
      <y30>737</y30>
      <x31>707</x31>
      <y31>727</y31>
      <x32>713</x32>
      <y32>720</y32>
    </polygon>
  </object>
  <object>
    <name>person</name>
    <bndbox>
      <xmin>458</xmin>
      <ymin>703</ymin>
      <xmax>555</xmax>
      <ymax>813</ymax>
    </bndbox>
    <polygon>
      <x1>503</x1>
      <y1>703</y1>
      <x2>493</x2>
      <y2>708</y2>
      <x3>485</x3>
      <y3>715</y3>
      <x4>479</x4>
      <y4>718</y4>
      <x5>474</x5>
      <y5>725</y5>
      <x6>463</x6>
      <y6>730</y6>
      <x7>458</x7>
      <y7>735</y7>
      <x8>458</x8>
      <y8>739</y8>
      <x9>460</x9>
      <y9>743</y9>
      <x10>475</x10>
      <y10>757</y10>
      <x11>482</x11>
      <y11>761</y11>
      <x12>497</x12>
      <y12>774</y12>
      <x13>499</x13>
      <y13>774</y13>
      <x14>507</x14>
      <y14>780</y14>
      <x15>506</x15>
      <y15>794</y15>
      <x16>510</x16>
      <y16>804</y16>
      <x17>524</x17>
      <y17>812</y17>
      <x18>545</x18>
      <y18>813</y18>
      <x19>552</x19>
      <y19>809</y19>
      <x20>555</x20>
      <y20>805</y20>
      <x21>554</x21>
      <y21>794</y21>
      <x22>549</x22>
      <y22>789</y22>
      <x23>549</x23>
      <y23>780</y23>
      <x24>553</x24>
      <y24>776</y24>
      <x25>553</x25>
      <y25>774</y25>
      <x26>549</x26>
      <y26>771</y26>
      <x27>551</x27>
      <y27>768</y27>
      <x28>551</x28>
      <y28>764</y28>
      <x29>548</x29>
      <y29>759</y29>
      <x30>548</x30>
      <y30>754</y30>
      <x31>534</x31>
      <y31>734</y31>
      <x32>524</x32>
      <y32>723</y32>
      <x33>515</x33>
      <y33>705</y33>
      <x34>512</x34>
      <y34>703</y34>
    </polygon>
  </object>
  <object>
    <name>person</name>
    <bndbox>
      <xmin>366</xmin>
      <ymin>576</ymin>
      <xmax>474</xmax>
      <ymax>718</ymax>
    </bndbox>
    <polygon>
      <x1>367</x1>
      <y1>576</y1>
      <x2>366</x2>
      <y2>577</y2>
      <x3>366</x3>
      <y3>584</y3>
      <x4>370</x4>
      <y4>594</y4>
      <x5>370</x5>
      <y5>598</y5>
      <x6>374</x6>
      <y6>605</y6>
      <x7>377</x7>
      <y7>618</y7>
      <x8>382</x8>
      <y8>630</y8>
      <x9>384</x9>
      <y9>643</y9>
      <x10>386</x10>
      <y10>648</y10>
      <x11>387</x11>
      <y11>659</y11>
      <x12>394</x12>
      <y12>669</y12>
      <x13>399</x13>
      <y13>682</y13>
      <x14>403</x14>
      <y14>687</y14>
      <x15>404</x15>
      <y15>691</y15>
      <x16>408</x16>
      <y16>695</y16>
      <x17>411</x17>
      <y17>702</y17>
      <x18>421</x18>
      <y18>714</y18>
      <x19>428</x19>
      <y19>718</y19>
      <x20>437</x20>
      <y20>713</y20>
      <x21>451</x21>
      <y21>698</y21>
      <x22>461</x22>
      <y22>685</y22>
      <x23>465</x23>
      <y23>682</y23>
      <x24>467</x24>
      <y24>677</y24>
      <x25>474</x25>
      <y25>667</y25>
      <x26>474</x26>
      <y26>661</y26>
      <x27>471</x27>
      <y27>657</y27>
      <x28>470</x28>
      <y28>651</y28>
      <x29>467</x29>
      <y29>647</y29>
      <x30>466</x30>
      <y30>640</y30>
      <x31>462</x31>
      <y31>634</y31>
      <x32>461</x32>
      <y32>628</y32>
      <x33>459</x33>
      <y33>625</y33>
      <x34>458</x34>
      <y34>616</y34>
      <x35>453</x35>
      <y35>615</y35>
      <x36>451</x36>
      <y36>616</y36>
      <x37>441</x37>
      <y37>616</y37>
      <x38>429</x38>
      <y38>612</y38>
      <x39>422</x39>
      <y39>611</y39>
      <x40>417</x40>
      <y40>606</y40>
      <x41>412</x41>
      <y41>605</y41>
      <x42>399</x42>
      <y42>593</y42>
      <x43>387</x43>
      <y43>589</y43>
      <x44>382</x44>
      <y44>583</y44>
      <x45>380</x45>
      <y45>583</y45>
      <x46>373</x46>
      <y46>578</y46>
    </polygon>
  </object>
  <object>
    <name>person</name>
    <bndbox>
      <xmin>523</xmin>
      <ymin>252</ymin>
      <xmax>764</xmax>
      <ymax>707</ymax>
    </bndbox>
    <polygon>
      <x1>633</x1>
      <y1>252</y1>
      <x2>627</x2>
      <y2>256</y2>
      <x3>625</x3>
      <y3>260</y3>
      <x4>617</x4>
      <y4>267</y4>
      <x5>616</x5>
      <y5>270</y5>
      <x6>597</x6>
      <y6>290</y6>
      <x7>590</x7>
      <y7>299</y7>
      <x8>589</x8>
      <y8>303</y8>
      <x9>582</x9>
      <y9>310</y9>
      <x10>580</x10>
      <y10>316</y10>
      <x11>580</x11>
      <y11>328</y11>
      <x12>600</x12>
      <y12>355</y12>
      <x13>605</x13>
      <y13>366</y13>
      <x14>606</x14>
      <y14>373</y14>
      <x15>609</x15>
      <y15>381</y15>
      <x16>609</x16>
      <y16>398</y16>
      <x17>605</x17>
      <y17>416</y17>
      <x18>597</x18>
      <y18>429</y18>
      <x19>587</x19>
      <y19>440</y19>
      <x20>571</x20>
      <y20>449</y20>
      <x21>560</x21>
      <y21>460</y21>
      <x22>547</x22>
      <y22>467</y22>
      <x23>544</x23>
      <y23>474</y23>
      <x24>542</x24>
      <y24>476</y24>
      <x25>536</x25>
      <y25>478</y25>
      <x26>530</x26>
      <y26>484</y26>
      <x27>526</x27>
      <y27>492</y27>
      <x28>524</x28>
      <y28>502</y28>
      <x29>524</x29>
      <y29>521</y29>
      <x30>527</x30>
      <y30>529</y30>
      <x31>527</x31>
      <y31>534</y31>
      <x32>523</x32>
      <y32>543</y32>
      <x33>528</x33>
      <y33>554</y33>
      <x34>530</x34>
      <y34>556</y34>
      <x35>548</x35>
      <y35>566</y35>
      <x36>555</x36>
      <y36>572</y36>
      <x37>569</x37>
      <y37>591</y37>
      <x38>571</x38>
      <y38>597</y38>
      <x39>577</x39>
      <y39>594</y39>
      <x40>581</x40>
      <y40>596</y40>
      <x41>585</x41>
      <y41>600</y41>
      <x42>587</x42>
      <y42>611</y42>
      <x43>590</x43>
      <y43>619</y43>
      <x44>590</x44>
      <y44>623</y44>
      <x45>596</x45>
      <y45>633</y45>
      <x46>596</x46>
      <y46>635</y46>
      <x47>600</x47>
      <y47>639</y47>
      <x48>601</x48>
      <y48>646</y48>
      <x49>603</x49>
      <y49>649</y49>
      <x50>606</x50>
      <y50>661</y50>
      <x51>614</x51>
      <y51>678</y51>
      <x52>619</x52>
      <y52>683</y52>
      <x53>623</x53>
      <y53>684</y53>
      <x54>632</x54>
      <y54>690</y54>
      <x55>644</x55>
      <y55>695</y55>
      <x56>648</x56>
      <y56>699</y56>
      <x57>651</x57>
      <y57>706</y57>
      <x58>657</x58>
      <y58>707</y58>
      <x59>668</x59>
      <y59>703</y59>
      <x60>674</x60>
      <y60>696</y60>
      <x61>683</x61>
      <y61>691</y61>
      <x62>690</x62>
      <y62>684</y62>
      <x63>693</x63>
      <y63>683</y63>
      <x64>704</x64>
      <y64>669</y64>
      <x65>707</x65>
      <y65>658</y65>
      <x66>712</x66>
      <y66>663</y66>
      <x67>718</x67>
      <y67>665</y67>
      <x68>725</x68>
      <y68>659</y68>
      <x69>729</x69>
      <y69>661</y69>
      <x70>730</x70>
      <y70>663</y70>
      <x71>729</x71>
      <y71>668</y71>
      <x72>725</x72>
      <y72>673</y72>
      <x73>722</x73>
      <y73>674</y73>
      <x74>721</x74>
      <y74>676</y74>
      <x75>722</x75>
      <y75>680</y75>
      <x76>729</x76>
      <y76>684</y76>
      <x77>736</x77>
      <y77>684</y77>
      <x78>744</x78>
      <y78>681</y78>
      <x79>757</x79>
      <y79>668</y79>
      <x80>764</x80>
      <y80>655</y80>
      <x81>764</x81>
      <y81>648</y81>
      <x82>760</x82>
      <y82>639</y82>
      <x83>759</x83>
      <y83>630</y83>
      <x84>753</x84>
      <y84>621</y84>
      <x85>753</x85>
      <y85>618</y85>
      <x86>750</x86>
      <y86>613</y86>
      <x87>749</x87>
      <y87>606</y87>
      <x88>742</x88>
      <y88>594</y88>
      <x89>742</x89>
      <y89>583</y89>
      <x90>740</x90>
      <y90>575</y90>
      <x91>739</x91>
      <y91>544</y91>
      <x92>735</x92>
      <y92>529</y92>
      <x93>734</x93>
      <y93>514</y93>
      <x94>730</x94>
      <y94>501</y94>
      <x95>729</x95>
      <y95>488</y95>
      <x96>726</x96>
      <y96>480</y96>
      <x97>726</x97>
      <y97>475</y97>
      <x98>723</x98>
      <y98>468</y98>
      <x99>723</x99>
      <y99>465</y99>
      <x100>719</x100>
      <y100>455</y100>
      <x101>717</x101>
      <y101>440</y101>
      <x102>707</x102>
      <y102>418</y102>
      <x103>704</x103>
      <y103>406</y103>
      <x104>701</x104>
      <y104>401</y104>
      <x105>700</x105>
      <y105>393</y105>
      <x106>696</x106>
      <y106>383</y106>
      <x107>696</x107>
      <y107>377</y107>
      <x108>693</x108>
      <y108>372</y108>
      <x109>692</x109>
      <y109>366</y109>
      <x110>688</x110>
      <y110>356</y110>
      <x111>683</x111>
      <y111>349</y111>
      <x112>674</x112>
      <y112>328</y112>
      <x113>665</x113>
      <y113>299</y113>
      <x114>661</x114>
      <y114>293</y114>
      <x115>658</x115>
      <y115>283</y115>
      <x116>648</x116>
      <y116>266</y116>
      <x117>645</x117>
      <y117>263</y117>
      <x118>640</x118>
      <y118>262</y118>
      <x119>636</x119>
      <y119>257</y119>
      <x120>637</x120>
      <y120>253</y120>
    </polygon>
  </object>
  <object>
    <name>person</name>
    <bndbox>
      <xmin>302</xmin>
      <ymin>101</ymin>
      <xmax>616</xmax>
      <ymax>541</ymax>
    </bndbox>
    <polygon>
      <x1>537</x1>
      <y1>102</y1>
      <x2>505</x2>
      <y2>101</y2>
      <x3>496</x3>
      <y3>103</y3>
      <x4>486</x4>
      <y4>103</y4>
      <x5>480</x5>
      <y5>105</y5>
      <x6>471</x6>
      <y6>112</y6>
      <x7>463</x7>
      <y7>115</y7>
      <x8>451</x8>
      <y8>125</y8>
      <x9>440</x9>
      <y9>138</y9>
      <x10>438</x10>
      <y10>144</y10>
      <x11>432</x11>
      <y11>151</y11>
      <x12>429</x12>
      <y12>160</y12>
      <x13>425</x13>
      <y13>166</y13>
      <x14>424</x14>
      <y14>184</y14>
      <x15>421</x15>
      <y15>187</y15>
      <x16>410</x16>
      <y16>189</y16>
      <x17>405</x17>
      <y17>192</y17>
      <x18>399</x18>
      <y18>193</y18>
      <x19>391</x19>
      <y19>197</y19>
      <x20>384</x20>
      <y20>203</y20>
      <x21>378</x21>
      <y21>205</y21>
      <x22>375</x22>
      <y22>208</y22>
      <x23>365</x23>
      <y23>227</y23>
      <x24>362</x24>
      <y24>238</y24>
      <x25>351</x25>
      <y25>252</y25>
      <x26>349</x26>
      <y26>257</y26>
      <x27>345</x27>
      <y27>262</y27>
      <x28>340</x28>
      <y28>275</y28>
      <x29>328</x29>
      <y29>287</y29>
      <x30>321</x30>
      <y30>298</y30>
      <x31>320</x31>
      <y31>303</y31>
      <x32>316</x32>
      <y32>311</y32>
      <x33>316</x33>
      <y33>314</y33>
      <x34>308</x34>
      <y34>320</y34>
      <x35>306</x35>
      <y35>327</y35>
      <x36>302</x36>
      <y36>333</y36>
      <x37>302</x37>
      <y37>339</y37>
      <x38>304</x38>
      <y38>344</y38>
      <x39>306</x39>
      <y39>359</y39>
      <x40>309</x40>
      <y40>367</y40>
      <x41>309</x41>
      <y41>373</y41>
      <x42>317</x42>
      <y42>389</y42>
      <x43>317</x43>
      <y43>393</y43>
      <x44>324</x44>
      <y44>412</y44>
      <x45>324</x45>
      <y45>418</y45>
      <x46>327</x46>
      <y46>427</y46>
      <x47>332</x47>
      <y47>436</y47>
      <x48>340</x48>
      <y48>445</y48>
      <x49>342</x49>
      <y49>452</y49>
      <x50>348</x50>
      <y50>458</y50>
      <x51>350</x51>
      <y51>464</y51>
      <x52>354</x52>
      <y52>465</y52>
      <x53>361</x53>
      <y53>474</y53>
      <x54>364</x54>
      <y54>480</y54>
      <x55>364</x55>
      <y55>487</y55>
      <x56>368</x56>
      <y56>500</y56>
      <x57>374</x57>
      <y57>505</y57>
      <x58>375</x58>
      <y58>509</y58>
      <x59>385</x59>
      <y59>522</y59>
      <x60>391</x60>
      <y60>525</y60>
      <x61>393</x61>
      <y61>527</y61>
      <x62>394</x62>
      <y62>531</y62>
      <x63>403</x63>
      <y63>538</y63>
      <x64>414</x64>
      <y64>541</y64>
      <x65>423</x65>
      <y65>540</y65>
      <x66>431</x66>
      <y66>531</y66>
      <x67>431</x67>
      <y67>527</y67>
      <x68>435</x68>
      <y68>519</y68>
      <x69>433</x69>
      <y69>511</y69>
      <x70>427</x70>
      <y70>498</y70>
      <x71>426</x71>
      <y71>492</y71>
      <x72>423</x72>
      <y72>488</y72>
      <x73>421</x73>
      <y73>480</y73>
      <x74>417</x74>
      <y74>475</y74>
      <x75>415</x75>
      <y75>469</y75>
      <x76>410</x76>
      <y76>465</y76>
      <x77>410</x77>
      <y77>463</y77>
      <x78>406</x78>
      <y78>457</y78>
      <x79>399</x79>
      <y79>451</y79>
      <x80>397</x80>
      <y80>435</y80>
      <x81>400</x81>
      <y81>432</y81>
      <x82>407</x82>
      <y82>432</y82>
      <x83>413</x83>
      <y83>429</y83>
      <x84>420</x84>
      <y84>428</y84>
      <x85>432</x85>
      <y85>418</y85>
      <x86>434</x86>
      <y86>412</y86>
      <x87>439</x87>
      <y87>407</y87>
      <x88>442</x88>
      <y88>398</y88>
      <x89>442</x89>
      <y89>387</y89>
      <x90>439</x90>
      <y90>382</y90>
      <x91>439</x91>
      <y91>377</y91>
      <x92>443</x92>
      <y92>371</y92>
      <x93>446</x93>
      <y93>362</y93>
      <x94>448</x94>
      <y94>360</y94>
      <x95>450</x95>
      <y95>353</y95>
      <x96>453</x96>
      <y96>348</y96>
      <x97>453</x97>
      <y97>344</y97>
      <x98>457</x98>
      <y98>338</y98>
      <x99>457</x99>
      <y99>334</y99>
      <x100>462</x100>
      <y100>328</y100>
      <x101>465</x101>
      <y101>320</y101>
      <x102>469</x102>
      <y102>316</y102>
      <x103>473</x103>
      <y103>314</y103>
      <x104>473</x104>
      <y104>310</y104>
      <x105>478</x105>
      <y105>303</y105>
      <x106>478</x106>
      <y106>299</y106>
      <x107>480</x107>
      <y107>297</y107>
      <x108>482</x108>
      <y108>297</y108>
      <x109>484</x109>
      <y109>299</y109>
      <x110>485</x110>
      <y110>303</y110>
      <x111>490</x111>
      <y111>300</y111>
      <x112>495</x112>
      <y112>300</y112>
      <x113>500</x113>
      <y113>296</y113>
      <x114>510</x114>
      <y114>296</y114>
      <x115>516</x115>
      <y115>294</y115>
      <x116>522</x116>
      <y116>294</y116>
      <x117>537</x117>
      <y117>297</y117>
      <x118>547</x118>
      <y118>297</y118>
      <x119>548</x119>
      <y119>298</y119>
      <x120>555</x120>
      <y120>297</y120>
      <x121>570</x121>
      <y121>281</y121>
      <x122>571</x122>
      <y122>278</y122>
      <x123>579</x123>
      <y123>271</y123>
      <x124>581</x124>
      <y124>267</y124>
      <x125>601</x125>
      <y125>245</y125>
      <x126>604</x126>
      <y126>239</y126>
      <x127>608</x127>
      <y127>236</y127>
      <x128>616</x128>
      <y128>225</y128>
      <x129>616</x129>
      <y129>218</y129>
      <x130>606</x130>
      <y130>210</y130>
      <x131>586</x131>
      <y131>201</y131>
      <x132>575</x132>
      <y132>194</y132>
      <x133>560</x133>
      <y133>189</y133>
      <x134>560</x134>
      <y134>185</y134>
      <x135>566</x135>
      <y135>178</y135>
      <x136>566</x136>
      <y136>162</y136>
      <x137>570</x137>
      <y137>154</y137>
      <x138>571</x138>
      <y138>140</y138>
      <x139>565</x139>
      <y139>127</y139>
      <x140>561</x140>
      <y140>123</y140>
      <x141>558</x141>
      <y141>117</y141>
      <x142>544</x142>
      <y142>105</y142>
    </polygon>
  </object>
</annotation>
