<?xml version="1.0" ?>
<annotation>
  <folder>VOC</folder>
  <filename>9-1.png</filename>
  <source>
    <database>roboflow.ai</database>
  </source>
  <size>
    <width>1456</width>
    <height>816</height>
    <depth>3</depth>
  </size>
  <segmented>0</segmented>
  <object>
    <name>person</name>
    <bndbox>
      <xmin>293</xmin>
      <ymin>196</ymin>
      <xmax>547</xmax>
      <ymax>787</ymax>
    </bndbox>
    <polygon>
      <x1>336</x1>
      <y1>204</y1>
      <x2>330</x2>
      <y2>207</y2>
      <x3>321</x3>
      <y3>217</y3>
      <x4>314</x4>
      <y4>222</y4>
      <x5>309</x5>
      <y5>227</y5>
      <x6>305</x6>
      <y6>235</y6>
      <x7>303</x7>
      <y7>245</y7>
      <x8>303</x8>
      <y8>261</y8>
      <x9>306</x9>
      <y9>272</y9>
      <x10>310</x10>
      <y10>277</y10>
      <x11>310</x11>
      <y11>283</y11>
      <x12>306</x12>
      <y12>290</y12>
      <x13>301</x13>
      <y13>295</y13>
      <x14>295</x14>
      <y14>312</y14>
      <x15>294</x15>
      <y15>328</y15>
      <x16>293</x16>
      <y16>329</y16>
      <x17>293</x17>
      <y17>347</y17>
      <x18>294</x18>
      <y18>348</y18>
      <x19>293</x19>
      <y19>361</y19>
      <x20>294</x20>
      <y20>362</y20>
      <x21>294</x21>
      <y21>370</y21>
      <x22>295</x22>
      <y22>371</y22>
      <x23>299</x23>
      <y23>407</y23>
      <x24>305</x24>
      <y24>423</y24>
      <x25>307</x25>
      <y25>432</y25>
      <x26>311</x26>
      <y26>437</y26>
      <x27>315</x27>
      <y27>447</y27>
      <x28>315</x28>
      <y28>450</y28>
      <x29>323</x29>
      <y29>465</y29>
      <x30>325</x30>
      <y30>475</y30>
      <x31>330</x31>
      <y31>532</y31>
      <x32>334</x32>
      <y32>543</y32>
      <x33>339</x33>
      <y33>568</y33>
      <x34>345</x34>
      <y34>579</y34>
      <x35>358</x35>
      <y35>590</y35>
      <x36>365</x36>
      <y36>594</y36>
      <x37>378</x37>
      <y37>608</y37>
      <x38>383</x38>
      <y38>619</y38>
      <x39>383</x39>
      <y39>648</y39>
      <x40>384</x40>
      <y40>653</y40>
      <x41>394</x41>
      <y41>679</y41>
      <x42>397</x42>
      <y42>695</y42>
      <x43>401</x43>
      <y43>706</y43>
      <x44>417</x44>
      <y44>736</y44>
      <x45>428</x45>
      <y45>750</y45>
      <x46>434</x46>
      <y46>755</y46>
      <x47>435</x47>
      <y47>759</y47>
      <x48>445</x48>
      <y48>767</y48>
      <x49>470</x49>
      <y49>774</y49>
      <x50>485</x50>
      <y50>782</y50>
      <x51>501</x51>
      <y51>785</y51>
      <x52>520</x52>
      <y52>786</y52>
      <x53>521</x53>
      <y53>787</y53>
      <x54>545</x54>
      <y54>787</y54>
      <x55>547</x55>
      <y55>786</y55>
      <x56>547</x56>
      <y56>782</y56>
      <x57>538</x57>
      <y57>774</y57>
      <x58>518</x58>
      <y58>766</y58>
      <x59>495</x59>
      <y59>759</y59>
      <x60>476</x60>
      <y60>750</y60>
      <x61>470</x61>
      <y61>746</y61>
      <x62>460</x62>
      <y62>736</y62>
      <x63>459</x63>
      <y63>731</y63>
      <x64>468</x64>
      <y64>725</y64>
      <x65>489</x65>
      <y65>725</y65>
      <x66>490</x66>
      <y66>724</y66>
      <x67>498</x67>
      <y67>725</y67>
      <x68>508</x68>
      <y68>723</y68>
      <x69>512</x69>
      <y69>720</y69>
      <x70>522</x70>
      <y70>716</y70>
      <x71>528</x71>
      <y71>710</y71>
      <x72>530</x72>
      <y72>706</y72>
      <x73>530</x73>
      <y73>702</y73>
      <x74>522</x74>
      <y74>697</y74>
      <x75>507</x75>
      <y75>696</y75>
      <x76>497</x76>
      <y76>699</y76>
      <x77>483</x77>
      <y77>700</y77>
      <x78>479</x78>
      <y78>698</y78>
      <x79>474</x79>
      <y79>698</y79>
      <x80>463</x80>
      <y80>695</y80>
      <x81>459</x81>
      <y81>691</y81>
      <x82>457</x82>
      <y82>686</y82>
      <x83>456</x83>
      <y83>625</y83>
      <x84>455</x84>
      <y84>624</y84>
      <x85>455</x85>
      <y85>605</y85>
      <x86>453</x86>
      <y86>596</y86>
      <x87>453</x87>
      <y87>584</y87>
      <x88>455</x88>
      <y88>580</y88>
      <x89>458</x89>
      <y89>566</y89>
      <x90>458</x90>
      <y90>534</y90>
      <x91>457</x91>
      <y91>533</y91>
      <x92>456</x92>
      <y92>515</y92>
      <x93>455</x93>
      <y93>514</y93>
      <x94>455</x94>
      <y94>500</y94>
      <x95>456</x95>
      <y95>497</y95>
      <x96>487</x96>
      <y96>466</y96>
      <x97>492</x97>
      <y97>457</y97>
      <x98>493</x98>
      <y98>442</y98>
      <x99>502</x99>
      <y99>436</y99>
      <x100>509</x100>
      <y100>429</y100>
      <x101>522</x101>
      <y101>406</y101>
      <x102>522</x102>
      <y102>402</y102>
      <x103>520</x103>
      <y103>400</y103>
      <x104>514</x104>
      <y104>400</y104>
      <x105>509</x105>
      <y105>398</y105>
      <x106>492</x106>
      <y106>411</y106>
      <x107>487</x107>
      <y107>413</y107>
      <x108>478</x108>
      <y108>422</y108>
      <x109>477</x109>
      <y109>428</y109>
      <x110>471</x110>
      <y110>430</y110>
      <x111>462</x111>
      <y111>440</y111>
      <x112>447</x112>
      <y112>449</y112>
      <x113>441</x113>
      <y113>449</y113>
      <x114>440</x114>
      <y114>448</y114>
      <x115>437</x115>
      <y115>434</y115>
      <x116>435</x116>
      <y116>432</y116>
      <x117>433</x117>
      <y117>426</y117>
      <x118>425</x118>
      <y118>417</y118>
      <x119>425</x119>
      <y119>414</y119>
      <x120>420</x120>
      <y120>406</y120>
      <x121>419</x121>
      <y121>400</y121>
      <x122>416</x122>
      <y122>394</y122>
      <x123>416</x123>
      <y123>390</y123>
      <x124>413</x124>
      <y124>386</y124>
      <x125>412</x125>
      <y125>380</y125>
      <x126>409</x126>
      <y126>373</y126>
      <x127>409</x127>
      <y127>366</y127>
      <x128>413</x128>
      <y128>363</y128>
      <x129>420</x129>
      <y129>363</y129>
      <x130>424</x130>
      <y130>361</y130>
      <x131>434</x131>
      <y131>349</y131>
      <x132>454</x132>
      <y132>349</y132>
      <x133>458</x133>
      <y133>347</y133>
      <x134>463</x134>
      <y134>347</y134>
      <x135>468</x135>
      <y135>343</y135>
      <x136>468</x136>
      <y136>338</y136>
      <x137>462</x137>
      <y137>333</y137>
      <x138>455</x138>
      <y138>330</y138>
      <x139>438</x139>
      <y139>330</y139>
      <x140>434</x140>
      <y140>333</y140>
      <x141>426</x141>
      <y141>333</y141>
      <x142>411</x142>
      <y142>328</y142>
      <x143>404</x143>
      <y143>328</y143>
      <x144>401</x144>
      <y144>330</y144>
      <x145>393</x145>
      <y145>330</y145>
      <x146>386</x146>
      <y146>325</y146>
      <x147>385</x147>
      <y147>321</y147>
      <x148>382</x148>
      <y148>317</y148>
      <x149>377</x149>
      <y149>316</y149>
      <x150>377</x150>
      <y150>312</y150>
      <x151>380</x151>
      <y151>308</y151>
      <x152>395</x152>
      <y152>301</y152>
      <x153>404</x153>
      <y153>294</y153>
      <x154>405</x154>
      <y154>288</y154>
      <x155>410</x155>
      <y155>277</y155>
      <x156>411</x156>
      <y156>263</y156>
      <x157>413</x157>
      <y157>257</y157>
      <x158>412</x158>
      <y158>237</y158>
      <x159>414</x159>
      <y159>228</y159>
      <x160>412</x160>
      <y160>220</y160>
      <x161>407</x161>
      <y161>211</y161>
      <x162>402</x162>
      <y162>205</y162>
      <x163>391</x163>
      <y163>201</y163>
      <x164>384</x164>
      <y164>196</y164>
      <x165>364</x165>
      <y165>197</y165>
      <x166>360</x166>
      <y166>199</y166>
      <x167>355</x167>
      <y167>199</y167>
      <x168>351</x168>
      <y168>201</y168>
    </polygon>
  </object>
</annotation>
