<?xml version="1.0" ?>
<annotation>
  <folder>VOC</folder>
  <filename>104-2.png</filename>
  <source>
    <database>roboflow.ai</database>
  </source>
  <size>
    <width>1792</width>
    <height>1024</height>
    <depth>3</depth>
  </size>
  <segmented>0</segmented>
  <object>
    <name>person</name>
    <bndbox>
      <xmin>1075</xmin>
      <ymin>467</ymin>
      <xmax>1212</xmax>
      <ymax>925</ymax>
    </bndbox>
    <polygon>
      <x1>1110</x1>
      <y1>467</y1>
      <x2>1101</x2>
      <y2>467</y2>
      <x3>1094</x3>
      <y3>470</y3>
      <x4>1085</x4>
      <y4>478</y4>
      <x5>1082</x5>
      <y5>483</y5>
      <x6>1082</x6>
      <y6>489</y6>
      <x7>1086</x7>
      <y7>494</y7>
      <x8>1085</x8>
      <y8>514</y8>
      <x9>1083</x9>
      <y9>520</y9>
      <x10>1084</x10>
      <y10>524</y10>
      <x11>1094</x11>
      <y11>532</y11>
      <x12>1100</x12>
      <y12>541</y12>
      <x13>1102</x13>
      <y13>542</y13>
      <x14>1116</x14>
      <y14>542</y14>
      <x15>1123</x15>
      <y15>549</y15>
      <x16>1123</x16>
      <y16>554</y16>
      <x17>1122</x17>
      <y17>555</y17>
      <x18>1122</x18>
      <y18>588</y18>
      <x19>1123</x19>
      <y19>589</y19>
      <x20>1124</x20>
      <y20>613</y20>
      <x21>1123</x21>
      <y21>616</y21>
      <x22>1119</x22>
      <y22>620</y22>
      <x23>1115</x23>
      <y23>621</y23>
      <x24>1105</x24>
      <y24>633</y24>
      <x25>1103</x25>
      <y25>637</y25>
      <x26>1103</x26>
      <y26>642</y26>
      <x27>1105</x27>
      <y27>645</y27>
      <x28>1109</x28>
      <y28>647</y28>
      <x29>1117</x29>
      <y29>647</y29>
      <x30>1118</x30>
      <y30>646</y30>
      <x31>1124</x31>
      <y31>646</y31>
      <x32>1127</x32>
      <y32>652</y32>
      <x33>1127</x33>
      <y33>662</y33>
      <x34>1121</x34>
      <y34>670</y34>
      <x35>1115</x35>
      <y35>674</y35>
      <x36>1115</x36>
      <y36>678</y36>
      <x37>1117</x37>
      <y37>680</y37>
      <x38>1126</x38>
      <y38>680</y38>
      <x39>1129</x39>
      <y39>682</y39>
      <x40>1129</x40>
      <y40>693</y40>
      <x41>1113</x41>
      <y41>710</y41>
      <x42>1110</x42>
      <y42>717</y42>
      <x43>1117</x43>
      <y43>720</y43>
      <x44>1134</x44>
      <y44>720</y44>
      <x45>1142</x45>
      <y45>717</y45>
      <x46>1157</x46>
      <y46>717</y46>
      <x47>1161</x47>
      <y47>719</y47>
      <x48>1164</x48>
      <y48>724</y48>
      <x49>1159</x49>
      <y49>728</y49>
      <x50>1149</x50>
      <y50>730</y50>
      <x51>1146</x51>
      <y51>733</y51>
      <x52>1144</x52>
      <y52>737</y52>
      <x53>1144</x53>
      <y53>740</y53>
      <x54>1146</x54>
      <y54>742</y54>
      <x55>1146</x55>
      <y55>747</y55>
      <x56>1143</x56>
      <y56>750</y56>
      <x57>1141</x57>
      <y57>749</y57>
      <x58>1124</x58>
      <y58>749</y58>
      <x59>1120</x59>
      <y59>752</y59>
      <x60>1116</x60>
      <y60>752</y60>
      <x61>1114</x61>
      <y61>754</y61>
      <x62>1114</x62>
      <y62>759</y62>
      <x63>1110</x63>
      <y63>772</y63>
      <x64>1109</x64>
      <y64>788</y64>
      <x65>1111</x65>
      <y65>794</y65>
      <x66>1118</x66>
      <y66>801</y66>
      <x67>1121</x67>
      <y67>802</y67>
      <x68>1127</x68>
      <y68>807</y68>
      <x69>1130</x69>
      <y69>819</y69>
      <x70>1129</x70>
      <y70>840</y70>
      <x71>1128</x71>
      <y71>841</y71>
      <x72>1123</x72>
      <y72>882</y72>
      <x73>1120</x73>
      <y73>886</y73>
      <x74>1115</x74>
      <y74>887</y74>
      <x75>1103</x75>
      <y75>897</y75>
      <x76>1094</x76>
      <y76>901</y76>
      <x77>1089</x77>
      <y77>905</y77>
      <x78>1081</x78>
      <y78>908</y78>
      <x79>1076</x79>
      <y79>913</y79>
      <x80>1075</x80>
      <y80>916</y80>
      <x81>1075</x81>
      <y81>923</y81>
      <x82>1077</x82>
      <y82>925</y82>
      <x83>1093</x83>
      <y83>925</y83>
      <x84>1108</x84>
      <y84>922</y84>
      <x85>1122</x85>
      <y85>917</y85>
      <x86>1131</x86>
      <y86>912</y86>
      <x87>1139</x87>
      <y87>910</y87>
      <x88>1146</x88>
      <y88>905</y88>
      <x89>1147</x89>
      <y89>895</y89>
      <x90>1144</x90>
      <y90>886</y90>
      <x91>1149</x91>
      <y91>873</y91>
      <x92>1152</x92>
      <y92>858</y92>
      <x93>1156</x93>
      <y93>849</y93>
      <x94>1156</x94>
      <y94>845</y94>
      <x95>1160</x95>
      <y95>836</y95>
      <x96>1165</x96>
      <y96>834</y96>
      <x97>1169</x97>
      <y97>836</y97>
      <x98>1172</x98>
      <y98>841</y98>
      <x99>1171</x99>
      <y99>862</y99>
      <x100>1168</x100>
      <y100>873</y100>
      <x101>1168</x101>
      <y101>881</y101>
      <x102>1171</x102>
      <y102>884</y102>
      <x103>1180</x103>
      <y103>879</y103>
      <x104>1185</x104>
      <y104>874</y104>
      <x105>1212</x105>
      <y105>837</y105>
      <x106>1212</x106>
      <y106>834</y106>
      <x107>1209</x107>
      <y107>830</y107>
      <x108>1191</x108>
      <y108>826</y108>
      <x109>1175</x109>
      <y109>809</y109>
      <x110>1163</x110>
      <y110>800</y110>
      <x111>1159</x111>
      <y111>795</y111>
      <x112>1161</x112>
      <y112>786</y112>
      <x113>1164</x113>
      <y113>781</y113>
      <x114>1166</x114>
      <y114>774</y114>
      <x115>1172</x115>
      <y115>764</y115>
      <x116>1179</x116>
      <y116>744</y116>
      <x117>1185</x117>
      <y117>733</y117>
      <x118>1186</x118>
      <y118>728</y118>
      <x119>1199</x119>
      <y119>712</y119>
      <x120>1203</x120>
      <y120>704</y120>
      <x121>1206</x121>
      <y121>691</y121>
      <x122>1207</x122>
      <y122>660</y122>
      <x123>1209</x123>
      <y123>655</y123>
      <x124>1209</x124>
      <y124>643</y124>
      <x125>1200</x125>
      <y125>617</y125>
      <x126>1199</x126>
      <y126>600</y126>
      <x127>1194</x127>
      <y127>576</y127>
      <x128>1183</x128>
      <y128>550</y128>
      <x129>1174</x129>
      <y129>535</y129>
      <x130>1164</x130>
      <y130>526</y130>
      <x131>1161</x131>
      <y131>525</y131>
      <x132>1158</x132>
      <y132>522</y132>
      <x133>1150</x133>
      <y133>519</y133>
      <x134>1146</x134>
      <y134>515</y134>
      <x135>1145</x135>
      <y135>512</y135>
      <x136>1145</x136>
      <y136>492</y136>
      <x137>1143</x137>
      <y137>484</y137>
      <x138>1141</x138>
      <y138>482</y138>
      <x139>1140</x139>
      <y139>478</y139>
      <x140>1136</x140>
      <y140>474</y140>
      <x141>1130</x141>
      <y141>471</y141>
    </polygon>
  </object>
  <object>
    <name>person</name>
    <bndbox>
      <xmin>628</xmin>
      <ymin>512</ymin>
      <xmax>794</xmax>
      <ymax>982</ymax>
    </bndbox>
    <polygon>
      <x1>746</x1>
      <y1>512</y1>
      <x2>745</x2>
      <y2>513</y2>
      <x3>739</x3>
      <y3>513</y3>
      <x4>732</x4>
      <y4>517</y4>
      <x5>729</x5>
      <y5>520</y5>
      <x6>723</x6>
      <y6>532</y6>
      <x7>724</x7>
      <y7>564</y7>
      <x8>719</x8>
      <y8>570</y8>
      <x9>713</x9>
      <y9>573</y9>
      <x10>702</x10>
      <y10>576</y10>
      <x11>685</x11>
      <y11>584</y11>
      <x12>673</x12>
      <y12>598</y12>
      <x13>666</x13>
      <y13>612</y13>
      <x14>662</x14>
      <y14>617</y14>
      <x15>656</x15>
      <y15>635</y15>
      <x16>651</x16>
      <y16>643</y16>
      <x17>651</x17>
      <y17>648</y17>
      <x18>648</x18>
      <y18>653</y18>
      <x19>643</x19>
      <y19>671</y19>
      <x20>639</x20>
      <y20>676</y20>
      <x21>636</x21>
      <y21>686</y21>
      <x22>634</x22>
      <y22>715</y22>
      <x23>632</x23>
      <y23>725</y23>
      <x24>630</x24>
      <y24>729</y24>
      <x25>629</x25>
      <y25>741</y25>
      <x26>628</x26>
      <y26>742</y26>
      <x27>628</x27>
      <y27>779</y27>
      <x28>631</x28>
      <y28>783</y28>
      <x29>640</x29>
      <y29>787</y29>
      <x30>644</x30>
      <y30>791</y30>
      <x31>645</x31>
      <y31>795</y31>
      <x32>649</x32>
      <y32>799</y32>
      <x33>660</x33>
      <y33>816</y33>
      <x34>662</x34>
      <y34>822</y34>
      <x35>666</x35>
      <y35>827</y35>
      <x36>674</x36>
      <y36>843</y36>
      <x37>674</x37>
      <y37>848</y37>
      <x38>669</x38>
      <y38>866</y38>
      <x39>670</x39>
      <y39>890</y39>
      <x40>671</x40>
      <y40>891</y40>
      <x41>671</x41>
      <y41>912</y41>
      <x42>672</x42>
      <y42>917</y42>
      <x43>674</x43>
      <y43>920</y43>
      <x44>673</x44>
      <y44>925</y44>
      <x45>671</x45>
      <y45>928</y45>
      <x46>672</x46>
      <y46>938</y46>
      <x47>675</x47>
      <y47>941</y47>
      <x48>679</x48>
      <y48>939</y48>
      <x49>685</x49>
      <y49>939</y49>
      <x50>689</x50>
      <y50>943</y50>
      <x51>689</x51>
      <y51>947</y51>
      <x52>694</x52>
      <y52>955</y52>
      <x53>694</x53>
      <y53>970</y53>
      <x54>698</x54>
      <y54>975</y54>
      <x55>709</x55>
      <y55>979</y55>
      <x56>717</x56>
      <y56>979</y56>
      <x57>726</x57>
      <y57>981</y57>
      <x58>760</x58>
      <y58>982</y58>
      <x59>761</x59>
      <y59>981</y59>
      <x60>774</x60>
      <y60>980</y60>
      <x61>777</x61>
      <y61>977</y61>
      <x62>777</x62>
      <y62>971</y62>
      <x63>775</x63>
      <y63>968</y63>
      <x64>767</x64>
      <y64>967</y64>
      <x65>752</x65>
      <y65>962</y65>
      <x66>749</x66>
      <y66>962</y66>
      <x67>741</x67>
      <y67>959</y67>
      <x68>733</x68>
      <y68>954</y68>
      <x69>724</x69>
      <y69>954</y69>
      <x70>719</x70>
      <y70>950</y70>
      <x71>718</x71>
      <y71>947</y71>
      <x72>718</x72>
      <y72>929</y72>
      <x73>720</x73>
      <y73>919</y73>
      <x74>718</x74>
      <y74>915</y74>
      <x75>717</x75>
      <y75>907</y75>
      <x76>718</x76>
      <y76>906</y76>
      <x77>719</x77>
      <y77>896</y77>
      <x78>722</x78>
      <y78>890</y78>
      <x79>726</x79>
      <y79>875</y79>
      <x80>727</x80>
      <y80>864</y80>
      <x81>718</x81>
      <y81>819</y81>
      <x82>711</x82>
      <y82>793</y82>
      <x83>708</x83>
      <y83>786</y83>
      <x84>709</x84>
      <y84>777</y84>
      <x85>706</x85>
      <y85>768</y85>
      <x86>706</x86>
      <y86>749</y86>
      <x87>707</x87>
      <y87>748</y87>
      <x88>707</x88>
      <y88>740</y88>
      <x89>706</x89>
      <y89>739</y89>
      <x90>709</x90>
      <y90>734</y90>
      <x91>718</x91>
      <y91>734</y91>
      <x92>722</x92>
      <y92>736</y92>
      <x93>730</x93>
      <y93>737</y93>
      <x94>737</x94>
      <y94>742</y94>
      <x95>740</x95>
      <y95>750</y95>
      <x96>743</x96>
      <y96>753</y96>
      <x97>759</x97>
      <y97>755</y97>
      <x98>760</x98>
      <y98>754</y98>
      <x99>767</x99>
      <y99>754</y99>
      <x100>773</x100>
      <y100>751</y100>
      <x101>774</x101>
      <y101>741</y101>
      <x102>772</x102>
      <y102>735</y102>
      <x103>768</x103>
      <y103>732</y103>
      <x104>768</x104>
      <y104>730</y104>
      <x105>773</x105>
      <y105>727</y105>
      <x106>780</x106>
      <y106>728</y106>
      <x107>782</x107>
      <y107>726</y107>
      <x108>782</x108>
      <y108>718</y108>
      <x109>778</x109>
      <y109>713</y109>
      <x110>773</x110>
      <y110>709</y110>
      <x111>750</x111>
      <y111>699</y111>
      <x112>725</x112>
      <y112>683</y112>
      <x113>722</x113>
      <y113>678</y113>
      <x114>722</x114>
      <y114>674</y114>
      <x115>725</x115>
      <y115>668</y115>
      <x116>730</x116>
      <y116>651</y116>
      <x117>731</x117>
      <y117>622</y117>
      <x118>734</x118>
      <y118>619</y118>
      <x119>748</x119>
      <y119>611</y119>
      <x120>745</x120>
      <y120>597</y120>
      <x121>752</x121>
      <y121>588</y121>
      <x122>758</x122>
      <y122>589</y122>
      <x123>762</x123>
      <y123>592</y123>
      <x124>767</x124>
      <y124>592</y124>
      <x125>768</x125>
      <y125>589</y125>
      <x126>774</x126>
      <y126>584</y126>
      <x127>776</x127>
      <y127>579</y127>
      <x128>782</x128>
      <y128>571</y128>
      <x129>784</x129>
      <y129>558</y129>
      <x130>788</x130>
      <y130>550</y130>
      <x131>788</x131>
      <y131>545</y131>
      <x132>794</x132>
      <y132>537</y132>
      <x133>793</x133>
      <y133>529</y133>
      <x134>783</x134>
      <y134>522</y134>
      <x135>776</x135>
      <y135>520</y135>
      <x136>763</x136>
      <y136>513</y136>
    </polygon>
  </object>
</annotation>
