<?xml version="1.0" ?>
<annotation>
  <folder>VOC</folder>
  <filename>104-1.png</filename>
  <source>
    <database>roboflow.ai</database>
  </source>
  <size>
    <width>1792</width>
    <height>1024</height>
    <depth>3</depth>
  </size>
  <segmented>0</segmented>
  <object>
    <name>person</name>
    <bndbox>
      <xmin>516</xmin>
      <ymin>317</ymin>
      <xmax>767</xmax>
      <ymax>998</ymax>
    </bndbox>
    <polygon>
      <x1>664</x1>
      <y1>317</y1>
      <x2>645</x2>
      <y2>323</y2>
      <x3>633</x3>
      <y3>335</y3>
      <x4>623</x4>
      <y4>357</y4>
      <x5>621</x5>
      <y5>365</y5>
      <x6>621</x6>
      <y6>383</y6>
      <x7>615</x7>
      <y7>393</y7>
      <x8>602</x8>
      <y8>405</y8>
      <x9>575</x9>
      <y9>411</y9>
      <x10>560</x10>
      <y10>420</y10>
      <x11>550</x11>
      <y11>431</y11>
      <x12>539</x12>
      <y12>452</y12>
      <x13>534</x13>
      <y13>467</y13>
      <x14>524</x14>
      <y14>512</y14>
      <x15>524</x15>
      <y15>529</y15>
      <x16>523</x16>
      <y16>530</y16>
      <x17>523</x17>
      <y17>540</y17>
      <x18>522</x18>
      <y18>541</y18>
      <x19>522</x19>
      <y19>553</y19>
      <x20>521</x20>
      <y20>554</y20>
      <x21>521</x21>
      <y21>562</y21>
      <x22>518</x22>
      <y22>577</y22>
      <x23>517</x23>
      <y23>603</y23>
      <x24>516</x24>
      <y24>604</y24>
      <x25>517</x25>
      <y25>671</y25>
      <x26>518</x26>
      <y26>672</y26>
      <x27>520</x27>
      <y27>693</y27>
      <x28>522</x28>
      <y28>699</y28>
      <x29>522</x29>
      <y29>706</y29>
      <x30>527</x30>
      <y30>721</y30>
      <x31>539</x31>
      <y31>735</y31>
      <x32>545</x32>
      <y32>745</y32>
      <x33>556</x33>
      <y33>757</y33>
      <x34>561</x34>
      <y34>766</y34>
      <x35>567</x35>
      <y35>772</y35>
      <x36>571</x36>
      <y36>779</y36>
      <x37>577</x37>
      <y37>786</y37>
      <x38>579</x38>
      <y38>791</y38>
      <x39>577</x39>
      <y39>844</y39>
      <x40>578</x40>
      <y40>845</y40>
      <x41>579</x41>
      <y41>858</y41>
      <x42>582</x42>
      <y42>865</y42>
      <x43>589</x43>
      <y43>897</y43>
      <x44>590</x44>
      <y44>909</y44>
      <x45>588</x45>
      <y45>913</y45>
      <x46>588</x46>
      <y46>928</y46>
      <x47>591</x47>
      <y47>938</y47>
      <x48>593</x48>
      <y48>940</y48>
      <x49>603</x49>
      <y49>941</y49>
      <x50>604</x50>
      <y50>942</y50>
      <x51>612</x51>
      <y51>942</y51>
      <x52>619</x52>
      <y52>945</y52>
      <x53>626</x53>
      <y53>960</y53>
      <x54>628</x54>
      <y54>968</y54>
      <x55>628</x55>
      <y55>978</y55>
      <x56>630</x56>
      <y56>985</y56>
      <x57>637</x57>
      <y57>990</y57>
      <x58>654</x58>
      <y58>992</y58>
      <x59>660</x59>
      <y59>994</y59>
      <x60>670</x60>
      <y60>994</y60>
      <x61>674</x61>
      <y61>996</y61>
      <x62>683</x62>
      <y62>996</y62>
      <x63>690</x63>
      <y63>998</y63>
      <x64>720</x64>
      <y64>998</y64>
      <x65>731</x65>
      <y65>995</y65>
      <x66>736</x66>
      <y66>991</y66>
      <x67>737</x67>
      <y67>984</y67>
      <x68>733</x68>
      <y68>980</y68>
      <x69>727</x69>
      <y69>977</y69>
      <x70>716</x70>
      <y70>975</y70>
      <x71>678</x71>
      <y71>963</y71>
      <x72>667</x72>
      <y72>964</y72>
      <x73>663</x73>
      <y73>958</y73>
      <x74>662</x74>
      <y74>951</y74>
      <x75>659</x75>
      <y75>943</y75>
      <x76>659</x76>
      <y76>941</y76>
      <x77>661</x77>
      <y77>939</y77>
      <x78>666</x78>
      <y78>940</y78>
      <x79>671</x79>
      <y79>945</y79>
      <x80>683</x80>
      <y80>947</y80>
      <x81>688</x81>
      <y81>944</y81>
      <x82>696</x82>
      <y82>944</y82>
      <x83>699</x83>
      <y83>942</y83>
      <x84>702</x84>
      <y84>937</y84>
      <x85>701</x85>
      <y85>928</y85>
      <x86>695</x86>
      <y86>924</y86>
      <x87>687</x87>
      <y87>924</y87>
      <x88>681</x88>
      <y88>922</y88>
      <x89>662</x89>
      <y89>922</y89>
      <x90>661</x90>
      <y90>921</y90>
      <x91>655</x91>
      <y91>921</y91>
      <x92>653</x92>
      <y92>918</y92>
      <x93>650</x93>
      <y93>905</y93>
      <x94>649</x94>
      <y94>890</y94>
      <x95>651</x95>
      <y95>881</y95>
      <x96>662</x96>
      <y96>863</y96>
      <x97>663</x97>
      <y97>850</y97>
      <x98>658</x98>
      <y98>825</y98>
      <x99>657</x99>
      <y99>808</y99>
      <x100>656</x100>
      <y100>807</y100>
      <x101>654</x101>
      <y101>782</y101>
      <x102>653</x102>
      <y102>781</y102>
      <x103>653</x103>
      <y103>766</y103>
      <x104>652</x104>
      <y104>765</y104>
      <x105>650</x105>
      <y105>748</y105>
      <x106>646</x106>
      <y106>737</y106>
      <x107>646</x107>
      <y107>734</y107>
      <x108>643</x108>
      <y108>730</y108>
      <x109>642</x109>
      <y109>718</y109>
      <x110>639</x110>
      <y110>707</y110>
      <x111>637</x111>
      <y111>703</y111>
      <x112>631</x112>
      <y112>697</y112>
      <x113>628</x113>
      <y113>689</y113>
      <x114>633</x114>
      <y114>686</y114>
      <x115>663</x115>
      <y115>695</y115>
      <x116>684</x116>
      <y116>696</y116>
      <x117>685</x117>
      <y117>697</y117>
      <x118>695</x118>
      <y118>698</y118>
      <x119>704</x119>
      <y119>702</y119>
      <x120>715</x120>
      <y120>711</y120>
      <x121>720</x121>
      <y121>713</y121>
      <x122>724</x122>
      <y122>713</y122>
      <x123>730</x123>
      <y123>716</y123>
      <x124>744</x124>
      <y124>713</y124>
      <x125>753</x125>
      <y125>707</y125>
      <x126>759</x126>
      <y126>705</y126>
      <x127>764</x127>
      <y127>705</y127>
      <x128>767</x128>
      <y128>703</y128>
      <x129>764</x129>
      <y129>700</y129>
      <x130>762</x130>
      <y130>700</y130>
      <x131>755</x131>
      <y131>692</y131>
      <x132>740</x132>
      <y132>684</y132>
      <x133>734</x133>
      <y133>677</y133>
      <x134>729</x134>
      <y134>674</y134>
      <x135>734</x135>
      <y135>672</y135>
      <x136>738</x136>
      <y136>672</y136>
      <x137>744</x137>
      <y137>676</y137>
      <x138>746</x138>
      <y138>675</y138>
      <x139>746</x139>
      <y139>672</y139>
      <x140>748</x140>
      <y140>669</y140>
      <x141>748</x141>
      <y141>666</y141>
      <x142>746</x142>
      <y142>663</y142>
      <x143>744</x143>
      <y143>655</y143>
      <x144>736</x144>
      <y144>647</y144>
      <x145>723</x145>
      <y145>643</y145>
      <x146>718</x146>
      <y146>643</y146>
      <x147>710</x147>
      <y147>640</y147>
      <x148>703</x148>
      <y148>639</y148>
      <x149>693</x149>
      <y149>631</y149>
      <x150>683</x150>
      <y150>626</y150>
      <x151>672</x151>
      <y151>616</y151>
      <x152>660</x152>
      <y152>609</y152>
      <x153>655</x153>
      <y153>604</y153>
      <x154>651</x154>
      <y154>602</y154>
      <x155>641</x155>
      <y155>592</y155>
      <x156>639</x156>
      <y156>588</y156>
      <x157>638</x157>
      <y157>577</y157>
      <x158>637</x158>
      <y158>576</y158>
      <x159>637</x159>
      <y159>520</y159>
      <x160>636</x160>
      <y160>519</y160>
      <x161>634</x161>
      <y161>495</y161>
      <x162>626</x162>
      <y162>463</y162>
      <x163>627</x163>
      <y163>452</y163>
      <x164>632</x164>
      <y164>446</y164>
      <x165>640</x165>
      <y165>441</y165>
      <x166>653</x166>
      <y166>436</y166>
      <x167>661</x167>
      <y167>443</y167>
      <x168>664</x168>
      <y168>444</y168>
      <x169>671</x169>
      <y169>443</y169>
      <x170>676</x170>
      <y170>435</y170>
      <x171>688</x171>
      <y171>423</y171>
      <x172>696</x172>
      <y172>420</y172>
      <x173>701</x173>
      <y173>414</y173>
      <x174>701</x174>
      <y174>402</y174>
      <x175>704</x175>
      <y175>395</y175>
      <x176>717</x176>
      <y176>378</y176>
      <x177>725</x177>
      <y177>376</y177>
      <x178>728</x178>
      <y178>373</y178>
      <x179>730</x179>
      <y179>367</y179>
      <x180>729</x180>
      <y180>365</y180>
      <x181>729</x181>
      <y181>355</y181>
      <x182>727</x182>
      <y182>350</y182>
      <x183>713</x183>
      <y183>335</y183>
      <x184>704</x184>
      <y184>330</y184>
      <x185>700</x185>
      <y185>326</y185>
      <x186>691</x186>
      <y186>322</y186>
      <x187>671</x187>
      <y187>317</y187>
    </polygon>
  </object>
  <object>
    <name>person</name>
    <bndbox>
      <xmin>1248</xmin>
      <ymin>345</ymin>
      <xmax>1463</xmax>
      <ymax>968</ymax>
    </bndbox>
    <polygon>
      <x1>1291</x1>
      <y1>345</y1>
      <x2>1275</x2>
      <y2>353</y2>
      <x3>1266</x3>
      <y3>364</y3>
      <x4>1258</x4>
      <y4>381</y4>
      <x5>1253</x5>
      <y5>397</y5>
      <x6>1250</x6>
      <y6>401</y6>
      <x7>1250</x7>
      <y7>405</y7>
      <x8>1254</x8>
      <y8>410</y8>
      <x9>1264</x9>
      <y9>410</y9>
      <x10>1268</x10>
      <y10>414</y10>
      <x11>1269</x11>
      <y11>418</y11>
      <x12>1278</x12>
      <y12>428</y12>
      <x13>1280</x13>
      <y13>444</y13>
      <x14>1284</x14>
      <y14>449</y14>
      <x15>1293</x15>
      <y15>451</y15>
      <x16>1298</x16>
      <y16>456</y16>
      <x17>1305</x17>
      <y17>460</y17>
      <x18>1315</x18>
      <y18>460</y18>
      <x19>1317</x19>
      <y19>462</y19>
      <x20>1328</x20>
      <y20>496</y20>
      <x21>1328</x21>
      <y21>499</y21>
      <x22>1334</x22>
      <y22>512</y22>
      <x23>1335</x23>
      <y23>522</y23>
      <x24>1305</x24>
      <y24>572</y24>
      <x25>1290</x25>
      <y25>588</y25>
      <x26>1287</x26>
      <y26>589</y26>
      <x27>1278</x27>
      <y27>598</y27>
      <x28>1270</x28>
      <y28>602</y28>
      <x29>1254</x29>
      <y29>617</y29>
      <x30>1249</x30>
      <y30>627</y30>
      <x31>1248</x31>
      <y31>638</y31>
      <x32>1250</x32>
      <y32>641</y32>
      <x33>1271</x33>
      <y33>641</y33>
      <x34>1281</x34>
      <y34>638</y34>
      <x35>1287</x35>
      <y35>628</y35>
      <x36>1299</x36>
      <y36>614</y36>
      <x37>1301</x37>
      <y37>609</y37>
      <x38>1308</x38>
      <y38>602</y38>
      <x39>1316</x39>
      <y39>598</y39>
      <x40>1324</x40>
      <y40>591</y40>
      <x41>1334</x41>
      <y41>585</y41>
      <x42>1340</x42>
      <y42>579</y42>
      <x43>1346</x43>
      <y43>575</y43>
      <x44>1348</x44>
      <y44>575</y44>
      <x45>1352</x45>
      <y45>584</y45>
      <x46>1352</x46>
      <y46>592</y46>
      <x47>1354</x47>
      <y47>599</y47>
      <x48>1354</x48>
      <y48>612</y48>
      <x49>1352</x49>
      <y49>616</y49>
      <x50>1340</x50>
      <y50>627</y50>
      <x51>1335</x51>
      <y51>634</y51>
      <x52>1331</x52>
      <y52>645</y52>
      <x53>1331</x53>
      <y53>653</y53>
      <x54>1334</x54>
      <y54>655</y54>
      <x55>1336</x55>
      <y55>654</y55>
      <x56>1348</x56>
      <y56>654</y56>
      <x57>1351</x57>
      <y57>657</y57>
      <x58>1352</x58>
      <y58>662</y58>
      <x59>1348</x59>
      <y59>665</y59>
      <x60>1344</x60>
      <y60>664</y60>
      <x61>1325</x61>
      <y61>665</y61>
      <x62>1318</x62>
      <y62>673</y62>
      <x63>1318</x63>
      <y63>680</y63>
      <x64>1320</x64>
      <y64>682</y64>
      <x65>1330</x65>
      <y65>682</y65>
      <x66>1345</x66>
      <y66>679</y66>
      <x67>1369</x67>
      <y67>679</y67>
      <x68>1375</x68>
      <y68>670</y68>
      <x69>1377</x69>
      <y69>671</y69>
      <x70>1377</x70>
      <y70>679</y70>
      <x71>1375</x71>
      <y71>685</y71>
      <x72>1367</x72>
      <y72>695</y72>
      <x73>1356</x73>
      <y73>694</y73>
      <x74>1355</x74>
      <y74>693</y74>
      <x75>1349</x75>
      <y75>696</y75>
      <x76>1346</x76>
      <y76>696</y76>
      <x77>1341</x77>
      <y77>693</y77>
      <x78>1331</x78>
      <y78>692</y78>
      <x79>1330</x79>
      <y79>691</y79>
      <x80>1312</x80>
      <y80>693</y80>
      <x81>1309</x81>
      <y81>695</y81>
      <x82>1305</x82>
      <y82>702</y82>
      <x83>1304</x83>
      <y83>711</y83>
      <x84>1306</x84>
      <y84>713</y84>
      <x85>1317</x85>
      <y85>714</y85>
      <x86>1318</x86>
      <y86>715</y86>
      <x87>1338</x87>
      <y87>715</y87>
      <x88>1348</x88>
      <y88>713</y88>
      <x89>1353</x89>
      <y89>714</y89>
      <x90>1355</x90>
      <y90>716</y90>
      <x91>1355</x91>
      <y91>718</y91>
      <x92>1350</x92>
      <y92>725</y92>
      <x93>1349</x93>
      <y93>730</y93>
      <x94>1347</x94>
      <y94>732</y94>
      <x95>1342</x95>
      <y95>725</y95>
      <x96>1322</x96>
      <y96>725</y96>
      <x97>1318</x97>
      <y97>726</y97>
      <x98>1316</x98>
      <y98>728</y98>
      <x99>1316</x99>
      <y99>735</y99>
      <x100>1318</x100>
      <y100>743</y100>
      <x101>1321</x101>
      <y101>746</y101>
      <x102>1332</x102>
      <y102>748</y102>
      <x103>1336</x103>
      <y103>752</y103>
      <x104>1333</x104>
      <y104>754</y104>
      <x105>1321</x105>
      <y105>756</y105>
      <x106>1319</x106>
      <y106>759</y106>
      <x107>1318</x107>
      <y107>763</y107>
      <x108>1319</x108>
      <y108>788</y108>
      <x109>1314</x109>
      <y109>814</y109>
      <x110>1308</x110>
      <y110>818</y110>
      <x111>1295</x111>
      <y111>823</y111>
      <x112>1291</x112>
      <y112>823</y112>
      <x113>1284</x113>
      <y113>826</y113>
      <x114>1263</x114>
      <y114>828</y114>
      <x115>1257</x115>
      <y115>832</y115>
      <x116>1256</x116>
      <y116>839</y116>
      <x117>1257</x117>
      <y117>843</y117>
      <x118>1259</x118>
      <y118>845</y118>
      <x119>1272</x119>
      <y119>851</y119>
      <x120>1300</x120>
      <y120>855</y120>
      <x121>1327</x121>
      <y121>863</y121>
      <x122>1339</x122>
      <y122>863</y122>
      <x123>1341</x123>
      <y123>862</y123>
      <x124>1343</x124>
      <y124>859</y124>
      <x125>1344</x125>
      <y125>848</y125>
      <x126>1345</x126>
      <y126>847</y126>
      <x127>1345</x127>
      <y127>828</y127>
      <x128>1343</x128>
      <y128>825</y128>
      <x129>1343</x129>
      <y129>819</y129>
      <x130>1347</x130>
      <y130>808</y130>
      <x131>1348</x131>
      <y131>791</y131>
      <x132>1352</x132>
      <y132>774</y132>
      <x133>1351</x133>
      <y133>770</y133>
      <x134>1348</x134>
      <y134>766</y134>
      <x135>1359</x135>
      <y135>760</y135>
      <x136>1370</x136>
      <y136>759</y136>
      <x137>1371</x137>
      <y137>758</y137>
      <x138>1374</x138>
      <y138>758</y138>
      <x139>1376</x139>
      <y139>760</y139>
      <x140>1375</x140>
      <y140>761</y140>
      <x141>1375</x141>
      <y141>770</y141>
      <x142>1373</x142>
      <y142>778</y142>
      <x143>1373</x143>
      <y143>786</y143>
      <x144>1371</x144>
      <y144>793</y144>
      <x145>1370</x145>
      <y145>819</y145>
      <x146>1374</x146>
      <y146>829</y146>
      <x147>1382</x147>
      <y147>838</y147>
      <x148>1383</x148>
      <y148>841</y148>
      <x149>1384</x149>
      <y149>855</y149>
      <x150>1385</x150>
      <y150>856</y150>
      <x151>1384</x151>
      <y151>890</y151>
      <x152>1381</x152>
      <y152>901</y152>
      <x153>1379</x153>
      <y153>919</y153>
      <x154>1361</x154>
      <y154>933</y154>
      <x155>1344</x155>
      <y155>943</y155>
      <x156>1338</x156>
      <y156>949</y156>
      <x157>1331</x157>
      <y157>952</y157>
      <x158>1325</x158>
      <y158>958</y158>
      <x159>1324</x159>
      <y159>963</y159>
      <x160>1327</x160>
      <y160>966</y160>
      <x161>1332</x161>
      <y161>968</y161>
      <x162>1348</x162>
      <y162>968</y162>
      <x163>1349</x163>
      <y163>967</y163>
      <x164>1361</x164>
      <y164>966</y164>
      <x165>1369</x165>
      <y165>963</y165>
      <x166>1385</x166>
      <y166>953</y166>
      <x167>1404</x167>
      <y167>946</y167>
      <x168>1410</x168>
      <y168>940</y168>
      <x169>1409</x169>
      <y169>911</y169>
      <x170>1415</x170>
      <y170>894</y170>
      <x171>1416</x171>
      <y171>883</y171>
      <x172>1423</x172>
      <y172>849</y172>
      <x173>1422</x173>
      <y173>829</y173>
      <x174>1415</x174>
      <y174>804</y174>
      <x175>1415</x175>
      <y175>793</y175>
      <x176>1416</x176>
      <y176>792</y176>
      <x177>1417</x177>
      <y177>777</y177>
      <x178>1419</x178>
      <y178>769</y178>
      <x179>1422</x179>
      <y179>765</y179>
      <x180>1426</x180>
      <y180>754</y180>
      <x181>1431</x181>
      <y181>731</y181>
      <x182>1435</x182>
      <y182>722</y182>
      <x183>1440</x183>
      <y183>702</y183>
      <x184>1444</x184>
      <y184>697</y184>
      <x185>1449</x185>
      <y185>677</y185>
      <x186>1458</x186>
      <y186>656</y186>
      <x187>1459</x187>
      <y187>648</y187>
      <x188>1462</x188>
      <y188>639</y188>
      <x189>1462</x189>
      <y189>627</y189>
      <x190>1463</x190>
      <y190>626</y190>
      <x191>1462</x191>
      <y191>598</y191>
      <x192>1461</x192>
      <y192>597</y192>
      <x193>1461</x193>
      <y193>592</y193>
      <x194>1457</x194>
      <y194>583</y194>
      <x195>1456</x195>
      <y195>576</y195>
      <x196>1451</x196>
      <y196>565</y196>
      <x197>1446</x197>
      <y197>539</y197>
      <x198>1442</x198>
      <y198>529</y198>
      <x199>1440</x199>
      <y199>510</y199>
      <x200>1435</x200>
      <y200>491</y200>
      <x201>1429</x201>
      <y201>476</y201>
      <x202>1421</x202>
      <y202>461</y202>
      <x203>1416</x203>
      <y203>454</y203>
      <x204>1402</x204>
      <y204>442</y204>
      <x205>1401</x205>
      <y205>437</y205>
      <x206>1397</x206>
      <y206>430</y206>
      <x207>1388</x207>
      <y207>420</y207>
      <x208>1375</x208>
      <y208>413</y208>
      <x209>1368</x209>
      <y209>414</y209>
      <x210>1364</x210>
      <y210>410</y210>
      <x211>1349</x211>
      <y211>403</y211>
      <x212>1344</x212>
      <y212>398</y212>
      <x213>1341</x213>
      <y213>393</y213>
      <x214>1341</x214>
      <y214>386</y214>
      <x215>1335</x215>
      <y215>368</y215>
      <x216>1316</x216>
      <y216>349</y216>
      <x217>1311</x217>
      <y217>346</y217>
      <x218>1306</x218>
      <y218>345</y218>
    </polygon>
  </object>
</annotation>
