<?xml version="1.0" ?>
<annotation>
  <folder>VOC</folder>
  <filename>105-1.png</filename>
  <source>
    <database>roboflow.ai</database>
  </source>
  <size>
    <width>1792</width>
    <height>1024</height>
    <depth>3</depth>
  </size>
  <segmented>0</segmented>
  <object>
    <name>person</name>
    <bndbox>
      <xmin>1102</xmin>
      <ymin>571</ymin>
      <xmax>1218</xmax>
      <ymax>899</ymax>
    </bndbox>
    <polygon>
      <x1>1165</x1>
      <y1>572</y1>
      <x2>1157</x2>
      <y2>571</y2>
      <x3>1152</x3>
      <y3>573</y3>
      <x4>1144</x4>
      <y4>582</y4>
      <x5>1140</x5>
      <y5>592</y5>
      <x6>1135</x6>
      <y6>598</y6>
      <x7>1136</x7>
      <y7>604</y7>
      <x8>1139</x8>
      <y8>611</y8>
      <x9>1149</x9>
      <y9>620</y9>
      <x10>1150</x10>
      <y10>630</y10>
      <x11>1146</x11>
      <y11>635</y11>
      <x12>1127</x12>
      <y12>642</y12>
      <x13>1122</x13>
      <y13>647</y13>
      <x14>1118</x14>
      <y14>654</y14>
      <x15>1115</x15>
      <y15>681</y15>
      <x16>1112</x16>
      <y16>690</y16>
      <x17>1111</x17>
      <y17>700</y17>
      <x18>1108</x18>
      <y18>707</y18>
      <x19>1104</x19>
      <y19>727</y19>
      <x20>1103</x20>
      <y20>741</y20>
      <x21>1102</x21>
      <y21>742</y21>
      <x22>1103</x22>
      <y22>774</y22>
      <x23>1110</x23>
      <y23>772</y23>
      <x24>1112</x24>
      <y24>774</y24>
      <x25>1112</x25>
      <y25>788</y25>
      <x26>1107</x26>
      <y26>807</y26>
      <x27>1109</x27>
      <y27>838</y27>
      <x28>1110</x28>
      <y28>839</y28>
      <x29>1111</x29>
      <y29>849</y29>
      <x30>1117</x30>
      <y30>865</y30>
      <x31>1117</x31>
      <y31>870</y31>
      <x32>1122</x32>
      <y32>877</y32>
      <x33>1122</x33>
      <y33>884</y33>
      <x34>1115</x34>
      <y34>891</y34>
      <x35>1111</x35>
      <y35>893</y35>
      <x36>1106</x36>
      <y36>899</y36>
      <x37>1123</x37>
      <y37>899</y37>
      <x38>1136</x38>
      <y38>893</y38>
      <x39>1145</x39>
      <y39>892</y39>
      <x40>1149</x40>
      <y40>894</y40>
      <x41>1154</x41>
      <y41>894</y41>
      <x42>1159</x42>
      <y42>892</y42>
      <x43>1159</x43>
      <y43>879</y43>
      <x44>1161</x44>
      <y44>869</y44>
      <x45>1168</x45>
      <y45>849</y45>
      <x46>1172</x46>
      <y46>833</y46>
      <x47>1175</x47>
      <y47>808</y47>
      <x48>1176</x48>
      <y48>807</y48>
      <x49>1176</x49>
      <y49>800</y49>
      <x50>1178</x50>
      <y50>796</y50>
      <x51>1179</x51>
      <y51>788</y51>
      <x52>1183</x52>
      <y52>779</y52>
      <x53>1184</x53>
      <y53>770</y53>
      <x54>1188</x54>
      <y54>758</y54>
      <x55>1193</x55>
      <y55>753</y55>
      <x56>1199</x56>
      <y56>751</y56>
      <x57>1201</x57>
      <y57>753</y57>
      <x58>1195</x58>
      <y58>772</y58>
      <x59>1195</x59>
      <y59>780</y59>
      <x60>1198</x60>
      <y60>783</y60>
      <x61>1202</x61>
      <y61>783</y61>
      <x62>1205</x62>
      <y62>781</y62>
      <x63>1210</x63>
      <y63>774</y63>
      <x64>1211</x64>
      <y64>753</y64>
      <x65>1215</x65>
      <y65>747</y65>
      <x66>1215</x66>
      <y66>743</y66>
      <x67>1217</x67>
      <y67>738</y67>
      <x68>1217</x68>
      <y68>733</y68>
      <x69>1218</x69>
      <y69>732</y69>
      <x70>1218</x70>
      <y70>700</y70>
      <x71>1217</x71>
      <y71>699</y71>
      <x72>1216</x72>
      <y72>680</y72>
      <x73>1214</x73>
      <y73>673</y73>
      <x74>1213</x74>
      <y74>655</y74>
      <x75>1209</x75>
      <y75>646</y75>
      <x76>1204</x76>
      <y76>641</y76>
      <x77>1187</x77>
      <y77>633</y77>
      <x78>1173</x78>
      <y78>622</y78>
      <x79>1172</x79>
      <y79>616</y79>
      <x80>1179</x80>
      <y80>599</y80>
      <x81>1180</x81>
      <y81>587</y81>
      <x82>1179</x82>
      <y82>583</y82>
      <x83>1172</x83>
      <y83>576</y83>
    </polygon>
  </object>
  <object>
    <name>person</name>
    <bndbox>
      <xmin>944</xmin>
      <ymin>620</ymin>
      <xmax>1101</xmax>
      <ymax>1019</ymax>
    </bndbox>
    <polygon>
      <x1>1038</x1>
      <y1>620</y1>
      <x2>1029</x2>
      <y2>620</y2>
      <x3>1021</x3>
      <y3>624</y3>
      <x4>1015</x4>
      <y4>631</y4>
      <x5>1011</x5>
      <y5>640</y5>
      <x6>1010</x6>
      <y6>657</y6>
      <x7>1011</x7>
      <y7>658</y7>
      <x8>1012</x8>
      <y8>668</y8>
      <x9>1016</x9>
      <y9>675</y9>
      <x10>1017</x10>
      <y10>681</y10>
      <x11>1014</x11>
      <y11>684</y11>
      <x12>1010</x12>
      <y12>685</y12>
      <x13>1006</x13>
      <y13>689</y13>
      <x14>999</x14>
      <y14>701</y14>
      <x15>994</x15>
      <y15>702</y15>
      <x16>990</x16>
      <y16>706</y16>
      <x17>981</x17>
      <y17>708</y17>
      <x18>975</x18>
      <y18>712</y18>
      <x19>967</x19>
      <y19>722</y19>
      <x20>963</x20>
      <y20>730</y20>
      <x21>962</x21>
      <y21>736</y21>
      <x22>959</x22>
      <y22>743</y22>
      <x23>954</x23>
      <y23>768</y23>
      <x24>951</x24>
      <y24>777</y24>
      <x25>951</x25>
      <y25>781</y25>
      <x26>948</x26>
      <y26>789</y26>
      <x27>948</x27>
      <y27>794</y27>
      <x28>945</x28>
      <y28>798</y28>
      <x29>944</x29>
      <y29>802</y29>
      <x30>944</x30>
      <y30>816</y30>
      <x31>945</x31>
      <y31>817</y31>
      <x32>944</x32>
      <y32>846</y32>
      <x33>950</x33>
      <y33>856</y33>
      <x34>950</x34>
      <y34>859</y34>
      <x35>947</x35>
      <y35>863</y35>
      <x36>947</x36>
      <y36>867</y36>
      <x37>949</x37>
      <y37>870</y37>
      <x38>957</x38>
      <y38>865</y38>
      <x39>957</x39>
      <y39>858</y39>
      <x40>960</x40>
      <y40>850</y40>
      <x41>963</x41>
      <y41>847</y41>
      <x42>966</x42>
      <y42>841</y42>
      <x43>969</x43>
      <y43>829</y43>
      <x44>971</x44>
      <y44>828</y44>
      <x45>974</x45>
      <y45>831</y45>
      <x46>973</x46>
      <y46>845</y46>
      <x47>976</x47>
      <y47>851</y47>
      <x48>977</x48>
      <y48>860</y48>
      <x49>974</x49>
      <y49>868</y49>
      <x50>972</x50>
      <y50>884</y50>
      <x51>971</x51>
      <y51>885</y51>
      <x52>971</x52>
      <y52>929</y52>
      <x53>972</x53>
      <y53>930</y53>
      <x54>973</x54>
      <y54>946</y54>
      <x55>978</x55>
      <y55>965</y55>
      <x56>978</x56>
      <y56>972</y56>
      <x57>973</x57>
      <y57>981</y57>
      <x58>973</x58>
      <y58>984</y58>
      <x59>980</x59>
      <y59>992</y59>
      <x60>983</x60>
      <y60>993</y60>
      <x61>989</x61>
      <y61>998</y61>
      <x62>995</x62>
      <y62>1014</y62>
      <x63>998</x63>
      <y63>1017</y63>
      <x64>1003</x64>
      <y64>1019</y64>
      <x65>1012</x65>
      <y65>1019</y65>
      <x66>1013</x66>
      <y66>1018</y66>
      <x67>1014</x67>
      <y67>1011</y67>
      <x68>1017</x68>
      <y68>1004</y68>
      <x69>1036</x69>
      <y69>982</y69>
      <x70>1043</x70>
      <y70>961</y70>
      <x71>1045</x71>
      <y71>943</y71>
      <x72>1049</x72>
      <y72>933</y72>
      <x73>1057</x73>
      <y73>901</y73>
      <x74>1062</x74>
      <y74>888</y74>
      <x75>1064</x75>
      <y75>864</y75>
      <x76>1074</x76>
      <y76>843</y76>
      <x77>1075</x77>
      <y77>838</y77>
      <x78>1078</x78>
      <y78>835</y78>
      <x79>1084</x79>
      <y79>833</y79>
      <x80>1095</x80>
      <y80>825</y80>
      <x81>1099</x81>
      <y81>819</y81>
      <x82>1101</x82>
      <y82>812</y82>
      <x83>1101</x83>
      <y83>787</y83>
      <x84>1100</x84>
      <y84>786</y84>
      <x85>1098</x85>
      <y85>751</y85>
      <x86>1096</x86>
      <y86>745</y86>
      <x87>1096</x87>
      <y87>739</y87>
      <x88>1090</x88>
      <y88>722</y88>
      <x89>1085</x89>
      <y89>716</y89>
      <x90>1079</x90>
      <y90>713</y90>
      <x91>1065</x91>
      <y91>701</y91>
      <x92>1062</x92>
      <y92>693</y92>
      <x93>1052</x93>
      <y93>682</y93>
      <x94>1052</x94>
      <y94>678</y94>
      <x95>1057</x95>
      <y95>669</y95>
      <x96>1061</x96>
      <y96>655</y96>
      <x97>1059</x97>
      <y97>642</y97>
      <x98>1052</x98>
      <y98>629</y98>
      <x99>1047</x99>
      <y99>624</y99>
    </polygon>
  </object>
  <object>
    <name>person</name>
    <bndbox>
      <xmin>629</xmin>
      <ymin>635</ymin>
      <xmax>760</xmax>
      <ymax>965</ymax>
    </bndbox>
    <polygon>
      <x1>686</x1>
      <y1>635</y1>
      <x2>677</x2>
      <y2>640</y2>
      <x3>669</x3>
      <y3>648</y3>
      <x4>665</x4>
      <y4>655</y4>
      <x5>662</x5>
      <y5>667</y5>
      <x6>662</x6>
      <y6>675</y6>
      <x7>660</x7>
      <y7>681</y7>
      <x8>650</x8>
      <y8>692</y8>
      <x9>644</x9>
      <y9>703</y9>
      <x10>642</x10>
      <y10>711</y10>
      <x11>638</x11>
      <y11>718</y11>
      <x12>631</x12>
      <y12>739</y12>
      <x13>629</x13>
      <y13>754</y13>
      <x14>632</x14>
      <y14>764</y14>
      <x15>641</x15>
      <y15>772</y15>
      <x16>653</x16>
      <y16>775</y16>
      <x17>656</x17>
      <y17>782</y17>
      <x18>655</x18>
      <y18>798</y18>
      <x19>654</x19>
      <y19>799</y19>
      <x20>656</x20>
      <y20>824</y20>
      <x21>655</x21>
      <y21>825</y21>
      <x22>655</x22>
      <y22>834</y22>
      <x23>652</x23>
      <y23>843</y23>
      <x24>652</x24>
      <y24>850</y24>
      <x25>660</x25>
      <y25>852</y25>
      <x26>666</x26>
      <y26>852</y26>
      <x27>677</x27>
      <y27>862</y27>
      <x28>677</x28>
      <y28>864</y28>
      <x29>687</x29>
      <y29>883</y29>
      <x30>687</x30>
      <y30>889</y30>
      <x31>690</x31>
      <y31>899</y31>
      <x32>690</x32>
      <y32>903</y32>
      <x33>695</x33>
      <y33>917</y33>
      <x34>699</x34>
      <y34>925</y34>
      <x35>704</x35>
      <y35>931</y35>
      <x36>709</x36>
      <y36>943</y36>
      <x37>711</x37>
      <y37>945</y37>
      <x38>713</x38>
      <y38>945</y38>
      <x39>720</x39>
      <y39>955</y39>
      <x40>726</x40>
      <y40>960</y40>
      <x41>739</x41>
      <y41>965</y41>
      <x42>747</x42>
      <y42>965</y42>
      <x43>748</x43>
      <y43>964</y43>
      <x44>747</x44>
      <y44>958</y44>
      <x45>739</x45>
      <y45>950</y45>
      <x46>734</x46>
      <y46>942</y46>
      <x47>737</x47>
      <y47>934</y47>
      <x48>738</x48>
      <y48>924</y48>
      <x49>739</x49>
      <y49>923</y49>
      <x50>739</x50>
      <y50>913</y50>
      <x51>740</x51>
      <y51>912</y51>
      <x52>739</x52>
      <y52>877</y52>
      <x53>743</x53>
      <y53>873</y53>
      <x54>755</x54>
      <y54>872</y54>
      <x55>758</x55>
      <y55>871</y55>
      <x56>760</x56>
      <y56>868</y56>
      <x57>760</x57>
      <y57>861</y57>
      <x58>753</x58>
      <y58>839</y58>
      <x59>753</x59>
      <y59>831</y59>
      <x60>750</x60>
      <y60>816</y60>
      <x61>757</x61>
      <y61>808</y61>
      <x62>759</x62>
      <y62>804</y62>
      <x63>760</x63>
      <y63>794</y63>
      <x64>758</x64>
      <y64>788</y64>
      <x65>758</x65>
      <y65>783</y65>
      <x66>749</x66>
      <y66>754</y66>
      <x67>748</x67>
      <y67>746</y67>
      <x68>746</x68>
      <y68>743</y68>
      <x69>743</x69>
      <y69>730</y69>
      <x70>740</x70>
      <y70>725</y70>
      <x71>737</x71>
      <y71>715</y71>
      <x72>732</x72>
      <y72>706</y72>
      <x73>727</x73>
      <y73>701</y73>
      <x74>721</x74>
      <y74>698</y74>
      <x75>718</x75>
      <y75>695</y75>
      <x76>715</x76>
      <y76>682</y76>
      <x77>710</x77>
      <y77>676</y77>
      <x78>712</x78>
      <y78>661</y78>
      <x79>709</x79>
      <y79>650</y79>
      <x80>705</x80>
      <y80>643</y80>
      <x81>699</x81>
      <y81>637</y81>
      <x82>694</x82>
      <y82>635</y82>
    </polygon>
  </object>
  <object>
    <name>person</name>
    <bndbox>
      <xmin>817</xmin>
      <ymin>650</ymin>
      <xmax>940</xmax>
      <ymax>969</ymax>
    </bndbox>
    <polygon>
      <x1>883</x1>
      <y1>650</y1>
      <x2>873</x2>
      <y2>653</y2>
      <x3>863</x3>
      <y3>662</y3>
      <x4>858</x4>
      <y4>671</y4>
      <x5>858</x5>
      <y5>677</y5>
      <x6>856</x6>
      <y6>684</y6>
      <x7>857</x7>
      <y7>705</y7>
      <x8>851</x8>
      <y8>716</y8>
      <x9>836</x9>
      <y9>730</y9>
      <x10>831</x10>
      <y10>743</y10>
      <x11>826</x11>
      <y11>767</y11>
      <x12>822</x12>
      <y12>776</y12>
      <x13>817</x13>
      <y13>795</y13>
      <x14>823</x14>
      <y14>803</y14>
      <x15>825</x15>
      <y15>809</y15>
      <x16>822</x16>
      <y16>830</y16>
      <x17>819</x17>
      <y17>840</y17>
      <x18>819</x18>
      <y18>850</y18>
      <x19>820</x19>
      <y19>852</y19>
      <x20>832</x20>
      <y20>857</y20>
      <x21>839</x21>
      <y21>862</y21>
      <x22>848</x22>
      <y22>875</y22>
      <x23>850</x23>
      <y23>885</y23>
      <x24>851</x24>
      <y24>911</y24>
      <x25>859</x25>
      <y25>938</y25>
      <x26>859</x26>
      <y26>943</y26>
      <x27>857</x27>
      <y27>946</y27>
      <x28>858</x28>
      <y28>951</y28>
      <x29>865</x29>
      <y29>954</y29>
      <x30>873</x30>
      <y30>949</y30>
      <x31>873</x31>
      <y31>946</y31>
      <x32>871</x32>
      <y32>943</y32>
      <x33>872</x33>
      <y33>917</y33>
      <x34>871</x34>
      <y34>916</y34>
      <x35>870</x35>
      <y35>896</y35>
      <x36>873</x36>
      <y36>875</y36>
      <x37>876</x37>
      <y37>871</y37>
      <x38>881</x38>
      <y38>872</y38>
      <x39>881</x39>
      <y39>885</y39>
      <x40>885</x40>
      <y40>900</y40>
      <x41>885</x41>
      <y41>910</y41>
      <x42>884</x42>
      <y42>911</y42>
      <x43>884</x43>
      <y43>925</y43>
      <x44>881</x44>
      <y44>934</y44>
      <x45>882</x45>
      <y45>947</y45>
      <x46>878</x46>
      <y46>954</y46>
      <x47>878</x47>
      <y47>961</y47>
      <x48>884</x48>
      <y48>969</y48>
      <x49>891</x49>
      <y49>969</y49>
      <x50>893</x50>
      <y50>968</y50>
      <x51>894</x51>
      <y51>965</y51>
      <x52>893</x52>
      <y52>945</y52>
      <x53>898</x53>
      <y53>938</y53>
      <x54>904</x54>
      <y54>915</y54>
      <x55>904</x55>
      <y55>904</y55>
      <x56>905</x56>
      <y56>903</y56>
      <x57>904</x57>
      <y57>876</y57>
      <x58>905</x58>
      <y58>872</y58>
      <x59>912</x59>
      <y59>865</y59>
      <x60>918</x60>
      <y60>865</y60>
      <x61>924</x61>
      <y61>867</y61>
      <x62>928</x62>
      <y62>866</y62>
      <x63>927</x63>
      <y63>845</y63>
      <x64>934</x64>
      <y64>836</y64>
      <x65>934</x65>
      <y65>821</y65>
      <x66>940</x66>
      <y66>801</y66>
      <x67>939</x67>
      <y67>788</y67>
      <x68>936</x68>
      <y68>782</y68>
      <x69>933</x69>
      <y69>769</y69>
      <x70>931</x70>
      <y70>749</y70>
      <x71>927</x71>
      <y71>731</y71>
      <x72>924</x72>
      <y72>725</y72>
      <x73>919</x73>
      <y73>720</y73>
      <x74>913</x74>
      <y74>718</y74>
      <x75>908</x75>
      <y75>712</y75>
      <x76>908</x76>
      <y76>707</y76>
      <x77>911</x77>
      <y77>697</y77>
      <x78>911</x78>
      <y78>688</y78>
      <x79>908</x79>
      <y79>679</y79>
      <x80>897</x80>
      <y80>658</y80>
      <x81>890</x81>
      <y81>652</y81>
    </polygon>
  </object>
  <object>
    <name>person</name>
    <bndbox>
      <xmin>429</xmin>
      <ymin>677</ymin>
      <xmax>596</xmax>
      <ymax>1000</ymax>
    </bndbox>
    <polygon>
      <x1>493</x1>
      <y1>678</y1>
      <x2>481</x2>
      <y2>684</y2>
      <x3>476</x3>
      <y3>689</y3>
      <x4>473</x4>
      <y4>695</y4>
      <x5>475</x5>
      <y5>706</y5>
      <x6>477</x6>
      <y6>710</y6>
      <x7>484</x7>
      <y7>717</y7>
      <x8>486</x8>
      <y8>724</y8>
      <x9>483</x9>
      <y9>727</y9>
      <x10>469</x10>
      <y10>729</y10>
      <x11>466</x11>
      <y11>732</y11>
      <x12>462</x12>
      <y12>743</y12>
      <x13>458</x13>
      <y13>747</y13>
      <x14>453</x14>
      <y14>749</y14>
      <x15>445</x15>
      <y15>755</y15>
      <x16>438</x16>
      <y16>764</y16>
      <x17>435</x17>
      <y17>774</y17>
      <x18>433</x18>
      <y18>790</y18>
      <x19>430</x19>
      <y19>801</y19>
      <x20>429</x20>
      <y20>826</y20>
      <x21>431</x21>
      <y21>831</y21>
      <x22>436</x22>
      <y22>836</y22>
      <x23>458</x23>
      <y23>849</y23>
      <x24>465</x24>
      <y24>857</y24>
      <x25>467</x25>
      <y25>863</y25>
      <x26>472</x26>
      <y26>871</y26>
      <x27>475</x27>
      <y27>883</y27>
      <x28>481</x28>
      <y28>895</y28>
      <x29>483</x29>
      <y29>903</y29>
      <x30>487</x30>
      <y30>911</y30>
      <x31>487</x31>
      <y31>914</y31>
      <x32>494</x32>
      <y32>924</y32>
      <x33>505</x33>
      <y33>930</y33>
      <x34>518</x34>
      <y34>933</y34>
      <x35>522</x35>
      <y35>936</y35>
      <x36>533</x36>
      <y36>960</y36>
      <x37>557</x37>
      <y37>988</y37>
      <x38>560</x38>
      <y38>989</y38>
      <x39>563</x39>
      <y39>992</y39>
      <x40>566</x40>
      <y40>992</y40>
      <x41>583</x41>
      <y41>1000</y41>
      <x42>591</x42>
      <y42>1000</y42>
      <x43>595</x43>
      <y43>998</y43>
      <x44>594</x44>
      <y44>967</y44>
      <x45>595</x45>
      <y45>966</y45>
      <x46>595</x46>
      <y46>952</y46>
      <x47>596</x47>
      <y47>951</y47>
      <x48>595</x48>
      <y48>940</y48>
      <x49>592</x49>
      <y49>934</y49>
      <x50>590</x50>
      <y50>926</y50>
      <x51>590</x51>
      <y51>920</y51>
      <x52>592</x52>
      <y52>916</y52>
      <x53>592</x53>
      <y53>905</y53>
      <x54>586</x54>
      <y54>888</y54>
      <x55>581</x55>
      <y55>879</y55>
      <x56>576</x56>
      <y56>866</y56>
      <x57>575</x57>
      <y57>858</y57>
      <x58>577</x58>
      <y58>856</y58>
      <x59>588</x59>
      <y59>851</y59>
      <x60>594</x60>
      <y60>844</y60>
      <x61>594</x61>
      <y61>826</y61>
      <x62>592</x62>
      <y62>820</y62>
      <x63>592</x63>
      <y63>815</y63>
      <x64>589</x64>
      <y64>811</y64>
      <x65>587</x65>
      <y65>805</y65>
      <x66>583</x66>
      <y66>801</y66>
      <x67>582</x67>
      <y67>797</y67>
      <x68>577</x68>
      <y68>793</y68>
      <x69>568</x69>
      <y69>774</y69>
      <x70>561</x70>
      <y70>768</y70>
      <x71>557</x71>
      <y71>761</y71>
      <x72>544</x72>
      <y72>754</y72>
      <x73>539</x73>
      <y73>750</y73>
      <x74>537</x74>
      <y74>743</y74>
      <x75>527</x75>
      <y75>731</y75>
      <x76>527</x76>
      <y76>723</y76>
      <x77>529</x77>
      <y77>720</y77>
      <x78>529</x78>
      <y78>710</y78>
      <x79>525</x79>
      <y79>701</y79>
      <x80>524</x80>
      <y80>691</y80>
      <x81>523</x81>
      <y81>690</y81>
      <x82>527</x82>
      <y82>686</y82>
      <x83>528</x83>
      <y83>683</y83>
      <x84>527</x84>
      <y84>680</y84>
      <x85>515</x85>
      <y85>679</y85>
      <x86>510</x86>
      <y86>677</y86>
    </polygon>
  </object>
  <object>
    <name>person</name>
    <bndbox>
      <xmin>761</xmin>
      <ymin>556</ymin>
      <xmax>849</xmax>
      <ymax>821</ymax>
    </bndbox>
    <polygon>
      <x1>810</x1>
      <y1>556</y1>
      <x2>798</x2>
      <y2>557</y2>
      <x3>789</x3>
      <y3>561</y3>
      <x4>788</x4>
      <y4>574</y4>
      <x5>790</x5>
      <y5>581</y5>
      <x6>794</x6>
      <y6>585</y6>
      <x7>794</x7>
      <y7>592</y7>
      <x8>788</x8>
      <y8>601</y8>
      <x9>779</x9>
      <y9>604</y9>
      <x10>775</x10>
      <y10>609</y10>
      <x11>766</x11>
      <y11>615</y11>
      <x12>763</x12>
      <y12>626</y12>
      <x13>762</x13>
      <y13>645</y13>
      <x14>761</x14>
      <y14>646</y14>
      <x15>761</x15>
      <y15>658</y15>
      <x16>762</x16>
      <y16>659</y16>
      <x17>762</x17>
      <y17>667</y17>
      <x18>764</x18>
      <y18>676</y18>
      <x19>766</x19>
      <y19>680</y19>
      <x20>771</x20>
      <y20>685</y20>
      <x21>772</x21>
      <y21>699</y21>
      <x22>780</x22>
      <y22>708</y22>
      <x23>782</x23>
      <y23>718</y23>
      <x24>787</x24>
      <y24>731</y24>
      <x25>789</x25>
      <y25>759</y25>
      <x26>795</x26>
      <y26>786</y26>
      <x27>795</x27>
      <y27>798</y27>
      <x28>796</x28>
      <y28>799</y28>
      <x29>795</x29>
      <y29>809</y29>
      <x30>802</x30>
      <y30>821</y30>
      <x31>807</x31>
      <y31>820</y31>
      <x32>810</x32>
      <y32>815</y32>
      <x33>810</x33>
      <y33>801</y33>
      <x34>809</x34>
      <y34>800</y34>
      <x35>809</x35>
      <y35>789</y35>
      <x36>808</x36>
      <y36>788</y36>
      <x37>808</x37>
      <y37>779</y37>
      <x38>807</x38>
      <y38>778</y38>
      <x39>807</x39>
      <y39>763</y39>
      <x40>806</x40>
      <y40>762</y40>
      <x41>806</x41>
      <y41>729</y41>
      <x42>809</x42>
      <y42>726</y42>
      <x43>815</x43>
      <y43>731</y43>
      <x44>823</x44>
      <y44>757</y44>
      <x45>828</x45>
      <y45>748</y45>
      <x46>832</x46>
      <y46>733</y46>
      <x47>835</x47>
      <y47>727</y47>
      <x48>843</x48>
      <y48>718</y48>
      <x49>846</x49>
      <y49>712</y49>
      <x50>844</x50>
      <y50>695</y50>
      <x51>839</x51>
      <y51>683</y51>
      <x52>839</x52>
      <y52>673</y52>
      <x53>840</x53>
      <y53>670</y53>
      <x54>846</x54>
      <y54>665</y54>
      <x55>849</x55>
      <y55>656</y55>
      <x56>849</x56>
      <y56>641</y56>
      <x57>840</x57>
      <y57>614</y57>
      <x58>830</x58>
      <y58>607</y58>
      <x59>822</x59>
      <y59>604</y59>
      <x60>818</x60>
      <y60>600</y60>
      <x61>817</x61>
      <y61>591</y61>
      <x62>819</x62>
      <y62>583</y62>
      <x63>824</x63>
      <y63>576</y63>
      <x64>824</x64>
      <y64>569</y64>
      <x65>816</x65>
      <y65>559</y65>
    </polygon>
  </object>
  <object>
    <name>person</name>
    <bndbox>
      <xmin>541</xmin>
      <ymin>562</ymin>
      <xmax>614</xmax>
      <ymax>799</ymax>
    </bndbox>
    <polygon>
      <x1>569</x1>
      <y1>562</y1>
      <x2>563</x2>
      <y2>564</y2>
      <x3>557</x3>
      <y3>569</y3>
      <x4>556</x4>
      <y4>571</y4>
      <x5>556</x5>
      <y5>586</y5>
      <x6>558</x6>
      <y6>591</y6>
      <x7>554</x7>
      <y7>595</y7>
      <x8>545</x8>
      <y8>600</y8>
      <x9>542</x9>
      <y9>608</y9>
      <x10>541</x10>
      <y10>627</y10>
      <x11>542</x11>
      <y11>628</y11>
      <x12>542</x12>
      <y12>675</y12>
      <x13>543</x13>
      <y13>676</y13>
      <x14>543</x14>
      <y14>681</y14>
      <x15>545</x15>
      <y15>685</y15>
      <x16>546</x16>
      <y16>692</y16>
      <x17>550</x17>
      <y17>701</y17>
      <x18>561</x18>
      <y18>711</y18>
      <x19>569</x19>
      <y19>730</y19>
      <x20>571</x20>
      <y20>771</y20>
      <x21>573</x21>
      <y21>781</y21>
      <x22>578</x22>
      <y22>791</y22>
      <x23>581</x23>
      <y23>794</y23>
      <x24>591</x24>
      <y24>798</y24>
      <x25>610</x25>
      <y25>799</y25>
      <x26>614</x26>
      <y26>796</y26>
      <x27>614</x27>
      <y27>793</y27>
      <x28>611</x28>
      <y28>790</y28>
      <x29>604</x29>
      <y29>788</y29>
      <x30>599</x30>
      <y30>788</y30>
      <x31>597</x31>
      <y31>786</y31>
      <x32>596</x32>
      <y32>781</y32>
      <x33>592</x33>
      <y33>778</y33>
      <x34>590</x34>
      <y34>774</y34>
      <x35>590</x35>
      <y35>757</y35>
      <x36>591</x36>
      <y36>753</y36>
      <x37>597</x37>
      <y37>741</y37>
      <x38>599</x38>
      <y38>732</y38>
      <x39>603</x39>
      <y39>725</y39>
      <x40>604</x40>
      <y40>715</y40>
      <x41>609</x41>
      <y41>708</y41>
      <x42>611</x42>
      <y42>700</y42>
      <x43>611</x43>
      <y43>690</y43>
      <x44>604</x44>
      <y44>665</y44>
      <x45>603</x45>
      <y45>640</y45>
      <x46>600</x46>
      <y46>633</y46>
      <x47>600</x47>
      <y47>630</y47>
      <x48>596</x48>
      <y48>623</y48>
      <x49>591</x49>
      <y49>609</y49>
      <x50>586</x50>
      <y50>606</y50>
      <x51>580</x51>
      <y51>598</y51>
      <x52>586</x52>
      <y52>587</y52>
      <x53>586</x53>
      <y53>578</y53>
      <x54>585</x54>
      <y54>577</y54>
      <x55>586</x55>
      <y55>570</y55>
      <x56>579</x56>
      <y56>563</y56>
    </polygon>
  </object>
  <object>
    <name>person</name>
    <bndbox>
      <xmin>848</xmin>
      <ymin>536</ymin>
      <xmax>915</xmax>
      <ymax>673</ymax>
    </bndbox>
    <polygon>
      <x1>875</x1>
      <y1>536</y1>
      <x2>868</x2>
      <y2>539</y2>
      <x3>865</x3>
      <y3>544</y3>
      <x4>865</x4>
      <y4>554</y4>
      <x5>871</x5>
      <y5>570</y5>
      <x6>871</x6>
      <y6>577</y6>
      <x7>859</x7>
      <y7>585</y7>
      <x8>852</x8>
      <y8>593</y8>
      <x9>849</x9>
      <y9>615</y9>
      <x10>848</x10>
      <y10>616</y10>
      <x11>849</x11>
      <y11>628</y11>
      <x12>853</x12>
      <y12>640</y12>
      <x13>858</x13>
      <y13>665</y13>
      <x14>860</x14>
      <y14>663</y14>
      <x15>863</x15>
      <y15>663</y15>
      <x16>866</x16>
      <y16>658</y16>
      <x17>874</x17>
      <y17>650</y17>
      <x18>876</x18>
      <y18>649</y18>
      <x19>886</x19>
      <y19>649</y19>
      <x20>891</x20>
      <y20>651</y20>
      <x21>904</x21>
      <y21>666</y21>
      <x22>907</x22>
      <y22>673</y22>
      <x23>910</x23>
      <y23>669</y23>
      <x24>911</x24>
      <y24>651</y24>
      <x25>915</x25>
      <y25>637</y25>
      <x26>915</x26>
      <y26>617</y26>
      <x27>913</x27>
      <y27>611</y27>
      <x28>913</x28>
      <y28>605</y28>
      <x29>910</x29>
      <y29>594</y29>
      <x30>906</x30>
      <y30>586</y30>
      <x31>892</x31>
      <y31>578</y31>
      <x32>888</x32>
      <y32>571</y32>
      <x33>889</x33>
      <y33>562</y33>
      <x34>893</x34>
      <y34>550</y34>
      <x35>892</x35>
      <y35>543</y35>
      <x36>885</x36>
      <y36>537</y36>
    </polygon>
  </object>
  <object>
    <name>person</name>
    <bndbox>
      <xmin>634</xmin>
      <ymin>553</ymin>
      <xmax>708</xmax>
      <ymax>695</ymax>
    </bndbox>
    <polygon>
      <x1>684</x1>
      <y1>553</y1>
      <x2>676</x2>
      <y2>554</y2>
      <x3>666</x3>
      <y3>561</y3>
      <x4>662</x4>
      <y4>569</y4>
      <x5>662</x5>
      <y5>575</y5>
      <x6>659</x6>
      <y6>586</y6>
      <x7>652</x7>
      <y7>590</y7>
      <x8>646</x8>
      <y8>596</y8>
      <x9>641</x9>
      <y9>606</y9>
      <x10>637</x10>
      <y10>629</y10>
      <x11>635</x11>
      <y11>634</y11>
      <x12>634</x12>
      <y12>651</y12>
      <x13>637</x13>
      <y13>659</y13>
      <x14>645</x14>
      <y14>668</y14>
      <x15>647</x15>
      <y15>673</y15>
      <x16>647</x16>
      <y16>681</y16>
      <x17>645</x17>
      <y17>688</y17>
      <x18>646</x18>
      <y18>695</y18>
      <x19>648</x19>
      <y19>694</y19>
      <x20>649</x20>
      <y20>691</y20>
      <x21>656</x21>
      <y21>683</y21>
      <x22>658</x22>
      <y22>679</y22>
      <x23>661</x23>
      <y23>659</y23>
      <x24>666</x24>
      <y24>650</y24>
      <x25>680</x25>
      <y25>636</y25>
      <x26>685</x26>
      <y26>634</y26>
      <x27>692</x27>
      <y27>634</y27>
      <x28>696</x28>
      <y28>632</y28>
      <x29>699</x29>
      <y29>618</y29>
      <x30>702</x30>
      <y30>612</y30>
      <x31>708</x31>
      <y31>606</y31>
      <x32>707</x32>
      <y32>601</y32>
      <x33>702</x33>
      <y33>595</y33>
      <x34>700</x34>
      <y34>589</y34>
      <x35>694</x35>
      <y35>584</y35>
      <x36>695</x36>
      <y36>580</y36>
      <x37>694</x37>
      <y37>564</y37>
      <x38>689</x38>
      <y38>556</y38>
    </polygon>
  </object>
  <object>
    <name>person</name>
    <bndbox>
      <xmin>699</xmin>
      <ymin>563</ymin>
      <xmax>774</xmax>
      <ymax>798</ymax>
    </bndbox>
    <polygon>
      <x1>736</x1>
      <y1>563</y1>
      <x2>731</x2>
      <y2>566</y2>
      <x3>725</x3>
      <y3>575</y3>
      <x4>724</x4>
      <y4>590</y4>
      <x5>719</x5>
      <y5>597</y5>
      <x6>717</x6>
      <y6>603</y6>
      <x7>703</x7>
      <y7>615</y7>
      <x8>699</x8>
      <y8>625</y8>
      <x9>699</x9>
      <y9>634</y9>
      <x10>708</x10>
      <y10>644</y10>
      <x11>712</x11>
      <y11>652</y11>
      <x12>712</x12>
      <y12>655</y12>
      <x13>714</x13>
      <y13>659</y13>
      <x14>713</x14>
      <y14>675</y14>
      <x15>718</x15>
      <y15>682</y15>
      <x16>719</x16>
      <y16>691</y16>
      <x17>722</x17>
      <y17>696</y17>
      <x18>725</x18>
      <y18>697</y18>
      <x19>734</x19>
      <y19>705</y19>
      <x20>739</x20>
      <y20>715</y20>
      <x21>749</x21>
      <y21>743</y21>
      <x22>753</x22>
      <y22>762</y22>
      <x23>760</x23>
      <y23>780</y23>
      <x24>762</x24>
      <y24>792</y24>
      <x25>764</x25>
      <y25>796</y25>
      <x26>767</x26>
      <y26>798</y26>
      <x27>771</x27>
      <y27>797</y27>
      <x28>774</x28>
      <y28>793</y28>
      <x29>774</x29>
      <y29>774</y29>
      <x30>773</x30>
      <y30>773</y30>
      <x31>773</x31>
      <y31>756</y31>
      <x32>772</x32>
      <y32>755</y32>
      <x33>772</x33>
      <y33>740</y33>
      <x34>771</x34>
      <y34>739</y34>
      <x35>771</x35>
      <y35>730</y35>
      <x36>770</x36>
      <y36>729</y36>
      <x37>769</x37>
      <y37>707</y37>
      <x38>767</x38>
      <y38>701</y38>
      <x39>766</x39>
      <y39>687</y39>
      <x40>761</x40>
      <y40>676</y40>
      <x41>759</x41>
      <y41>660</y41>
      <x42>758</x42>
      <y42>659</y42>
      <x43>758</x43>
      <y43>645</y43>
      <x44>759</x44>
      <y44>644</y44>
      <x45>759</x45>
      <y45>634</y45>
      <x46>760</x46>
      <y46>633</y46>
      <x47>762</x47>
      <y47>613</y47>
      <x48>753</x48>
      <y48>600</y48>
      <x49>752</x49>
      <y49>579</y49>
      <x50>749</x50>
      <y50>569</y50>
      <x51>745</x51>
      <y51>564</y51>
    </polygon>
  </object>
  <object>
    <name>person</name>
    <bndbox>
      <xmin>603</xmin>
      <ymin>531</ymin>
      <xmax>662</xmax>
      <ymax>704</ymax>
    </bndbox>
    <polygon>
      <x1>646</x1>
      <y1>531</y1>
      <x2>638</x2>
      <y2>531</y2>
      <x3>634</x3>
      <y3>535</y3>
      <x4>633</x4>
      <y4>551</y4>
      <x5>631</x5>
      <y5>555</y5>
      <x6>620</x6>
      <y6>566</y6>
      <x7>615</x7>
      <y7>575</y7>
      <x8>603</x8>
      <y8>620</y8>
      <x9>603</x9>
      <y9>626</y9>
      <x10>606</x10>
      <y10>628</y10>
      <x11>613</x11>
      <y11>626</y11>
      <x12>616</x12>
      <y12>630</y12>
      <x13>618</x13>
      <y13>644</y13>
      <x14>617</x14>
      <y14>702</y14>
      <x15>618</x15>
      <y15>704</y15>
      <x16>621</x16>
      <y16>704</y16>
      <x17>625</x17>
      <y17>700</y17>
      <x18>627</x18>
      <y18>680</y18>
      <x19>629</x19>
      <y19>674</y19>
      <x20>629</x20>
      <y20>663</y20>
      <x21>639</x21>
      <y21>608</y21>
      <x22>646</x22>
      <y22>593</y22>
      <x23>656</x23>
      <y23>586</y23>
      <x24>658</x24>
      <y24>583</y24>
      <x25>661</x25>
      <y25>574</y25>
      <x26>662</x26>
      <y26>564</y26>
      <x27>653</x27>
      <y27>555</y27>
      <x28>652</x28>
      <y28>550</y28>
      <x29>654</x29>
      <y29>543</y29>
      <x30>653</x30>
      <y30>537</y30>
      <x31>651</x31>
      <y31>534</y31>
    </polygon>
  </object>
  <object>
    <name>person</name>
    <bndbox>
      <xmin>914</xmin>
      <ymin>591</ymin>
      <xmax>991</xmax>
      <ymax>793</ymax>
    </bndbox>
    <polygon>
      <x1>956</x1>
      <y1>591</y1>
      <x2>942</x2>
      <y2>592</y2>
      <x3>936</x3>
      <y3>598</y3>
      <x4>932</x4>
      <y4>614</y4>
      <x5>932</x5>
      <y5>622</y5>
      <x6>934</x6>
      <y6>627</y6>
      <x7>938</x7>
      <y7>630</y7>
      <x8>940</x8>
      <y8>634</y8>
      <x9>935</x9>
      <y9>639</y9>
      <x10>929</x10>
      <y10>642</y10>
      <x11>926</x11>
      <y11>646</y11>
      <x12>925</x12>
      <y12>653</y12>
      <x13>918</x13>
      <y13>672</y13>
      <x14>916</x14>
      <y14>698</y14>
      <x15>914</x15>
      <y15>704</y15>
      <x16>915</x16>
      <y16>714</y16>
      <x17>924</x17>
      <y17>721</y17>
      <x18>930</x18>
      <y18>733</y18>
      <x19>933</x19>
      <y19>747</y19>
      <x20>935</x20>
      <y20>769</y20>
      <x21>942</x21>
      <y21>793</y21>
      <x22>947</x22>
      <y22>785</y22>
      <x23>947</x23>
      <y23>780</y23>
      <x24>950</x24>
      <y24>774</y24>
      <x25>957</x25>
      <y25>741</y25>
      <x26>962</x26>
      <y26>727</y26>
      <x27>969</x27>
      <y27>715</y27>
      <x28>975</x28>
      <y28>709</y28>
      <x29>986</x29>
      <y29>704</y29>
      <x30>989</x30>
      <y30>701</y30>
      <x31>991</x31>
      <y31>691</y31>
      <x32>990</x32>
      <y32>671</y32>
      <x33>987</x33>
      <y33>661</y33>
      <x34>987</x34>
      <y34>657</y34>
      <x35>985</x35>
      <y35>654</y35>
      <x36>985</x36>
      <y36>648</y36>
      <x37>981</x37>
      <y37>639</y37>
      <x38>967</x38>
      <y38>625</y38>
      <x39>970</x39>
      <y39>613</y39>
      <x40>970</x40>
      <y40>604</y40>
      <x41>967</x41>
      <y41>599</y41>
      <x42>961</x42>
      <y42>593</y42>
    </polygon>
  </object>
</annotation>
