<?xml version="1.0" ?>
<annotation>
  <folder>VOC</folder>
  <filename>105-2.png</filename>
  <source>
    <database>roboflow.ai</database>
  </source>
  <size>
    <width>1792</width>
    <height>1024</height>
    <depth>3</depth>
  </size>
  <segmented>0</segmented>
  <object>
    <name>person</name>
    <bndbox>
      <xmin>699</xmin>
      <ymin>859</ymin>
      <xmax>798</xmax>
      <ymax>1021</ymax>
    </bndbox>
    <polygon>
      <x1>723</x1>
      <y1>859</y1>
      <x2>716</x2>
      <y2>864</y2>
      <x3>713</x3>
      <y3>870</y3>
      <x4>714</x4>
      <y4>881</y4>
      <x5>716</x5>
      <y5>885</y5>
      <x6>717</x6>
      <y6>893</y6>
      <x7>711</x7>
      <y7>900</y7>
      <x8>704</x8>
      <y8>912</y8>
      <x9>699</x9>
      <y9>932</y9>
      <x10>700</x10>
      <y10>939</y10>
      <x11>706</x11>
      <y11>947</y11>
      <x12>712</x12>
      <y12>952</y12>
      <x13>713</x13>
      <y13>959</y13>
      <x14>716</x14>
      <y14>965</y14>
      <x15>723</x15>
      <y15>989</y15>
      <x16>734</x16>
      <y16>1001</y16>
      <x17>745</x17>
      <y17>1016</y17>
      <x18>751</x18>
      <y18>1018</y18>
      <x19>753</x19>
      <y19>1017</y19>
      <x20>753</x20>
      <y20>1011</y20>
      <x21>750</x21>
      <y21>1005</y21>
      <x22>749</x22>
      <y22>996</y22>
      <x23>752</x23>
      <y23>989</y23>
      <x24>757</x24>
      <y24>989</y24>
      <x25>768</x25>
      <y25>996</y25>
      <x26>770</x26>
      <y26>1000</y26>
      <x27>778</x27>
      <y27>1009</y27>
      <x28>781</x28>
      <y28>1015</y28>
      <x29>791</x29>
      <y29>1021</y29>
      <x30>796</x30>
      <y30>1021</y30>
      <x31>798</x31>
      <y31>1018</y31>
      <x32>794</x32>
      <y32>1016</y32>
      <x33>790</x33>
      <y33>1012</y33>
      <x34>788</x34>
      <y34>1005</y34>
      <x35>773</x35>
      <y35>976</y35>
      <x36>774</x36>
      <y36>969</y36>
      <x37>779</x37>
      <y37>966</y37>
      <x38>781</x38>
      <y38>963</y38>
      <x39>779</x39>
      <y39>953</y39>
      <x40>779</x40>
      <y40>946</y40>
      <x41>781</x41>
      <y41>936</y41>
      <x42>785</x42>
      <y42>929</y42>
      <x43>784</x43>
      <y43>921</y43>
      <x44>778</x44>
      <y44>915</y44>
      <x45>769</x45>
      <y45>902</y45>
      <x46>759</x46>
      <y46>896</y46>
      <x47>755</x47>
      <y47>892</y47>
      <x48>751</x48>
      <y48>890</y48>
      <x49>744</x49>
      <y49>890</y49>
      <x50>741</x50>
      <y50>887</y50>
      <x51>741</x51>
      <y51>869</y51>
      <x52>739</x52>
      <y52>865</y52>
      <x53>735</x53>
      <y53>861</y53>
      <x54>731</x54>
      <y54>859</y54>
    </polygon>
  </object>
  <object>
    <name>person</name>
    <bndbox>
      <xmin>563</xmin>
      <ymin>729</ymin>
      <xmax>643</xmax>
      <ymax>953</ymax>
    </bndbox>
    <polygon>
      <x1>589</x1>
      <y1>729</y1>
      <x2>579</x2>
      <y2>734</y2>
      <x3>576</x3>
      <y3>737</y3>
      <x4>575</x4>
      <y4>740</y4>
      <x5>575</x5>
      <y5>747</y5>
      <x6>582</x6>
      <y6>758</y6>
      <x7>582</x7>
      <y7>763</y7>
      <x8>580</x8>
      <y8>765</y8>
      <x9>576</x9>
      <y9>766</y9>
      <x10>573</x10>
      <y10>769</y10>
      <x11>572</x11>
      <y11>777</y11>
      <x12>567</x12>
      <y12>788</y12>
      <x13>566</x13>
      <y13>811</y13>
      <x14>563</x14>
      <y14>824</y14>
      <x15>565</x15>
      <y15>829</y15>
      <x16>571</x16>
      <y16>837</y16>
      <x17>579</x17>
      <y17>844</y17>
      <x18>581</x18>
      <y18>847</y18>
      <x19>583</x19>
      <y19>855</y19>
      <x20>585</x20>
      <y20>857</y20>
      <x21>587</x21>
      <y21>874</y21>
      <x22>592</x22>
      <y22>891</y22>
      <x23>594</x23>
      <y23>904</y23>
      <x24>602</x24>
      <y24>928</y24>
      <x25>613</x25>
      <y25>950</y25>
      <x26>617</x26>
      <y26>952</y26>
      <x27>627</x27>
      <y27>951</y27>
      <x28>631</x28>
      <y28>953</y28>
      <x29>641</x29>
      <y29>953</y29>
      <x30>643</x30>
      <y30>951</y30>
      <x31>643</x31>
      <y31>948</y31>
      <x32>641</x32>
      <y32>944</y32>
      <x33>637</x33>
      <y33>941</y33>
      <x34>627</x34>
      <y34>939</y34>
      <x35>624</x35>
      <y35>935</y35>
      <x36>622</x36>
      <y36>925</y36>
      <x37>622</x37>
      <y37>913</y37>
      <x38>625</x38>
      <y38>900</y38>
      <x39>625</x39>
      <y39>863</y39>
      <x40>623</x40>
      <y40>858</y40>
      <x41>622</x41>
      <y41>830</y41>
      <x42>627</x42>
      <y42>825</y42>
      <x43>628</x43>
      <y43>821</y43>
      <x44>624</x44>
      <y44>816</y44>
      <x45>618</x45>
      <y45>813</y45>
      <x46>614</x46>
      <y46>809</y46>
      <x47>608</x47>
      <y47>795</y47>
      <x48>602</x48>
      <y48>787</y48>
      <x49>597</x49>
      <y49>778</y49>
      <x50>597</x50>
      <y50>776</y50>
      <x51>595</x51>
      <y51>774</y51>
      <x52>600</x52>
      <y52>767</y52>
      <x53>608</x53>
      <y53>765</y53>
      <x54>611</x54>
      <y54>762</y54>
      <x55>610</x55>
      <y55>747</y55>
      <x56>601</x56>
      <y56>731</y56>
      <x57>597</x57>
      <y57>729</y57>
    </polygon>
  </object>
</annotation>
