<?xml version="1.0" ?>
<annotation>
  <folder>VOC</folder>
  <filename>106-1.png</filename>
  <source>
    <database>roboflow.ai</database>
  </source>
  <size>
    <width>1792</width>
    <height>1024</height>
    <depth>3</depth>
  </size>
  <segmented>0</segmented>
  <object>
    <name>person</name>
    <bndbox>
      <xmin>273</xmin>
      <ymin>580</ymin>
      <xmax>343</xmax>
      <ymax>730</ymax>
    </bndbox>
    <polygon>
      <x1>277</x1>
      <y1>581</y1>
      <x2>275</x2>
      <y2>583</y2>
      <x3>274</x3>
      <y3>590</y3>
      <x4>277</x4>
      <y4>597</y4>
      <x5>281</x5>
      <y5>602</y5>
      <x6>282</x6>
      <y6>606</y6>
      <x7>280</x7>
      <y7>609</y7>
      <x8>277</x8>
      <y8>610</y8>
      <x9>274</x9>
      <y9>613</y9>
      <x10>273</x10>
      <y10>621</y10>
      <x11>275</x11>
      <y11>625</y11>
      <x12>279</x12>
      <y12>646</y12>
      <x13>285</x13>
      <y13>659</y13>
      <x14>286</x14>
      <y14>664</y14>
      <x15>290</x15>
      <y15>672</y15>
      <x16>298</x16>
      <y16>679</y16>
      <x17>299</x17>
      <y17>682</y17>
      <x18>314</x18>
      <y18>700</y18>
      <x19>319</x19>
      <y19>709</y19>
      <x20>330</x20>
      <y20>718</y20>
      <x21>333</x21>
      <y21>727</y21>
      <x22>340</x22>
      <y22>730</y22>
      <x23>343</x23>
      <y23>725</y23>
      <x24>340</x24>
      <y24>722</y24>
      <x25>338</x25>
      <y25>717</y25>
      <x26>331</x26>
      <y26>681</y26>
      <x27>331</x27>
      <y27>637</y27>
      <x28>328</x28>
      <y28>627</y28>
      <x29>321</x29>
      <y29>616</y29>
      <x30>316</x30>
      <y30>604</y30>
      <x31>312</x31>
      <y31>600</y31>
      <x32>296</x32>
      <y32>601</y32>
      <x33>292</x33>
      <y33>597</y33>
      <x34>287</x34>
      <y34>584</y34>
      <x35>283</x35>
      <y35>580</y35>
    </polygon>
  </object>
</annotation>
