<?xml version="1.0" ?>
<annotation>
  <folder>VOC</folder>
  <filename>109-2.png</filename>
  <source>
    <database>roboflow.ai</database>
  </source>
  <size>
    <width>1792</width>
    <height>1024</height>
    <depth>3</depth>
  </size>
  <segmented>0</segmented>
  <object>
    <name>person</name>
    <bndbox>
      <xmin>394</xmin>
      <ymin>332</ymin>
      <xmax>627</xmax>
      <ymax>976</ymax>
    </bndbox>
    <polygon>
      <x1>543</x1>
      <y1>332</y1>
      <x2>523</x2>
      <y2>333</y2>
      <x3>510</x3>
      <y3>340</y3>
      <x4>498</x4>
      <y4>352</y4>
      <x5>494</x5>
      <y5>359</y5>
      <x6>492</x6>
      <y6>367</y6>
      <x7>492</x7>
      <y7>373</y7>
      <x8>495</x8>
      <y8>385</y8>
      <x9>495</x9>
      <y9>389</y9>
      <x10>493</x10>
      <y10>391</y10>
      <x11>477</x11>
      <y11>390</y11>
      <x12>476</x12>
      <y12>389</y12>
      <x13>459</x13>
      <y13>389</y13>
      <x14>455</x14>
      <y14>391</y14>
      <x15>450</x15>
      <y15>397</y15>
      <x16>448</x16>
      <y16>401</y16>
      <x17>447</x17>
      <y17>408</y17>
      <x18>442</x18>
      <y18>416</y18>
      <x19>441</x19>
      <y19>427</y19>
      <x20>434</x20>
      <y20>436</y20>
      <x21>430</x21>
      <y21>444</y21>
      <x22>429</x22>
      <y22>456</y22>
      <x23>426</x23>
      <y23>463</y23>
      <x24>424</x24>
      <y24>464</y24>
      <x25>424</x25>
      <y25>481</y25>
      <x26>427</x26>
      <y26>491</y26>
      <x27>427</x27>
      <y27>501</y27>
      <x28>428</x28>
      <y28>502</y28>
      <x29>431</x29>
      <y29>536</y29>
      <x30>428</x30>
      <y30>539</y30>
      <x31>421</x31>
      <y31>539</y31>
      <x32>418</x32>
      <y32>542</y32>
      <x33>420</x33>
      <y33>550</y33>
      <x34>419</x34>
      <y34>552</y34>
      <x35>419</x35>
      <y35>562</y35>
      <x36>418</x36>
      <y36>563</y36>
      <x37>418</x37>
      <y37>578</y37>
      <x38>411</x38>
      <y38>585</y38>
      <x39>411</x39>
      <y39>587</y39>
      <x40>409</x40>
      <y40>589</y40>
      <x41>406</x41>
      <y41>587</y41>
      <x42>403</x42>
      <y42>587</y42>
      <x43>401</x43>
      <y43>585</y43>
      <x44>403</x44>
      <y44>569</y44>
      <x45>396</x45>
      <y45>562</y45>
      <x46>395</x46>
      <y46>576</y46>
      <x47>394</x47>
      <y47>577</y47>
      <x48>394</x48>
      <y48>583</y48>
      <x49>396</x49>
      <y49>589</y49>
      <x50>401</x50>
      <y50>592</y50>
      <x51>406</x51>
      <y51>592</y51>
      <x52>408</x52>
      <y52>594</y52>
      <x53>408</x53>
      <y53>598</y53>
      <x54>412</x54>
      <y54>604</y54>
      <x55>416</x55>
      <y55>607</y55>
      <x56>421</x56>
      <y56>616</y56>
      <x57>421</x57>
      <y57>664</y57>
      <x58>423</x58>
      <y58>671</y58>
      <x59>430</x59>
      <y59>676</y59>
      <x60>447</x60>
      <y60>679</y60>
      <x61>451</x61>
      <y61>682</y61>
      <x62>454</x62>
      <y62>716</y62>
      <x63>455</x63>
      <y63>717</y63>
      <x64>455</x64>
      <y64>730</y64>
      <x65>456</x65>
      <y65>731</y65>
      <x66>456</x66>
      <y66>760</y66>
      <x67>455</x67>
      <y67>761</y67>
      <x68>455</x68>
      <y68>770</y68>
      <x69>452</x69>
      <y69>786</y69>
      <x70>452</x70>
      <y70>801</y70>
      <x71>453</x71>
      <y71>802</y71>
      <x72>454</x72>
      <y72>823</y72>
      <x73>456</x73>
      <y73>828</y73>
      <x74>456</x74>
      <y74>838</y74>
      <x75>460</x75>
      <y75>855</y75>
      <x76>461</x76>
      <y76>866</y76>
      <x77>468</x77>
      <y77>885</y77>
      <x78>470</x78>
      <y78>896</y78>
      <x79>474</x79>
      <y79>905</y79>
      <x80>477</x80>
      <y80>917</y80>
      <x81>481</x81>
      <y81>925</y81>
      <x82>485</x82>
      <y82>938</y82>
      <x83>498</x83>
      <y83>964</y83>
      <x84>498</x84>
      <y84>966</y84>
      <x85>502</x85>
      <y85>970</y85>
      <x86>508</x86>
      <y86>973</y86>
      <x87>519</x87>
      <y87>976</y87>
      <x88>527</x88>
      <y88>975</y88>
      <x89>529</x89>
      <y89>973</y89>
      <x90>529</x90>
      <y90>967</y90>
      <x91>527</x91>
      <y91>962</y91>
      <x92>523</x92>
      <y92>958</y92>
      <x93>520</x93>
      <y93>952</y93>
      <x94>518</x94>
      <y94>942</y94>
      <x95>518</x95>
      <y95>935</y95>
      <x96>515</x96>
      <y96>928</y96>
      <x97>516</x97>
      <y97>919</y97>
      <x98>526</x98>
      <y98>909</y98>
      <x99>527</x99>
      <y99>905</y99>
      <x100>522</x100>
      <y100>895</y100>
      <x101>516</x101>
      <y101>891</y101>
      <x102>507</x102>
      <y102>889</y102>
      <x103>498</x103>
      <y103>881</y103>
      <x104>496</x104>
      <y104>869</y104>
      <x105>493</x105>
      <y105>866</y105>
      <x106>493</x106>
      <y106>856</y106>
      <x107>491</x107>
      <y107>850</y107>
      <x108>491</x108>
      <y108>836</y108>
      <x109>488</x109>
      <y109>828</y109>
      <x110>488</x110>
      <y110>797</y110>
      <x111>494</x111>
      <y111>778</y111>
      <x112>494</x112>
      <y112>772</y112>
      <x113>495</x113>
      <y113>771</y113>
      <x114>498</x114>
      <y114>749</y114>
      <x115>501</x115>
      <y115>745</y115>
      <x116>507</x116>
      <y116>752</y116>
      <x117>509</x117>
      <y117>764</y117>
      <x118>512</x118>
      <y118>772</y118>
      <x119>511</x119>
      <y119>793</y119>
      <x120>514</x120>
      <y120>806</y120>
      <x121>514</x121>
      <y121>815</y121>
      <x122>525</x122>
      <y122>859</y122>
      <x123>531</x123>
      <y123>876</y123>
      <x124>536</x124>
      <y124>884</y124>
      <x125>539</x125>
      <y125>897</y125>
      <x126>544</x126>
      <y126>904</y126>
      <x127>548</x127>
      <y127>920</y127>
      <x128>550</x128>
      <y128>924</y128>
      <x129>556</x129>
      <y129>929</y129>
      <x130>557</x130>
      <y130>934</y130>
      <x131>561</x131>
      <y131>942</y131>
      <x132>571</x132>
      <y132>950</y132>
      <x133>584</x133>
      <y133>951</y133>
      <x134>588</x134>
      <y134>953</y134>
      <x135>590</x135>
      <y135>956</y135>
      <x136>593</x136>
      <y136>957</y136>
      <x137>596</x137>
      <y137>955</y137>
      <x138>606</x138>
      <y138>954</y138>
      <x139>615</x139>
      <y139>946</y139>
      <x140>623</x140>
      <y140>942</y140>
      <x141>627</x141>
      <y141>936</y141>
      <x142>627</x142>
      <y142>929</y142>
      <x143>625</x143>
      <y143>924</y143>
      <x144>619</x144>
      <y144>922</y144>
      <x145>614</x145>
      <y145>916</y145>
      <x146>598</x146>
      <y146>912</y146>
      <x147>584</x147>
      <y147>906</y147>
      <x148>579</x148>
      <y148>902</y148>
      <x149>575</x149>
      <y149>896</y149>
      <x150>573</x150>
      <y150>889</y150>
      <x151>570</x151>
      <y151>884</y151>
      <x152>566</x152>
      <y152>868</y152>
      <x153>561</x153>
      <y153>855</y153>
      <x154>560</x154>
      <y154>845</y154>
      <x155>559</x155>
      <y155>844</y155>
      <x156>558</x156>
      <y156>826</y156>
      <x157>557</x157>
      <y157>825</y157>
      <x158>557</x158>
      <y158>808</y158>
      <x159>555</x159>
      <y159>798</y159>
      <x160>553</x160>
      <y160>795</y160>
      <x161>553</x161>
      <y161>787</y161>
      <x162>552</x162>
      <y162>786</y162>
      <x163>553</x163>
      <y163>747</y163>
      <x164>549</x164>
      <y164>730</y164>
      <x165>547</x165>
      <y165>708</y165>
      <x166>543</x166>
      <y166>692</y166>
      <x167>543</x167>
      <y167>683</y167>
      <x168>546</x168>
      <y168>680</y168>
      <x169>555</x169>
      <y169>677</y169>
      <x170>560</x170>
      <y170>673</y170>
      <x171>561</x171>
      <y171>663</y171>
      <x172>559</x172>
      <y172>653</y172>
      <x173>556</x173>
      <y173>646</y173>
      <x174>555</x174>
      <y174>632</y174>
      <x175>552</x175>
      <y175>617</y175>
      <x176>547</x176>
      <y176>604</y176>
      <x177>547</x177>
      <y177>597</y177>
      <x178>538</x178>
      <y178>554</y178>
      <x179>538</x179>
      <y179>547</y179>
      <x180>541</x180>
      <y180>544</y180>
      <x181>545</x181>
      <y181>545</y181>
      <x182>560</x182>
      <y182>544</y182>
      <x183>564</x183>
      <y183>542</y183>
      <x184>574</x184>
      <y184>532</y184>
      <x185>575</x185>
      <y185>528</y185>
      <x186>587</x186>
      <y186>506</y186>
      <x187>595</x187>
      <y187>497</y187>
      <x188>596</x188>
      <y188>494</y188>
      <x189>594</x189>
      <y189>489</y189>
      <x190>595</x190>
      <y190>484</y190>
      <x191>607</x191>
      <y191>471</y191>
      <x192>619</x192>
      <y192>461</y192>
      <x193>622</x193>
      <y193>456</y193>
      <x194>623</x194>
      <y194>450</y194>
      <x195>621</x195>
      <y195>444</y195>
      <x196>618</x196>
      <y196>441</y196>
      <x197>612</x197>
      <y197>438</y197>
      <x198>605</x198>
      <y198>437</y198>
      <x199>595</x199>
      <y199>446</y199>
      <x200>592</x200>
      <y200>446</y200>
      <x201>584</x201>
      <y201>450</y201>
      <x202>577</x202>
      <y202>450</y202>
      <x203>575</x203>
      <y203>452</y203>
      <x204>572</x204>
      <y204>460</y204>
      <x205>570</x205>
      <y205>462</y205>
      <x206>564</x206>
      <y206>462</y206>
      <x207>561</x207>
      <y207>469</y207>
      <x208>556</x208>
      <y208>474</y208>
      <x209>554</x209>
      <y209>478</y209>
      <x210>551</x210>
      <y210>480</y210>
      <x211>548</x211>
      <y211>480</y211>
      <x212>545</x212>
      <y212>477</y212>
      <x213>537</x213>
      <y213>459</y213>
      <x214>532</x214>
      <y214>442</y214>
      <x215>526</x215>
      <y215>431</y215>
      <x216>526</x216>
      <y216>429</y216>
      <x217>532</x217>
      <y217>422</y217>
      <x218>543</x218>
      <y218>415</y218>
      <x219>548</x219>
      <y219>410</y219>
      <x220>551</x220>
      <y220>402</y220>
      <x221>558</x221>
      <y221>394</y221>
      <x222>565</x222>
      <y222>391</y222>
      <x223>570</x223>
      <y223>387</y223>
      <x224>574</x224>
      <y224>379</y224>
      <x225>575</x225>
      <y225>373</y225>
      <x226>574</x226>
      <y226>372</y226>
      <x227>574</x227>
      <y227>366</y227>
      <x228>566</x228>
      <y228>350</y228>
      <x229>553</x229>
      <y229>336</y229>
    </polygon>
  </object>
</annotation>
