<?xml version="1.0" ?>
<annotation>
  <folder>VOC</folder>
  <filename>11-2.png</filename>
  <source>
    <database>roboflow.ai</database>
  </source>
  <size>
    <width>1792</width>
    <height>1024</height>
    <depth>3</depth>
  </size>
  <segmented>0</segmented>
  <object>
    <name>person</name>
    <bndbox>
      <xmin>647</xmin>
      <ymin>93</ymin>
      <xmax>1093</xmax>
      <ymax>1021</ymax>
    </bndbox>
    <polygon>
      <x1>821</x1>
      <y1>93</y1>
      <x2>794</x2>
      <y2>100</y2>
      <x3>781</x3>
      <y3>109</y3>
      <x4>776</x4>
      <y4>111</y4>
      <x5>769</x5>
      <y5>120</y5>
      <x6>761</x6>
      <y6>135</y6>
      <x7>755</x7>
      <y7>143</y7>
      <x8>751</x8>
      <y8>154</y8>
      <x9>741</x9>
      <y9>172</y9>
      <x10>743</x10>
      <y10>192</y10>
      <x11>746</x11>
      <y11>198</y11>
      <x12>749</x12>
      <y12>201</y12>
      <x13>750</x13>
      <y13>205</y13>
      <x14>757</x14>
      <y14>212</y14>
      <x15>760</x15>
      <y15>219</y15>
      <x16>769</x16>
      <y16>224</y16>
      <x17>780</x17>
      <y17>226</y17>
      <x18>784</x18>
      <y18>223</y18>
      <x19>789</x19>
      <y19>223</y19>
      <x20>791</x20>
      <y20>225</y20>
      <x21>789</x21>
      <y21>235</y21>
      <x22>782</x22>
      <y22>243</y22>
      <x23>768</x23>
      <y23>253</y23>
      <x24>747</x24>
      <y24>263</y24>
      <x25>733</x25>
      <y25>266</y25>
      <x26>727</x26>
      <y26>269</y26>
      <x27>722</x27>
      <y27>274</y27>
      <x28>715</x28>
      <y28>278</y28>
      <x29>712</x29>
      <y29>278</y29>
      <x30>708</x30>
      <y30>280</y30>
      <x31>699</x31>
      <y31>298</y31>
      <x32>699</x32>
      <y32>301</y32>
      <x33>695</x33>
      <y33>312</y33>
      <x34>691</x34>
      <y34>347</y34>
      <x35>689</x35>
      <y35>353</y35>
      <x36>689</x36>
      <y36>361</y36>
      <x37>685</x37>
      <y37>376</y37>
      <x38>685</x38>
      <y38>383</y38>
      <x39>679</x39>
      <y39>413</y39>
      <x40>678</x40>
      <y40>425</y40>
      <x41>674</x41>
      <y41>437</y41>
      <x42>674</x42>
      <y42>442</y42>
      <x43>671</x43>
      <y43>450</y43>
      <x44>670</x44>
      <y44>457</y44>
      <x45>663</x45>
      <y45>475</y45>
      <x46>657</x46>
      <y46>504</y46>
      <x47>657</x47>
      <y47>521</y47>
      <x48>656</x48>
      <y48>522</y48>
      <x49>656</x49>
      <y49>582</y49>
      <x50>657</x50>
      <y50>583</y50>
      <x51>656</x51>
      <y51>586</y51>
      <x52>656</x52>
      <y52>608</y52>
      <x53>653</x53>
      <y53>619</y53>
      <x54>653</x54>
      <y54>625</y54>
      <x55>651</x55>
      <y55>630</y55>
      <x56>647</x56>
      <y56>669</y56>
      <x57>648</x57>
      <y57>670</y57>
      <x58>648</x58>
      <y58>678</y58>
      <x59>650</x59>
      <y59>688</y59>
      <x60>655</x60>
      <y60>698</y60>
      <x61>661</x61>
      <y61>703</y61>
      <x62>667</x62>
      <y62>706</y62>
      <x63>681</x63>
      <y63>705</y63>
      <x64>683</x64>
      <y64>700</y64>
      <x65>685</x65>
      <y65>675</y65>
      <x66>682</x66>
      <y66>669</y66>
      <x67>681</x67>
      <y67>654</y67>
      <x68>679</x68>
      <y68>649</y68>
      <x69>673</x69>
      <y69>641</y69>
      <x70>672</x70>
      <y70>603</y70>
      <x71>671</x71>
      <y71>602</y71>
      <x72>671</x72>
      <y72>590</y72>
      <x73>675</x73>
      <y73>586</y73>
      <x74>679</x74>
      <y74>584</y74>
      <x75>681</x75>
      <y75>576</y75>
      <x76>673</x76>
      <y76>569</y76>
      <x77>672</x77>
      <y77>563</y77>
      <x78>674</x78>
      <y78>561</y78>
      <x79>682</x79>
      <y79>562</y79>
      <x80>686</x80>
      <y80>556</y80>
      <x81>686</x81>
      <y81>536</y81>
      <x82>693</x82>
      <y82>528</y82>
      <x83>694</x83>
      <y83>521</y83>
      <x84>699</x84>
      <y84>508</y84>
      <x85>700</x85>
      <y85>491</y85>
      <x86>701</x86>
      <y86>490</y86>
      <x87>702</x87>
      <y87>462</y87>
      <x88>704</x88>
      <y88>457</y88>
      <x89>703</x89>
      <y89>452</y89>
      <x90>709</x90>
      <y90>448</y90>
      <x91>711</x91>
      <y91>445</y91>
      <x92>715</x92>
      <y92>430</y92>
      <x93>715</x93>
      <y93>423</y93>
      <x94>720</x94>
      <y94>416</y94>
      <x95>722</x95>
      <y95>409</y95>
      <x96>726</x96>
      <y96>403</y96>
      <x97>730</x97>
      <y97>394</y97>
      <x98>733</x98>
      <y98>395</y98>
      <x99>733</x99>
      <y99>398</y99>
      <x100>740</x100>
      <y100>419</y100>
      <x101>741</x101>
      <y101>445</y101>
      <x102>751</x102>
      <y102>471</y102>
      <x103>762</x103>
      <y103>491</y103>
      <x104>765</x104>
      <y104>500</y104>
      <x105>765</x105>
      <y105>509</y105>
      <x106>757</x106>
      <y106>524</y106>
      <x107>751</x107>
      <y107>541</y107>
      <x108>746</x108>
      <y108>551</y108>
      <x109>746</x109>
      <y109>554</y109>
      <x110>740</x110>
      <y110>570</y110>
      <x111>734</x111>
      <y111>592</y111>
      <x112>730</x112>
      <y112>613</y112>
      <x113>724</x113>
      <y113>633</y113>
      <x114>723</x114>
      <y114>644</y114>
      <x115>717</x115>
      <y115>666</y115>
      <x116>714</x116>
      <y116>670</y116>
      <x117>705</x117>
      <y117>690</y117>
      <x118>705</x118>
      <y118>694</y118>
      <x119>699</x119>
      <y119>716</y119>
      <x120>698</x120>
      <y120>727</y120>
      <x121>696</x121>
      <y121>731</y121>
      <x122>695</x122>
      <y122>740</y122>
      <x123>692</x123>
      <y123>750</y123>
      <x124>690</x124>
      <y124>766</y124>
      <x125>684</x125>
      <y125>789</y125>
      <x126>678</x126>
      <y126>803</y126>
      <x127>672</x127>
      <y127>825</y127>
      <x128>673</x128>
      <y128>836</y128>
      <x129>681</x129>
      <y129>854</y129>
      <x130>694</x130>
      <y130>872</y130>
      <x131>697</x131>
      <y131>879</y131>
      <x132>704</x132>
      <y132>887</y132>
      <x133>709</x133>
      <y133>896</y133>
      <x134>739</x134>
      <y134>912</y134>
      <x135>754</x135>
      <y135>916</y135>
      <x136>767</x136>
      <y136>916</y136>
      <x137>772</x137>
      <y137>920</y137>
      <x138>772</x138>
      <y138>927</y138>
      <x139>770</x139>
      <y139>932</y139>
      <x140>770</x140>
      <y140>973</y140>
      <x141>769</x141>
      <y141>974</y141>
      <x142>767</x142>
      <y142>991</y142>
      <x143>764</x143>
      <y143>996</y143>
      <x144>763</x144>
      <y144>1004</y144>
      <x145>756</x145>
      <y145>1013</y145>
      <x146>756</x146>
      <y146>1018</y146>
      <x147>758</x147>
      <y147>1020</y147>
      <x148>762</x148>
      <y148>1021</y148>
      <x149>794</x149>
      <y149>1021</y149>
      <x150>798</x150>
      <y150>1019</y150>
      <x151>799</x151>
      <y151>1005</y151>
      <x152>803</x152>
      <y152>997</y152>
      <x153>809</x153>
      <y153>990</y153>
      <x154>812</x154>
      <y154>984</y154>
      <x155>817</x155>
      <y155>979</y155>
      <x156>821</x156>
      <y156>971</y156>
      <x157>826</x157>
      <y157>966</y157>
      <x158>832</x158>
      <y158>955</y158>
      <x159>837</x159>
      <y159>952</y159>
      <x160>856</x160>
      <y160>958</y160>
      <x161>863</x161>
      <y161>958</y161>
      <x162>866</x162>
      <y162>960</y162>
      <x163>873</x163>
      <y163>972</y163>
      <x164>879</x164>
      <y164>988</y164>
      <x165>880</x165>
      <y165>1002</y165>
      <x166>876</x166>
      <y166>1012</y166>
      <x167>880</x167>
      <y167>1018</y167>
      <x168>888</x168>
      <y168>1020</y168>
      <x169>919</x169>
      <y169>1019</y169>
      <x170>929</x170>
      <y170>1015</y170>
      <x171>933</x171>
      <y171>1015</y171>
      <x172>937</x172>
      <y172>1012</y172>
      <x173>937</x173>
      <y173>1009</y173>
      <x174>934</x174>
      <y174>1005</y174>
      <x175>926</x175>
      <y175>1005</y175>
      <x176>922</x176>
      <y176>1003</y176>
      <x177>912</x177>
      <y177>994</y177>
      <x178>910</x178>
      <y178>990</y178>
      <x179>907</x179>
      <y179>977</y179>
      <x180>906</x180>
      <y180>945</y180>
      <x181>905</x181>
      <y181>944</y181>
      <x182>905</x182>
      <y182>941</y182>
      <x183>909</x183>
      <y183>936</y183>
      <x184>920</x184>
      <y184>930</y184>
      <x185>936</x185>
      <y185>927</y185>
      <x186>941</x186>
      <y186>922</y186>
      <x187>942</x187>
      <y187>913</y187>
      <x188>947</x188>
      <y188>909</y188>
      <x189>953</x189>
      <y189>909</y189>
      <x190>954</x190>
      <y190>908</y190>
      <x191>976</x191>
      <y191>909</y191>
      <x192>977</x192>
      <y192>908</y192>
      <x193>986</x193>
      <y193>908</y193>
      <x194>987</x194>
      <y194>907</y194>
      <x195>999</x195>
      <y195>907</y195>
      <x196>1003</x196>
      <y196>909</y196>
      <x197>1008</x197>
      <y197>916</y197>
      <x198>1018</x198>
      <y198>925</y198>
      <x199>1022</x199>
      <y199>925</y199>
      <x200>1042</x200>
      <y200>930</y200>
      <x201>1055</x201>
      <y201>929</y201>
      <x202>1061</x202>
      <y202>924</y202>
      <x203>1065</x203>
      <y203>916</y203>
      <x204>1069</x204>
      <y204>912</y204>
      <x205>1083</x205>
      <y205>904</y205>
      <x206>1092</x206>
      <y206>895</y206>
      <x207>1093</x207>
      <y207>891</y207>
      <x208>1088</x208>
      <y208>872</y208>
      <x209>1088</x209>
      <y209>867</y209>
      <x210>1085</x210>
      <y210>854</y210>
      <x211>1078</x211>
      <y211>835</y211>
      <x212>1070</x212>
      <y212>803</y212>
      <x213>1065</x213>
      <y213>792</y213>
      <x214>1061</x214>
      <y214>779</y214>
      <x215>1056</x215>
      <y215>770</y215>
      <x216>1052</x216>
      <y216>759</y216>
      <x217>1050</x217>
      <y217>757</y217>
      <x218>1043</x218>
      <y218>738</y218>
      <x219>1036</x219>
      <y219>725</y219>
      <x220>1033</x220>
      <y220>716</y220>
      <x221>1014</x221>
      <y221>677</y221>
      <x222>1012</x222>
      <y222>670</y222>
      <x223>1005</x223>
      <y223>656</y223>
      <x224>1001</x224>
      <y224>651</y224>
      <x225>989</x225>
      <y225>626</y225>
      <x226>986</x226>
      <y226>623</y226>
      <x227>979</x227>
      <y227>608</y227>
      <x228>971</x228>
      <y228>596</y228>
      <x229>969</x229>
      <y229>591</y229>
      <x230>964</x230>
      <y230>585</y230>
      <x231>959</x231>
      <y231>569</y231>
      <x232>958</x232>
      <y232>559</y232>
      <x233>957</x233>
      <y233>558</y233>
      <x234>957</x234>
      <y234>548</y234>
      <x235>954</x235>
      <y235>536</y235>
      <x236>953</x236>
      <y236>521</y236>
      <x237>948</x237>
      <y237>506</y237>
      <x238>948</x238>
      <y238>502</y238>
      <x239>941</x239>
      <y239>485</y239>
      <x240>938</x240>
      <y240>471</y240>
      <x241>936</x241>
      <y241>429</y241>
      <x242>935</x242>
      <y242>428</y242>
      <x243>935</x243>
      <y243>415</y243>
      <x244>934</x244>
      <y244>414</y244>
      <x245>934</x245>
      <y245>402</y245>
      <x246>933</x246>
      <y246>401</y246>
      <x247>934</x247>
      <y247>363</y247>
      <x248>938</x248>
      <y248>347</y248>
      <x249>938</x249>
      <y249>341</y249>
      <x250>940</x250>
      <y250>335</y250>
      <x251>942</x251>
      <y251>317</y251>
      <x252>943</x252>
      <y252>316</y252>
      <x253>943</x253>
      <y253>307</y253>
      <x254>944</x254>
      <y254>306</y254>
      <x255>943</x255>
      <y255>293</y255>
      <x256>940</x256>
      <y256>283</y256>
      <x257>936</x257>
      <y257>276</y257>
      <x258>930</x258>
      <y258>270</y258>
      <x259>920</x259>
      <y259>265</y259>
      <x260>911</x260>
      <y260>263</y260>
      <x261>897</x261>
      <y261>263</y261>
      <x262>886</x262>
      <y262>257</y262>
      <x263>878</x263>
      <y263>256</y263>
      <x264>865</x264>
      <y264>248</y264>
      <x265>857</x265>
      <y265>240</y265>
      <x266>856</x266>
      <y266>237</y266>
      <x267>857</x267>
      <y267>221</y267>
      <x268>858</x268>
      <y268>218</y268>
      <x269>863</x269>
      <y269>213</y269>
      <x270>872</x270>
      <y270>212</y270>
      <x271>883</x271>
      <y271>207</y271>
      <x272>886</x272>
      <y272>207</y272>
      <x273>898</x273>
      <y273>214</y273>
      <x274>902</x274>
      <y274>213</y274>
      <x275>905</x275>
      <y275>210</y275>
      <x276>906</x276>
      <y276>205</y276>
      <x277>903</x277>
      <y277>198</y277>
      <x278>905</x278>
      <y278>195</y278>
      <x279>906</x279>
      <y279>186</y279>
      <x280>909</x280>
      <y280>180</y280>
      <x281>911</x281>
      <y281>172</y281>
      <x282>911</x282>
      <y282>167</y282>
      <x283>910</x283>
      <y283>166</y283>
      <x284>911</x284>
      <y284>157</y284>
      <x285>909</x285>
      <y285>149</y285>
      <x286>898</x286>
      <y286>134</y286>
      <x287>896</x287>
      <y287>127</y287>
      <x288>888</x288>
      <y288>114</y288>
      <x289>878</x289>
      <y289>105</y289>
      <x290>870</x290>
      <y290>101</y290>
      <x291>842</x291>
      <y291>93</y291>
    </polygon>
  </object>
  <object>
    <name>person</name>
    <bndbox>
      <xmin>648</xmin>
      <ymin>93</ymin>
      <xmax>999</xmax>
      <ymax>1022</ymax>
    </bndbox>
    <polygon>
      <x1>844</x1>
      <y1>93</y1>
      <x2>821</x2>
      <y2>93</y2>
      <x3>794</x3>
      <y3>100</y3>
      <x4>790</x4>
      <y4>102</y4>
      <x5>782</x5>
      <y5>109</y5>
      <x6>773</x6>
      <y6>114</y6>
      <x7>762</x7>
      <y7>134</y7>
      <x8>756</x8>
      <y8>142</y8>
      <x9>752</x9>
      <y9>150</y9>
      <x10>751</x10>
      <y10>155</y10>
      <x11>742</x11>
      <y11>170</y11>
      <x12>744</x12>
      <y12>193</y12>
      <x13>750</x13>
      <y13>200</y13>
      <x14>750</x14>
      <y14>206</y14>
      <x15>757</x15>
      <y15>212</y15>
      <x16>760</x16>
      <y16>219</y16>
      <x17>772</x17>
      <y17>224</y17>
      <x18>779</x18>
      <y18>224</y18>
      <x19>785</x19>
      <y19>221</y19>
      <x20>789</x20>
      <y20>221</y20>
      <x21>792</x21>
      <y21>223</y21>
      <x22>793</x22>
      <y22>226</y22>
      <x23>789</x23>
      <y23>237</y23>
      <x24>784</x24>
      <y24>243</y24>
      <x25>781</x25>
      <y25>244</y25>
      <x26>771</x26>
      <y26>252</y26>
      <x27>767</x27>
      <y27>253</y27>
      <x28>755</x28>
      <y28>260</y28>
      <x29>742</x29>
      <y29>265</y29>
      <x30>732</x30>
      <y30>267</y30>
      <x31>726</x31>
      <y31>270</y31>
      <x32>715</x32>
      <y32>280</y32>
      <x33>709</x33>
      <y33>281</y33>
      <x34>703</x34>
      <y34>292</y34>
      <x35>700</x35>
      <y35>304</y35>
      <x36>696</x36>
      <y36>311</y36>
      <x37>695</x37>
      <y37>326</y37>
      <x38>693</x38>
      <y38>332</y38>
      <x39>693</x39>
      <y39>342</y39>
      <x40>689</x40>
      <y40>357</y40>
      <x41>688</x41>
      <y41>368</y41>
      <x42>686</x42>
      <y42>373</y42>
      <x43>686</x43>
      <y43>381</y43>
      <x44>680</x44>
      <y44>409</y44>
      <x45>679</x45>
      <y45>425</y45>
      <x46>674</x46>
      <y46>439</y46>
      <x47>674</x47>
      <y47>444</y47>
      <x48>671</x48>
      <y48>452</y48>
      <x49>670</x49>
      <y49>459</y49>
      <x50>668</x50>
      <y50>462</y50>
      <x51>664</x51>
      <y51>477</y51>
      <x52>662</x52>
      <y52>479</y52>
      <x53>658</x53>
      <y53>499</y53>
      <x54>658</x54>
      <y54>524</y54>
      <x55>656</x55>
      <y55>534</y55>
      <x56>657</x56>
      <y56>539</y56>
      <x57>657</x57>
      <y57>559</y57>
      <x58>656</x58>
      <y58>560</y58>
      <x59>656</x59>
      <y59>567</y59>
      <x60>657</x60>
      <y60>568</y60>
      <x61>657</x61>
      <y61>610</y61>
      <x62>653</x62>
      <y62>620</y62>
      <x63>653</x63>
      <y63>627</y63>
      <x64>651</x64>
      <y64>633</y64>
      <x65>651</x65>
      <y65>642</y65>
      <x66>650</x66>
      <y66>643</y66>
      <x67>650</x67>
      <y67>650</y67>
      <x68>648</x68>
      <y68>659</y68>
      <x69>648</x69>
      <y69>674</y69>
      <x70>652</x70>
      <y70>692</y70>
      <x71>654</x71>
      <y71>696</y71>
      <x72>661</x72>
      <y72>702</y72>
      <x73>668</x73>
      <y73>705</y73>
      <x74>673</x74>
      <y74>705</y74>
      <x75>674</x75>
      <y75>706</y75>
      <x76>679</x76>
      <y76>706</y76>
      <x77>685</x77>
      <y77>699</y77>
      <x78>687</x78>
      <y78>691</y78>
      <x79>687</x79>
      <y79>679</y79>
      <x80>683</x80>
      <y80>669</y80>
      <x81>683</x81>
      <y81>660</y81>
      <x82>681</x82>
      <y82>651</y82>
      <x83>673</x83>
      <y83>640</y83>
      <x84>673</x84>
      <y84>623</y84>
      <x85>672</x85>
      <y85>622</y85>
      <x86>672</x86>
      <y86>616</y86>
      <x87>670</x87>
      <y87>612</y87>
      <x88>669</x88>
      <y88>591</y88>
      <x89>671</x89>
      <y89>587</y89>
      <x90>676</x90>
      <y90>583</y90>
      <x91>673</x91>
      <y91>579</y91>
      <x92>670</x92>
      <y92>570</y92>
      <x93>670</x93>
      <y93>562</y93>
      <x94>673</x94>
      <y94>559</y94>
      <x95>678</x95>
      <y95>559</y95>
      <x96>681</x96>
      <y96>561</y96>
      <x97>684</x97>
      <y97>559</y97>
      <x98>686</x98>
      <y98>553</y98>
      <x99>685</x99>
      <y99>536</y99>
      <x100>688</x100>
      <y100>532</y100>
      <x101>691</x101>
      <y101>531</y101>
      <x102>695</x102>
      <y102>527</y102>
      <x103>695</x103>
      <y103>522</y103>
      <x104>700</x104>
      <y104>497</y104>
      <x105>700</x105>
      <y105>477</y105>
      <x106>702</x106>
      <y106>473</y106>
      <x107>702</x107>
      <y107>462</y107>
      <x108>704</x108>
      <y108>459</y108>
      <x109>702</x109>
      <y109>451</y109>
      <x110>704</x110>
      <y110>449</y110>
      <x111>709</x111>
      <y111>449</y111>
      <x112>714</x112>
      <y112>437</y112>
      <x113>715</x113>
      <y113>424</y113>
      <x114>720</x114>
      <y114>417</y114>
      <x115>721</x115>
      <y115>412</y115>
      <x116>729</x116>
      <y116>397</y116>
      <x117>732</x117>
      <y117>396</y117>
      <x118>735</x118>
      <y118>401</y118>
      <x119>737</x119>
      <y119>413</y119>
      <x120>740</x120>
      <y120>420</y120>
      <x121>741</x121>
      <y121>445</y121>
      <x122>744</x122>
      <y122>452</y122>
      <x123>744</x123>
      <y123>455</y123>
      <x124>749</x124>
      <y124>464</y124>
      <x125>751</x125>
      <y125>472</y125>
      <x126>755</x126>
      <y126>476</y126>
      <x127>758</x127>
      <y127>485</y127>
      <x128>763</x128>
      <y128>493</y128>
      <x129>765</x129>
      <y129>501</y129>
      <x130>764</x130>
      <y130>513</y130>
      <x131>758</x131>
      <y131>522</y131>
      <x132>757</x132>
      <y132>529</y132>
      <x133>752</x133>
      <y133>536</y133>
      <x134>752</x134>
      <y134>541</y134>
      <x135>747</x135>
      <y135>550</y135>
      <x136>741</x136>
      <y136>571</y136>
      <x137>737</x137>
      <y137>579</y137>
      <x138>736</x138>
      <y138>589</y138>
      <x139>734</x139>
      <y139>594</y139>
      <x140>734</x140>
      <y140>598</y140>
      <x141>731</x141>
      <y141>604</y141>
      <x142>731</x142>
      <y142>610</y142>
      <x143>728</x143>
      <y143>619</y143>
      <x144>728</x144>
      <y144>624</y144>
      <x145>723</x145>
      <y145>637</y145>
      <x146>724</x146>
      <y146>649</y146>
      <x147>720</x147>
      <y147>660</y147>
      <x148>720</x148>
      <y148>666</y148>
      <x149>712</x149>
      <y149>676</y149>
      <x150>705</x150>
      <y150>693</y150>
      <x151>705</x151>
      <y151>697</y151>
      <x152>702</x152>
      <y152>705</y152>
      <x153>702</x153>
      <y153>711</y153>
      <x154>700</x154>
      <y154>716</y154>
      <x155>700</x155>
      <y155>726</y155>
      <x156>697</x156>
      <y156>730</y156>
      <x157>695</x157>
      <y157>748</y157>
      <x158>694</x158>
      <y158>749</y158>
      <x159>696</x159>
      <y159>765</y159>
      <x160>689</x160>
      <y160>773</y160>
      <x161>685</x161>
      <y161>792</y161>
      <x162>680</x162>
      <y162>801</y162>
      <x163>678</x163>
      <y163>810</y163>
      <x164>675</x164>
      <y164>815</y164>
      <x165>673</x165>
      <y165>831</y165>
      <x166>676</x166>
      <y166>843</y166>
      <x167>680</x167>
      <y167>847</y167>
      <x168>680</x168>
      <y168>849</y168>
      <x169>684</x169>
      <y169>856</y169>
      <x170>692</x170>
      <y170>866</y170>
      <x171>698</x171>
      <y171>879</y171>
      <x172>712</x172>
      <y172>897</y172>
      <x173>746</x173>
      <y173>914</y173>
      <x174>753</x174>
      <y174>915</y174>
      <x175>759</x175>
      <y175>909</y175>
      <x176>765</x176>
      <y176>909</y176>
      <x177>771</x177>
      <y177>913</y177>
      <x178>773</x178>
      <y178>921</y178>
      <x179>770</x179>
      <y179>932</y179>
      <x180>770</x180>
      <y180>975</y180>
      <x181>764</x181>
      <y181>1002</y181>
      <x182>756</x182>
      <y182>1012</y182>
      <x183>756</x183>
      <y183>1019</y183>
      <x184>760</x184>
      <y184>1021</y184>
      <x185>770</x185>
      <y185>1021</y185>
      <x186>771</x186>
      <y186>1022</y186>
      <x187>795</x187>
      <y187>1021</y187>
      <x188>798</x188>
      <y188>1019</y188>
      <x189>799</x189>
      <y189>1017</y189>
      <x190>798</x190>
      <y190>1016</y190>
      <x191>798</x191>
      <y191>1007</y191>
      <x192>804</x192>
      <y192>994</y192>
      <x193>809</x193>
      <y193>989</y193>
      <x194>820</x194>
      <y194>972</y194>
      <x195>828</x195>
      <y195>963</y195>
      <x196>832</x196>
      <y196>955</y196>
      <x197>837</x197>
      <y197>951</y197>
      <x198>848</x198>
      <y198>955</y198>
      <x199>862</x199>
      <y199>957</y199>
      <x200>866</x200>
      <y200>960</y200>
      <x201>874</x201>
      <y201>973</y201>
      <x202>879</x202>
      <y202>986</y202>
      <x203>880</x203>
      <y203>1003</y203>
      <x204>877</x204>
      <y204>1009</y204>
      <x205>877</x205>
      <y205>1013</y205>
      <x206>884</x206>
      <y206>1019</y206>
      <x207>920</x207>
      <y207>1018</y207>
      <x208>930</x208>
      <y208>1014</y208>
      <x209>933</x209>
      <y209>1014</y209>
      <x210>937</x210>
      <y210>1011</y210>
      <x211>934</x211>
      <y211>1007</y211>
      <x212>926</x212>
      <y212>1007</y212>
      <x213>919</x213>
      <y213>1004</y213>
      <x214>910</x214>
      <y214>993</y214>
      <x215>907</x215>
      <y215>985</y215>
      <x216>907</x216>
      <y216>975</y216>
      <x217>906</x217>
      <y217>974</y217>
      <x218>906</x218>
      <y218>964</y218>
      <x219>905</x219>
      <y219>963</y219>
      <x220>905</x220>
      <y220>940</y220>
      <x221>914</x221>
      <y221>930</y221>
      <x222>920</x222>
      <y222>926</y222>
      <x223>925</x223>
      <y223>924</y223>
      <x224>934</x224>
      <y224>924</y224>
      <x225>940</x225>
      <y225>921</y225>
      <x226>941</x226>
      <y226>919</y226>
      <x227>941</x227>
      <y227>912</y227>
      <x228>938</x228>
      <y228>904</y228>
      <x229>935</x229>
      <y229>900</y229>
      <x230>934</x230>
      <y230>892</y230>
      <x231>931</x231>
      <y231>888</y231>
      <x232>928</x232>
      <y232>880</y232>
      <x233>919</x233>
      <y233>871</y233>
      <x234>919</x234>
      <y234>865</y234>
      <x235>917</x235>
      <y235>859</y235>
      <x236>918</x236>
      <y236>841</y236>
      <x237>926</x237>
      <y237>826</y237>
      <x238>926</x238>
      <y238>823</y238>
      <x239>929</x239>
      <y239>816</y239>
      <x240>928</x240>
      <y240>808</y240>
      <x241>932</x241>
      <y241>798</y241>
      <x242>935</x242>
      <y242>795</y242>
      <x243>939</x243>
      <y243>774</y243>
      <x244>946</x244>
      <y244>756</y244>
      <x245>948</x245>
      <y245>754</y245>
      <x246>950</x246>
      <y246>754</y246>
      <x247>953</x247>
      <y247>757</y247>
      <x248>954</x248>
      <y248>761</y248>
      <x249>956</x249>
      <y249>763</y249>
      <x250>963</x250>
      <y250>763</y250>
      <x251>967</x251>
      <y251>761</y251>
      <x252>977</x252>
      <y252>759</y252>
      <x253>981</x253>
      <y253>757</y253>
      <x254>995</x254>
      <y254>743</y254>
      <x255>998</x255>
      <y255>737</y255>
      <x256>998</x256>
      <y256>731</y256>
      <x257>999</x257>
      <y257>730</y257>
      <x258>999</x258>
      <y258>715</y258>
      <x259>996</x259>
      <y259>704</y259>
      <x260>986</x260>
      <y260>689</y260>
      <x261>984</x261>
      <y261>675</y261>
      <x262>982</x262>
      <y262>673</y262>
      <x263>978</x263>
      <y263>663</y263>
      <x264>975</x264>
      <y264>660</y264>
      <x265>973</x265>
      <y265>654</y265>
      <x266>972</x266>
      <y266>640</y266>
      <x267>970</x267>
      <y267>630</y267>
      <x268>968</x268>
      <y268>626</y268>
      <x269>968</x269>
      <y269>619</y269>
      <x270>964</x270>
      <y270>611</y270>
      <x271>965</x271>
      <y271>596</y271>
      <x272>962</x272>
      <y272>590</y272>
      <x273>962</x273>
      <y273>583</y273>
      <x274>958</x274>
      <y274>571</y274>
      <x275>956</x275>
      <y275>547</y275>
      <x276>954</x276>
      <y276>541</y276>
      <x277>952</x277>
      <y277>521</y277>
      <x278>947</x278>
      <y278>501</y278>
      <x279>945</x279>
      <y279>498</y279>
      <x280>938</x280>
      <y280>474</y280>
      <x281>936</x281>
      <y281>438</y281>
      <x282>935</x282>
      <y282>437</y282>
      <x283>935</x283>
      <y283>418</y283>
      <x284>933</x284>
      <y284>408</y284>
      <x285>932</x285>
      <y285>377</y285>
      <x286>933</x286>
      <y286>376</y286>
      <x287>933</x287>
      <y287>365</y287>
      <x288>938</x288>
      <y288>340</y288>
      <x289>940</x289>
      <y289>335</y289>
      <x290>942</x290>
      <y290>316</y290>
      <x291>943</x291>
      <y291>315</y291>
      <x292>942</x292>
      <y292>289</y292>
      <x293>939</x293>
      <y293>282</y293>
      <x294>928</x294>
      <y294>270</y294>
      <x295>912</x295>
      <y295>264</y295>
      <x296>894</x296>
      <y296>262</y296>
      <x297>886</x297>
      <y297>258</y297>
      <x298>878</x298>
      <y298>257</y298>
      <x299>866</x299>
      <y299>250</y299>
      <x300>857</x300>
      <y300>240</y300>
      <x301>855</x301>
      <y301>235</y301>
      <x302>857</x302>
      <y302>219</y302>
      <x303>861</x303>
      <y303>213</y303>
      <x304>865</x304>
      <y304>211</y304>
      <x305>870</x305>
      <y305>212</y305>
      <x306>879</x306>
      <y306>208</y306>
      <x307>886</x307>
      <y307>208</y307>
      <x308>892</x308>
      <y308>213</y308>
      <x309>896</x309>
      <y309>213</y309>
      <x310>906</x310>
      <y310>209</y310>
      <x311>907</x311>
      <y311>205</y311>
      <x312>904</x312>
      <y312>201</y312>
      <x313>904</x313>
      <y313>197</y313>
      <x314>906</x314>
      <y314>191</y314>
      <x315>906</x315>
      <y315>186</y315>
      <x316>910</x316>
      <y316>178</y316>
      <x317>911</x317>
      <y317>173</y317>
      <x318>909</x318>
      <y318>150</y318>
      <x319>903</x319>
      <y319>141</y319>
      <x320>898</x320>
      <y320>136</y320>
      <x321>895</x321>
      <y321>127</y321>
      <x322>888</x322>
      <y322>115</y322>
      <x323>878</x323>
      <y323>105</y323>
      <x324>871</x324>
      <y324>101</y324>
      <x325>863</x325>
      <y325>100</y325>
      <x326>847</x326>
      <y326>95</y326>
    </polygon>
  </object>
</annotation>
