<?xml version="1.0" ?>
<annotation>
  <folder>VOC</folder>
  <filename>111-1.png</filename>
  <source>
    <database>roboflow.ai</database>
  </source>
  <size>
    <width>1792</width>
    <height>1024</height>
    <depth>3</depth>
  </size>
  <segmented>0</segmented>
  <object>
    <name>person</name>
    <bndbox>
      <xmin>859</xmin>
      <ymin>881</ymin>
      <xmax>892</xmax>
      <ymax>965</ymax>
    </bndbox>
    <polygon>
      <x1>870</x1>
      <y1>881</y1>
      <x2>867</x2>
      <y2>884</y2>
      <x3>868</x3>
      <y3>893</y3>
      <x4>861</x4>
      <y4>899</y4>
      <x5>859</x5>
      <y5>904</y5>
      <x6>859</x6>
      <y6>933</y6>
      <x7>868</x7>
      <y7>947</y7>
      <x8>865</x8>
      <y8>960</y8>
      <x9>870</x9>
      <y9>960</y9>
      <x10>873</x10>
      <y10>957</y10>
      <x11>877</x11>
      <y11>945</y11>
      <x12>879</x12>
      <y12>947</y12>
      <x13>880</x13>
      <y13>962</y13>
      <x14>884</x14>
      <y14>965</y14>
      <x15>887</x15>
      <y15>963</y15>
      <x16>885</x16>
      <y16>952</y16>
      <x17>886</x17>
      <y17>929</y17>
      <x18>892</x18>
      <y18>920</y18>
      <x19>888</x19>
      <y19>899</y19>
      <x20>886</x20>
      <y20>896</y20>
      <x21>878</x21>
      <y21>893</y21>
      <x22>878</x22>
      <y22>883</y22>
    </polygon>
  </object>
  <object>
    <name>person</name>
    <bndbox>
      <xmin>733</xmin>
      <ymin>834</ymin>
      <xmax>769</xmax>
      <ymax>917</ymax>
    </bndbox>
    <polygon>
      <x1>744</x1>
      <y1>834</y1>
      <x2>740</x2>
      <y2>837</y2>
      <x3>740</x3>
      <y3>844</y3>
      <x4>735</x4>
      <y4>857</y4>
      <x5>733</x5>
      <y5>877</y5>
      <x6>741</x6>
      <y6>885</y6>
      <x7>743</x7>
      <y7>898</y7>
      <x8>748</x8>
      <y8>909</y8>
      <x9>749</x9>
      <y9>915</y9>
      <x10>751</x10>
      <y10>917</y10>
      <x11>754</x11>
      <y11>917</y11>
      <x12>760</x12>
      <y12>913</y12>
      <x13>765</x13>
      <y13>912</y13>
      <x14>765</x14>
      <y14>905</y14>
      <x15>762</x15>
      <y15>898</y15>
      <x16>763</x16>
      <y16>884</y16>
      <x17>769</x17>
      <y17>877</y17>
      <x18>769</x18>
      <y18>869</y18>
      <x19>763</x19>
      <y19>852</y19>
      <x20>754</x20>
      <y20>845</y20>
      <x21>752</x21>
      <y21>837</y21>
      <x22>750</x22>
      <y22>835</y22>
    </polygon>
  </object>
  <object>
    <name>person</name>
    <bndbox>
      <xmin>644</xmin>
      <ymin>883</ymin>
      <xmax>680</xmax>
      <ymax>953</ymax>
    </bndbox>
    <polygon>
      <x1>653</x1>
      <y1>883</y1>
      <x2>651</x2>
      <y2>886</y2>
      <x3>653</x3>
      <y3>893</y3>
      <x4>644</x4>
      <y4>900</y4>
      <x5>644</x5>
      <y5>913</y5>
      <x6>647</x6>
      <y6>924</y6>
      <x7>655</x7>
      <y7>932</y7>
      <x8>657</x8>
      <y8>937</y8>
      <x9>657</x9>
      <y9>949</y9>
      <x10>660</x10>
      <y10>953</y10>
      <x11>662</x11>
      <y11>953</y11>
      <x12>663</x12>
      <y12>951</y12>
      <x13>663</x13>
      <y13>942</y13>
      <x14>667</x14>
      <y14>936</y14>
      <x15>671</x15>
      <y15>940</y15>
      <x16>673</x16>
      <y16>952</y16>
      <x17>677</x17>
      <y17>953</y17>
      <x18>680</x18>
      <y18>947</y18>
      <x19>673</x19>
      <y19>929</y19>
      <x20>674</x20>
      <y20>918</y20>
      <x21>670</x21>
      <y21>903</y21>
      <x22>662</x22>
      <y22>893</y22>
      <x23>662</x23>
      <y23>885</y23>
    </polygon>
  </object>
</annotation>
