<?xml version="1.0" ?>
<annotation>
  <folder>VOC</folder>
  <filename>114-1.png</filename>
  <source>
    <database>roboflow.ai</database>
  </source>
  <size>
    <width>1792</width>
    <height>1024</height>
    <depth>3</depth>
  </size>
  <segmented>0</segmented>
  <object>
    <name>person</name>
    <bndbox>
      <xmin>67</xmin>
      <ymin>258</ymin>
      <xmax>935</xmax>
      <ymax>1019</ymax>
    </bndbox>
    <polygon>
      <x1>190</x1>
      <y1>298</y1>
      <x2>183</x2>
      <y2>310</y2>
      <x3>176</x3>
      <y3>330</y3>
      <x4>169</x4>
      <y4>375</y4>
      <x5>164</x5>
      <y5>381</y5>
      <x6>154</x6>
      <y6>384</y6>
      <x7>148</x7>
      <y7>389</y7>
      <x8>140</x8>
      <y8>393</y8>
      <x9>130</x9>
      <y9>402</y9>
      <x10>118</x10>
      <y10>416</y10>
      <x11>112</x11>
      <y11>429</y11>
      <x12>110</x12>
      <y12>438</y12>
      <x13>110</x13>
      <y13>445</y13>
      <x14>114</x14>
      <y14>457</y14>
      <x15>120</x15>
      <y15>465</y15>
      <x16>128</x16>
      <y16>481</y16>
      <x17>145</x17>
      <y17>497</y17>
      <x18>150</x18>
      <y18>499</y18>
      <x19>160</x19>
      <y19>508</y19>
      <x20>159</x20>
      <y20>510</y20>
      <x21>161</x21>
      <y21>529</y21>
      <x22>164</x22>
      <y22>535</y22>
      <x23>167</x23>
      <y23>555</y23>
      <x24>162</x24>
      <y24>558</y24>
      <x25>133</x25>
      <y25>559</y25>
      <x26>125</x26>
      <y26>565</y26>
      <x27>120</x27>
      <y27>573</y27>
      <x28>103</x28>
      <y28>625</y28>
      <x29>97</x29>
      <y29>650</y29>
      <x30>94</x30>
      <y30>677</y30>
      <x31>90</x31>
      <y31>684</y31>
      <x32>84</x32>
      <y32>690</y32>
      <x33>78</x33>
      <y33>713</y33>
      <x34>73</x34>
      <y34>718</y34>
      <x35>73</x35>
      <y35>734</y35>
      <x36>68</x36>
      <y36>744</y36>
      <x37>67</x37>
      <y37>750</y37>
      <x38>68</x38>
      <y38>754</y38>
      <x39>67</x39>
      <y39>777</y39>
      <x40>71</x40>
      <y40>791</y40>
      <x41>71</x41>
      <y41>804</y41>
      <x42>79</x42>
      <y42>830</y42>
      <x43>83</x43>
      <y43>837</y43>
      <x44>85</x44>
      <y44>847</y44>
      <x45>99</x45>
      <y45>879</y45>
      <x46>100</x46>
      <y46>886</y46>
      <x47>105</x47>
      <y47>893</y47>
      <x48>106</x48>
      <y48>898</y48>
      <x49>116</x49>
      <y49>915</y49>
      <x50>123</x50>
      <y50>923</y50>
      <x51>136</x51>
      <y51>931</y51>
      <x52>138</x52>
      <y52>934</y52>
      <x53>139</x53>
      <y53>943</y53>
      <x54>142</x54>
      <y54>950</y54>
      <x55>159</x55>
      <y55>962</y55>
      <x56>159</x56>
      <y56>969</y56>
      <x57>165</x57>
      <y57>975</y57>
      <x58>170</x58>
      <y58>984</y58>
      <x59>184</x59>
      <y59>1000</y59>
      <x60>191</x60>
      <y60>1003</y60>
      <x61>199</x61>
      <y61>1010</y61>
      <x62>219</x62>
      <y62>1015</y62>
      <x63>232</x63>
      <y63>1015</y63>
      <x64>245</x64>
      <y64>1017</y64>
      <x65>257</x65>
      <y65>1016</y65>
      <x66>275</x66>
      <y66>1018</y66>
      <x67>287</x67>
      <y67>1017</y67>
      <x68>288</x68>
      <y68>1018</y68>
      <x69>377</x69>
      <y69>1018</y69>
      <x70>378</x70>
      <y70>1019</y70>
      <x71>561</x71>
      <y71>1019</y71>
      <x72>562</x72>
      <y72>1018</y72>
      <x73>593</x73>
      <y73>1017</y73>
      <x74>600</x74>
      <y74>1014</y74>
      <x75>606</x75>
      <y75>1009</y75>
      <x76>616</x76>
      <y76>1005</y76>
      <x77>651</x77>
      <y77>1004</y77>
      <x78>652</x78>
      <y78>1005</y78>
      <x79>677</x79>
      <y79>1005</y79>
      <x80>688</x80>
      <y80>1007</y80>
      <x81>700</x81>
      <y81>1007</y81>
      <x82>701</x82>
      <y82>1006</y82>
      <x83>705</x83>
      <y83>1007</y83>
      <x84>756</x84>
      <y84>1007</y84>
      <x85>757</x85>
      <y85>1006</y85>
      <x86>806</x86>
      <y86>1007</y86>
      <x87>807</x87>
      <y87>1006</y87>
      <x88>828</x88>
      <y88>1006</y88>
      <x89>841</x89>
      <y89>1004</y89>
      <x90>882</x90>
      <y90>1002</y90>
      <x91>900</x91>
      <y91>999</y91>
      <x92>916</x92>
      <y92>994</y92>
      <x93>920</x93>
      <y93>991</y93>
      <x94>927</x94>
      <y94>989</y94>
      <x95>931</x95>
      <y95>985</y95>
      <x96>935</x96>
      <y96>969</y96>
      <x97>934</x97>
      <y97>947</y97>
      <x98>931</x98>
      <y98>939</y98>
      <x99>926</x99>
      <y99>934</y99>
      <x100>923</x100>
      <y100>928</y100>
      <x101>918</x101>
      <y101>923</y101>
      <x102>910</x102>
      <y102>911</y102>
      <x103>876</x103>
      <y103>872</y103>
      <x104>875</x104>
      <y104>869</y104>
      <x105>798</x105>
      <y105>789</y105>
      <x106>785</x106>
      <y106>780</y106>
      <x107>784</x107>
      <y107>777</y107>
      <x108>772</x108>
      <y108>765</y108>
      <x109>764</x109>
      <y109>752</y109>
      <x110>740</x110>
      <y110>721</y110>
      <x111>712</x111>
      <y111>693</y111>
      <x112>690</x112>
      <y112>679</y112>
      <x113>666</x113>
      <y113>671</y113>
      <x114>652</x114>
      <y114>670</y114>
      <x115>647</x115>
      <y115>667</y115>
      <x116>645</x116>
      <y116>660</y116>
      <x117>646</x117>
      <y117>659</y117>
      <x118>645</x118>
      <y118>645</y118>
      <x119>649</x119>
      <y119>615</y119>
      <x120>649</x120>
      <y120>604</y120>
      <x121>651</x121>
      <y121>590</y121>
      <x122>659</x122>
      <y122>571</y122>
      <x123>657</x123>
      <y123>564</y123>
      <x124>650</x124>
      <y124>551</y124>
      <x125>634</x125>
      <y125>534</y125>
      <x126>634</x126>
      <y126>527</y126>
      <x127>632</x127>
      <y127>523</y127>
      <x128>633</x128>
      <y128>502</y128>
      <x129>634</x129>
      <y129>501</y129>
      <x130>631</x130>
      <y130>485</y130>
      <x131>626</x131>
      <y131>481</y131>
      <x132>608</x132>
      <y132>476</y132>
      <x133>594</x133>
      <y133>476</y133>
      <x134>581</x134>
      <y134>479</y134>
      <x135>576</x135>
      <y135>482</y135>
      <x136>574</x136>
      <y136>487</y136>
      <x137>574</x137>
      <y137>495</y137>
      <x138>576</x138>
      <y138>498</y138>
      <x139>582</x139>
      <y139>494</y139>
      <x140>585</x140>
      <y140>496</y140>
      <x141>590</x141>
      <y141>513</y141>
      <x142>590</x142>
      <y142>525</y142>
      <x143>587</x143>
      <y143>536</y143>
      <x144>583</x144>
      <y144>542</y144>
      <x145>577</x145>
      <y145>545</y145>
      <x146>569</x146>
      <y146>545</y146>
      <x147>563</x147>
      <y147>539</y147>
      <x148>558</x148>
      <y148>539</y148>
      <x149>555</x149>
      <y149>536</y149>
      <x150>550</x150>
      <y150>527</y150>
      <x151>547</x151>
      <y151>511</y151>
      <x152>543</x152>
      <y152>502</y152>
      <x153>528</x153>
      <y153>486</y153>
      <x154>521</x154>
      <y154>482</y154>
      <x155>512</x155>
      <y155>482</y155>
      <x156>507</x156>
      <y156>486</y156>
      <x157>505</x157>
      <y157>492</y157>
      <x158>508</x158>
      <y158>528</y158>
      <x159>515</x159>
      <y159>535</y159>
      <x160>513</x160>
      <y160>545</y160>
      <x161>507</x161>
      <y161>549</y161>
      <x162>508</x162>
      <y162>555</y162>
      <x163>516</x163>
      <y163>556</y163>
      <x164>520</x164>
      <y164>560</y164>
      <x165>522</x165>
      <y165>566</y165>
      <x166>525</x166>
      <y166>569</y166>
      <x167>525</x167>
      <y167>571</y167>
      <x168>519</x168>
      <y168>576</y168>
      <x169>519</x169>
      <y169>578</y169>
      <x170>523</x170>
      <y170>582</y170>
      <x171>527</x171>
      <y171>583</y171>
      <x172>531</x172>
      <y172>590</y172>
      <x173>531</x173>
      <y173>599</y173>
      <x174>535</x174>
      <y174>614</y174>
      <x175>536</x175>
      <y175>625</y175>
      <x176>540</x176>
      <y176>634</y176>
      <x177>538</x177>
      <y177>640</y177>
      <x178>551</x178>
      <y178>648</y178>
      <x179>551</x179>
      <y179>654</y179>
      <x180>556</x180>
      <y180>658</y180>
      <x181>557</x181>
      <y181>662</y181>
      <x182>549</x182>
      <y182>664</y182>
      <x183>537</x183>
      <y183>664</y183>
      <x184>527</x184>
      <y184>667</y184>
      <x185>517</x185>
      <y185>667</y185>
      <x186>508</x186>
      <y186>665</y186>
      <x187>469</x187>
      <y187>666</y187>
      <x188>433</x188>
      <y188>661</y188>
      <x189>424</x189>
      <y189>661</y189>
      <x190>410</x190>
      <y190>657</y190>
      <x191>401</x191>
      <y191>657</y191>
      <x192>393</x192>
      <y192>663</y192>
      <x193>393</x193>
      <y193>669</y193>
      <x194>391</x194>
      <y194>674</y194>
      <x195>390</x195>
      <y195>701</y195>
      <x196>388</x196>
      <y196>708</y196>
      <x197>389</x197>
      <y197>721</y197>
      <x198>387</x198>
      <y198>727</y198>
      <x199>382</x199>
      <y199>726</y199>
      <x200>380</x200>
      <y200>724</y200>
      <x201>378</x201>
      <y201>714</y201>
      <x202>372</x202>
      <y202>705</y202>
      <x203>370</x203>
      <y203>696</y203>
      <x204>377</x204>
      <y204>687</y204>
      <x205>380</x205>
      <y205>677</y205>
      <x206>384</x206>
      <y206>672</y206>
      <x207>388</x207>
      <y207>662</y207>
      <x208>392</x208>
      <y208>661</y208>
      <x209>393</x209>
      <y209>636</y209>
      <x210>398</x210>
      <y210>618</y210>
      <x211>401</x211>
      <y211>591</y211>
      <x212>403</x212>
      <y212>587</y212>
      <x213>405</x213>
      <y213>576</y213>
      <x214>405</x214>
      <y214>561</y214>
      <x215>408</x215>
      <y215>532</y215>
      <x216>413</x216>
      <y216>521</y216>
      <x217>419</x217>
      <y217>515</y217>
      <x218>421</x218>
      <y218>508</y218>
      <x219>427</x219>
      <y219>501</y219>
      <x220>429</x220>
      <y220>495</y220>
      <x221>433</x221>
      <y221>491</y221>
      <x222>441</x222>
      <y222>487</y222>
      <x223>443</x223>
      <y223>472</y223>
      <x224>440</x224>
      <y224>467</y224>
      <x225>440</x225>
      <y225>464</y225>
      <x226>448</x226>
      <y226>455</y226>
      <x227>449</x227>
      <y227>452</y227>
      <x228>462</x228>
      <y228>441</y228>
      <x229>464</x229>
      <y229>437</y229>
      <x230>470</x230>
      <y230>432</y230>
      <x231>475</x231>
      <y231>425</y231>
      <x232>488</x232>
      <y232>397</y232>
      <x233>489</x233>
      <y233>390</y233>
      <x234>488</x234>
      <y234>386</y234>
      <x235>481</x235>
      <y235>377</y235>
      <x236>467</x236>
      <y236>369</y236>
      <x237>431</x237>
      <y237>355</y237>
      <x238>421</x238>
      <y238>355</y238>
      <x239>417</x239>
      <y239>351</y239>
      <x240>416</x240>
      <y240>346</y240>
      <x241>413</x241>
      <y241>340</y241>
      <x242>409</x242>
      <y242>336</y242>
      <x243>406</x243>
      <y243>329</y243>
      <x244>393</x244>
      <y244>273</y244>
      <x245>386</x245>
      <y245>263</y245>
      <x246>377</x246>
      <y246>258</y246>
      <x247>361</x247>
      <y247>258</y247>
      <x248>348</x248>
      <y248>261</y248>
      <x249>329</x249>
      <y249>263</y249>
      <x250>316</x250>
      <y250>261</y250>
      <x251>271</x251>
      <y251>261</y251>
      <x252>258</x252>
      <y252>263</y252>
      <x253>234</x253>
      <y253>269</y253>
      <x254>218</x254>
      <y254>276</y254>
      <x255>202</x255>
      <y255>287</y255>
    </polygon>
  </object>
  <object>
    <name>person</name>
    <bndbox>
      <xmin>475</xmin>
      <ymin>675</ymin>
      <xmax>644</xmax>
      <ymax>850</ymax>
    </bndbox>
    <polygon>
      <x1>478</x1>
      <y1>746</y1>
      <x2>491</x2>
      <y2>734</y2>
      <x3>492</x3>
      <y3>731</y3>
      <x4>502</x4>
      <y4>722</y4>
      <x5>504</x5>
      <y5>718</y5>
      <x6>508</x6>
      <y6>714</y6>
      <x7>515</x7>
      <y7>710</y7>
      <x8>521</x8>
      <y8>703</y8>
      <x9>537</x9>
      <y9>695</y9>
      <x10>539</x10>
      <y10>695</y10>
      <x11>545</x11>
      <y11>689</y11>
      <x12>557</x12>
      <y12>683</y12>
      <x13>564</x13>
      <y13>675</y13>
      <x14>569</x14>
      <y14>675</y14>
      <x15>574</x15>
      <y15>682</y15>
      <x16>582</x16>
      <y16>689</y16>
      <x17>583</x17>
      <y17>692</y17>
      <x18>587</x18>
      <y18>696</y18>
      <x19>590</x19>
      <y19>701</y19>
      <x20>590</x20>
      <y20>704</y20>
      <x21>584</x21>
      <y21>716</y21>
      <x22>580</x22>
      <y22>730</y22>
      <x23>580</x23>
      <y23>748</y23>
      <x24>581</x24>
      <y24>751</y24>
      <x25>586</x25>
      <y25>757</y25>
      <x26>586</x26>
      <y26>760</y26>
      <x27>589</x27>
      <y27>767</y27>
      <x28>592</x28>
      <y28>770</y28>
      <x29>595</x29>
      <y29>776</y29>
      <x30>598</x30>
      <y30>779</y30>
      <x31>600</x31>
      <y31>784</y31>
      <x32>603</x32>
      <y32>787</y32>
      <x33>606</x33>
      <y33>795</y33>
      <x34>612</x34>
      <y34>801</y34>
      <x35>614</x35>
      <y35>807</y35>
      <x36>641</x36>
      <y36>837</y36>
      <x37>644</x37>
      <y37>842</y37>
      <x38>644</x38>
      <y38>848</y38>
      <x39>643</x39>
      <y39>849</y39>
      <x40>632</x40>
      <y40>849</y40>
      <x41>631</x41>
      <y41>850</y41>
      <x42>601</x42>
      <y42>850</y42>
      <x43>592</x43>
      <y43>845</y43>
      <x44>587</x44>
      <y44>844</y44>
      <x45>577</x45>
      <y45>838</y45>
      <x46>564</x46>
      <y46>836</y46>
      <x47>562</x47>
      <y47>832</y47>
      <x48>550</x48>
      <y48>821</y48>
      <x49>545</x49>
      <y49>804</y49>
      <x50>542</x50>
      <y50>798</y50>
      <x51>537</x51>
      <y51>793</y51>
      <x52>528</x52>
      <y52>780</y52>
      <x53>515</x53>
      <y53>768</y53>
      <x54>508</x54>
      <y54>765</y54>
      <x55>497</x55>
      <y55>758</y55>
      <x56>488</x56>
      <y56>754</y56>
      <x57>482</x57>
      <y57>754</y57>
      <x58>476</x58>
      <y58>752</y58>
      <x59>475</x59>
      <y59>751</y59>
    </polygon>
  </object>
</annotation>
