<?xml version="1.0" ?>
<annotation>
  <folder>VOC</folder>
  <filename>118-2.png</filename>
  <source>
    <database>roboflow.ai</database>
  </source>
  <size>
    <width>1792</width>
    <height>1024</height>
    <depth>3</depth>
  </size>
  <segmented>0</segmented>
  <object>
    <name>person</name>
    <bndbox>
      <xmin>201</xmin>
      <ymin>486</ymin>
      <xmax>624</xmax>
      <ymax>945</ymax>
    </bndbox>
    <polygon>
      <x1>307</x1>
      <y1>501</y1>
      <x2>295</x2>
      <y2>513</y2>
      <x3>291</x3>
      <y3>521</y3>
      <x4>290</x4>
      <y4>526</y4>
      <x5>285</x5>
      <y5>533</y5>
      <x6>284</x6>
      <y6>537</y6>
      <x7>284</x7>
      <y7>555</y7>
      <x8>282</x8>
      <y8>557</y8>
      <x9>279</x9>
      <y9>552</y9>
      <x10>270</x10>
      <y10>551</y10>
      <x11>265</x11>
      <y11>553</y11>
      <x12>259</x12>
      <y12>558</y12>
      <x13>248</x13>
      <y13>564</y13>
      <x14>245</x14>
      <y14>570</y14>
      <x15>244</x15>
      <y15>577</y15>
      <x16>237</x16>
      <y16>587</y16>
      <x17>226</x17>
      <y17>610</y17>
      <x18>219</x18>
      <y18>632</y18>
      <x19>215</x19>
      <y19>671</y19>
      <x20>209</x20>
      <y20>694</y20>
      <x21>208</x21>
      <y21>719</y21>
      <x22>201</x22>
      <y22>743</y22>
      <x23>201</x23>
      <y23>758</y23>
      <x24>204</x24>
      <y24>768</y24>
      <x25>211</x25>
      <y25>783</y25>
      <x26>215</x26>
      <y26>788</y26>
      <x27>223</x27>
      <y27>808</y27>
      <x28>237</x28>
      <y28>831</y28>
      <x29>245</x29>
      <y29>839</y29>
      <x30>248</x30>
      <y30>844</y30>
      <x31>256</x31>
      <y31>844</y31>
      <x32>267</x32>
      <y32>847</y32>
      <x33>277</x33>
      <y33>847</y33>
      <x34>281</x34>
      <y34>845</y34>
      <x35>286</x35>
      <y35>845</y35>
      <x36>295</x36>
      <y36>848</y36>
      <x37>299</x37>
      <y37>848</y37>
      <x38>309</x38>
      <y38>846</y38>
      <x39>320</x39>
      <y39>842</y39>
      <x40>333</x40>
      <y40>842</y40>
      <x41>340</x41>
      <y41>840</y41>
      <x42>369</x42>
      <y42>838</y42>
      <x43>379</x43>
      <y43>841</y43>
      <x44>385</x44>
      <y44>847</y44>
      <x45>387</x45>
      <y45>851</y45>
      <x46>396</x46>
      <y46>859</y46>
      <x47>403</x47>
      <y47>859</y47>
      <x48>433</x48>
      <y48>850</y48>
      <x49>444</x49>
      <y49>850</y49>
      <x50>448</x50>
      <y50>854</y50>
      <x51>452</x51>
      <y51>865</y51>
      <x52>471</x52>
      <y52>889</y52>
      <x53>477</x53>
      <y53>899</y53>
      <x54>486</x54>
      <y54>908</y54>
      <x55>494</x55>
      <y55>913</y55>
      <x56>495</x56>
      <y56>917</y56>
      <x57>497</x57>
      <y57>919</y57>
      <x58>496</x58>
      <y58>923</y58>
      <x59>497</x59>
      <y59>932</y59>
      <x60>501</x60>
      <y60>938</y60>
      <x61>508</x61>
      <y61>942</y61>
      <x62>518</x62>
      <y62>943</y62>
      <x63>519</x63>
      <y63>944</y63>
      <x64>530</x64>
      <y64>944</y64>
      <x65>531</x65>
      <y65>945</y65>
      <x66>541</x66>
      <y66>945</y66>
      <x67>542</x67>
      <y67>944</y67>
      <x68>568</x68>
      <y68>945</y68>
      <x69>569</x69>
      <y69>944</y69>
      <x70>577</x70>
      <y70>944</y70>
      <x71>611</x71>
      <y71>935</y71>
      <x72>623</x72>
      <y72>928</y72>
      <x73>624</x73>
      <y73>926</y73>
      <x74>623</x74>
      <y74>919</y74>
      <x75>615</x75>
      <y75>914</y75>
      <x76>605</x76>
      <y76>913</y76>
      <x77>604</x77>
      <y77>912</y77>
      <x78>594</x78>
      <y78>912</y78>
      <x79>593</x79>
      <y79>911</y79>
      <x80>559</x80>
      <y80>909</y80>
      <x81>543</x81>
      <y81>905</y81>
      <x82>528</x82>
      <y82>904</y82>
      <x83>526</x83>
      <y83>902</y83>
      <x84>525</x84>
      <y84>899</y84>
      <x85>522</x85>
      <y85>896</y85>
      <x86>518</x86>
      <y86>885</y86>
      <x87>512</x87>
      <y87>874</y87>
      <x88>505</x88>
      <y88>855</y88>
      <x89>502</x89>
      <y89>843</y89>
      <x90>492</x90>
      <y90>821</y90>
      <x91>490</x91>
      <y91>814</y91>
      <x92>484</x92>
      <y92>807</y92>
      <x93>492</x93>
      <y93>802</y93>
      <x94>494</x94>
      <y94>802</y94>
      <x95>498</x95>
      <y95>805</y95>
      <x96>502</x96>
      <y96>805</y96>
      <x97>505</x97>
      <y97>803</y97>
      <x98>514</x98>
      <y98>803</y98>
      <x99>519</x99>
      <y99>801</y99>
      <x100>523</x100>
      <y100>801</y100>
      <x101>537</x101>
      <y101>794</y101>
      <x102>541</x102>
      <y102>790</y102>
      <x103>542</x103>
      <y103>787</y103>
      <x104>541</x104>
      <y104>780</y104>
      <x105>538</x105>
      <y105>773</y105>
      <x106>532</x106>
      <y106>767</y106>
      <x107>529</x107>
      <y107>766</y107>
      <x108>522</x108>
      <y108>759</y108>
      <x109>520</x109>
      <y109>755</y109>
      <x110>515</x110>
      <y110>755</y110>
      <x111>514</x111>
      <y111>754</y111>
      <x112>499</x112>
      <y112>755</y112>
      <x113>487</x113>
      <y113>761</y113>
      <x114>480</x114>
      <y114>758</y114>
      <x115>471</x115>
      <y115>761</y115>
      <x116>461</x116>
      <y116>761</y116>
      <x117>453</x117>
      <y117>759</y117>
      <x118>449</x118>
      <y118>755</y118>
      <x119>447</x119>
      <y119>750</y119>
      <x120>442</x120>
      <y120>745</y120>
      <x121>440</x121>
      <y121>739</y121>
      <x122>440</x122>
      <y122>729</y122>
      <x123>436</x123>
      <y123>722</y123>
      <x124>434</x124>
      <y124>714</y124>
      <x125>428</x125>
      <y125>707</y125>
      <x126>424</x126>
      <y126>706</y126>
      <x127>420</x127>
      <y127>700</y127>
      <x128>407</x128>
      <y128>689</y128>
      <x129>405</x129>
      <y129>684</y129>
      <x130>399</x130>
      <y130>677</y130>
      <x131>399</x131>
      <y131>672</y131>
      <x132>401</x132>
      <y132>670</y132>
      <x133>403</x133>
      <y133>670</y133>
      <x134>408</x134>
      <y134>673</y134>
      <x135>421</x135>
      <y135>675</y135>
      <x136>432</x136>
      <y136>681</y136>
      <x137>449</x137>
      <y137>687</y137>
      <x138>465</x138>
      <y138>697</y138>
      <x139>470</x139>
      <y139>696</y139>
      <x140>474</x140>
      <y140>697</y140>
      <x141>480</x141>
      <y141>702</y141>
      <x142>488</x142>
      <y142>717</y142>
      <x143>491</x143>
      <y143>727</y143>
      <x144>500</x144>
      <y144>741</y144>
      <x145>504</x145>
      <y145>743</y145>
      <x146>508</x146>
      <y146>743</y146>
      <x147>513</x147>
      <y147>749</y147>
      <x148>517</x148>
      <y148>747</y148>
      <x149>517</x149>
      <y149>743</y149>
      <x150>515</x150>
      <y150>739</y150>
      <x151>517</x151>
      <y151>729</y151>
      <x152>514</x152>
      <y152>718</y152>
      <x153>509</x153>
      <y153>713</y153>
      <x154>509</x154>
      <y154>711</y154>
      <x155>507</x155>
      <y155>709</y155>
      <x156>503</x156>
      <y156>709</y156>
      <x157>500</x157>
      <y157>707</y157>
      <x158>500</x158>
      <y158>705</y158>
      <x159>497</x159>
      <y159>701</y159>
      <x160>493</x160>
      <y160>691</y160>
      <x161>487</x161>
      <y161>685</y161>
      <x162>485</x162>
      <y162>680</y162>
      <x163>481</x163>
      <y163>676</y163>
      <x164>466</x164>
      <y164>668</y164>
      <x165>460</x165>
      <y165>662</y165>
      <x166>450</x166>
      <y166>657</y166>
      <x167>441</x167>
      <y167>650</y167>
      <x168>438</x168>
      <y168>646</y168>
      <x169>435</x169>
      <y169>645</y169>
      <x170>425</x170>
      <y170>635</y170>
      <x171>402</x171>
      <y171>620</y171>
      <x172>395</x172>
      <y172>614</y172>
      <x173>386</x173>
      <y173>614</y173>
      <x174>385</x174>
      <y174>613</y174>
      <x175>385</x175>
      <y175>611</y175>
      <x176>389</x176>
      <y176>607</y176>
      <x177>395</x177>
      <y177>590</y177>
      <x178>404</x178>
      <y178>583</y178>
      <x179>404</x179>
      <y179>579</y179>
      <x180>408</x180>
      <y180>570</y180>
      <x181>408</x181>
      <y181>560</y181>
      <x182>398</x182>
      <y182>543</y182>
      <x183>399</x183>
      <y183>535</y183>
      <x184>406</x184>
      <y184>529</y184>
      <x185>406</x185>
      <y185>519</y185>
      <x186>408</x186>
      <y186>515</y186>
      <x187>408</x187>
      <y187>508</y187>
      <x188>421</x188>
      <y188>503</y188>
      <x189>424</x189>
      <y189>501</y189>
      <x190>425</x190>
      <y190>495</y190>
      <x191>429</x191>
      <y191>494</y191>
      <x192>423</x192>
      <y192>494</y192>
      <x193>421</x193>
      <y193>492</y193>
      <x194>416</x194>
      <y194>491</y194>
      <x195>407</x195>
      <y195>494</y195>
      <x196>403</x196>
      <y196>497</y196>
      <x197>400</x197>
      <y197>497</y197>
      <x198>389</x198>
      <y198>488</y198>
      <x199>380</x199>
      <y199>486</y199>
      <x200>379</x200>
      <y200>487</y200>
      <x201>368</x201>
      <y201>487</y201>
      <x202>367</x202>
      <y202>486</y202>
      <x203>330</x203>
      <y203>487</y203>
      <x204>326</x204>
      <y204>488</y204>
    </polygon>
  </object>
  <object>
    <name>person</name>
    <bndbox>
      <xmin>766</xmin>
      <ymin>535</ymin>
      <xmax>1041</xmax>
      <ymax>915</ymax>
    </bndbox>
    <polygon>
      <x1>931</x1>
      <y1>538</y1>
      <x2>916</x2>
      <y2>535</y2>
      <x3>900</x3>
      <y3>535</y3>
      <x4>895</x4>
      <y4>537</y4>
      <x5>885</x5>
      <y5>544</y5>
      <x6>870</x6>
      <y6>561</y6>
      <x7>858</x7>
      <y7>583</y7>
      <x8>856</x8>
      <y8>590</y8>
      <x9>856</x9>
      <y9>602</y9>
      <x10>857</x10>
      <y10>603</y10>
      <x11>856</x11>
      <y11>630</y11>
      <x12>862</x12>
      <y12>643</y12>
      <x13>864</x13>
      <y13>653</y13>
      <x14>868</x14>
      <y14>662</y14>
      <x15>870</x15>
      <y15>671</y15>
      <x16>874</x16>
      <y16>677</y16>
      <x17>874</x17>
      <y17>687</y17>
      <x18>871</x18>
      <y18>691</y18>
      <x19>867</x19>
      <y19>691</y19>
      <x20>859</x20>
      <y20>694</y20>
      <x21>851</x21>
      <y21>694</y21>
      <x22>841</x22>
      <y22>703</y22>
      <x23>836</x23>
      <y23>705</y23>
      <x24>829</x24>
      <y24>705</y24>
      <x25>824</x25>
      <y25>707</y25>
      <x26>820</x26>
      <y26>707</y26>
      <x27>792</x27>
      <y27>715</y27>
      <x28>785</x28>
      <y28>721</y28>
      <x29>779</x29>
      <y29>734</y29>
      <x30>777</x30>
      <y30>742</y30>
      <x31>775</x31>
      <y31>762</y31>
      <x32>770</x32>
      <y32>770</y32>
      <x33>766</x33>
      <y33>780</y33>
      <x34>766</x34>
      <y34>790</y34>
      <x35>767</x35>
      <y35>791</y35>
      <x36>768</x36>
      <y36>810</y36>
      <x37>769</x37>
      <y37>811</y37>
      <x38>768</x38>
      <y38>823</y38>
      <x39>773</x39>
      <y39>847</y39>
      <x40>780</x40>
      <y40>863</y40>
      <x41>781</x41>
      <y41>893</y41>
      <x42>786</x42>
      <y42>910</y42>
      <x43>792</x43>
      <y43>915</y43>
      <x44>794</x44>
      <y44>915</y44>
      <x45>801</x45>
      <y45>910</y45>
      <x46>849</x46>
      <y46>905</y46>
      <x47>850</x47>
      <y47>904</y47>
      <x48>859</x48>
      <y48>904</y48>
      <x49>860</x49>
      <y49>903</y49>
      <x50>882</x50>
      <y50>902</y50>
      <x51>898</x51>
      <y51>899</y51>
      <x52>919</x52>
      <y52>898</y52>
      <x53>920</x53>
      <y53>897</y53>
      <x54>927</x54>
      <y54>897</y54>
      <x55>928</x55>
      <y55>896</y55>
      <x56>951</x56>
      <y56>893</y56>
      <x57>956</x57>
      <y57>891</y57>
      <x58>977</x58>
      <y58>889</y58>
      <x59>989</x59>
      <y59>886</y59>
      <x60>994</x60>
      <y60>879</y60>
      <x61>993</x61>
      <y61>870</y61>
      <x62>989</x62>
      <y62>860</y62>
      <x63>984</x63>
      <y63>855</y63>
      <x64>982</x64>
      <y64>851</y64>
      <x65>981</x65>
      <y65>844</y65>
      <x66>986</x66>
      <y66>828</y66>
      <x67>992</x67>
      <y67>817</y67>
      <x68>1014</x68>
      <y68>793</y68>
      <x69>1018</x69>
      <y69>785</y69>
      <x70>1021</x70>
      <y70>782</y70>
      <x71>1025</x71>
      <y71>773</y71>
      <x72>1026</x72>
      <y72>758</y72>
      <x73>1022</x73>
      <y73>752</y73>
      <x74>1022</x74>
      <y74>748</y74>
      <x75>1024</x75>
      <y75>741</y75>
      <x76>1032</x76>
      <y76>724</y76>
      <x77>1031</x77>
      <y77>717</y77>
      <x78>1036</x78>
      <y78>710</y78>
      <x79>1036</x79>
      <y79>705</y79>
      <x80>1041</x80>
      <y80>696</y80>
      <x81>1040</x81>
      <y81>683</y81>
      <x82>1037</x82>
      <y82>676</y82>
      <x83>1026</x83>
      <y83>668</y83>
      <x84>1021</x84>
      <y84>647</y84>
      <x85>1017</x85>
      <y85>639</y85>
      <x86>1001</x86>
      <y86>621</y86>
      <x87>997</x87>
      <y87>610</y87>
      <x88>997</x88>
      <y88>607</y88>
      <x89>992</x89>
      <y89>598</y89>
      <x90>989</x90>
      <y90>588</y90>
      <x91>982</x91>
      <y91>576</y91>
      <x92>976</x92>
      <y92>570</y92>
      <x93>972</x93>
      <y93>563</y93>
      <x94>957</x94>
      <y94>549</y94>
    </polygon>
  </object>
  <object>
    <name>person</name>
    <bndbox>
      <xmin>728</xmin>
      <ymin>29</ymin>
      <xmax>961</xmax>
      <ymax>306</ymax>
    </bndbox>
    <polygon>
      <x1>815</x1>
      <y1>32</y1>
      <x2>807</x2>
      <y2>37</y2>
      <x3>797</x3>
      <y3>47</y3>
      <x4>786</x4>
      <y4>65</y4>
      <x5>786</x5>
      <y5>71</y5>
      <x6>782</x6>
      <y6>78</y6>
      <x7>775</x7>
      <y7>81</y7>
      <x8>767</x8>
      <y8>81</y8>
      <x9>757</x9>
      <y9>84</y9>
      <x10>752</x10>
      <y10>88</y10>
      <x11>749</x11>
      <y11>94</y11>
      <x12>746</x12>
      <y12>104</y12>
      <x13>746</x13>
      <y13>121</y13>
      <x14>743</x14>
      <y14>132</y14>
      <x15>744</x15>
      <y15>148</y15>
      <x16>743</x16>
      <y16>149</y16>
      <x17>743</x17>
      <y17>158</y17>
      <x18>742</x18>
      <y18>159</y18>
      <x19>741</x19>
      <y19>175</y19>
      <x20>740</x20>
      <y20>176</y20>
      <x21>740</x21>
      <y21>200</y21>
      <x22>738</x22>
      <y22>208</y22>
      <x23>733</x23>
      <y23>217</y23>
      <x24>731</x24>
      <y24>225</y24>
      <x25>729</x25>
      <y25>227</y25>
      <x26>728</x26>
      <y26>233</y26>
      <x27>729</x27>
      <y27>234</y27>
      <x28>739</x28>
      <y28>233</y28>
      <x29>758</x29>
      <y29>225</y29>
      <x30>767</x30>
      <y30>224</y30>
      <x31>788</x31>
      <y31>215</y31>
      <x32>807</x32>
      <y32>212</y32>
      <x33>823</x33>
      <y33>206</y33>
      <x34>834</x34>
      <y34>200</y34>
      <x35>839</x35>
      <y35>195</y35>
      <x36>843</x36>
      <y36>193</y36>
      <x37>849</x37>
      <y37>193</y37>
      <x38>861</x38>
      <y38>190</y38>
      <x39>869</x39>
      <y39>184</y39>
      <x40>880</x40>
      <y40>179</y40>
      <x41>885</x41>
      <y41>179</y41>
      <x42>900</x42>
      <y42>173</y42>
      <x43>905</x43>
      <y43>174</y43>
      <x44>907</x44>
      <y44>180</y44>
      <x45>907</x45>
      <y45>204</y45>
      <x46>906</x46>
      <y46>205</y46>
      <x47>906</x47>
      <y47>211</y47>
      <x48>901</x48>
      <y48>220</y48>
      <x49>901</x49>
      <y49>226</y49>
      <x50>903</x50>
      <y50>231</y50>
      <x51>906</x51>
      <y51>234</y51>
      <x52>906</x52>
      <y52>242</y52>
      <x53>904</x53>
      <y53>246</y53>
      <x54>900</x54>
      <y54>250</y54>
      <x55>899</x55>
      <y55>254</y55>
      <x56>894</x56>
      <y56>258</y56>
      <x57>892</x57>
      <y57>264</y57>
      <x58>884</x58>
      <y58>270</y58>
      <x59>879</x59>
      <y59>284</y59>
      <x60>886</x60>
      <y60>297</y60>
      <x61>886</x61>
      <y61>301</y61>
      <x62>888</x62>
      <y62>305</y62>
      <x63>890</x63>
      <y63>306</y63>
      <x64>900</x64>
      <y64>306</y64>
      <x65>912</x65>
      <y65>303</y65>
      <x66>916</x66>
      <y66>301</y66>
      <x67>925</x67>
      <y67>291</y67>
      <x68>925</x68>
      <y68>286</y68>
      <x69>926</x69>
      <y69>285</y69>
      <x70>925</x70>
      <y70>281</y70>
      <x71>925</x71>
      <y71>261</y71>
      <x72>927</x72>
      <y72>256</y72>
      <x73>931</x73>
      <y73>252</y73>
      <x74>935</x74>
      <y74>250</y74>
      <x75>940</x75>
      <y75>249</y75>
      <x76>950</x76>
      <y76>251</y76>
      <x77>956</x77>
      <y77>249</y77>
      <x78>961</x78>
      <y78>244</y78>
      <x79>961</x79>
      <y79>240</y79>
      <x80>958</x80>
      <y80>233</y80>
      <x81>958</x81>
      <y81>226</y81>
      <x82>954</x82>
      <y82>222</y82>
      <x83>953</x83>
      <y83>217</y83>
      <x84>948</x84>
      <y84>208</y84>
      <x85>947</x85>
      <y85>184</y85>
      <x86>942</x86>
      <y86>171</y86>
      <x87>941</x87>
      <y87>154</y87>
      <x88>936</x88>
      <y88>133</y88>
      <x89>936</x89>
      <y89>123</y89>
      <x90>933</x90>
      <y90>114</y90>
      <x91>934</x91>
      <y91>113</y91>
      <x92>933</x92>
      <y92>99</y92>
      <x93>930</x93>
      <y93>88</y93>
      <x94>922</x94>
      <y94>76</y94>
      <x95>912</x95>
      <y95>70</y95>
      <x96>905</x96>
      <y96>68</y96>
      <x97>900</x97>
      <y97>68</y97>
      <x98>891</x98>
      <y98>64</y98>
      <x99>887</x99>
      <y99>60</y99>
      <x100>880</x100>
      <y100>49</y100>
      <x101>872</x101>
      <y101>44</y101>
      <x102>861</x102>
      <y102>34</y102>
      <x103>855</x103>
      <y103>31</y103>
      <x104>847</x104>
      <y104>29</y104>
      <x105>827</x105>
      <y105>29</y105>
    </polygon>
  </object>
  <object>
    <name>person</name>
    <bndbox>
      <xmin>1034</xmin>
      <ymin>394</ymin>
      <xmax>1445</xmax>
      <ymax>783</ymax>
    </bndbox>
    <polygon>
      <x1>1373</x1>
      <y1>412</y1>
      <x2>1369</x2>
      <y2>410</y2>
      <x3>1356</x3>
      <y3>399</y3>
      <x4>1348</x4>
      <y4>396</y4>
      <x5>1338</x5>
      <y5>395</y5>
      <x6>1337</x6>
      <y6>394</y6>
      <x7>1322</x7>
      <y7>394</y7>
      <x8>1306</x8>
      <y8>397</y8>
      <x9>1292</x9>
      <y9>404</y9>
      <x10>1284</x10>
      <y10>411</y10>
      <x11>1280</x11>
      <y11>418</y11>
      <x12>1277</x12>
      <y12>430</y12>
      <x13>1277</x13>
      <y13>449</y13>
      <x14>1278</x14>
      <y14>452</y14>
      <x15>1276</x15>
      <y15>460</y15>
      <x16>1273</x16>
      <y16>465</y16>
      <x17>1273</x17>
      <y17>479</y17>
      <x18>1262</x18>
      <y18>488</y18>
      <x19>1259</x19>
      <y19>488</y19>
      <x20>1255</x20>
      <y20>490</y20>
      <x21>1251</x21>
      <y21>494</y21>
      <x22>1247</x22>
      <y22>496</y22>
      <x23>1236</x23>
      <y23>514</y23>
      <x24>1225</x24>
      <y24>526</y24>
      <x25>1222</x25>
      <y25>534</y25>
      <x26>1217</x26>
      <y26>542</y26>
      <x27>1215</x27>
      <y27>570</y27>
      <x28>1211</x28>
      <y28>580</y28>
      <x29>1209</x29>
      <y29>593</y29>
      <x30>1208</x30>
      <y30>594</y30>
      <x31>1205</x31>
      <y31>590</y31>
      <x32>1203</x32>
      <y32>573</y32>
      <x33>1200</x33>
      <y33>570</y33>
      <x34>1191</x34>
      <y34>569</y34>
      <x35>1187</x35>
      <y35>567</y35>
      <x36>1172</x36>
      <y36>568</y36>
      <x37>1162</x37>
      <y37>578</y37>
      <x38>1161</x38>
      <y38>581</y38>
      <x39>1157</x39>
      <y39>585</y39>
      <x40>1141</x40>
      <y40>608</y40>
      <x41>1124</x41>
      <y41>628</y41>
      <x42>1119</x42>
      <y42>636</y42>
      <x43>1107</x43>
      <y43>649</y43>
      <x44>1106</x44>
      <y44>665</y44>
      <x45>1101</x45>
      <y45>671</y45>
      <x46>1091</x46>
      <y46>690</y46>
      <x47>1072</x47>
      <y47>709</y47>
      <x48>1058</x48>
      <y48>725</y48>
      <x49>1055</x49>
      <y49>730</y49>
      <x50>1036</x50>
      <y50>750</y50>
      <x51>1034</x51>
      <y51>756</y51>
      <x52>1034</x52>
      <y52>762</y52>
      <x53>1036</x53>
      <y53>766</y53>
      <x54>1044</x54>
      <y54>768</y54>
      <x55>1064</x55>
      <y55>769</y55>
      <x56>1071</x56>
      <y56>767</y56>
      <x57>1083</x57>
      <y57>757</y57>
      <x58>1093</x58>
      <y58>753</y58>
      <x59>1099</x59>
      <y59>754</y59>
      <x60>1103</x60>
      <y60>759</y60>
      <x61>1105</x61>
      <y61>757</y61>
      <x62>1111</x62>
      <y62>755</y62>
      <x63>1117</x63>
      <y63>741</y63>
      <x64>1118</x64>
      <y64>733</y64>
      <x65>1123</x65>
      <y65>732</y65>
      <x66>1128</x66>
      <y66>737</y66>
      <x67>1125</x67>
      <y67>745</y67>
      <x68>1119</x68>
      <y68>751</y68>
      <x69>1119</x69>
      <y69>753</y69>
      <x70>1115</x70>
      <y70>757</y70>
      <x71>1113</x71>
      <y71>757</y71>
      <x72>1111</x72>
      <y72>761</y72>
      <x73>1109</x73>
      <y73>762</y73>
      <x74>1103</x74>
      <y74>761</y74>
      <x75>1102</x75>
      <y75>768</y75>
      <x76>1104</x76>
      <y76>773</y76>
      <x77>1112</x77>
      <y77>778</y77>
      <x78>1129</x78>
      <y78>783</y78>
      <x79>1133</x79>
      <y79>783</y79>
      <x80>1138</x80>
      <y80>781</y80>
      <x81>1148</x81>
      <y81>767</y81>
      <x82>1151</x82>
      <y82>758</y82>
      <x83>1150</x83>
      <y83>757</y83>
      <x84>1150</x84>
      <y84>749</y84>
      <x85>1143</x85>
      <y85>734</y85>
      <x86>1143</x86>
      <y86>730</y86>
      <x87>1149</x87>
      <y87>716</y87>
      <x88>1158</x88>
      <y88>706</y88>
      <x89>1181</x89>
      <y89>686</y89>
      <x90>1192</x90>
      <y90>680</y90>
      <x91>1198</x91>
      <y91>680</y91>
      <x92>1199</x92>
      <y92>679</y92>
      <x93>1206</x93>
      <y93>684</y93>
      <x94>1207</x94>
      <y94>691</y94>
      <x95>1210</x95>
      <y95>697</y95>
      <x96>1226</x96>
      <y96>707</y96>
      <x97>1243</x97>
      <y97>722</y97>
      <x98>1245</x98>
      <y98>725</y98>
      <x99>1250</x99>
      <y99>729</y99>
      <x100>1255</x100>
      <y100>731</y100>
      <x101>1272</x101>
      <y101>747</y101>
      <x102>1280</x102>
      <y102>751</y102>
      <x103>1290</x103>
      <y103>759</y103>
      <x104>1309</x104>
      <y104>768</y104>
      <x105>1327</x105>
      <y105>769</y105>
      <x106>1333</x106>
      <y106>767</y106>
      <x107>1355</x107>
      <y107>749</y107>
      <x108>1360</x108>
      <y108>741</y108>
      <x109>1368</x109>
      <y109>732</y109>
      <x110>1370</x110>
      <y110>725</y110>
      <x111>1378</x111>
      <y111>719</y111>
      <x112>1396</x112>
      <y112>700</y112>
      <x113>1405</x113>
      <y113>693</y113>
      <x114>1411</x114>
      <y114>690</y114>
      <x115>1419</x115>
      <y115>682</y115>
      <x116>1425</x116>
      <y116>660</y116>
      <x117>1425</x117>
      <y117>647</y117>
      <x118>1426</x118>
      <y118>646</y118>
      <x119>1426</x119>
      <y119>637</y119>
      <x120>1427</x120>
      <y120>636</y120>
      <x121>1428</x121>
      <y121>626</y121>
      <x122>1434</x122>
      <y122>606</y122>
      <x123>1439</x123>
      <y123>596</y123>
      <x124>1439</x124>
      <y124>592</y124>
      <x125>1442</x125>
      <y125>586</y125>
      <x126>1443</x126>
      <y126>570</y126>
      <x127>1444</x127>
      <y127>569</y127>
      <x128>1444</x128>
      <y128>552</y128>
      <x129>1445</x129>
      <y129>551</y129>
      <x130>1445</x130>
      <y130>540</y130>
      <x131>1444</x131>
      <y131>539</y131>
      <x132>1445</x132>
      <y132>525</y132>
      <x133>1440</x133>
      <y133>512</y133>
      <x134>1432</x134>
      <y134>504</y134>
      <x135>1421</x135>
      <y135>500</y135>
      <x136>1409</x136>
      <y136>501</y136>
      <x137>1403</x137>
      <y137>494</y137>
      <x138>1404</x138>
      <y138>484</y138>
      <x139>1403</x139>
      <y139>483</y139>
      <x140>1402</x140>
      <y140>466</y140>
      <x141>1399</x141>
      <y141>455</y141>
      <x142>1395</x142>
      <y142>447</y142>
      <x143>1395</x143>
      <y143>444</y143>
      <x144>1387</x144>
      <y144>428</y144>
    </polygon>
  </object>
  <object>
    <name>person</name>
    <bndbox>
      <xmin>1240</xmin>
      <ymin>520</ymin>
      <xmax>1315</xmax>
      <ymax>607</ymax>
    </bndbox>
    <polygon>
      <x1>1297</x1>
      <y1>520</y1>
      <x2>1300</x2>
      <y2>523</y2>
      <x3>1302</x3>
      <y3>529</y3>
      <x4>1310</x4>
      <y4>536</y4>
      <x5>1312</x5>
      <y5>540</y5>
      <x6>1315</x6>
      <y6>557</y6>
      <x7>1309</x7>
      <y7>564</y7>
      <x8>1303</x8>
      <y8>567</y8>
      <x9>1298</x9>
      <y9>567</y9>
      <x10>1289</x10>
      <y10>570</y10>
      <x11>1283</x11>
      <y11>574</y11>
      <x12>1278</x12>
      <y12>585</y12>
      <x13>1277</x13>
      <y13>606</y13>
      <x14>1276</x14>
      <y14>607</y14>
      <x15>1269</x15>
      <y15>606</y15>
      <x16>1262</x16>
      <y16>602</y16>
      <x17>1257</x17>
      <y17>604</y17>
      <x18>1250</x18>
      <y18>604</y18>
      <x19>1244</x19>
      <y19>598</y19>
      <x20>1240</x20>
      <y20>587</y20>
      <x21>1240</x21>
      <y21>574</y21>
      <x22>1241</x22>
      <y22>573</y22>
      <x23>1242</x23>
      <y23>559</y23>
      <x24>1244</x24>
      <y24>550</y24>
      <x25>1248</x25>
      <y25>546</y25>
      <x26>1254</x26>
      <y26>543</y26>
      <x27>1271</x27>
      <y27>537</y27>
      <x28>1285</x28>
      <y28>528</y28>
      <x29>1292</x29>
      <y29>521</y29>
    </polygon>
  </object>
  <object>
    <name>person</name>
    <bndbox>
      <xmin>361</xmin>
      <ymin>64</ymin>
      <xmax>713</xmax>
      <ymax>368</ymax>
    </bndbox>
    <polygon>
      <x1>574</x1>
      <y1>69</y1>
      <x2>568</x2>
      <y2>66</y2>
      <x3>558</x3>
      <y3>64</y3>
      <x4>541</x4>
      <y4>64</y4>
      <x5>520</x5>
      <y5>73</y5>
      <x6>506</x6>
      <y6>85</y6>
      <x7>504</x7>
      <y7>89</y7>
      <x8>503</x8>
      <y8>103</y8>
      <x9>499</x9>
      <y9>108</y9>
      <x10>502</x10>
      <y10>122</y10>
      <x11>493</x11>
      <y11>127</y11>
      <x12>485</x12>
      <y12>134</y12>
      <x13>474</x13>
      <y13>139</y13>
      <x14>471</x14>
      <y14>142</y14>
      <x15>465</x15>
      <y15>145</y15>
      <x16>451</x16>
      <y16>158</y16>
      <x17>447</x17>
      <y17>160</y17>
      <x18>440</x18>
      <y18>168</y18>
      <x19>436</x19>
      <y19>178</y19>
      <x20>434</x20>
      <y20>200</y20>
      <x21>430</x21>
      <y21>217</y21>
      <x22>421</x22>
      <y22>234</y22>
      <x23>411</x23>
      <y23>247</y23>
      <x24>404</x24>
      <y24>254</y24>
      <x25>401</x25>
      <y25>261</y25>
      <x26>394</x26>
      <y26>269</y26>
      <x27>391</x27>
      <y27>269</y27>
      <x28>388</x28>
      <y28>267</y28>
      <x29>384</x29>
      <y29>272</y29>
      <x30>377</x30>
      <y30>272</y30>
      <x31>374</x31>
      <y31>269</y31>
      <x32>374</x32>
      <y32>262</y32>
      <x33>368</x33>
      <y33>259</y33>
      <x34>364</x34>
      <y34>262</y34>
      <x35>364</x35>
      <y35>264</y35>
      <x36>361</x36>
      <y36>268</y36>
      <x37>361</x37>
      <y37>271</y37>
      <x38>363</x38>
      <y38>274</y38>
      <x39>362</x39>
      <y39>282</y39>
      <x40>367</x40>
      <y40>291</y40>
      <x41>368</x41>
      <y41>296</y41>
      <x42>374</x42>
      <y42>306</y42>
      <x43>379</x43>
      <y43>311</y43>
      <x44>380</x44>
      <y44>314</y44>
      <x45>383</x45>
      <y45>315</y45>
      <x46>385</x46>
      <y46>310</y46>
      <x47>389</x47>
      <y47>307</y47>
      <x48>394</x48>
      <y48>310</y48>
      <x49>394</x49>
      <y49>313</y49>
      <x50>391</x50>
      <y50>316</y50>
      <x51>386</x51>
      <y51>317</y51>
      <x52>386</x52>
      <y52>325</y52>
      <x53>393</x53>
      <y53>332</y53>
      <x54>400</x54>
      <y54>333</y54>
      <x55>406</x55>
      <y55>338</y55>
      <x56>404</x56>
      <y56>346</y56>
      <x57>410</x57>
      <y57>352</y57>
      <x58>411</x58>
      <y58>362</y58>
      <x59>414</x59>
      <y59>368</y59>
      <x60>421</x60>
      <y60>368</y60>
      <x61>427</x61>
      <y61>366</y61>
      <x62>448</x62>
      <y62>355</y62>
      <x63>453</x63>
      <y63>354</y63>
      <x64>461</x64>
      <y64>349</y64>
      <x65>469</x65>
      <y65>346</y65>
      <x66>478</x66>
      <y66>340</y66>
      <x67>491</x67>
      <y67>336</y67>
      <x68>508</x68>
      <y68>336</y68>
      <x69>517</x69>
      <y69>339</y69>
      <x70>521</x70>
      <y70>339</y70>
      <x71>530</x71>
      <y71>343</y71>
      <x72>537</x72>
      <y72>343</y72>
      <x73>543</x73>
      <y73>339</y73>
      <x74>552</x74>
      <y74>338</y74>
      <x75>576</x75>
      <y75>330</y75>
      <x76>582</x76>
      <y76>332</y76>
      <x77>605</x77>
      <y77>333</y77>
      <x78>625</x78>
      <y78>329</y78>
      <x79>629</x79>
      <y79>326</y79>
      <x80>630</x80>
      <y80>323</y80>
      <x81>634</x81>
      <y81>319</y81>
      <x82>639</x82>
      <y82>317</y82>
      <x83>642</x83>
      <y83>314</y83>
      <x84>644</x84>
      <y84>306</y84>
      <x85>644</x85>
      <y85>298</y85>
      <x86>648</x86>
      <y86>296</y86>
      <x87>653</x87>
      <y87>291</y87>
      <x88>660</x88>
      <y88>291</y88>
      <x89>664</x89>
      <y89>299</y89>
      <x90>668</x90>
      <y90>302</y90>
      <x91>672</x91>
      <y91>308</y91>
      <x92>679</x92>
      <y92>315</y92>
      <x93>682</x93>
      <y93>316</y93>
      <x94>688</x94>
      <y94>322</y94>
      <x95>692</x95>
      <y95>324</y95>
      <x96>697</x96>
      <y96>325</y96>
      <x97>703</x97>
      <y97>323</y97>
      <x98>708</x98>
      <y98>318</y98>
      <x99>713</x99>
      <y99>306</y99>
      <x100>712</x100>
      <y100>293</y100>
      <x101>697</x101>
      <y101>280</y101>
      <x102>690</x102>
      <y102>278</y102>
      <x103>683</x103>
      <y103>273</y103>
      <x104>678</x104>
      <y104>261</y104>
      <x105>678</x105>
      <y105>257</y105>
      <x106>674</x106>
      <y106>249</y106>
      <x107>665</x107>
      <y107>240</y107>
      <x108>658</x108>
      <y108>227</y108>
      <x109>650</x109>
      <y109>216</y109>
      <x110>644</x110>
      <y110>204</y110>
      <x111>639</x111>
      <y111>198</y111>
      <x112>627</x112>
      <y112>170</y112>
      <x113>627</x113>
      <y113>166</y113>
      <x114>624</x114>
      <y114>157</y114>
      <x115>624</x115>
      <y115>147</y115>
      <x116>622</x116>
      <y116>138</y116>
      <x117>615</x117>
      <y117>124</y117>
      <x118>611</x118>
      <y118>119</y118>
      <x119>603</x119>
      <y119>112</y119>
      <x120>599</x120>
      <y120>110</y120>
      <x121>576</x121>
      <y121>111</y121>
      <x122>573</x122>
      <y122>109</y122>
      <x123>573</x123>
      <y123>102</y123>
      <x124>577</x124>
      <y124>97</y124>
      <x125>582</x125>
      <y125>85</y125>
      <x126>582</x126>
      <y126>78</y126>
      <x127>580</x127>
      <y127>74</y127>
    </polygon>
  </object>
  <object>
    <name>person</name>
    <bndbox>
      <xmin>1197</xmin>
      <ymin>179</ymin>
      <xmax>1540</xmax>
      <ymax>529</ymax>
    </bndbox>
    <polygon>
      <x1>1368</x1>
      <y1>184</y1>
      <x2>1339</x2>
      <y2>204</y2>
      <x3>1331</x3>
      <y3>214</y3>
      <x4>1331</x4>
      <y4>221</y4>
      <x5>1334</x5>
      <y5>229</y5>
      <x6>1347</x6>
      <y6>239</y6>
      <x7>1351</x7>
      <y7>244</y7>
      <x8>1351</x8>
      <y8>257</y8>
      <x9>1347</x9>
      <y9>269</y9>
      <x10>1340</x10>
      <y10>272</y10>
      <x11>1336</x11>
      <y11>272</y11>
      <x12>1333</x12>
      <y12>276</y12>
      <x13>1327</x13>
      <y13>278</y13>
      <x14>1324</x14>
      <y14>281</y14>
      <x15>1305</x15>
      <y15>289</y15>
      <x16>1276</x16>
      <y16>315</y16>
      <x17>1268</x17>
      <y17>320</y17>
      <x18>1255</x18>
      <y18>331</y18>
      <x19>1251</x19>
      <y19>336</y19>
      <x20>1243</x20>
      <y20>341</y20>
      <x21>1238</x21>
      <y21>346</y21>
      <x22>1237</x22>
      <y22>350</y22>
      <x23>1233</x23>
      <y23>354</y23>
      <x24>1233</x24>
      <y24>358</y24>
      <x25>1230</x25>
      <y25>361</y25>
      <x26>1220</x26>
      <y26>361</y26>
      <x27>1218</x27>
      <y27>363</y27>
      <x28>1216</x28>
      <y28>369</y28>
      <x29>1213</x29>
      <y29>372</y29>
      <x30>1207</x30>
      <y30>372</y30>
      <x31>1203</x31>
      <y31>368</y31>
      <x32>1199</x32>
      <y32>368</y32>
      <x33>1197</x33>
      <y33>374</y33>
      <x34>1200</x34>
      <y34>387</y34>
      <x35>1207</x35>
      <y35>392</y35>
      <x36>1222</x36>
      <y36>391</y36>
      <x37>1228</x37>
      <y37>398</y37>
      <x38>1234</x38>
      <y38>395</y38>
      <x39>1241</x39>
      <y39>396</y39>
      <x40>1246</x40>
      <y40>392</y40>
      <x41>1249</x41>
      <y41>386</y41>
      <x42>1252</x42>
      <y42>384</y42>
      <x43>1253</x43>
      <y43>381</y43>
      <x44>1262</x44>
      <y44>369</y44>
      <x45>1264</x45>
      <y45>369</y45>
      <x46>1266</x46>
      <y46>372</y46>
      <x47>1270</x47>
      <y47>374</y47>
      <x48>1276</x48>
      <y48>372</y48>
      <x49>1286</x49>
      <y49>360</y49>
      <x50>1295</x50>
      <y50>355</y50>
      <x51>1305</x51>
      <y51>345</y51>
      <x52>1316</x52>
      <y52>339</y52>
      <x53>1320</x53>
      <y53>339</y53>
      <x54>1328</x54>
      <y54>336</y54>
      <x55>1332</x55>
      <y55>331</y55>
      <x56>1338</x56>
      <y56>328</y56>
      <x57>1349</x57>
      <y57>319</y57>
      <x58>1370</x58>
      <y58>310</y58>
      <x59>1373</x59>
      <y59>308</y59>
      <x60>1376</x60>
      <y60>303</y60>
      <x61>1381</x61>
      <y61>303</y61>
      <x62>1383</x62>
      <y62>310</y62>
      <x63>1383</x63>
      <y63>324</y63>
      <x64>1384</x64>
      <y64>325</y64>
      <x65>1383</x65>
      <y65>353</y65>
      <x66>1381</x66>
      <y66>360</y66>
      <x67>1372</x67>
      <y67>368</y67>
      <x68>1372</x68>
      <y68>373</y68>
      <x69>1363</x69>
      <y69>380</y69>
      <x70>1362</x70>
      <y70>389</y70>
      <x71>1365</x71>
      <y71>394</y71>
      <x72>1365</x72>
      <y72>402</y72>
      <x73>1375</x73>
      <y73>410</y73>
      <x74>1390</x74>
      <y74>425</y74>
      <x75>1392</x75>
      <y75>431</y75>
      <x76>1397</x76>
      <y76>437</y76>
      <x77>1398</x77>
      <y77>446</y77>
      <x78>1403</x78>
      <y78>459</y78>
      <x79>1404</x79>
      <y79>468</y79>
      <x80>1406</x80>
      <y80>473</y80>
      <x81>1408</x81>
      <y81>491</y81>
      <x82>1414</x82>
      <y82>495</y82>
      <x83>1426</x83>
      <y83>496</y83>
      <x84>1430</x84>
      <y84>498</y84>
      <x85>1436</x85>
      <y85>504</y85>
      <x86>1439</x86>
      <y86>505</y86>
      <x87>1446</x87>
      <y87>516</y87>
      <x88>1448</x88>
      <y88>524</y88>
      <x89>1452</x89>
      <y89>528</y89>
      <x90>1460</x90>
      <y90>529</y90>
      <x91>1465</x91>
      <y91>527</y91>
      <x92>1475</x92>
      <y92>526</y92>
      <x93>1503</x93>
      <y93>519</y93>
      <x94>1521</x94>
      <y94>517</y94>
      <x95>1535</x95>
      <y95>507</y95>
      <x96>1538</x96>
      <y96>502</y96>
      <x97>1539</x97>
      <y97>465</y97>
      <x98>1540</x98>
      <y98>464</y98>
      <x99>1540</x99>
      <y99>438</y99>
      <x100>1539</x100>
      <y100>437</y100>
      <x101>1539</x101>
      <y101>428</y101>
      <x102>1538</x102>
      <y102>427</y102>
      <x103>1538</x103>
      <y103>414</y103>
      <x104>1534</x104>
      <y104>395</y104>
      <x105>1531</x105>
      <y105>364</y105>
      <x106>1525</x106>
      <y106>336</y106>
      <x107>1518</x107>
      <y107>324</y107>
      <x108>1498</x108>
      <y108>296</y108>
      <x109>1485</x109>
      <y109>281</y109>
      <x110>1467</x110>
      <y110>263</y110>
      <x111>1463</x111>
      <y111>261</y111>
      <x112>1458</x112>
      <y112>256</y112>
      <x113>1453</x113>
      <y113>256</y113>
      <x114>1448</x114>
      <y114>252</y114>
      <x115>1445</x115>
      <y115>243</y115>
      <x116>1445</x116>
      <y116>228</y116>
      <x117>1443</x117>
      <y117>221</y117>
      <x118>1438</x118>
      <y118>213</y118>
      <x119>1426</x119>
      <y119>199</y119>
      <x120>1417</x120>
      <y120>193</y120>
      <x121>1412</x121>
      <y121>187</y121>
      <x122>1404</x122>
      <y122>182</y122>
      <x123>1394</x123>
      <y123>181</y123>
      <x124>1389</x124>
      <y124>179</y124>
      <x125>1381</x125>
      <y125>179</y125>
      <x126>1373</x126>
      <y126>183</y126>
    </polygon>
  </object>
  <object>
    <name>person</name>
    <bndbox>
      <xmin>1071</xmin>
      <ymin>14</ymin>
      <xmax>1332</xmax>
      <ymax>272</ymax>
    </bndbox>
    <polygon>
      <x1>1176</x1>
      <y1>14</y1>
      <x2>1174</x2>
      <y2>16</y2>
      <x3>1173</x3>
      <y3>25</y3>
      <x4>1171</x4>
      <y4>27</y4>
      <x5>1167</x5>
      <y5>27</y5>
      <x6>1163</x6>
      <y6>29</y6>
      <x7>1162</x7>
      <y7>31</y7>
      <x8>1163</x8>
      <y8>37</y8>
      <x9>1162</x9>
      <y9>38</y9>
      <x10>1155</x10>
      <y10>40</y10>
      <x11>1138</x11>
      <y11>41</y11>
      <x12>1126</x12>
      <y12>51</y12>
      <x13>1117</x13>
      <y13>66</y13>
      <x14>1113</x14>
      <y14>70</y14>
      <x15>1107</x15>
      <y15>80</y15>
      <x16>1093</x16>
      <y16>98</y16>
      <x17>1088</x17>
      <y17>111</y17>
      <x18>1084</x18>
      <y18>115</y18>
      <x19>1083</x19>
      <y19>123</y19>
      <x20>1081</x20>
      <y20>127</y20>
      <x21>1081</x21>
      <y21>135</y21>
      <x22>1077</x22>
      <y22>143</y22>
      <x23>1076</x23>
      <y23>150</y23>
      <x24>1072</x24>
      <y24>158</y24>
      <x25>1071</x25>
      <y25>165</y25>
      <x26>1076</x26>
      <y26>177</y26>
      <x27>1080</x27>
      <y27>181</y27>
      <x28>1087</x28>
      <y28>185</y28>
      <x29>1095</x29>
      <y29>186</y29>
      <x30>1101</x30>
      <y30>181</y30>
      <x31>1104</x31>
      <y31>174</y31>
      <x32>1106</x32>
      <y32>144</y32>
      <x33>1116</x33>
      <y33>137</y33>
      <x34>1118</x34>
      <y34>134</y34>
      <x35>1120</x35>
      <y35>120</y35>
      <x36>1123</x36>
      <y36>112</y36>
      <x37>1130</x37>
      <y37>106</y37>
      <x38>1134</x38>
      <y38>100</y38>
      <x39>1145</x39>
      <y39>93</y39>
      <x40>1149</x40>
      <y40>98</y40>
      <x41>1149</x41>
      <y41>107</y41>
      <x42>1144</x42>
      <y42>114</y42>
      <x43>1142</x43>
      <y43>120</y43>
      <x44>1133</x44>
      <y44>128</y44>
      <x45>1130</x45>
      <y45>135</y45>
      <x46>1126</x46>
      <y46>138</y46>
      <x47>1119</x47>
      <y47>151</y47>
      <x48>1119</x48>
      <y48>158</y48>
      <x49>1118</x49>
      <y49>159</y49>
      <x50>1119</x50>
      <y50>180</y50>
      <x51>1117</x51>
      <y51>184</y51>
      <x52>1116</x52>
      <y52>192</y52>
      <x53>1113</x53>
      <y53>197</y53>
      <x54>1113</x54>
      <y54>200</y54>
      <x55>1118</x55>
      <y55>207</y55>
      <x56>1124</x56>
      <y56>211</y56>
      <x57>1128</x57>
      <y57>212</y57>
      <x58>1135</x58>
      <y58>218</y58>
      <x59>1148</x59>
      <y59>225</y59>
      <x60>1152</x60>
      <y60>229</y60>
      <x61>1163</x61>
      <y61>236</y61>
      <x62>1178</x62>
      <y62>244</y62>
      <x63>1204</x63>
      <y63>263</y63>
      <x64>1220</x64>
      <y64>272</y64>
      <x65>1224</x65>
      <y65>272</y65>
      <x66>1230</x66>
      <y66>268</y66>
      <x67>1236</x67>
      <y67>260</y67>
      <x68>1239</x68>
      <y68>259</y68>
      <x69>1239</x69>
      <y69>257</y69>
      <x70>1242</x70>
      <y70>253</y70>
      <x71>1246</x71>
      <y71>251</y71>
      <x72>1248</x72>
      <y72>248</y72>
      <x73>1249</x73>
      <y73>241</y73>
      <x74>1253</x74>
      <y74>237</y74>
      <x75>1262</x75>
      <y75>233</y75>
      <x76>1268</x76>
      <y76>232</y76>
      <x77>1275</x77>
      <y77>228</y77>
      <x78>1273</x78>
      <y78>221</y78>
      <x79>1274</x79>
      <y79>213</y79>
      <x80>1284</x80>
      <y80>205</y80>
      <x81>1287</x81>
      <y81>199</y81>
      <x82>1290</x82>
      <y82>196</y82>
      <x83>1300</x83>
      <y83>193</y83>
      <x84>1309</x84>
      <y84>185</y84>
      <x85>1314</x85>
      <y85>183</y85>
      <x86>1325</x86>
      <y86>171</y86>
      <x87>1331</x87>
      <y87>169</y87>
      <x88>1332</x88>
      <y88>156</y88>
      <x89>1329</x89>
      <y89>144</y89>
      <x90>1319</x90>
      <y90>120</y90>
      <x91>1299</x91>
      <y91>82</y91>
      <x92>1295</x92>
      <y92>78</y92>
      <x93>1291</x93>
      <y93>70</y93>
      <x94>1284</x94>
      <y94>65</y94>
      <x95>1284</x95>
      <y95>60</y95>
      <x96>1278</x96>
      <y96>62</y96>
      <x97>1272</x97>
      <y97>59</y97>
      <x98>1264</x98>
      <y98>58</y98>
      <x99>1256</x99>
      <y99>54</y99>
      <x100>1246</x100>
      <y100>53</y100>
      <x101>1244</x101>
      <y101>51</y101>
      <x102>1246</x102>
      <y102>45</y102>
      <x103>1243</x103>
      <y103>42</y103>
      <x104>1239</x104>
      <y104>42</y104>
      <x105>1236</x105>
      <y105>44</y105>
      <x106>1232</x106>
      <y106>39</y106>
      <x107>1232</x107>
      <y107>32</y107>
      <x108>1230</x108>
      <y108>28</y108>
      <x109>1227</x109>
      <y109>25</y109>
      <x110>1222</x110>
      <y110>24</y110>
      <x111>1216</x111>
      <y111>18</y111>
      <x112>1206</x112>
      <y112>17</y112>
      <x113>1200</x113>
      <y113>15</y113>
    </polygon>
  </object>
  <object>
    <name>person</name>
    <bndbox>
      <xmin>159</xmin>
      <ymin>193</ymin>
      <xmax>454</xmax>
      <ymax>552</ymax>
    </bndbox>
    <polygon>
      <x1>325</x1>
      <y1>193</y1>
      <x2>313</x2>
      <y2>193</y2>
      <x3>298</x3>
      <y3>199</y3>
      <x4>277</x4>
      <y4>221</y4>
      <x5>269</x5>
      <y5>236</y5>
      <x6>262</x6>
      <y6>261</y6>
      <x7>256</x7>
      <y7>266</y7>
      <x8>248</x8>
      <y8>267</y8>
      <x9>235</x9>
      <y9>276</y9>
      <x10>226</x10>
      <y10>286</y10>
      <x11>218</x11>
      <y11>292</y11>
      <x12>210</x12>
      <y12>301</y12>
      <x13>209</x13>
      <y13>304</y13>
      <x14>196</x14>
      <y14>322</y14>
      <x15>190</x15>
      <y15>334</y15>
      <x16>184</x16>
      <y16>354</y16>
      <x17>180</x17>
      <y17>363</y17>
      <x18>179</x18>
      <y18>371</y18>
      <x19>174</x19>
      <y19>385</y19>
      <x20>170</x20>
      <y20>434</y20>
      <x21>168</x21>
      <y21>440</y21>
      <x22>166</x22>
      <y22>455</y22>
      <x23>160</x23>
      <y23>474</y23>
      <x24>159</x24>
      <y24>486</y24>
      <x25>161</x25>
      <y25>490</y25>
      <x26>172</x26>
      <y26>500</y26>
      <x27>192</x27>
      <y27>510</y27>
      <x28>202</x28>
      <y28>517</y28>
      <x29>211</x29>
      <y29>521</y29>
      <x30>216</x30>
      <y30>525</y30>
      <x31>227</x31>
      <y31>530</y31>
      <x32>234</x32>
      <y32>537</y32>
      <x33>235</x33>
      <y33>540</y33>
      <x34>239</x34>
      <y34>543</y34>
      <x35>241</x35>
      <y35>547</y35>
      <x36>243</x36>
      <y36>546</y36>
      <x37>249</x37>
      <y37>546</y37>
      <x38>254</x38>
      <y38>552</y38>
      <x39>263</x39>
      <y39>547</y39>
      <x40>273</x40>
      <y40>547</y40>
      <x41>274</x41>
      <y41>548</y41>
      <x42>277</x42>
      <y42>548</y42>
      <x43>282</x43>
      <y43>545</y43>
      <x44>282</x44>
      <y44>538</y44>
      <x45>283</x45>
      <y45>537</y45>
      <x46>284</x46>
      <y46>530</y46>
      <x47>289</x47>
      <y47>520</y47>
      <x48>295</x48>
      <y48>514</y48>
      <x49>295</x49>
      <y49>506</y49>
      <x50>297</x50>
      <y50>501</y50>
      <x51>304</x51>
      <y51>498</y51>
      <x52>306</x52>
      <y52>496</y52>
      <x53>308</x53>
      <y53>492</y53>
      <x54>308</x54>
      <y54>489</y54>
      <x55>314</x55>
      <y55>484</y55>
      <x56>314</x56>
      <y56>482</y56>
      <x57>317</x57>
      <y57>476</y57>
      <x58>316</x58>
      <y58>468</y58>
      <x59>314</x59>
      <y59>464</y59>
      <x60>313</x60>
      <y60>464</y60>
      <x61>307</x61>
      <y61>457</y61>
      <x62>303</x62>
      <y62>445</y62>
      <x63>303</x63>
      <y63>442</y63>
      <x64>301</x64>
      <y64>438</y64>
      <x65>302</x65>
      <y65>435</y65>
      <x66>302</x66>
      <y66>427</y66>
      <x67>303</x67>
      <y67>426</y67>
      <x68>303</x68>
      <y68>421</y68>
      <x69>302</x69>
      <y69>420</y69>
      <x70>303</x70>
      <y70>376</y70>
      <x71>305</x71>
      <y71>372</y71>
      <x72>310</x72>
      <y72>372</y72>
      <x73>316</x73>
      <y73>378</y73>
      <x74>322</x74>
      <y74>386</y74>
      <x75>325</x75>
      <y75>394</y75>
      <x76>328</x76>
      <y76>397</y76>
      <x77>331</x77>
      <y77>404</y77>
      <x78>335</x78>
      <y78>408</y78>
      <x79>337</x79>
      <y79>413</y79>
      <x80>340</x80>
      <y80>416</y80>
      <x81>343</x81>
      <y81>417</y81>
      <x82>352</x82>
      <y82>426</y82>
      <x83>359</x83>
      <y83>426</y83>
      <x84>362</x84>
      <y84>431</y84>
      <x85>367</x85>
      <y85>434</y85>
      <x86>370</x86>
      <y86>434</y86>
      <x87>374</x87>
      <y87>432</y87>
      <x88>381</x88>
      <y88>436</y88>
      <x89>388</x89>
      <y89>436</y89>
      <x90>389</x90>
      <y90>439</y90>
      <x91>387</x91>
      <y91>443</y91>
      <x92>392</x92>
      <y92>452</y92>
      <x93>393</x93>
      <y93>456</y93>
      <x94>409</x94>
      <y94>470</y94>
      <x95>412</x95>
      <y95>471</y95>
      <x96>422</x96>
      <y96>482</y96>
      <x97>428</x97>
      <y97>486</y97>
      <x98>430</x98>
      <y98>489</y98>
      <x99>434</x99>
      <y99>483</y99>
      <x100>435</x100>
      <y100>479</y100>
      <x101>437</x101>
      <y101>477</y101>
      <x102>443</x102>
      <y102>482</y102>
      <x103>450</x103>
      <y103>480</y103>
      <x104>454</x104>
      <y104>471</y104>
      <x105>453</x105>
      <y105>462</y105>
      <x106>448</x106>
      <y106>456</y106>
      <x107>448</x107>
      <y107>452</y107>
      <x108>443</x108>
      <y108>447</y108>
      <x109>437</x109>
      <y109>444</y109>
      <x110>429</x110>
      <y110>438</y110>
      <x111>423</x111>
      <y111>438</y111>
      <x112>411</x112>
      <y112>432</y112>
      <x113>403</x113>
      <y113>423</y113>
      <x114>399</x114>
      <y114>423</y114>
      <x115>395</x115>
      <y115>425</y115>
      <x116>389</x116>
      <y116>419</y116>
      <x117>383</x117>
      <y117>417</y117>
      <x118>387</x118>
      <y118>414</y118>
      <x119>388</x119>
      <y119>408</y119>
      <x120>385</x120>
      <y120>405</y120>
      <x121>380</x121>
      <y121>396</y121>
      <x122>377</x122>
      <y122>394</y122>
      <x123>376</x123>
      <y123>389</y123>
      <x124>372</x124>
      <y124>381</y124>
      <x125>361</x125>
      <y125>367</y125>
      <x126>350</x126>
      <y126>347</y126>
      <x127>340</x127>
      <y127>333</y127>
      <x128>337</x128>
      <y128>324</y128>
      <x129>333</x129>
      <y129>319</y129>
      <x130>333</x130>
      <y130>317</y130>
      <x131>329</x131>
      <y131>311</y131>
      <x132>331</x132>
      <y132>307</y132>
      <x133>332</x133>
      <y133>294</y133>
      <x134>335</x134>
      <y134>289</y134>
      <x135>336</x135>
      <y135>284</y135>
      <x136>346</x136>
      <y136>276</y136>
      <x137>350</x137>
      <y137>262</y137>
      <x138>353</x138>
      <y138>259</y138>
      <x139>357</x139>
      <y139>258</y139>
      <x140>361</x140>
      <y140>255</y140>
      <x141>363</x141>
      <y141>251</y141>
      <x142>365</x142>
      <y142>239</y142>
      <x143>363</x143>
      <y143>233</y143>
      <x144>356</x144>
      <y144>220</y144>
      <x145>354</x145>
      <y145>213</y145>
      <x146>343</x146>
      <y146>201</y146>
    </polygon>
  </object>
</annotation>
