<?xml version="1.0" ?>
<annotation>
  <folder>VOC</folder>
  <filename>119-1.png</filename>
  <source>
    <database>roboflow.ai</database>
  </source>
  <size>
    <width>1792</width>
    <height>1024</height>
    <depth>3</depth>
  </size>
  <segmented>0</segmented>
  <object>
    <name>person</name>
    <bndbox>
      <xmin>953</xmin>
      <ymin>901</ymin>
      <xmax>991</xmax>
      <ymax>971</ymax>
    </bndbox>
    <polygon>
      <x1>978</x1>
      <y1>901</y1>
      <x2>974</x2>
      <y2>902</y2>
      <x3>963</x3>
      <y3>923</y3>
      <x4>953</x4>
      <y4>933</y4>
      <x5>954</x5>
      <y5>936</y5>
      <x6>963</x6>
      <y6>939</y6>
      <x7>968</x7>
      <y7>939</y7>
      <x8>972</x8>
      <y8>943</y8>
      <x9>976</x9>
      <y9>958</y9>
      <x10>976</x10>
      <y10>970</y10>
      <x11>977</x11>
      <y11>971</y11>
      <x12>980</x12>
      <y12>967</y12>
      <x13>982</x13>
      <y13>958</y13>
      <x14>982</x14>
      <y14>945</y14>
      <x15>991</x15>
      <y15>936</y15>
      <x16>991</x16>
      <y16>921</y16>
      <x17>989</x17>
      <y17>914</y17>
      <x18>981</x18>
      <y18>903</y18>
    </polygon>
  </object>
  <object>
    <name>person</name>
    <bndbox>
      <xmin>920</xmin>
      <ymin>909</ymin>
      <xmax>942</xmax>
      <ymax>975</ymax>
    </bndbox>
    <polygon>
      <x1>933</x1>
      <y1>909</y1>
      <x2>929</x2>
      <y2>910</y2>
      <x3>926</x3>
      <y3>913</y3>
      <x4>920</x4>
      <y4>924</y4>
      <x5>920</x5>
      <y5>945</y5>
      <x6>923</x6>
      <y6>955</y6>
      <x7>921</x7>
      <y7>975</y7>
      <x8>933</x8>
      <y8>975</y8>
      <x9>933</x9>
      <y9>973</y9>
      <x10>940</x10>
      <y10>968</y10>
      <x11>942</x11>
      <y11>931</y11>
      <x12>938</x12>
      <y12>914</y12>
    </polygon>
  </object>
</annotation>
