<?xml version="1.0" ?>
<annotation>
  <folder>VOC</folder>
  <filename>12-2.png</filename>
  <source>
    <database>roboflow.ai</database>
  </source>
  <size>
    <width>1792</width>
    <height>1024</height>
    <depth>3</depth>
  </size>
  <segmented>0</segmented>
  <object>
    <name>person</name>
    <bndbox>
      <xmin>599</xmin>
      <ymin>411</ymin>
      <xmax>821</xmax>
      <ymax>849</ymax>
    </bndbox>
    <polygon>
      <x1>664</x1>
      <y1>411</y1>
      <x2>653</x2>
      <y2>417</y2>
      <x3>650</x3>
      <y3>421</y3>
      <x4>647</x4>
      <y4>429</y4>
      <x5>647</x5>
      <y5>455</y5>
      <x6>649</x6>
      <y6>460</y6>
      <x7>653</x7>
      <y7>464</y7>
      <x8>657</x8>
      <y8>474</y8>
      <x9>657</x9>
      <y9>482</y9>
      <x10>655</x10>
      <y10>489</y10>
      <x11>648</x11>
      <y11>499</y11>
      <x12>636</x12>
      <y12>501</y12>
      <x13>632</x13>
      <y13>504</y13>
      <x14>627</x14>
      <y14>503</y14>
      <x15>612</x15>
      <y15>508</y15>
      <x16>607</x16>
      <y16>513</y16>
      <x17>601</x17>
      <y17>527</y17>
      <x18>599</x18>
      <y18>562</y18>
      <x19>601</x19>
      <y19>571</y19>
      <x20>601</x20>
      <y20>592</y20>
      <x21>602</x21>
      <y21>593</y21>
      <x22>602</x22>
      <y22>600</y22>
      <x23>604</x23>
      <y23>605</y23>
      <x24>604</x24>
      <y24>609</y24>
      <x25>610</x25>
      <y25>620</y25>
      <x26>612</x26>
      <y26>628</y26>
      <x27>619</x27>
      <y27>643</y27>
      <x28>621</x28>
      <y28>656</y28>
      <x29>626</x29>
      <y29>664</y29>
      <x30>633</x30>
      <y30>669</y30>
      <x31>639</x31>
      <y31>669</y31>
      <x32>643</x32>
      <y32>674</y32>
      <x33>645</x33>
      <y33>697</y33>
      <x34>654</x34>
      <y34>723</y34>
      <x35>654</x35>
      <y35>740</y35>
      <x36>652</x36>
      <y36>746</y36>
      <x37>653</x37>
      <y37>763</y37>
      <x38>658</x38>
      <y38>779</y38>
      <x39>669</x39>
      <y39>799</y39>
      <x40>672</x40>
      <y40>808</y40>
      <x41>672</x41>
      <y41>817</y41>
      <x42>673</x42>
      <y42>818</y42>
      <x43>672</x43>
      <y43>838</y43>
      <x44>673</x44>
      <y44>839</y44>
      <x45>673</x45>
      <y45>844</y45>
      <x46>677</x46>
      <y46>848</y46>
      <x47>686</x47>
      <y47>849</y47>
      <x48>695</x48>
      <y48>846</y48>
      <x49>700</x49>
      <y49>840</y49>
      <x50>706</x50>
      <y50>829</y50>
      <x51>706</x51>
      <y51>825</y51>
      <x52>711</x52>
      <y52>808</y52>
      <x53>710</x53>
      <y53>799</y53>
      <x54>708</x54>
      <y54>795</y54>
      <x55>698</x55>
      <y55>790</y55>
      <x56>689</x56>
      <y56>789</y56>
      <x57>684</x57>
      <y57>785</y57>
      <x58>681</x58>
      <y58>766</y58>
      <x59>677</x59>
      <y59>754</y59>
      <x60>677</x60>
      <y60>739</y60>
      <x61>679</x61>
      <y61>732</y61>
      <x62>677</x62>
      <y62>724</y62>
      <x63>683</x63>
      <y63>710</y63>
      <x64>683</x64>
      <y64>705</y64>
      <x65>686</x65>
      <y65>698</y65>
      <x66>687</x66>
      <y66>689</y66>
      <x67>689</x67>
      <y67>687</y67>
      <x68>696</x68>
      <y68>693</y68>
      <x69>719</x69>
      <y69>725</y69>
      <x70>726</x70>
      <y70>726</y70>
      <x71>745</x71>
      <y71>714</y71>
      <x72>748</x72>
      <y72>715</y72>
      <x73>754</x73>
      <y73>724</y73>
      <x74>754</x74>
      <y74>751</y74>
      <x75>755</x75>
      <y75>752</y75>
      <x76>755</x76>
      <y76>757</y76>
      <x77>758</x77>
      <y77>763</y77>
      <x78>763</x78>
      <y78>780</y78>
      <x79>764</x79>
      <y79>802</y79>
      <x80>761</x80>
      <y80>817</y80>
      <x81>761</x81>
      <y81>828</y81>
      <x82>763</x82>
      <y82>831</y82>
      <x83>768</x83>
      <y83>833</y83>
      <x84>776</x84>
      <y84>833</y84>
      <x85>791</x85>
      <y85>823</y85>
      <x86>809</x86>
      <y86>820</y86>
      <x87>815</x87>
      <y87>817</y87>
      <x88>818</x88>
      <y88>814</y88>
      <x89>821</x89>
      <y89>809</y89>
      <x90>821</x90>
      <y90>805</y90>
      <x91>819</x91>
      <y91>800</y91>
      <x92>814</x92>
      <y92>795</y92>
      <x93>809</x93>
      <y93>794</y93>
      <x94>792</x94>
      <y94>795</y94>
      <x95>782</x95>
      <y95>786</y95>
      <x96>781</x96>
      <y96>774</y96>
      <x97>783</x97>
      <y97>768</y97>
      <x98>784</x98>
      <y98>757</y98>
      <x99>783</x99>
      <y99>756</y99>
      <x100>782</x100>
      <y100>737</y100>
      <x101>778</x101>
      <y101>717</y101>
      <x102>778</x102>
      <y102>709</y102>
      <x103>774</x103>
      <y103>695</y103>
      <x104>767</x104>
      <y104>683</y104>
      <x105>767</x105>
      <y105>668</y105>
      <x106>769</x106>
      <y106>659</y106>
      <x107>765</x107>
      <y107>647</y107>
      <x108>765</x108>
      <y108>640</y108>
      <x109>764</x109>
      <y109>639</y109>
      <x110>764</x110>
      <y110>632</y110>
      <x111>762</x111>
      <y111>622</y111>
      <x112>757</x112>
      <y112>607</y112>
      <x113>746</x113>
      <y113>591</y113>
      <x114>743</x114>
      <y114>576</y114>
      <x115>739</x115>
      <y115>565</y115>
      <x116>739</x116>
      <y116>552</y116>
      <x117>740</x117>
      <y117>551</y117>
      <x118>739</x118>
      <y118>540</y118>
      <x119>736</x119>
      <y119>532</y119>
      <x120>730</x120>
      <y120>527</y120>
      <x121>728</x121>
      <y121>523</y121>
      <x122>714</x122>
      <y122>518</y122>
      <x123>703</x123>
      <y123>512</y123>
      <x124>700</x124>
      <y124>512</y124>
      <x125>691</x125>
      <y125>507</y125>
      <x126>687</x126>
      <y126>503</y126>
      <x127>686</x127>
      <y127>500</y127>
      <x128>687</x128>
      <y128>477</y128>
      <x129>690</x129>
      <y129>469</y129>
      <x130>695</x130>
      <y130>464</y130>
      <x131>696</x131>
      <y131>461</y131>
      <x132>697</x132>
      <y132>427</y132>
      <x133>695</x133>
      <y133>423</y133>
      <x134>688</x134>
      <y134>416</y134>
      <x135>681</x135>
      <y135>412</y135>
    </polygon>
  </object>
  <object>
    <name>person</name>
    <bndbox>
      <xmin>796</xmin>
      <ymin>383</ymin>
      <xmax>954</xmax>
      <ymax>833</ymax>
    </bndbox>
    <polygon>
      <x1>879</x1>
      <y1>383</y1>
      <x2>870</x2>
      <y2>384</y2>
      <x3>862</x3>
      <y3>387</y3>
      <x4>855</x4>
      <y4>394</y4>
      <x5>851</x5>
      <y5>402</y5>
      <x6>851</x6>
      <y6>414</y6>
      <x7>852</x7>
      <y7>415</y7>
      <x8>851</x8>
      <y8>430</y8>
      <x9>858</x9>
      <y9>441</y9>
      <x10>861</x10>
      <y10>455</y10>
      <x11>859</x11>
      <y11>471</y11>
      <x12>853</x12>
      <y12>476</y12>
      <x13>842</x13>
      <y13>479</y13>
      <x14>835</x14>
      <y14>484</y14>
      <x15>815</x15>
      <y15>492</y15>
      <x16>809</x16>
      <y16>498</y16>
      <x17>806</x17>
      <y17>513</y17>
      <x18>807</x18>
      <y18>540</y18>
      <x19>804</x19>
      <y19>548</y19>
      <x20>802</x20>
      <y20>568</y20>
      <x21>796</x21>
      <y21>589</y21>
      <x22>796</x22>
      <y22>610</y22>
      <x23>801</x23>
      <y23>652</y23>
      <x24>806</x24>
      <y24>661</y24>
      <x25>811</x25>
      <y25>663</y25>
      <x26>816</x26>
      <y26>663</y26>
      <x27>820</x27>
      <y27>657</y27>
      <x28>820</x28>
      <y28>644</y28>
      <x29>818</x29>
      <y29>636</y29>
      <x30>813</x30>
      <y30>628</y30>
      <x31>813</x31>
      <y31>621</y31>
      <x32>822</x32>
      <y32>596</y32>
      <x33>822</x33>
      <y33>592</y33>
      <x34>827</x34>
      <y34>575</y34>
      <x35>830</x35>
      <y35>570</y35>
      <x36>832</x36>
      <y36>573</y36>
      <x37>833</x37>
      <y37>591</y37>
      <x38>828</x38>
      <y38>607</y38>
      <x39>827</x39>
      <y39>627</y39>
      <x40>824</x40>
      <y40>637</y40>
      <x41>824</x41>
      <y41>656</y41>
      <x42>826</x42>
      <y42>663</y42>
      <x43>826</x43>
      <y43>673</y43>
      <x44>825</x44>
      <y44>674</y44>
      <x45>826</x45>
      <y45>692</y45>
      <x46>829</x46>
      <y46>696</y46>
      <x47>838</x47>
      <y47>700</y47>
      <x48>842</x48>
      <y48>704</y48>
      <x49>844</x49>
      <y49>715</y49>
      <x50>843</x50>
      <y50>750</y50>
      <x51>846</x51>
      <y51>764</y51>
      <x52>853</x52>
      <y52>780</y52>
      <x53>852</x53>
      <y53>783</y53>
      <x54>847</x54>
      <y54>787</y54>
      <x55>844</x55>
      <y55>794</y55>
      <x56>843</x56>
      <y56>806</y56>
      <x57>857</x57>
      <y57>828</y57>
      <x58>860</x58>
      <y58>831</y58>
      <x59>865</x59>
      <y59>833</y59>
      <x60>877</x60>
      <y60>832</y60>
      <x61>881</x61>
      <y61>824</y61>
      <x62>879</x62>
      <y62>811</y62>
      <x63>874</x63>
      <y63>798</y63>
      <x64>871</x64>
      <y64>784</y64>
      <x65>871</x65>
      <y65>752</y65>
      <x66>867</x66>
      <y66>734</y66>
      <x67>867</x67>
      <y67>726</y67>
      <x68>869</x68>
      <y68>719</y68>
      <x69>869</x69>
      <y69>702</y69>
      <x70>872</x70>
      <y70>696</y70>
      <x71>876</x71>
      <y71>666</y71>
      <x72>879</x72>
      <y72>662</y72>
      <x73>884</x73>
      <y73>668</y73>
      <x74>885</x74>
      <y74>676</y74>
      <x75>893</x75>
      <y75>695</y75>
      <x76>894</x76>
      <y76>706</y76>
      <x77>896</x77>
      <y77>711</y77>
      <x78>897</x78>
      <y78>733</y78>
      <x79>901</x79>
      <y79>756</y79>
      <x80>901</x80>
      <y80>763</y80>
      <x81>897</x81>
      <y81>778</y81>
      <x82>897</x82>
      <y82>782</y82>
      <x83>900</x83>
      <y83>788</y83>
      <x84>900</x84>
      <y84>806</y84>
      <x85>901</x85>
      <y85>809</y85>
      <x86>908</x86>
      <y86>814</y86>
      <x87>917</x87>
      <y87>813</y87>
      <x88>921</x88>
      <y88>808</y88>
      <x89>922</x89>
      <y89>800</y89>
      <x90>918</x90>
      <y90>766</y90>
      <x91>924</x91>
      <y91>735</y91>
      <x92>924</x92>
      <y92>725</y92>
      <x93>917</x93>
      <y93>704</y93>
      <x94>917</x94>
      <y94>698</y94>
      <x95>914</x95>
      <y95>689</y95>
      <x96>919</x96>
      <y96>678</y96>
      <x97>921</x97>
      <y97>662</y97>
      <x98>927</x98>
      <y98>658</y98>
      <x99>935</x99>
      <y99>656</y99>
      <x100>941</x100>
      <y100>652</y100>
      <x101>946</x101>
      <y101>646</y101>
      <x102>949</x102>
      <y102>636</y102>
      <x103>949</x103>
      <y103>625</y103>
      <x104>954</x104>
      <y104>595</y104>
      <x105>951</x105>
      <y105>552</y105>
      <x106>948</x106>
      <y106>539</y106>
      <x107>948</x107>
      <y107>508</y107>
      <x108>946</x108>
      <y108>498</y108>
      <x109>937</x109>
      <y109>489</y109>
      <x110>928</x110>
      <y110>487</y110>
      <x111>924</x111>
      <y111>481</y111>
      <x112>920</x112>
      <y112>481</y112>
      <x113>911</x113>
      <y113>476</y113>
      <x114>906</x114>
      <y114>476</y114>
      <x115>897</x115>
      <y115>472</y115>
      <x116>894</x116>
      <y116>469</y116>
      <x117>891</x117>
      <y117>460</y117>
      <x118>891</x118>
      <y118>442</y118>
      <x119>894</x119>
      <y119>436</y119>
      <x120>899</x120>
      <y120>431</y120>
      <x121>901</x121>
      <y121>424</y121>
      <x122>900</x122>
      <y122>405</y122>
      <x123>898</x123>
      <y123>397</y123>
      <x124>893</x124>
      <y124>390</y124>
    </polygon>
  </object>
</annotation>
