<?xml version="1.0" ?>
<annotation>
  <folder>VOC</folder>
  <filename>124-2.png</filename>
  <source>
    <database>roboflow.ai</database>
  </source>
  <size>
    <width>1792</width>
    <height>1024</height>
    <depth>3</depth>
  </size>
  <segmented>0</segmented>
  <object>
    <name>person</name>
    <bndbox>
      <xmin>1198</xmin>
      <ymin>642</ymin>
      <xmax>1310</xmax>
      <ymax>822</ymax>
    </bndbox>
    <polygon>
      <x1>1260</x1>
      <y1>642</y1>
      <x2>1245</x2>
      <y2>643</y2>
      <x3>1234</x3>
      <y3>648</y3>
      <x4>1234</x4>
      <y4>655</y4>
      <x5>1236</x5>
      <y5>658</y5>
      <x6>1235</x6>
      <y6>669</y6>
      <x7>1238</x7>
      <y7>683</y7>
      <x8>1242</x8>
      <y8>685</y8>
      <x9>1254</x9>
      <y9>686</y9>
      <x10>1261</x10>
      <y10>692</y10>
      <x11>1263</x11>
      <y11>705</y11>
      <x12>1256</x12>
      <y12>725</y12>
      <x13>1252</x13>
      <y13>729</y13>
      <x14>1242</x14>
      <y14>729</y14>
      <x15>1238</x15>
      <y15>723</y15>
      <x16>1232</x16>
      <y16>722</y16>
      <x17>1229</x17>
      <y17>723</y17>
      <x18>1224</x18>
      <y18>728</y18>
      <x19>1215</x19>
      <y19>731</y19>
      <x20>1209</x20>
      <y20>735</y20>
      <x21>1201</x21>
      <y21>736</y21>
      <x22>1198</x22>
      <y22>739</y22>
      <x23>1201</x23>
      <y23>743</y23>
      <x24>1206</x24>
      <y24>746</y24>
      <x25>1207</x25>
      <y25>750</y25>
      <x26>1208</x26>
      <y26>802</y26>
      <x27>1200</x27>
      <y27>807</y27>
      <x28>1202</x28>
      <y28>809</y28>
      <x29>1211</x29>
      <y29>811</y29>
      <x30>1214</x30>
      <y30>814</y30>
      <x31>1216</x31>
      <y31>821</y31>
      <x32>1222</x32>
      <y32>822</y32>
      <x33>1223</x33>
      <y33>821</y33>
      <x34>1234</x34>
      <y34>821</y34>
      <x35>1239</x35>
      <y35>818</y35>
      <x36>1240</x36>
      <y36>813</y36>
      <x37>1237</x37>
      <y37>800</y37>
      <x38>1242</x38>
      <y38>779</y38>
      <x39>1242</x39>
      <y39>767</y39>
      <x40>1245</x40>
      <y40>764</y40>
      <x41>1262</x41>
      <y41>765</y41>
      <x42>1293</x42>
      <y42>770</y42>
      <x43>1299</x43>
      <y43>768</y43>
      <x44>1303</x44>
      <y44>764</y44>
      <x45>1308</x45>
      <y45>752</y45>
      <x46>1310</x46>
      <y46>736</y46>
      <x47>1310</x47>
      <y47>720</y47>
      <x48>1304</x48>
      <y48>702</y48>
      <x49>1290</x49>
      <y49>685</y49>
      <x50>1277</x50>
      <y50>675</y50>
      <x51>1274</x51>
      <y51>675</y51>
      <x52>1270</x52>
      <y52>672</y52>
      <x53>1269</x53>
      <y53>667</y53>
      <x54>1273</x54>
      <y54>660</y54>
      <x55>1273</x55>
      <y55>653</y55>
      <x56>1267</x56>
      <y56>645</y56>
    </polygon>
  </object>
  <object>
    <name>person</name>
    <bndbox>
      <xmin>649</xmin>
      <ymin>751</ymin>
      <xmax>781</xmax>
      <ymax>886</ymax>
    </bndbox>
    <polygon>
      <x1>671</x1>
      <y1>757</y1>
      <x2>668</x2>
      <y2>764</y2>
      <x3>665</x3>
      <y3>781</y3>
      <x4>661</x4>
      <y4>786</y4>
      <x5>654</x5>
      <y5>789</y5>
      <x6>649</x6>
      <y6>795</y6>
      <x7>650</x7>
      <y7>813</y7>
      <x8>653</x8>
      <y8>821</y8>
      <x9>650</x9>
      <y9>842</y9>
      <x10>650</x10>
      <y10>857</y10>
      <x11>656</x11>
      <y11>874</y11>
      <x12>663</x12>
      <y12>883</y12>
      <x13>673</x13>
      <y13>886</y13>
      <x14>685</x14>
      <y14>886</y14>
      <x15>711</x15>
      <y15>882</y15>
      <x16>722</x16>
      <y16>876</y16>
      <x17>747</x17>
      <y17>870</y17>
      <x18>754</x18>
      <y18>865</y18>
      <x19>762</x19>
      <y19>862</y19>
      <x20>767</x20>
      <y20>856</y20>
      <x21>775</x21>
      <y21>854</y21>
      <x22>781</x22>
      <y22>850</y22>
      <x23>781</x23>
      <y23>844</y23>
      <x24>779</x24>
      <y24>842</y24>
      <x25>770</x25>
      <y25>842</y25>
      <x26>763</x26>
      <y26>844</y26>
      <x27>761</x27>
      <y27>846</y27>
      <x28>750</x28>
      <y28>846</y28>
      <x29>727</x29>
      <y29>853</y29>
      <x30>719</x30>
      <y30>852</y30>
      <x31>718</x31>
      <y31>851</y31>
      <x32>718</x32>
      <y32>825</y32>
      <x33>716</x33>
      <y33>815</y33>
      <x34>709</x34>
      <y34>798</y34>
      <x35>704</x35>
      <y35>795</y35>
      <x36>701</x36>
      <y36>789</y36>
      <x37>702</x37>
      <y37>787</y37>
      <x38>708</x38>
      <y38>786</y38>
      <x39>710</x39>
      <y39>783</y39>
      <x40>711</x40>
      <y40>771</y40>
      <x41>708</x41>
      <y41>761</y41>
      <x42>702</x42>
      <y42>754</y42>
      <x43>694</x43>
      <y43>751</y43>
      <x44>678</x44>
      <y44>752</y44>
    </polygon>
  </object>
  <object>
    <name>person</name>
    <bndbox>
      <xmin>1087</xmin>
      <ymin>680</ymin>
      <xmax>1185</xmax>
      <ymax>844</ymax>
    </bndbox>
    <polygon>
      <x1>1104</x1>
      <y1>682</y1>
      <x2>1098</x2>
      <y2>687</y2>
      <x3>1094</x3>
      <y3>694</y3>
      <x4>1094</x4>
      <y4>700</y4>
      <x5>1096</x5>
      <y5>703</y5>
      <x6>1096</x6>
      <y6>719</y6>
      <x7>1098</x7>
      <y7>724</y7>
      <x8>1102</x8>
      <y8>728</y8>
      <x9>1110</x9>
      <y9>728</y9>
      <x10>1115</x10>
      <y10>732</y10>
      <x11>1102</x11>
      <y11>743</y11>
      <x12>1098</x12>
      <y12>752</y12>
      <x13>1098</x13>
      <y13>755</y13>
      <x14>1088</x14>
      <y14>774</y14>
      <x15>1087</x15>
      <y15>781</y15>
      <x16>1094</x16>
      <y16>788</y16>
      <x17>1105</x17>
      <y17>773</y17>
      <x18>1114</x18>
      <y18>773</y18>
      <x19>1122</x19>
      <y19>780</y19>
      <x20>1123</x20>
      <y20>786</y20>
      <x21>1115</x21>
      <y21>801</y21>
      <x22>1115</x22>
      <y22>805</y22>
      <x23>1111</x23>
      <y23>809</y23>
      <x24>1100</x24>
      <y24>810</y24>
      <x25>1097</x25>
      <y25>812</y25>
      <x26>1096</x26>
      <y26>814</y26>
      <x27>1097</x27>
      <y27>835</y27>
      <x28>1100</x28>
      <y28>839</y28>
      <x29>1106</x29>
      <y29>839</y29>
      <x30>1118</x30>
      <y30>842</y30>
      <x31>1124</x31>
      <y31>842</y31>
      <x32>1131</x32>
      <y32>844</y32>
      <x33>1146</x33>
      <y33>843</y33>
      <x34>1160</x34>
      <y34>838</y34>
      <x35>1169</x35>
      <y35>833</y35>
      <x36>1184</x36>
      <y36>815</y36>
      <x37>1185</x37>
      <y37>787</y37>
      <x38>1179</x38>
      <y38>756</y38>
      <x39>1173</x39>
      <y39>742</y39>
      <x40>1168</x40>
      <y40>735</y40>
      <x41>1158</x41>
      <y41>726</y41>
      <x42>1153</x42>
      <y42>724</y42>
      <x43>1148</x43>
      <y43>724</y43>
      <x44>1143</x44>
      <y44>720</y44>
      <x45>1144</x45>
      <y45>713</y45>
      <x46>1143</x46>
      <y46>694</y46>
      <x47>1135</x47>
      <y47>685</y47>
      <x48>1128</x48>
      <y48>681</y48>
      <x49>1123</x49>
      <y49>680</y49>
    </polygon>
  </object>
  <object>
    <name>person</name>
    <bndbox>
      <xmin>799</xmin>
      <ymin>739</ymin>
      <xmax>970</xmax>
      <ymax>983</ymax>
    </bndbox>
    <polygon>
      <x1>906</x1>
      <y1>740</y1>
      <x2>882</x2>
      <y2>739</y2>
      <x3>875</x3>
      <y3>741</y3>
      <x4>869</x4>
      <y4>748</y4>
      <x5>867</x5>
      <y5>761</y5>
      <x6>875</x6>
      <y6>777</y6>
      <x7>881</x7>
      <y7>783</y7>
      <x8>887</x8>
      <y8>794</y8>
      <x9>887</x9>
      <y9>802</y9>
      <x10>876</x10>
      <y10>808</y10>
      <x11>863</x11>
      <y11>818</y11>
      <x12>859</x12>
      <y12>828</y12>
      <x13>859</x13>
      <y13>843</y13>
      <x14>860</x14>
      <y14>844</y14>
      <x15>859</x15>
      <y15>858</y15>
      <x16>854</x16>
      <y16>867</y16>
      <x17>850</x17>
      <y17>871</y17>
      <x18>848</x18>
      <y18>878</y18>
      <x19>845</x19>
      <y19>881</y19>
      <x20>813</x20>
      <y20>879</y20>
      <x21>808</x21>
      <y21>880</y21>
      <x22>800</x22>
      <y22>886</y22>
      <x23>799</x23>
      <y23>901</y23>
      <x24>803</x24>
      <y24>916</y24>
      <x25>803</x25>
      <y25>927</y25>
      <x26>804</x26>
      <y26>928</y26>
      <x27>805</x27>
      <y27>942</y27>
      <x28>809</x28>
      <y28>954</y28>
      <x29>809</x29>
      <y29>963</y29>
      <x30>806</x30>
      <y30>975</y30>
      <x31>809</x31>
      <y31>979</y31>
      <x32>821</x32>
      <y32>983</y32>
      <x33>826</x33>
      <y33>983</y33>
      <x34>829</x34>
      <y34>981</y34>
      <x35>830</x35>
      <y35>978</y35>
      <x36>829</x36>
      <y36>967</y36>
      <x37>828</x37>
      <y37>966</y37>
      <x38>829</x38>
      <y38>946</y38>
      <x39>828</x39>
      <y39>945</y39>
      <x40>827</x40>
      <y40>920</y40>
      <x41>826</x41>
      <y41>919</y41>
      <x42>826</x42>
      <y42>910</y42>
      <x43>829</x43>
      <y43>905</y43>
      <x44>841</x44>
      <y44>907</y44>
      <x45>850</x45>
      <y45>911</y45>
      <x46>868</x46>
      <y46>914</y46>
      <x47>877</x47>
      <y47>919</y47>
      <x48>880</x48>
      <y48>919</y48>
      <x49>895</x49>
      <y49>924</y49>
      <x50>905</x50>
      <y50>924</y50>
      <x51>910</x51>
      <y51>926</y51>
      <x52>920</x52>
      <y52>926</y52>
      <x53>921</x53>
      <y53>927</y53>
      <x54>934</x54>
      <y54>927</y54>
      <x55>948</x55>
      <y55>923</y55>
      <x56>956</x56>
      <y56>918</y56>
      <x57>964</x57>
      <y57>910</y57>
      <x58>970</x58>
      <y58>899</y58>
      <x59>970</x59>
      <y59>888</y59>
      <x60>963</x60>
      <y60>873</y60>
      <x61>962</x61>
      <y61>863</y61>
      <x62>956</x62>
      <y62>845</y62>
      <x63>939</x63>
      <y63>812</y63>
      <x64>936</x64>
      <y64>804</y64>
      <x65>928</x65>
      <y65>798</y65>
      <x66>922</x66>
      <y66>798</y66>
      <x67>912</x67>
      <y67>794</y67>
      <x68>907</x68>
      <y68>788</y68>
      <x69>913</x69>
      <y69>776</y69>
      <x70>914</x70>
      <y70>768</y70>
      <x71>916</x71>
      <y71>763</y71>
      <x72>916</x72>
      <y72>757</y72>
      <x73>913</x73>
      <y73>751</y73>
      <x74>912</x74>
      <y74>745</y74>
    </polygon>
  </object>
  <object>
    <name>person</name>
    <bndbox>
      <xmin>964</xmin>
      <ymin>725</ymin>
      <xmax>1095</xmax>
      <ymax>894</ymax>
    </bndbox>
    <polygon>
      <x1>1020</x1>
      <y1>725</y1>
      <x2>1007</x2>
      <y2>736</y2>
      <x3>1006</x3>
      <y3>745</y3>
      <x4>1008</x4>
      <y4>749</y4>
      <x5>1014</x5>
      <y5>755</y5>
      <x6>1017</x6>
      <y6>761</y6>
      <x7>1028</x7>
      <y7>773</y7>
      <x8>1030</x8>
      <y8>779</y8>
      <x9>1028</x9>
      <y9>781</y9>
      <x10>1018</x10>
      <y10>784</y10>
      <x11>1008</x11>
      <y11>792</y11>
      <x12>1006</x12>
      <y12>797</y12>
      <x13>997</x13>
      <y13>808</y13>
      <x14>995</x14>
      <y14>814</y14>
      <x15>984</x15>
      <y15>824</y15>
      <x16>977</x16>
      <y16>834</y16>
      <x17>976</x17>
      <y17>843</y17>
      <x18>978</x18>
      <y18>845</y18>
      <x19>985</x19>
      <y19>845</y19>
      <x20>989</x20>
      <y20>841</y20>
      <x21>994</x21>
      <y21>840</y21>
      <x22>999</x22>
      <y22>841</y22>
      <x23>999</x23>
      <y23>843</y23>
      <x24>994</x24>
      <y24>848</y24>
      <x25>993</x25>
      <y25>853</y25>
      <x26>989</x26>
      <y26>857</y26>
      <x27>986</x27>
      <y27>858</y27>
      <x28>979</x28>
      <y28>857</y28>
      <x29>964</x29>
      <y29>858</y29>
      <x30>965</x30>
      <y30>871</y30>
      <x31>970</x31>
      <y31>882</y31>
      <x32>978</x32>
      <y32>887</y32>
      <x33>991</x33>
      <y33>890</y33>
      <x34>1025</x34>
      <y34>894</y34>
      <x35>1056</x35>
      <y35>893</y35>
      <x36>1072</x36>
      <y36>890</y36>
      <x37>1079</x37>
      <y37>887</y37>
      <x38>1086</x38>
      <y38>879</y38>
      <x39>1094</x39>
      <y39>854</y39>
      <x40>1095</x40>
      <y40>847</y40>
      <x41>1094</x41>
      <y41>809</y41>
      <x42>1091</x42>
      <y42>792</y42>
      <x43>1083</x43>
      <y43>778</y43>
      <x44>1073</x44>
      <y44>767</y44>
      <x45>1065</x45>
      <y45>767</y45>
      <x46>1058</x46>
      <y46>769</y46>
      <x47>1052</x47>
      <y47>766</y47>
      <x48>1053</x48>
      <y48>761</y48>
      <x49>1057</x49>
      <y49>756</y49>
      <x50>1059</x50>
      <y50>750</y50>
      <x51>1059</x51>
      <y51>740</y51>
      <x52>1052</x52>
      <y52>730</y52>
      <x53>1038</x53>
      <y53>725</y53>
    </polygon>
  </object>
</annotation>
