<?xml version="1.0" ?>
<annotation>
  <folder>VOC</folder>
  <filename>126-1.png</filename>
  <source>
    <database>roboflow.ai</database>
  </source>
  <size>
    <width>1792</width>
    <height>1024</height>
    <depth>3</depth>
  </size>
  <segmented>0</segmented>
  <object>
    <name>person</name>
    <bndbox>
      <xmin>367</xmin>
      <ymin>598</ymin>
      <xmax>788</xmax>
      <ymax>924</ymax>
    </bndbox>
    <polygon>
      <x1>391</x1>
      <y1>627</y1>
      <x2>389</x2>
      <y2>634</y2>
      <x3>389</x3>
      <y3>653</y3>
      <x4>394</x4>
      <y4>668</y4>
      <x5>397</x5>
      <y5>672</y5>
      <x6>398</x6>
      <y6>676</y6>
      <x7>401</x7>
      <y7>681</y7>
      <x8>406</x8>
      <y8>699</y8>
      <x9>405</x9>
      <y9>702</y9>
      <x10>402</x10>
      <y10>705</y10>
      <x11>400</x11>
      <y11>705</y11>
      <x12>396</x12>
      <y12>708</y12>
      <x13>389</x13>
      <y13>706</y13>
      <x14>375</x14>
      <y14>713</y14>
      <x15>371</x15>
      <y15>717</y15>
      <x16>369</x16>
      <y16>721</y16>
      <x17>368</x17>
      <y17>728</y17>
      <x18>367</x18>
      <y18>729</y18>
      <x19>367</x19>
      <y19>746</y19>
      <x20>368</x20>
      <y20>747</y20>
      <x21>368</x21>
      <y21>754</y21>
      <x22>369</x22>
      <y22>755</y22>
      <x23>370</x23>
      <y23>763</y23>
      <x24>373</x24>
      <y24>769</y24>
      <x25>381</x25>
      <y25>779</y25>
      <x26>390</x26>
      <y26>788</y26>
      <x27>399</x27>
      <y27>795</y27>
      <x28>404</x28>
      <y28>801</y28>
      <x29>409</x29>
      <y29>804</y29>
      <x30>421</x30>
      <y30>816</y30>
      <x31>426</x31>
      <y31>818</y31>
      <x32>431</x32>
      <y32>823</y32>
      <x33>441</x33>
      <y33>830</y33>
      <x34>444</x34>
      <y34>831</y34>
      <x35>455</x35>
      <y35>840</y35>
      <x36>465</x36>
      <y36>844</y36>
      <x37>475</x37>
      <y37>852</y37>
      <x38>484</x38>
      <y38>856</y38>
      <x39>490</x39>
      <y39>861</y39>
      <x40>496</x40>
      <y40>864</y40>
      <x41>517</x41>
      <y41>881</y41>
      <x42>534</x42>
      <y42>897</y42>
      <x43>538</x43>
      <y43>899</y43>
      <x44>551</x44>
      <y44>912</y44>
      <x45>562</x45>
      <y45>918</y45>
      <x46>566</x46>
      <y46>919</y46>
      <x47>568</x47>
      <y47>921</y47>
      <x48>577</x48>
      <y48>924</y48>
      <x49>580</x49>
      <y49>923</y49>
      <x50>588</x50>
      <y50>923</y50>
      <x51>598</x51>
      <y51>918</y51>
      <x52>603</x52>
      <y52>917</y52>
      <x53>610</x53>
      <y53>911</y53>
      <x54>612</x54>
      <y54>907</y54>
      <x55>612</x55>
      <y55>903</y55>
      <x56>614</x56>
      <y56>898</y56>
      <x57>614</x57>
      <y57>886</y57>
      <x58>616</x58>
      <y58>884</y58>
      <x59>631</x59>
      <y59>881</y59>
      <x60>640</x60>
      <y60>877</y60>
      <x61>654</x61>
      <y61>874</y61>
      <x62>678</x62>
      <y62>866</y62>
      <x63>685</x63>
      <y63>859</y63>
      <x64>686</x64>
      <y64>856</y64>
      <x65>691</x65>
      <y65>851</y65>
      <x66>694</x66>
      <y66>845</y66>
      <x67>699</x67>
      <y67>839</y67>
      <x68>704</x68>
      <y68>829</y68>
      <x69>710</x69>
      <y69>823</y69>
      <x70>716</x70>
      <y70>824</y70>
      <x71>719</x71>
      <y71>827</y71>
      <x72>720</x72>
      <y72>831</y72>
      <x73>726</x73>
      <y73>839</y73>
      <x74>737</x74>
      <y74>845</y74>
      <x75>739</x75>
      <y75>845</y75>
      <x76>742</x76>
      <y76>842</y76>
      <x77>749</x77>
      <y77>838</y77>
      <x78>755</x78>
      <y78>832</y78>
      <x79>757</x79>
      <y79>829</y79>
      <x80>759</x80>
      <y80>820</y80>
      <x81>765</x81>
      <y81>814</y81>
      <x82>777</x82>
      <y82>806</y82>
      <x83>788</x83>
      <y83>796</y83>
      <x84>788</x84>
      <y84>791</y84>
      <x85>787</x85>
      <y85>789</y85>
      <x86>782</x86>
      <y86>786</y86>
      <x87>774</x87>
      <y87>786</y87>
      <x88>771</x88>
      <y88>785</y88>
      <x89>768</x89>
      <y89>780</y89>
      <x90>768</x90>
      <y90>777</y90>
      <x91>766</x91>
      <y91>772</y91>
      <x92>758</x92>
      <y92>764</y92>
      <x93>745</x93>
      <y93>759</y93>
      <x94>731</x94>
      <y94>759</y94>
      <x95>726</x95>
      <y95>761</y95>
      <x96>722</x96>
      <y96>761</y96>
      <x97>717</x97>
      <y97>763</y97>
      <x98>710</x98>
      <y98>763</y98>
      <x99>709</x99>
      <y99>764</y99>
      <x100>697</x100>
      <y100>763</y100>
      <x101>679</x101>
      <y101>751</y101>
      <x102>668</x102>
      <y102>746</y102>
      <x103>661</x103>
      <y103>741</y103>
      <x104>659</x104>
      <y104>741</y104>
      <x105>647</x105>
      <y105>733</y105>
      <x106>633</x106>
      <y106>726</y106>
      <x107>611</x107>
      <y107>710</y107>
      <x108>599</x108>
      <y108>705</y108>
      <x109>593</x109>
      <y109>705</y109>
      <x110>592</x110>
      <y110>704</y110>
      <x111>584</x111>
      <y111>707</y111>
      <x112>578</x112>
      <y112>713</y112>
      <x113>569</x113>
      <y113>728</y113>
      <x114>562</x114>
      <y114>737</y114>
      <x115>562</x115>
      <y115>739</y115>
      <x116>558</x116>
      <y116>746</y116>
      <x117>557</x117>
      <y117>751</y117>
      <x118>554</x118>
      <y118>754</y118>
      <x119>549</x119>
      <y119>757</y119>
      <x120>547</x120>
      <y120>757</y120>
      <x121>545</x121>
      <y121>753</y121>
      <x122>546</x122>
      <y122>751</y122>
      <x123>546</x123>
      <y123>744</y123>
      <x124>544</x124>
      <y124>737</y124>
      <x125>537</x125>
      <y125>725</y125>
      <x126>533</x126>
      <y126>721</y126>
      <x127>528</x127>
      <y127>719</y127>
      <x128>523</x128>
      <y128>715</y128>
      <x129>512</x129>
      <y129>711</y129>
      <x130>504</x130>
      <y130>706</y130>
      <x131>501</x131>
      <y131>705</y131>
      <x132>493</x132>
      <y132>705</y132>
      <x133>490</x133>
      <y133>702</y133>
      <x134>489</x134>
      <y134>693</y134>
      <x135>490</x135>
      <y135>692</y135>
      <x136>492</x136>
      <y136>682</y136>
      <x137>495</x137>
      <y137>677</y137>
      <x138>495</x138>
      <y138>674</y138>
      <x139>490</x139>
      <y139>663</y139>
      <x140>489</x140>
      <y140>644</y140>
      <x141>486</x141>
      <y141>636</y141>
      <x142>487</x142>
      <y142>619</y142>
      <x143>485</x143>
      <y143>612</y143>
      <x144>479</x144>
      <y144>606</y144>
      <x145>475</x145>
      <y145>604</y145>
      <x146>457</x146>
      <y146>601</y146>
      <x147>448</x147>
      <y147>598</y147>
      <x148>433</x148>
      <y148>598</y148>
      <x149>432</x149>
      <y149>599</y149>
      <x150>422</x150>
      <y150>600</y150>
      <x151>415</x151>
      <y151>603</y151>
      <x152>400</x152>
      <y152>614</y152>
      <x153>396</x153>
      <y153>618</y153>
    </polygon>
  </object>
  <object>
    <name>person</name>
    <bndbox>
      <xmin>694</xmin>
      <ymin>255</ymin>
      <xmax>955</xmax>
      <ymax>583</ymax>
    </bndbox>
    <polygon>
      <x1>898</x1>
      <y1>257</y1>
      <x2>892</x2>
      <y2>255</y2>
      <x3>882</x3>
      <y3>255</y3>
      <x4>872</x4>
      <y4>257</y4>
      <x5>864</x5>
      <y5>262</y5>
      <x6>856</x6>
      <y6>270</y6>
      <x7>854</x7>
      <y7>277</y7>
      <x8>855</x8>
      <y8>289</y8>
      <x9>862</x9>
      <y9>298</y9>
      <x10>863</x10>
      <y10>304</y10>
      <x11>869</x11>
      <y11>310</y11>
      <x12>871</x12>
      <y12>320</y12>
      <x13>863</x13>
      <y13>329</y13>
      <x14>855</x14>
      <y14>331</y14>
      <x15>845</x15>
      <y15>337</y15>
      <x16>839</x16>
      <y16>338</y16>
      <x17>831</x17>
      <y17>342</y17>
      <x18>824</x18>
      <y18>352</y18>
      <x19>819</x19>
      <y19>362</y19>
      <x20>815</x20>
      <y20>375</y20>
      <x21>815</x21>
      <y21>380</y21>
      <x22>810</x22>
      <y22>400</y22>
      <x23>810</x23>
      <y23>417</y23>
      <x24>811</x24>
      <y24>420</y24>
      <x25>813</x25>
      <y25>422</y25>
      <x26>819</x26>
      <y26>424</y26>
      <x27>817</x27>
      <y27>429</y27>
      <x28>817</x28>
      <y28>436</y28>
      <x29>813</x29>
      <y29>439</y29>
      <x30>801</x30>
      <y30>439</y30>
      <x31>796</x31>
      <y31>432</y31>
      <x32>787</x32>
      <y32>431</y32>
      <x33>785</x33>
      <y33>433</y33>
      <x34>781</x34>
      <y34>434</y34>
      <x35>773</x35>
      <y35>442</y35>
      <x36>758</x36>
      <y36>444</y36>
      <x37>748</x37>
      <y37>453</y37>
      <x38>734</x38>
      <y38>474</y38>
      <x39>734</x39>
      <y39>476</y39>
      <x40>725</x40>
      <y40>493</y40>
      <x41>724</x41>
      <y41>499</y41>
      <x42>720</x42>
      <y42>503</y42>
      <x43>716</x43>
      <y43>514</y43>
      <x44>713</x44>
      <y44>518</y44>
      <x45>712</x45>
      <y45>522</y45>
      <x46>705</x46>
      <y46>534</y46>
      <x47>705</x47>
      <y47>536</y47>
      <x48>696</x48>
      <y48>549</y48>
      <x49>694</x49>
      <y49>554</y49>
      <x50>694</x50>
      <y50>564</y50>
      <x51>695</x51>
      <y51>565</y51>
      <x52>698</x52>
      <y52>565</y52>
      <x53>704</x53>
      <y53>561</y53>
      <x54>710</x54>
      <y54>561</y54>
      <x55>716</x55>
      <y55>567</y55>
      <x56>719</x56>
      <y56>567</y56>
      <x57>725</x57>
      <y57>561</y57>
      <x58>730</x58>
      <y58>549</y58>
      <x59>739</x59>
      <y59>533</y59>
      <x60>743</x60>
      <y60>537</y60>
      <x61>745</x61>
      <y61>569</y61>
      <x62>749</x62>
      <y62>576</y62>
      <x63>753</x63>
      <y63>579</y63>
      <x64>760</x64>
      <y64>576</y64>
      <x65>765</x65>
      <y65>577</y65>
      <x66>770</x66>
      <y66>583</y66>
      <x67>774</x67>
      <y67>583</y67>
      <x68>779</x68>
      <y68>574</y68>
      <x69>780</x69>
      <y69>562</y69>
      <x70>783</x70>
      <y70>551</y70>
      <x71>783</x71>
      <y71>537</y71>
      <x72>779</x72>
      <y72>526</y72>
      <x73>779</x73>
      <y73>520</y73>
      <x74>784</x74>
      <y74>515</y74>
      <x75>794</x75>
      <y75>512</y75>
      <x76>803</x76>
      <y76>511</y76>
      <x77>813</x77>
      <y77>508</y77>
      <x78>820</x78>
      <y78>508</y78>
      <x79>821</x79>
      <y79>507</y79>
      <x80>829</x80>
      <y80>507</y80>
      <x81>830</x81>
      <y81>508</y81>
      <x82>831</x82>
      <y82>507</y82>
      <x83>848</x83>
      <y83>507</y83>
      <x84>849</x84>
      <y84>508</y84>
      <x85>859</x85>
      <y85>507</y85>
      <x86>879</x86>
      <y86>488</y86>
      <x87>882</x87>
      <y87>483</y87>
      <x88>900</x88>
      <y88>464</y88>
      <x89>910</x89>
      <y89>460</y89>
      <x90>913</x90>
      <y90>457</y90>
      <x91>919</x91>
      <y91>454</y91>
      <x92>926</x92>
      <y92>457</y92>
      <x93>935</x93>
      <y93>457</y93>
      <x94>940</x94>
      <y94>454</y94>
      <x95>946</x95>
      <y95>448</y95>
      <x96>951</x96>
      <y96>432</y96>
      <x97>952</x97>
      <y97>411</y97>
      <x98>953</x98>
      <y98>410</y98>
      <x99>954</x99>
      <y99>394</y99>
      <x100>955</x100>
      <y100>393</y100>
      <x101>955</x101>
      <y101>373</y101>
      <x102>952</x102>
      <y102>358</y102>
      <x103>949</x103>
      <y103>350</y103>
      <x104>940</x104>
      <y104>340</y104>
      <x105>929</x105>
      <y105>332</y105>
      <x106>917</x106>
      <y106>326</y106>
      <x107>910</x107>
      <y107>319</y107>
      <x108>907</x108>
      <y108>284</y108>
      <x109>905</x109>
      <y109>278</y109>
      <x110>905</x110>
      <y110>266</y110>
      <x111>904</x111>
      <y111>262</y111>
    </polygon>
  </object>
  <object>
    <name>person</name>
    <bndbox>
      <xmin>1050</xmin>
      <ymin>332</ymin>
      <xmax>1307</xmax>
      <ymax>733</ymax>
    </bndbox>
    <polygon>
      <x1>1257</x1>
      <y1>332</y1>
      <x2>1236</x2>
      <y2>333</y2>
      <x3>1227</x3>
      <y3>337</y3>
      <x4>1223</x4>
      <y4>341</y4>
      <x5>1220</x5>
      <y5>347</y5>
      <x6>1219</x6>
      <y6>358</y6>
      <x7>1214</x7>
      <y7>366</y7>
      <x8>1213</x8>
      <y8>374</y8>
      <x9>1218</x9>
      <y9>392</y9>
      <x10>1222</x10>
      <y10>396</y10>
      <x11>1229</x11>
      <y11>398</y11>
      <x12>1232</x12>
      <y12>401</y12>
      <x13>1232</x13>
      <y13>403</y13>
      <x14>1229</x14>
      <y14>406</y14>
      <x15>1202</x15>
      <y15>406</y15>
      <x16>1195</x16>
      <y16>411</y16>
      <x17>1190</x17>
      <y17>417</y17>
      <x18>1189</x18>
      <y18>422</y18>
      <x19>1190</x19>
      <y19>427</y19>
      <x20>1192</x20>
      <y20>429</y20>
      <x21>1199</x21>
      <y21>430</y21>
      <x22>1200</x22>
      <y22>432</y22>
      <x23>1191</x23>
      <y23>434</y23>
      <x24>1185</x24>
      <y24>445</y24>
      <x25>1187</x25>
      <y25>448</y25>
      <x26>1187</x26>
      <y26>452</y26>
      <x27>1182</x27>
      <y27>458</y27>
      <x28>1183</x28>
      <y28>460</y28>
      <x29>1183</x29>
      <y29>477</y29>
      <x30>1184</x30>
      <y30>478</y30>
      <x31>1185</x31>
      <y31>491</y31>
      <x32>1190</x32>
      <y32>504</y32>
      <x33>1195</x33>
      <y33>509</y33>
      <x34>1201</x34>
      <y34>512</y34>
      <x35>1208</x35>
      <y35>512</y35>
      <x36>1212</x36>
      <y36>510</y36>
      <x37>1215</x37>
      <y37>512</y37>
      <x38>1219</x38>
      <y38>521</y38>
      <x39>1218</x39>
      <y39>527</y39>
      <x40>1215</x40>
      <y40>529</y40>
      <x41>1189</x41>
      <y41>533</y41>
      <x42>1181</x42>
      <y42>537</y42>
      <x43>1174</x43>
      <y43>546</y43>
      <x44>1171</x44>
      <y44>554</y44>
      <x45>1167</x45>
      <y45>559</y45>
      <x46>1165</x46>
      <y46>566</y46>
      <x47>1153</x47>
      <y47>589</y47>
      <x48>1153</x48>
      <y48>591</y48>
      <x49>1147</x49>
      <y49>596</y49>
      <x50>1143</x50>
      <y50>608</y50>
      <x51>1125</x51>
      <y51>631</y51>
      <x52>1115</x52>
      <y52>640</y52>
      <x53>1106</x53>
      <y53>646</y53>
      <x54>1091</x54>
      <y54>660</y54>
      <x55>1081</x55>
      <y55>667</y55>
      <x56>1079</x56>
      <y56>667</y56>
      <x57>1070</x57>
      <y57>672</y57>
      <x58>1058</x58>
      <y58>673</y58>
      <x59>1050</x59>
      <y59>677</y59>
      <x60>1050</x60>
      <y60>682</y60>
      <x61>1054</x61>
      <y61>686</y61>
      <x62>1058</x62>
      <y62>688</y62>
      <x63>1062</x63>
      <y63>692</y63>
      <x64>1071</x64>
      <y64>696</y64>
      <x65>1080</x65>
      <y65>696</y65>
      <x66>1088</x66>
      <y66>689</y66>
      <x67>1095</x67>
      <y67>685</y67>
      <x68>1109</x68>
      <y68>685</y68>
      <x69>1115</x69>
      <y69>682</y69>
      <x70>1120</x70>
      <y70>673</y70>
      <x71>1121</x71>
      <y71>661</y71>
      <x72>1166</x72>
      <y72>616</y72>
      <x73>1171</x73>
      <y73>613</y73>
      <x74>1173</x74>
      <y74>615</y74>
      <x75>1172</x75>
      <y75>627</y75>
      <x76>1151</x76>
      <y76>692</y76>
      <x77>1150</x77>
      <y77>703</y77>
      <x78>1144</x78>
      <y78>723</y78>
      <x79>1144</x79>
      <y79>732</y79>
      <x80>1145</x80>
      <y80>733</y80>
      <x81>1155</x81>
      <y81>730</y81>
      <x82>1164</x82>
      <y82>721</y82>
      <x83>1165</x83>
      <y83>718</y83>
      <x84>1164</x84>
      <y84>709</y84>
      <x85>1168</x85>
      <y85>695</y85>
      <x86>1172</x86>
      <y86>686</y86>
      <x87>1190</x87>
      <y87>658</y87>
      <x88>1196</x88>
      <y88>644</y88>
      <x89>1204</x89>
      <y89>631</y89>
      <x90>1207</x90>
      <y90>619</y90>
      <x91>1209</x91>
      <y91>602</y91>
      <x92>1212</x92>
      <y92>595</y92>
      <x93>1214</x93>
      <y93>593</y93>
      <x94>1227</x94>
      <y94>592</y94>
      <x95>1234</x95>
      <y95>590</y95>
      <x96>1239</x96>
      <y96>590</y96>
      <x97>1240</x97>
      <y97>591</y97>
      <x98>1249</x98>
      <y98>590</y98>
      <x99>1255</x99>
      <y99>594</y99>
      <x100>1262</x100>
      <y100>594</y100>
      <x101>1278</x101>
      <y101>590</y101>
      <x102>1282</x102>
      <y102>585</y102>
      <x103>1286</x103>
      <y103>570</y103>
      <x104>1291</x104>
      <y104>560</y104>
      <x105>1303</x105>
      <y105>548</y105>
      <x106>1305</x106>
      <y106>541</y106>
      <x107>1298</x107>
      <y107>529</y107>
      <x108>1298</x108>
      <y108>521</y108>
      <x109>1299</x109>
      <y109>520</y109>
      <x110>1299</x110>
      <y110>478</y110>
      <x111>1304</x111>
      <y111>471</y111>
      <x112>1307</x112>
      <y112>462</y112>
      <x113>1307</x113>
      <y113>451</y113>
      <x114>1304</x114>
      <y114>445</y114>
      <x115>1304</x115>
      <y115>434</y115>
      <x116>1302</x116>
      <y116>432</y116>
      <x117>1304</x117>
      <y117>427</y117>
      <x118>1304</x118>
      <y118>421</y118>
      <x119>1302</x119>
      <y119>417</y119>
      <x120>1287</x120>
      <y120>403</y120>
      <x121>1285</x121>
      <y121>369</y121>
      <x122>1283</x122>
      <y122>359</y122>
      <x123>1274</x123>
      <y123>342</y123>
      <x124>1268</x124>
      <y124>336</y124>
    </polygon>
  </object>
  <object>
    <name>person</name>
    <bndbox>
      <xmin>1322</xmin>
      <ymin>347</ymin>
      <xmax>1539</xmax>
      <ymax>701</ymax>
    </bndbox>
    <polygon>
      <x1>1465</x1>
      <y1>347</y1>
      <x2>1443</x2>
      <y2>348</y2>
      <x3>1438</x3>
      <y3>350</y3>
      <x4>1435</x4>
      <y4>353</y4>
      <x5>1435</x5>
      <y5>369</y5>
      <x6>1433</x6>
      <y6>373</y6>
      <x7>1433</x7>
      <y7>382</y7>
      <x8>1427</x8>
      <y8>394</y8>
      <x9>1427</x9>
      <y9>397</y9>
      <x10>1431</x10>
      <y10>407</y10>
      <x11>1431</x11>
      <y11>425</y11>
      <x12>1427</x12>
      <y12>430</y12>
      <x13>1424</x13>
      <y13>431</y13>
      <x14>1419</x14>
      <y14>436</y14>
      <x15>1413</x15>
      <y15>445</y15>
      <x16>1408</x16>
      <y16>461</y16>
      <x17>1406</x17>
      <y17>476</y17>
      <x18>1401</x18>
      <y18>491</y18>
      <x19>1395</x19>
      <y19>500</y19>
      <x20>1392</x20>
      <y20>507</y20>
      <x21>1392</x21>
      <y21>523</y21>
      <x22>1397</x22>
      <y22>534</y22>
      <x23>1399</x23>
      <y23>536</y23>
      <x24>1399</x24>
      <y24>543</y24>
      <x25>1403</x25>
      <y25>550</y25>
      <x26>1401</x26>
      <y26>552</y26>
      <x27>1389</x27>
      <y27>552</y27>
      <x28>1359</x28>
      <y28>544</y28>
      <x29>1346</x29>
      <y29>544</y29>
      <x30>1332</x30>
      <y30>551</y30>
      <x31>1327</x31>
      <y31>563</y31>
      <x32>1327</x32>
      <y32>569</y32>
      <x33>1326</x33>
      <y33>570</y33>
      <x34>1325</x34>
      <y34>596</y34>
      <x35>1324</x35>
      <y35>597</y35>
      <x36>1323</x36>
      <y36>623</y36>
      <x37>1322</x37>
      <y37>624</y37>
      <x38>1322</x38>
      <y38>642</y38>
      <x39>1324</x39>
      <y39>647</y39>
      <x40>1325</x40>
      <y40>656</y40>
      <x41>1327</x41>
      <y41>658</y41>
      <x42>1330</x42>
      <y42>657</y42>
      <x43>1331</x43>
      <y43>648</y43>
      <x44>1335</x44>
      <y44>644</y44>
      <x45>1340</x45>
      <y45>634</y45>
      <x46>1349</x46>
      <y46>623</y46>
      <x47>1352</x47>
      <y47>617</y47>
      <x48>1356</x48>
      <y48>601</y48>
      <x49>1359</x49>
      <y49>594</y49>
      <x50>1362</x50>
      <y50>591</y50>
      <x51>1368</x51>
      <y51>595</y51>
      <x52>1371</x52>
      <y52>604</y52>
      <x53>1375</x53>
      <y53>609</y53>
      <x54>1383</x54>
      <y54>611</y54>
      <x55>1417</x55>
      <y55>611</y55>
      <x56>1418</x56>
      <y56>613</y56>
      <x57>1415</x57>
      <y57>618</y57>
      <x58>1408</x58>
      <y58>639</y58>
      <x59>1408</x59>
      <y59>644</y59>
      <x60>1411</x60>
      <y60>655</y60>
      <x61>1409</x61>
      <y61>689</y61>
      <x62>1412</x62>
      <y62>692</y62>
      <x63>1432</x63>
      <y63>701</y63>
      <x64>1438</x64>
      <y64>701</y64>
      <x65>1441</x65>
      <y65>698</y65>
      <x66>1443</x66>
      <y66>693</y66>
      <x67>1445</x67>
      <y67>683</y67>
      <x68>1445</x68>
      <y68>676</y68>
      <x69>1446</x69>
      <y69>675</y69>
      <x70>1446</x70>
      <y70>660</y70>
      <x71>1447</x71>
      <y71>659</y71>
      <x72>1447</x72>
      <y72>648</y72>
      <x73>1454</x73>
      <y73>640</y73>
      <x74>1463</x74>
      <y74>636</y74>
      <x75>1476</x75>
      <y75>627</y75>
      <x76>1479</x76>
      <y76>619</y76>
      <x77>1483</x77>
      <y77>614</y77>
      <x78>1486</x78>
      <y78>606</y78>
      <x79>1491</x79>
      <y79>599</y79>
      <x80>1507</x80>
      <y80>585</y80>
      <x81>1514</x81>
      <y81>582</y81>
      <x82>1521</x82>
      <y82>573</y82>
      <x83>1527</x83>
      <y83>555</y83>
      <x84>1530</x84>
      <y84>535</y84>
      <x85>1533</x85>
      <y85>527</y85>
      <x86>1533</x86>
      <y86>523</y86>
      <x87>1539</x87>
      <y87>501</y87>
      <x88>1539</x88>
      <y88>471</y88>
      <x89>1536</x89>
      <y89>461</y89>
      <x90>1507</x90>
      <y90>431</y90>
      <x91>1500</x91>
      <y91>428</y91>
      <x92>1491</x92>
      <y92>416</y92>
      <x93>1492</x93>
      <y93>409</y93>
      <x94>1498</x94>
      <y94>398</y94>
      <x95>1500</x95>
      <y95>389</y95>
      <x96>1500</x96>
      <y96>376</y96>
      <x97>1496</x97>
      <y97>365</y97>
      <x98>1482</x98>
      <y98>352</y98>
      <x99>1472</x99>
      <y99>348</y99>
      <x100>1466</x100>
      <y100>348</y100>
    </polygon>
  </object>
  <object>
    <name>person</name>
    <bndbox>
      <xmin>359</xmin>
      <ymin>324</ymin>
      <xmax>487</xmax>
      <ymax>590</ymax>
    </bndbox>
    <polygon>
      <x1>447</x1>
      <y1>324</y1>
      <x2>442</x2>
      <y2>324</y2>
      <x3>439</x3>
      <y3>327</y3>
      <x4>430</x4>
      <y4>330</y4>
      <x5>420</x5>
      <y5>339</y5>
      <x6>418</x6>
      <y6>365</y6>
      <x7>421</x7>
      <y7>376</y7>
      <x8>419</x8>
      <y8>385</y8>
      <x9>412</x9>
      <y9>397</y9>
      <x10>408</x10>
      <y10>417</y10>
      <x11>404</x11>
      <y11>427</y11>
      <x12>402</x12>
      <y12>436</y12>
      <x13>398</x13>
      <y13>444</y13>
      <x14>398</x14>
      <y14>449</y14>
      <x15>399</x15>
      <y15>450</y15>
      <x16>397</x16>
      <y16>454</y16>
      <x17>395</x17>
      <y17>455</y17>
      <x18>393</x18>
      <y18>453</y18>
      <x19>392</x19>
      <y19>448</y19>
      <x20>389</x20>
      <y20>446</y20>
      <x21>366</x21>
      <y21>447</y21>
      <x22>363</x22>
      <y22>448</y22>
      <x23>359</x23>
      <y23>453</y23>
      <x24>359</x24>
      <y24>474</y24>
      <x25>360</x25>
      <y25>475</y25>
      <x26>361</x26>
      <y26>487</y26>
      <x27>365</x27>
      <y27>499</y27>
      <x28>366</x28>
      <y28>511</y28>
      <x29>371</x29>
      <y29>520</y29>
      <x30>371</x30>
      <y30>522</y30>
      <x31>376</x31>
      <y31>527</y31>
      <x32>374</x32>
      <y32>541</y32>
      <x33>369</x33>
      <y33>558</y33>
      <x34>369</x34>
      <y34>564</y34>
      <x35>364</x35>
      <y35>576</y35>
      <x36>364</x36>
      <y36>585</y36>
      <x37>368</x37>
      <y37>590</y37>
      <x38>376</x38>
      <y38>590</y38>
      <x39>382</x39>
      <y39>585</y39>
      <x40>388</x40>
      <y40>557</y40>
      <x41>388</x41>
      <y41>546</y41>
      <x42>392</x42>
      <y42>535</y42>
      <x43>393</x43>
      <y43>527</y43>
      <x44>401</x44>
      <y44>516</y44>
      <x45>409</x45>
      <y45>501</y45>
      <x46>415</x46>
      <y46>496</y46>
      <x47>423</x47>
      <y47>498</y47>
      <x48>435</x48>
      <y48>498</y48>
      <x49>436</x49>
      <y49>499</y49>
      <x50>452</x50>
      <y50>497</y50>
      <x51>456</x51>
      <y51>490</y51>
      <x52>456</x52>
      <y52>487</y52>
      <x53>462</x53>
      <y53>476</y53>
      <x54>465</x54>
      <y54>467</y54>
      <x55>477</x55>
      <y55>456</y55>
      <x56>480</x56>
      <y56>450</y56>
      <x57>481</x57>
      <y57>438</y57>
      <x58>483</x58>
      <y58>434</y58>
      <x59>483</x59>
      <y59>431</y59>
      <x60>487</x60>
      <y60>426</y60>
      <x61>487</x61>
      <y61>419</y61>
      <x62>486</x62>
      <y62>418</y62>
      <x63>487</x63>
      <y63>408</y63>
      <x64>485</x64>
      <y64>403</y64>
      <x65>485</x65>
      <y65>389</y65>
      <x66>482</x66>
      <y66>386</y66>
      <x67>477</x67>
      <y67>374</y67>
      <x68>470</x68>
      <y68>363</y68>
      <x69>468</x69>
      <y69>351</y69>
      <x70>463</x70>
      <y70>336</y70>
      <x71>457</x71>
      <y71>329</y71>
      <x72>453</x72>
      <y72>326</y72>
    </polygon>
  </object>
  <object>
    <name>person</name>
    <bndbox>
      <xmin>598</xmin>
      <ymin>247</ymin>
      <xmax>821</xmax>
      <ymax>554</ymax>
    </bndbox>
    <polygon>
      <x1>764</x1>
      <y1>249</y1>
      <x2>759</x2>
      <y2>247</y2>
      <x3>747</x3>
      <y3>248</y3>
      <x4>743</x4>
      <y4>250</y4>
      <x5>734</x5>
      <y5>260</y5>
      <x6>724</x6>
      <y6>290</y6>
      <x7>723</x7>
      <y7>306</y7>
      <x8>721</x8>
      <y8>314</y8>
      <x9>721</x9>
      <y9>321</y9>
      <x10>723</x10>
      <y10>324</y10>
      <x11>723</x11>
      <y11>333</y11>
      <x12>722</x12>
      <y12>334</y12>
      <x13>721</x13>
      <y13>346</y13>
      <x14>719</x14>
      <y14>350</y14>
      <x15>711</x15>
      <y15>359</y15>
      <x16>710</x16>
      <y16>365</y16>
      <x17>708</x17>
      <y17>367</y17>
      <x18>703</x18>
      <y18>367</y18>
      <x19>694</x19>
      <y19>357</y19>
      <x20>689</x20>
      <y20>356</y20>
      <x21>686</x21>
      <y21>359</y21>
      <x22>689</x22>
      <y22>368</y22>
      <x23>692</x23>
      <y23>371</y23>
      <x24>699</x24>
      <y24>383</y24>
      <x25>703</x25>
      <y25>387</y25>
      <x26>704</x26>
      <y26>390</y26>
      <x27>700</x27>
      <y27>395</y27>
      <x28>689</x28>
      <y28>399</y28>
      <x29>676</x29>
      <y29>406</y29>
      <x30>667</x30>
      <y30>417</y30>
      <x31>660</x31>
      <y31>432</y31>
      <x32>653</x32>
      <y32>455</y32>
      <x33>652</x33>
      <y33>465</y33>
      <x34>653</x34>
      <y34>469</y34>
      <x35>655</x35>
      <y35>471</y35>
      <x36>655</x36>
      <y36>478</y36>
      <x37>652</x37>
      <y37>485</y37>
      <x38>645</x38>
      <y38>496</y38>
      <x39>634</x39>
      <y39>509</y39>
      <x40>618</x40>
      <y40>525</y40>
      <x41>615</x41>
      <y41>530</y41>
      <x42>600</x42>
      <y42>544</y42>
      <x43>598</x43>
      <y43>547</y43>
      <x44>598</x44>
      <y44>550</y44>
      <x45>604</x45>
      <y45>554</y45>
      <x46>616</x46>
      <y46>554</y46>
      <x47>623</x47>
      <y47>551</y47>
      <x48>639</x48>
      <y48>534</y48>
      <x49>646</x49>
      <y49>530</y49>
      <x50>659</x50>
      <y50>505</y50>
      <x51>677</x51>
      <y51>485</y51>
      <x52>684</x52>
      <y52>484</y52>
      <x53>688</x53>
      <y53>487</y53>
      <x54>697</x54>
      <y54>487</y54>
      <x55>702</x55>
      <y55>491</y55>
      <x56>703</x56>
      <y56>494</y56>
      <x57>707</x57>
      <y57>498</y57>
      <x58>712</x58>
      <y58>499</y58>
      <x59>716</x59>
      <y59>502</y59>
      <x60>718</x60>
      <y60>501</y60>
      <x61>719</x61>
      <y61>497</y61>
      <x62>724</x62>
      <y62>491</y62>
      <x63>727</x63>
      <y63>485</y63>
      <x64>729</x64>
      <y64>477</y64>
      <x65>733</x65>
      <y65>469</y65>
      <x66>741</x66>
      <y66>460</y66>
      <x67>743</x67>
      <y67>455</y67>
      <x68>751</x68>
      <y68>445</y68>
      <x69>760</x69>
      <y69>438</y69>
      <x70>765</x70>
      <y70>438</y70>
      <x71>776</x71>
      <y71>435</y71>
      <x72>779</x72>
      <y72>432</y72>
      <x73>781</x73>
      <y73>427</y73>
      <x74>803</x74>
      <y74>407</y74>
      <x75>805</x75>
      <y75>402</y75>
      <x76>806</x76>
      <y76>394</y76>
      <x77>809</x77>
      <y77>388</y77>
      <x78>810</x78>
      <y78>381</y78>
      <x79>817</x79>
      <y79>361</y79>
      <x80>817</x80>
      <y80>358</y80>
      <x81>821</x81>
      <y81>352</y81>
      <x82>821</x82>
      <y82>346</y82>
      <x83>819</x83>
      <y83>349</y83>
      <x84>812</x84>
      <y84>350</y84>
      <x85>812</x85>
      <y85>363</y85>
      <x86>810</x86>
      <y86>365</y86>
      <x87>806</x87>
      <y87>364</y87>
      <x88>805</x88>
      <y88>362</y88>
      <x89>806</x89>
      <y89>353</y89>
      <x90>811</x90>
      <y90>345</y90>
      <x91>811</x91>
      <y91>338</y91>
      <x92>809</x92>
      <y92>335</y92>
      <x93>807</x93>
      <y93>326</y93>
      <x94>797</x94>
      <y94>312</y94>
      <x95>788</x95>
      <y95>294</y95>
      <x96>783</x96>
      <y96>288</y96>
      <x97>781</x97>
      <y97>276</y97>
      <x98>776</x98>
      <y98>261</y98>
      <x99>773</x99>
      <y99>256</y99>
    </polygon>
  </object>
</annotation>
