<?xml version="1.0" ?>
<annotation>
  <folder>VOC</folder>
  <filename>132-2.png</filename>
  <source>
    <database>roboflow.ai</database>
  </source>
  <size>
    <width>1792</width>
    <height>1024</height>
    <depth>3</depth>
  </size>
  <segmented>0</segmented>
  <object>
    <name>person</name>
    <bndbox>
      <xmin>1054</xmin>
      <ymin>445</ymin>
      <xmax>1172</xmax>
      <ymax>771</ymax>
    </bndbox>
    <polygon>
      <x1>1131</x1>
      <y1>445</y1>
      <x2>1119</x2>
      <y2>446</y2>
      <x3>1112</x3>
      <y3>453</y3>
      <x4>1110</x4>
      <y4>457</y4>
      <x5>1108</x5>
      <y5>473</y5>
      <x6>1110</x6>
      <y6>478</y6>
      <x7>1114</x7>
      <y7>480</y7>
      <x8>1110</x8>
      <y8>488</y8>
      <x9>1107</x9>
      <y9>491</y9>
      <x10>1093</x10>
      <y10>494</y10>
      <x11>1087</x11>
      <y11>499</y11>
      <x12>1079</x12>
      <y12>500</y12>
      <x13>1066</x13>
      <y13>517</y13>
      <x14>1061</x14>
      <y14>541</y14>
      <x15>1058</x15>
      <y15>548</y15>
      <x16>1058</x16>
      <y16>555</y16>
      <x17>1056</x17>
      <y17>563</y17>
      <x18>1057</x18>
      <y18>571</y18>
      <x19>1056</x19>
      <y19>594</y19>
      <x20>1055</x20>
      <y20>595</y20>
      <x21>1056</x21>
      <y21>608</y21>
      <x22>1054</x22>
      <y22>611</y22>
      <x23>1054</x23>
      <y23>614</y23>
      <x24>1061</x24>
      <y24>623</y24>
      <x25>1062</x25>
      <y25>627</y25>
      <x26>1070</x26>
      <y26>638</y26>
      <x27>1075</x27>
      <y27>639</y27>
      <x28>1078</x28>
      <y28>642</y28>
      <x29>1079</x29>
      <y29>646</y29>
      <x30>1079</x30>
      <y30>660</y30>
      <x31>1082</x31>
      <y31>672</y31>
      <x32>1080</x32>
      <y32>690</y32>
      <x33>1080</x33>
      <y33>706</y33>
      <x34>1079</x34>
      <y34>707</y34>
      <x35>1079</x35>
      <y35>745</y35>
      <x36>1081</x36>
      <y36>752</y36>
      <x37>1085</x37>
      <y37>759</y37>
      <x38>1085</x38>
      <y38>768</y38>
      <x39>1088</x39>
      <y39>771</y39>
      <x40>1094</x40>
      <y40>771</y40>
      <x41>1097</x41>
      <y41>768</y41>
      <x42>1102</x42>
      <y42>755</y42>
      <x43>1102</x43>
      <y43>749</y43>
      <x44>1098</x44>
      <y44>741</y44>
      <x45>1098</x45>
      <y45>735</y45>
      <x46>1101</x46>
      <y46>726</y46>
      <x47>1102</x47>
      <y47>704</y47>
      <x48>1108</x48>
      <y48>683</y48>
      <x49>1111</x49>
      <y49>690</y49>
      <x50>1113</x50>
      <y50>711</y50>
      <x51>1115</x51>
      <y51>717</y51>
      <x52>1118</x52>
      <y52>760</y52>
      <x53>1122</x53>
      <y53>763</y53>
      <x54>1129</x54>
      <y54>761</y54>
      <x55>1140</x55>
      <y55>750</y55>
      <x56>1147</x56>
      <y56>737</y56>
      <x57>1147</x57>
      <y57>730</y57>
      <x58>1143</x58>
      <y58>727</y58>
      <x59>1137</x59>
      <y59>728</y59>
      <x60>1134</x60>
      <y60>724</y60>
      <x61>1133</x61>
      <y61>718</y61>
      <x62>1136</x62>
      <y62>702</y62>
      <x63>1137</x63>
      <y63>680</y63>
      <x64>1139</x64>
      <y64>676</y64>
      <x65>1141</x65>
      <y65>655</y65>
      <x66>1146</x66>
      <y66>635</y66>
      <x67>1145</x67>
      <y67>613</y67>
      <x68>1142</x68>
      <y68>606</y68>
      <x69>1140</x69>
      <y69>594</y69>
      <x70>1138</x70>
      <y70>592</y70>
      <x71>1140</x71>
      <y71>583</y71>
      <x72>1143</x72>
      <y72>580</y72>
      <x73>1146</x73>
      <y73>582</y73>
      <x74>1147</x74>
      <y74>589</y74>
      <x75>1159</x75>
      <y75>611</y75>
      <x76>1160</x76>
      <y76>616</y76>
      <x77>1159</x77>
      <y77>633</y77>
      <x78>1162</x78>
      <y78>649</y78>
      <x79>1163</x79>
      <y79>650</y79>
      <x80>1168</x80>
      <y80>649</y80>
      <x81>1172</x81>
      <y81>641</y81>
      <x82>1172</x82>
      <y82>632</y82>
      <x83>1168</x83>
      <y83>620</y83>
      <x84>1169</x84>
      <y84>611</y84>
      <x85>1168</x85>
      <y85>610</y85>
      <x86>1168</x86>
      <y86>594</y86>
      <x87>1166</x87>
      <y87>577</y87>
      <x88>1158</x88>
      <y88>548</y88>
      <x89>1155</x89>
      <y89>530</y89>
      <x90>1153</x90>
      <y90>527</y90>
      <x91>1153</x91>
      <y91>523</y91>
      <x92>1147</x92>
      <y92>513</y92>
      <x93>1138</x93>
      <y93>508</y93>
      <x94>1132</x94>
      <y94>501</y94>
      <x95>1133</x95>
      <y95>494</y95>
      <x96>1152</x96>
      <y96>477</y96>
      <x97>1154</x97>
      <y97>473</y97>
      <x98>1154</x98>
      <y98>465</y98>
      <x99>1151</x99>
      <y99>459</y99>
      <x100>1142</x100>
      <y100>449</y100>
    </polygon>
  </object>
</annotation>
