<?xml version="1.0" ?>
<annotation>
  <folder>VOC</folder>
  <filename>134-2.png</filename>
  <source>
    <database>roboflow.ai</database>
  </source>
  <size>
    <width>1792</width>
    <height>1024</height>
    <depth>3</depth>
  </size>
  <segmented>0</segmented>
  <object>
    <name>person</name>
    <bndbox>
      <xmin>688</xmin>
      <ymin>656</ymin>
      <xmax>816</xmax>
      <ymax>998</ymax>
    </bndbox>
    <polygon>
      <x1>756</x1>
      <y1>656</y1>
      <x2>747</x2>
      <y2>657</y2>
      <x3>738</x3>
      <y3>661</y3>
      <x4>733</x4>
      <y4>665</y4>
      <x5>728</x5>
      <y5>675</y5>
      <x6>729</x6>
      <y6>683</y6>
      <x7>738</x7>
      <y7>703</y7>
      <x8>742</x8>
      <y8>708</y8>
      <x9>742</x9>
      <y9>712</y9>
      <x10>740</x10>
      <y10>716</y10>
      <x11>731</x11>
      <y11>725</y11>
      <x12>710</x12>
      <y12>730</y12>
      <x13>705</x13>
      <y13>735</y13>
      <x14>698</x14>
      <y14>739</y14>
      <x15>692</x15>
      <y15>748</y15>
      <x16>688</x16>
      <y16>765</y16>
      <x17>688</x17>
      <y17>803</y17>
      <x18>696</x18>
      <y18>820</y18>
      <x19>702</x19>
      <y19>827</y19>
      <x20>707</x20>
      <y20>829</y20>
      <x21>710</x21>
      <y21>833</y21>
      <x22>709</x22>
      <y22>842</y22>
      <x23>710</x23>
      <y23>850</y23>
      <x24>720</x24>
      <y24>866</y24>
      <x25>720</x25>
      <y25>878</y25>
      <x26>719</x26>
      <y26>879</y26>
      <x27>720</x27>
      <y27>902</y27>
      <x28>722</x28>
      <y28>906</y28>
      <x29>730</x29>
      <y29>908</y29>
      <x30>735</x30>
      <y30>914</y30>
      <x31>736</x31>
      <y31>943</y31>
      <x32>751</x32>
      <y32>968</y32>
      <x33>751</x33>
      <y33>973</y33>
      <x34>746</x34>
      <y34>979</y34>
      <x35>745</x35>
      <y35>983</y35>
      <x36>756</x36>
      <y36>990</y36>
      <x37>771</x37>
      <y37>992</y37>
      <x38>775</x38>
      <y38>996</y38>
      <x39>783</x39>
      <y39>998</y39>
      <x40>793</x40>
      <y40>996</y40>
      <x41>799</x41>
      <y41>991</y41>
      <x42>798</x42>
      <y42>986</y42>
      <x43>794</x43>
      <y43>982</y43>
      <x44>792</x44>
      <y44>982</y44>
      <x45>788</x45>
      <y45>976</y45>
      <x46>796</x46>
      <y46>953</y46>
      <x47>796</x47>
      <y47>941</y47>
      <x48>793</x48>
      <y48>928</y48>
      <x49>794</x49>
      <y49>916</y49>
      <x50>796</x50>
      <y50>913</y50>
      <x51>804</x51>
      <y51>911</y51>
      <x52>809</x52>
      <y52>907</y52>
      <x53>802</x53>
      <y53>881</y53>
      <x54>802</x54>
      <y54>876</y54>
      <x55>804</x55>
      <y55>871</y55>
      <x56>803</x56>
      <y56>867</y56>
      <x57>804</x57>
      <y57>849</y57>
      <x58>811</x58>
      <y58>843</y58>
      <x59>814</x59>
      <y59>836</y59>
      <x60>816</x60>
      <y60>819</y60>
      <x61>816</x61>
      <y61>783</y61>
      <x62>814</x62>
      <y62>778</y62>
      <x63>813</x63>
      <y63>766</y63>
      <x64>804</x64>
      <y64>746</y64>
      <x65>801</x65>
      <y65>743</y65>
      <x66>796</x66>
      <y66>743</y66>
      <x67>792</x67>
      <y67>737</y67>
      <x68>788</x68>
      <y68>734</y68>
      <x69>780</x69>
      <y69>733</y69>
      <x70>774</x70>
      <y70>730</y70>
      <x71>771</x71>
      <y71>727</y71>
      <x72>771</x72>
      <y72>724</y72>
      <x73>767</x73>
      <y73>717</y73>
      <x74>768</x74>
      <y74>711</y74>
      <x75>774</x75>
      <y75>705</y75>
      <x76>778</x76>
      <y76>695</y76>
      <x77>779</x77>
      <y77>677</y77>
      <x78>783</x78>
      <y78>669</y78>
      <x79>782</x79>
      <y79>662</y79>
      <x80>774</x80>
      <y80>656</y80>
    </polygon>
  </object>
  <object>
    <name>person</name>
    <bndbox>
      <xmin>817</xmin>
      <ymin>689</ymin>
      <xmax>933</xmax>
      <ymax>997</ymax>
    </bndbox>
    <polygon>
      <x1>855</x1>
      <y1>689</y1>
      <x2>846</x2>
      <y2>695</y2>
      <x3>842</x3>
      <y3>701</y3>
      <x4>837</x4>
      <y4>717</y4>
      <x5>833</x5>
      <y5>740</y5>
      <x6>828</x6>
      <y6>752</y6>
      <x7>827</x7>
      <y7>767</y7>
      <x8>820</x8>
      <y8>777</y8>
      <x9>820</x9>
      <y9>810</y9>
      <x10>819</x10>
      <y10>811</y10>
      <x11>817</x11>
      <y11>844</y11>
      <x12>822</x12>
      <y12>853</y12>
      <x13>822</x13>
      <y13>892</y13>
      <x14>823</x14>
      <y14>893</y14>
      <x15>824</x15>
      <y15>906</y15>
      <x16>828</x16>
      <y16>916</y16>
      <x17>835</x17>
      <y17>924</y17>
      <x18>836</x18>
      <y18>936</y18>
      <x19>842</x19>
      <y19>966</y19>
      <x20>846</x20>
      <y20>970</y20>
      <x21>865</x21>
      <y21>972</y21>
      <x22>868</x22>
      <y22>976</y22>
      <x23>868</x23>
      <y23>981</y23>
      <x24>869</x24>
      <y24>982</y24>
      <x25>868</x25>
      <y25>985</y25>
      <x26>864</x26>
      <y26>989</y26>
      <x27>865</x27>
      <y27>994</y27>
      <x28>870</x28>
      <y28>997</y28>
      <x29>882</x29>
      <y29>997</y29>
      <x30>890</x30>
      <y30>995</y30>
      <x31>894</x31>
      <y31>991</y31>
      <x32>891</x32>
      <y32>984</y32>
      <x33>893</x33>
      <y33>978</y33>
      <x34>892</x34>
      <y34>973</y34>
      <x35>893</x35>
      <y35>963</y35>
      <x36>894</x36>
      <y36>962</y36>
      <x37>906</x37>
      <y37>961</y37>
      <x38>908</x38>
      <y38>958</y38>
      <x39>909</x39>
      <y39>945</y39>
      <x40>908</x40>
      <y40>944</y40>
      <x41>907</x41>
      <y41>914</y41>
      <x42>909</x42>
      <y42>909</y42>
      <x43>909</x43>
      <y43>901</y43>
      <x44>910</x44>
      <y44>900</y44>
      <x45>911</x45>
      <y45>875</y45>
      <x46>913</x46>
      <y46>866</y46>
      <x47>916</x47>
      <y47>863</y47>
      <x48>916</x48>
      <y48>852</y48>
      <x49>914</x49>
      <y49>842</y49>
      <x50>919</x50>
      <y50>839</y50>
      <x51>921</x51>
      <y51>833</y51>
      <x52>926</x52>
      <y52>828</y52>
      <x53>933</x53>
      <y53>809</y53>
      <x54>933</x54>
      <y54>802</y54>
      <x55>931</x55>
      <y55>798</y55>
      <x56>915</x56>
      <y56>780</y56>
      <x57>915</x57>
      <y57>773</y57>
      <x58>908</x58>
      <y58>766</y58>
      <x59>906</x59>
      <y59>762</y59>
      <x60>898</x60>
      <y60>755</y60>
      <x61>894</x61>
      <y61>747</y61>
      <x62>894</x62>
      <y62>744</y62>
      <x63>890</x63>
      <y63>734</y63>
      <x64>885</x64>
      <y64>715</y64>
      <x65>875</x65>
      <y65>696</y65>
      <x66>869</x66>
      <y66>690</y66>
    </polygon>
  </object>
</annotation>
