<?xml version="1.0" ?>
<annotation>
  <folder>VOC</folder>
  <filename>134-1.png</filename>
  <source>
    <database>roboflow.ai</database>
  </source>
  <size>
    <width>1792</width>
    <height>1024</height>
    <depth>3</depth>
  </size>
  <segmented>0</segmented>
  <object>
    <name>person</name>
    <bndbox>
      <xmin>833</xmin>
      <ymin>661</ymin>
      <xmax>898</xmax>
      <ymax>833</ymax>
    </bndbox>
    <polygon>
      <x1>863</x1>
      <y1>661</y1>
      <x2>860</x2>
      <y2>662</y2>
      <x3>855</x3>
      <y3>669</y3>
      <x4>853</x4>
      <y4>676</y4>
      <x5>854</x5>
      <y5>682</y5>
      <x6>840</x6>
      <y6>695</y6>
      <x7>838</x7>
      <y7>699</y7>
      <x8>833</x8>
      <y8>721</y8>
      <x9>833</x9>
      <y9>743</y9>
      <x10>835</x10>
      <y10>763</y10>
      <x11>838</x11>
      <y11>764</y11>
      <x12>844</x12>
      <y12>761</y12>
      <x13>850</x13>
      <y13>769</y13>
      <x14>855</x14>
      <y14>792</y14>
      <x15>856</x15>
      <y15>823</y15>
      <x16>858</x16>
      <y16>831</y16>
      <x17>862</x17>
      <y17>833</y17>
      <x18>872</x18>
      <y18>832</y18>
      <x19>876</x19>
      <y19>828</y19>
      <x20>877</x20>
      <y20>790</y20>
      <x21>880</x21>
      <y21>781</y21>
      <x22>880</x22>
      <y22>775</y22>
      <x23>887</x23>
      <y23>767</y23>
      <x24>888</x24>
      <y24>755</y24>
      <x25>897</x25>
      <y25>751</y25>
      <x26>898</x26>
      <y26>740</y26>
      <x27>893</x27>
      <y27>722</y27>
      <x28>890</x28>
      <y28>703</y28>
      <x29>875</x29>
      <y29>683</y29>
      <x30>875</x30>
      <y30>676</y30>
      <x31>870</x31>
      <y31>663</y31>
    </polygon>
  </object>
  <object>
    <name>person</name>
    <bndbox>
      <xmin>868</xmin>
      <ymin>858</ymin>
      <xmax>965</xmax>
      <ymax>1022</ymax>
    </bndbox>
    <polygon>
      <x1>936</x1>
      <y1>858</y1>
      <x2>925</x2>
      <y2>858</y2>
      <x3>921</x3>
      <y3>860</y3>
      <x4>915</x4>
      <y4>870</y4>
      <x5>915</x5>
      <y5>879</y5>
      <x6>913</x6>
      <y6>881</y6>
      <x7>898</x7>
      <y7>882</y7>
      <x8>894</x8>
      <y8>884</y8>
      <x9>889</x9>
      <y9>889</y9>
      <x10>886</x10>
      <y10>897</y10>
      <x11>875</x11>
      <y11>910</y11>
      <x12>868</x12>
      <y12>925</y12>
      <x13>869</x13>
      <y13>936</y13>
      <x14>875</x14>
      <y14>941</y14>
      <x15>885</x15>
      <y15>942</y15>
      <x16>889</x16>
      <y16>946</y16>
      <x17>887</x17>
      <y17>965</y17>
      <x18>888</x18>
      <y18>970</y18>
      <x19>893</x19>
      <y19>977</y19>
      <x20>893</x20>
      <y20>994</y20>
      <x21>900</x21>
      <y21>1009</y21>
      <x22>900</x22>
      <y22>1021</y22>
      <x23>907</x23>
      <y23>1021</y23>
      <x24>909</x24>
      <y24>1019</y24>
      <x25>908</x25>
      <y25>984</y25>
      <x26>912</x26>
      <y26>980</y26>
      <x27>917</x27>
      <y27>981</y27>
      <x28>920</x28>
      <y28>985</y28>
      <x29>920</x29>
      <y29>993</y29>
      <x30>915</x30>
      <y30>1013</y30>
      <x31>915</x31>
      <y31>1020</y31>
      <x32>918</x32>
      <y32>1022</y32>
      <x33>922</x33>
      <y33>1020</y33>
      <x34>933</x34>
      <y34>999</y34>
      <x35>934</x35>
      <y35>983</y35>
      <x36>946</x36>
      <y36>972</y36>
      <x37>946</x37>
      <y37>949</y37>
      <x38>950</x38>
      <y38>946</y38>
      <x39>958</x39>
      <y39>945</y39>
      <x40>961</x40>
      <y40>942</y40>
      <x41>965</x41>
      <y41>919</y41>
      <x42>962</x42>
      <y42>909</y42>
      <x43>954</x43>
      <y43>899</y43>
      <x44>953</x44>
      <y44>890</y44>
      <x45>940</x45>
      <y45>884</y45>
      <x46>942</x46>
      <y46>876</y46>
      <x47>942</x47>
      <y47>866</y47>
    </polygon>
  </object>
  <object>
    <name>person</name>
    <bndbox>
      <xmin>961</xmin>
      <ymin>876</ymin>
      <xmax>1043</xmax>
      <ymax>1019</ymax>
    </bndbox>
    <polygon>
      <x1>1005</x1>
      <y1>876</y1>
      <x2>995</x2>
      <y2>877</y2>
      <x3>989</x3>
      <y3>880</y3>
      <x4>985</x4>
      <y4>884</y4>
      <x5>980</x5>
      <y5>892</y5>
      <x6>972</x6>
      <y6>915</y6>
      <x7>967</x7>
      <y7>922</y7>
      <x8>965</x8>
      <y8>929</y8>
      <x9>965</x9>
      <y9>935</y9>
      <x10>961</x10>
      <y10>948</y10>
      <x11>961</x11>
      <y11>957</y11>
      <x12>963</x12>
      <y12>959</y12>
      <x13>969</x13>
      <y13>959</y13>
      <x14>973</x14>
      <y14>961</y14>
      <x15>973</x15>
      <y15>965</y15>
      <x16>969</x16>
      <y16>976</y16>
      <x17>969</x17>
      <y17>984</y17>
      <x18>970</x18>
      <y18>986</y18>
      <x19>978</x19>
      <y19>990</y19>
      <x20>980</x20>
      <y20>993</y20>
      <x21>980</x21>
      <y21>997</y21>
      <x22>984</x22>
      <y22>1005</y22>
      <x23>984</x23>
      <y23>1019</y23>
      <x24>988</x24>
      <y24>1019</y24>
      <x25>992</x25>
      <y25>1016</y25>
      <x26>995</x26>
      <y26>1009</y26>
      <x27>1004</x27>
      <y27>999</y27>
      <x28>1008</x28>
      <y28>992</y28>
      <x29>1018</x29>
      <y29>988</y29>
      <x30>1021</x30>
      <y30>985</y30>
      <x31>1025</x31>
      <y31>976</y31>
      <x32>1026</x32>
      <y32>967</y32>
      <x33>1028</x33>
      <y33>962</y33>
      <x34>1030</x34>
      <y34>960</y34>
      <x35>1039</x35>
      <y35>962</y35>
      <x36>1042</x36>
      <y36>959</y36>
      <x37>1043</x37>
      <y37>956</y37>
      <x38>1043</x38>
      <y38>948</y38>
      <x39>1041</x39>
      <y39>944</y39>
      <x40>1040</x40>
      <y40>936</y40>
      <x41>1035</x41>
      <y41>919</y41>
      <x42>1031</x42>
      <y42>912</y42>
      <x43>1022</x43>
      <y43>904</y43>
      <x44>1015</x44>
      <y44>885</y44>
      <x45>1010</x45>
      <y45>879</y45>
    </polygon>
  </object>
  <object>
    <name>person</name>
    <bndbox>
      <xmin>902</xmin>
      <ymin>442</ymin>
      <xmax>936</xmax>
      <ymax>532</ymax>
    </bndbox>
    <polygon>
      <x1>919</x1>
      <y1>442</y1>
      <x2>913</x2>
      <y2>445</y2>
      <x3>912</x3>
      <y3>452</y3>
      <x4>904</x4>
      <y4>462</y4>
      <x5>902</x5>
      <y5>469</y5>
      <x6>903</x6>
      <y6>493</y6>
      <x7>905</x7>
      <y7>498</y7>
      <x8>910</x8>
      <y8>502</y8>
      <x9>911</x9>
      <y9>523</y9>
      <x10>914</x10>
      <y10>531</y10>
      <x11>919</x11>
      <y11>532</y11>
      <x12>921</x12>
      <y12>526</y12>
      <x13>924</x13>
      <y13>503</y13>
      <x14>936</x14>
      <y14>498</y14>
      <x15>936</x15>
      <y15>490</y15>
      <x16>932</x16>
      <y16>479</y16>
      <x17>930</x17>
      <y17>464</y17>
      <x18>925</x18>
      <y18>455</y18>
      <x19>924</x19>
      <y19>447</y19>
    </polygon>
  </object>
  <object>
    <name>person</name>
    <bndbox>
      <xmin>952</xmin>
      <ymin>601</ymin>
      <xmax>993</xmax>
      <ymax>705</ymax>
    </bndbox>
    <polygon>
      <x1>976</x1>
      <y1>601</y1>
      <x2>970</x2>
      <y2>602</y2>
      <x3>963</x3>
      <y3>606</y3>
      <x4>955</x4>
      <y4>616</y4>
      <x5>952</x5>
      <y5>623</y5>
      <x6>952</x6>
      <y6>628</y6>
      <x7>956</x7>
      <y7>637</y7>
      <x8>956</x8>
      <y8>648</y8>
      <x9>958</x9>
      <y9>652</y9>
      <x10>963</x10>
      <y10>697</y10>
      <x11>967</x11>
      <y11>705</y11>
      <x12>970</x12>
      <y12>704</y12>
      <x13>972</x13>
      <y13>698</y13>
      <x14>981</x14>
      <y14>691</y14>
      <x15>980</x15>
      <y15>671</y15>
      <x16>983</x16>
      <y16>653</y16>
      <x17>993</x17>
      <y17>636</y17>
      <x18>990</x18>
      <y18>620</y18>
      <x19>985</x19>
      <y19>611</y19>
    </polygon>
  </object>
  <object>
    <name>person</name>
    <bndbox>
      <xmin>872</xmin>
      <ymin>431</ymin>
      <xmax>902</xmax>
      <ymax>541</ymax>
    </bndbox>
    <polygon>
      <x1>893</x1>
      <y1>431</y1>
      <x2>886</x2>
      <y2>432</y2>
      <x3>884</x3>
      <y3>443</y3>
      <x4>877</x4>
      <y4>448</y4>
      <x5>874</x5>
      <y5>455</y5>
      <x6>872</x6>
      <y6>472</y6>
      <x7>872</x7>
      <y7>482</y7>
      <x8>878</x8>
      <y8>488</y8>
      <x9>880</x9>
      <y9>493</y9>
      <x10>879</x10>
      <y10>501</y10>
      <x11>881</x11>
      <y11>530</y11>
      <x12>885</x12>
      <y12>541</y12>
      <x13>891</x13>
      <y13>539</y13>
      <x14>893</x14>
      <y14>531</y14>
      <x15>895</x15>
      <y15>495</y15>
      <x16>900</x16>
      <y16>487</y16>
      <x17>900</x17>
      <y17>470</y17>
      <x18>902</x18>
      <y18>461</y18>
      <x19>900</x19>
      <y19>449</y19>
      <x20>894</x20>
      <y20>444</y20>
    </polygon>
  </object>
</annotation>
