<?xml version="1.0" ?>
<annotation>
  <folder>VOC</folder>
  <filename>135-2.png</filename>
  <source>
    <database>roboflow.ai</database>
  </source>
  <size>
    <width>1792</width>
    <height>1024</height>
    <depth>3</depth>
  </size>
  <segmented>0</segmented>
  <object>
    <name>person</name>
    <bndbox>
      <xmin>140</xmin>
      <ymin>643</ymin>
      <xmax>194</xmax>
      <ymax>826</ymax>
    </bndbox>
    <polygon>
      <x1>156</x1>
      <y1>643</y1>
      <x2>143</x2>
      <y2>645</y2>
      <x3>140</x3>
      <y3>651</y3>
      <x4>140</x4>
      <y4>669</y4>
      <x5>145</x5>
      <y5>681</y5>
      <x6>141</x6>
      <y6>689</y6>
      <x7>142</x7>
      <y7>724</y7>
      <x8>144</x8>
      <y8>729</y8>
      <x9>144</x9>
      <y9>737</y9>
      <x10>149</x10>
      <y10>745</y10>
      <x11>149</x11>
      <y11>751</y11>
      <x12>154</x12>
      <y12>762</y12>
      <x13>156</x13>
      <y13>784</y13>
      <x14>158</x14>
      <y14>786</y14>
      <x15>160</x15>
      <y15>794</y15>
      <x16>168</x16>
      <y16>801</y16>
      <x17>168</x17>
      <y17>809</y17>
      <x18>171</x18>
      <y18>815</y18>
      <x19>172</x19>
      <y19>826</y19>
      <x20>177</x20>
      <y20>824</y20>
      <x21>178</x21>
      <y21>822</y21>
      <x22>178</x22>
      <y22>801</y22>
      <x23>181</x23>
      <y23>789</y23>
      <x24>187</x24>
      <y24>780</y24>
      <x25>187</x25>
      <y25>771</y25>
      <x26>192</x26>
      <y26>766</y26>
      <x27>191</x27>
      <y27>759</y27>
      <x28>194</x28>
      <y28>753</y28>
      <x29>190</x29>
      <y29>744</y29>
      <x30>193</x30>
      <y30>741</y30>
      <x31>193</x31>
      <y31>736</y31>
      <x32>184</x32>
      <y32>725</y32>
      <x33>184</x33>
      <y33>717</y33>
      <x34>180</x34>
      <y34>709</y34>
      <x35>180</x35>
      <y35>695</y35>
      <x36>185</x36>
      <y36>680</y36>
      <x37>185</x37>
      <y37>675</y37>
      <x38>175</x38>
      <y38>670</y38>
      <x39>169</x39>
      <y39>664</y39>
      <x40>169</x40>
      <y40>649</y40>
      <x41>164</x41>
      <y41>644</y41>
    </polygon>
  </object>
  <object>
    <name>person</name>
    <bndbox>
      <xmin>183</xmin>
      <ymin>442</ymin>
      <xmax>1636</xmax>
      <ymax>1022</ymax>
    </bndbox>
    <polygon>
      <x1>1636</x1>
      <y1>639</y1>
      <x2>1634</x2>
      <y2>634</y2>
      <x3>1615</x3>
      <y3>629</y3>
      <x4>1600</x4>
      <y4>621</y4>
      <x5>1598</x5>
      <y5>621</y5>
      <x6>1591</x6>
      <y6>627</y6>
      <x7>1586</x7>
      <y7>625</y7>
      <x8>1584</x8>
      <y8>627</y8>
      <x9>1581</x9>
      <y9>646</y9>
      <x10>1569</x10>
      <y10>662</y10>
      <x11>1568</x11>
      <y11>697</y11>
      <x12>1573</x12>
      <y12>704</y12>
      <x13>1570</x13>
      <y13>710</y13>
      <x14>1569</x14>
      <y14>723</y14>
      <x15>1565</x15>
      <y15>726</y15>
      <x16>1550</x16>
      <y16>729</y16>
      <x17>1544</x17>
      <y17>728</y17>
      <x18>1542</x18>
      <y18>730</y18>
      <x19>1538</x19>
      <y19>749</y19>
      <x20>1538</x20>
      <y20>754</y20>
      <x21>1541</x21>
      <y21>759</y21>
      <x22>1540</x22>
      <y22>765</y22>
      <x23>1537</x23>
      <y23>770</y23>
      <x24>1530</x24>
      <y24>773</y24>
      <x25>1530</x25>
      <y25>781</y25>
      <x26>1526</x26>
      <y26>791</y26>
      <x27>1517</x27>
      <y27>796</y27>
      <x28>1514</x28>
      <y28>796</y28>
      <x29>1509</x29>
      <y29>791</y29>
      <x30>1505</x30>
      <y30>781</y30>
      <x31>1505</x31>
      <y31>778</y31>
      <x32>1510</x32>
      <y32>767</y32>
      <x33>1510</x33>
      <y33>757</y33>
      <x34>1512</x34>
      <y34>752</y34>
      <x35>1511</x35>
      <y35>745</y35>
      <x36>1515</x36>
      <y36>732</y36>
      <x37>1513</x37>
      <y37>720</y37>
      <x38>1514</x38>
      <y38>662</y38>
      <x39>1519</x39>
      <y39>655</y39>
      <x40>1517</x40>
      <y40>649</y40>
      <x41>1512</x41>
      <y41>644</y41>
      <x42>1509</x42>
      <y42>635</y42>
      <x43>1512</x43>
      <y43>618</y43>
      <x44>1512</x44>
      <y44>604</y44>
      <x45>1506</x45>
      <y45>601</y45>
      <x46>1490</x46>
      <y46>598</y46>
      <x47>1482</x47>
      <y47>592</y47>
      <x48>1476</x48>
      <y48>590</y48>
      <x49>1460</x49>
      <y49>592</y49>
      <x50>1444</x50>
      <y50>585</y50>
      <x51>1439</x51>
      <y51>584</y51>
      <x52>1435</x52>
      <y52>585</y52>
      <x53>1435</x53>
      <y53>590</y53>
      <x54>1440</x54>
      <y54>596</y54>
      <x55>1440</x55>
      <y55>612</y55>
      <x56>1433</x56>
      <y56>620</y56>
      <x57>1435</x57>
      <y57>641</y57>
      <x58>1433</x58>
      <y58>645</y58>
      <x59>1418</x59>
      <y59>660</y59>
      <x60>1418</x60>
      <y60>667</y60>
      <x61>1423</x61>
      <y61>670</y61>
      <x62>1426</x62>
      <y62>675</y62>
      <x63>1425</x63>
      <y63>686</y63>
      <x64>1421</x64>
      <y64>690</y64>
      <x65>1424</x65>
      <y65>693</y65>
      <x66>1425</x66>
      <y66>718</y66>
      <x67>1423</x67>
      <y67>722</y67>
      <x68>1417</x68>
      <y68>724</y68>
      <x69>1411</x69>
      <y69>729</y69>
      <x70>1409</x70>
      <y70>734</y70>
      <x71>1403</x71>
      <y71>741</y71>
      <x72>1395</x72>
      <y72>748</y72>
      <x73>1388</x73>
      <y73>751</y73>
      <x74>1387</x74>
      <y74>753</y74>
      <x75>1390</x75>
      <y75>760</y75>
      <x76>1385</x76>
      <y76>764</y76>
      <x77>1383</x77>
      <y77>768</y77>
      <x78>1382</x78>
      <y78>781</y78>
      <x79>1374</x79>
      <y79>784</y79>
      <x80>1367</x80>
      <y80>791</y80>
      <x81>1357</x81>
      <y81>784</y81>
      <x82>1354</x82>
      <y82>774</y82>
      <x83>1355</x83>
      <y83>754</y83>
      <x84>1357</x84>
      <y84>745</y84>
      <x85>1352</x85>
      <y85>738</y85>
      <x86>1347</x86>
      <y86>737</y86>
      <x87>1343</x87>
      <y87>732</y87>
      <x88>1345</x88>
      <y88>728</y88>
      <x89>1348</x89>
      <y89>727</y89>
      <x90>1353</x90>
      <y90>729</y90>
      <x91>1356</x91>
      <y91>725</y91>
      <x92>1356</x92>
      <y92>715</y92>
      <x93>1363</x93>
      <y93>709</y93>
      <x94>1357</x94>
      <y94>706</y94>
      <x95>1355</x95>
      <y95>703</y95>
      <x96>1363</x96>
      <y96>697</y96>
      <x97>1364</x97>
      <y97>685</y97>
      <x98>1362</x98>
      <y98>677</y98>
      <x99>1363</x99>
      <y99>659</y99>
      <x100>1361</x100>
      <y100>655</y100>
      <x101>1361</x101>
      <y101>648</y101>
      <x102>1360</x102>
      <y102>646</y102>
      <x103>1354</x103>
      <y103>643</y103>
      <x104>1346</x104>
      <y104>633</y104>
      <x105>1343</x105>
      <y105>610</y105>
      <x106>1345</x106>
      <y106>603</y106>
      <x107>1353</x107>
      <y107>597</y107>
      <x108>1355</x108>
      <y108>590</y108>
      <x109>1359</x109>
      <y109>584</y109>
      <x110>1360</x110>
      <y110>578</y110>
      <x111>1369</x111>
      <y111>572</y111>
      <x112>1370</x112>
      <y112>569</y112>
      <x113>1362</x113>
      <y113>565</y113>
      <x114>1348</x114>
      <y114>566</y114>
      <x115>1345</x115>
      <y115>562</y115>
      <x116>1334</x116>
      <y116>558</y116>
      <x117>1325</x117>
      <y117>558</y117>
      <x118>1320</x118>
      <y118>556</y118>
      <x119>1314</x119>
      <y119>556</y119>
      <x120>1305</x120>
      <y120>552</y120>
      <x121>1290</x121>
      <y121>550</y121>
      <x122>1285</x122>
      <y122>556</y122>
      <x123>1286</x123>
      <y123>559</y123>
      <x124>1285</x124>
      <y124>588</y124>
      <x125>1283</x125>
      <y125>593</y125>
      <x126>1277</x126>
      <y126>597</y126>
      <x127>1278</x127>
      <y127>606</y127>
      <x128>1276</x128>
      <y128>608</y128>
      <x129>1275</x129>
      <y129>613</y129>
      <x130>1269</x130>
      <y130>620</y130>
      <x131>1269</x131>
      <y131>628</y131>
      <x132>1266</x132>
      <y132>631</y132>
      <x133>1261</x133>
      <y133>632</y133>
      <x134>1255</x134>
      <y134>636</y134>
      <x135>1250</x135>
      <y135>631</y135>
      <x136>1245</x136>
      <y136>631</y136>
      <x137>1241</x137>
      <y137>633</y137>
      <x138>1233</x138>
      <y138>632</y138>
      <x139>1231</x139>
      <y139>627</y139>
      <x140>1227</x140>
      <y140>624</y140>
      <x141>1225</x141>
      <y141>627</y141>
      <x142>1228</x142>
      <y142>631</y142>
      <x143>1228</x143>
      <y143>634</y143>
      <x144>1220</x144>
      <y144>641</y144>
      <x145>1216</x145>
      <y145>650</y145>
      <x146>1212</x146>
      <y146>653</y146>
      <x147>1206</x147>
      <y147>662</y147>
      <x148>1211</x148>
      <y148>667</y148>
      <x149>1204</x149>
      <y149>671</y149>
      <x150>1203</x150>
      <y150>683</y150>
      <x151>1209</x151>
      <y151>696</y151>
      <x152>1220</x152>
      <y152>705</y152>
      <x153>1218</x153>
      <y153>710</y153>
      <x154>1219</x154>
      <y154>717</y154>
      <x155>1217</x155>
      <y155>720</y155>
      <x156>1215</x156>
      <y156>731</y156>
      <x157>1206</x157>
      <y157>745</y157>
      <x158>1205</x158>
      <y158>752</y158>
      <x159>1201</x159>
      <y159>757</y159>
      <x160>1197</x160>
      <y160>768</y160>
      <x161>1192</x161>
      <y161>774</y161>
      <x162>1194</x162>
      <y162>782</y162>
      <x163>1199</x163>
      <y163>785</y163>
      <x164>1201</x164>
      <y164>789</y164>
      <x165>1197</x165>
      <y165>796</y165>
      <x166>1197</x166>
      <y166>802</y166>
      <x167>1193</x167>
      <y167>806</y167>
      <x168>1185</x168>
      <y168>801</y168>
      <x169>1172</x169>
      <y169>800</y169>
      <x170>1170</x170>
      <y170>811</y170>
      <x171>1163</x171>
      <y171>816</y171>
      <x172>1164</x172>
      <y172>819</y172>
      <x173>1167</x173>
      <y173>819</y173>
      <x174>1177</x174>
      <y174>814</y174>
      <x175>1180</x175>
      <y175>814</y175>
      <x176>1190</x176>
      <y176>821</y176>
      <x177>1190</x177>
      <y177>824</y177>
      <x178>1187</x178>
      <y178>827</y178>
      <x179>1159</x179>
      <y179>822</y179>
      <x180>1154</x180>
      <y180>814</y180>
      <x181>1144</x181>
      <y181>811</y181>
      <x182>1133</x182>
      <y182>800</y182>
      <x183>1134</x183>
      <y183>795</y183>
      <x184>1138</x184>
      <y184>788</y184>
      <x185>1137</x185>
      <y185>785</y185>
      <x186>1138</x186>
      <y186>747</y186>
      <x187>1143</x187>
      <y187>733</y187>
      <x188>1143</x188>
      <y188>723</y188>
      <x189>1141</x189>
      <y189>720</y189>
      <x190>1141</x190>
      <y190>708</y190>
      <x191>1139</x191>
      <y191>704</y191>
      <x192>1138</x192>
      <y192>676</y192>
      <x193>1139</x193>
      <y193>672</y193>
      <x194>1143</x194>
      <y194>668</y194>
      <x195>1143</x195>
      <y195>660</y195>
      <x196>1135</x196>
      <y196>657</y196>
      <x197>1126</x197>
      <y197>656</y197>
      <x198>1114</x198>
      <y198>650</y198>
      <x199>1107</x199>
      <y199>641</y199>
      <x200>1108</x200>
      <y200>633</y200>
      <x201>1116</x201>
      <y201>625</y201>
      <x202>1121</x202>
      <y202>616</y202>
      <x203>1125</x203>
      <y203>613</y203>
      <x204>1128</x204>
      <y204>606</y204>
      <x205>1135</x205>
      <y205>599</y205>
      <x206>1158</x206>
      <y206>583</y206>
      <x207>1158</x207>
      <y207>562</y207>
      <x208>1160</x208>
      <y208>553</y208>
      <x209>1167</x209>
      <y209>546</y209>
      <x210>1175</x210>
      <y210>544</y210>
      <x211>1180</x211>
      <y211>536</y211>
      <x212>1194</x212>
      <y212>555</y212>
      <x213>1192</x213>
      <y213>560</y213>
      <x214>1193</x214>
      <y214>571</y214>
      <x215>1191</x215>
      <y215>586</y215>
      <x216>1194</x216>
      <y216>589</y216>
      <x217>1209</x217>
      <y217>591</y217>
      <x218>1210</x218>
      <y218>592</y218>
      <x219>1209</x219>
      <y219>598</y219>
      <x220>1217</x220>
      <y220>606</y220>
      <x221>1219</x221>
      <y221>614</y221>
      <x222>1221</x222>
      <y222>616</y222>
      <x223>1227</x223>
      <y223>617</y223>
      <x224>1229</x224>
      <y224>614</y224>
      <x225>1229</x225>
      <y225>598</y225>
      <x226>1227</x226>
      <y226>592</y226>
      <x227>1231</x227>
      <y227>585</y227>
      <x228>1232</x228>
      <y228>562</y228>
      <x229>1234</x229>
      <y229>558</y229>
      <x230>1234</x230>
      <y230>555</y230>
      <x231>1229</x231>
      <y231>545</y231>
      <x232>1227</x232>
      <y232>543</y232>
      <x233>1222</x233>
      <y233>542</y233>
      <x234>1215</x234>
      <y234>534</y234>
      <x235>1208</x235>
      <y235>531</y235>
      <x236>1190</x236>
      <y236>531</y236>
      <x237>1187</x237>
      <y237>533</y237>
      <x238>1180</x238>
      <y238>534</y238>
      <x239>1173</x239>
      <y239>527</y239>
      <x240>1142</x240>
      <y240>518</y240>
      <x241>1120</x241>
      <y241>516</y241>
      <x242>1110</x242>
      <y242>513</y242>
      <x243>1101</x243>
      <y243>514</y243>
      <x244>1096</x244>
      <y244>513</y244>
      <x245>1089</x245>
      <y245>508</y245>
      <x246>1079</x246>
      <y246>505</y246>
      <x247>1053</x247>
      <y247>500</y247>
      <x248>1036</x248>
      <y248>499</y248>
      <x249>1030</x249>
      <y249>503</y249>
      <x250>1029</x250>
      <y250>507</y250>
      <x251>1025</x251>
      <y251>512</y251>
      <x252>1024</x252>
      <y252>530</y252>
      <x253>1027</x253>
      <y253>541</y253>
      <x254>1020</x254>
      <y254>556</y254>
      <x255>1018</x255>
      <y255>569</y255>
      <x256>1013</x256>
      <y256>577</y256>
      <x257>1013</x257>
      <y257>582</y257>
      <x258>1017</x258>
      <y258>591</y258>
      <x259>1010</x259>
      <y259>596</y259>
      <x260>1003</x260>
      <y260>597</y260>
      <x261>996</x261>
      <y261>594</y261>
      <x262>983</x262>
      <y262>600</y262>
      <x263>976</x263>
      <y263>593</y263>
      <x264>970</x264>
      <y264>591</y264>
      <x265>967</x265>
      <y265>588</y265>
      <x266>961</x266>
      <y266>573</y266>
      <x267>957</x267>
      <y267>572</y267>
      <x268>952</x268>
      <y268>565</y268>
      <x269>954</x269>
      <y269>561</y269>
      <x270>965</x270>
      <y270>560</y270>
      <x271>969</x271>
      <y271>548</y271>
      <x272>976</x272>
      <y272>541</y272>
      <x273>976</x273>
      <y273>531</y273>
      <x274>973</x274>
      <y274>522</y274>
      <x275>972</x275>
      <y275>509</y275>
      <x276>973</x276>
      <y276>504</y276>
      <x277>976</x277>
      <y277>501</y277>
      <x278>974</x278>
      <y278>494</y278>
      <x279>964</x279>
      <y279>485</y279>
      <x280>956</x280>
      <y280>482</y280>
      <x281>944</x281>
      <y281>481</y281>
      <x282>933</x282>
      <y282>473</y282>
      <x283>932</x283>
      <y283>466</y283>
      <x284>939</x284>
      <y284>458</y284>
      <x285>937</x285>
      <y285>452</y285>
      <x286>926</x286>
      <y286>451</y286>
      <x287>921</x287>
      <y287>456</y287>
      <x288>915</x288>
      <y288>456</y288>
      <x289>909</x289>
      <y289>451</y289>
      <x290>909</x290>
      <y290>445</y290>
      <x291>907</x291>
      <y291>442</y291>
      <x292>891</x292>
      <y292>443</y292>
      <x293>891</x293>
      <y293>445</y293>
      <x294>895</x294>
      <y294>445</y294>
      <x295>899</x295>
      <y295>450</y295>
      <x296>898</x296>
      <y296>459</y296>
      <x297>900</x297>
      <y297>461</y297>
      <x298>916</x298>
      <y298>459</y298>
      <x299>925</x299>
      <y299>464</y299>
      <x300>923</x300>
      <y300>468</y300>
      <x301>917</x301>
      <y301>471</y301>
      <x302>922</x302>
      <y302>478</y302>
      <x303>919</x303>
      <y303>497</y303>
      <x304>927</x304>
      <y304>508</y304>
      <x305>934</x305>
      <y305>514</y305>
      <x306>937</x306>
      <y306>521</y306>
      <x307>936</x307>
      <y307>531</y307>
      <x308>929</x308>
      <y308>535</y308>
      <x309>929</x309>
      <y309>537</y309>
      <x310>936</x310>
      <y310>545</y310>
      <x311>937</x311>
      <y311>550</y311>
      <x312>926</x312>
      <y312>560</y312>
      <x313>924</x313>
      <y313>564</y313>
      <x314>924</x314>
      <y314>572</y314>
      <x315>928</x315>
      <y315>578</y315>
      <x316>930</x316>
      <y316>585</y316>
      <x317>936</x317>
      <y317>592</y317>
      <x318>937</x318>
      <y318>597</y318>
      <x319>931</x319>
      <y319>625</y319>
      <x320>924</x320>
      <y320>635</y320>
      <x321>923</x321>
      <y321>655</y321>
      <x322>929</x322>
      <y322>668</y322>
      <x323>923</x323>
      <y323>672</y323>
      <x324>918</x324>
      <y324>672</y324>
      <x325>909</x325>
      <y325>669</y325>
      <x326>897</x326>
      <y326>662</y326>
      <x327>895</x327>
      <y327>650</y327>
      <x328>893</x328>
      <y328>649</y328>
      <x329>890</x329>
      <y329>656</y329>
      <x330>886</x330>
      <y330>659</y330>
      <x331>884</x331>
      <y331>667</y331>
      <x332>886</x332>
      <y332>670</y332>
      <x333>899</x333>
      <y333>673</y333>
      <x334>901</x334>
      <y334>676</y334>
      <x335>898</x335>
      <y335>679</y335>
      <x336>894</x336>
      <y336>693</y336>
      <x337>891</x337>
      <y337>696</y337>
      <x338>888</x338>
      <y338>697</y338>
      <x339>878</x339>
      <y339>695</y339>
      <x340>872</x340>
      <y340>696</y340>
      <x341>863</x341>
      <y341>690</y341>
      <x342>861</x342>
      <y342>683</y342>
      <x343>862</x343>
      <y343>675</y343>
      <x344>866</x344>
      <y344>669</y344>
      <x345>871</x345>
      <y345>647</y345>
      <x346>877</x346>
      <y346>637</y346>
      <x347>881</x347>
      <y347>623</y347>
      <x348>881</x348>
      <y348>617</y348>
      <x349>877</x349>
      <y349>603</y349>
      <x350>875</x350>
      <y350>584</y350>
      <x351>873</x351>
      <y351>579</y351>
      <x352>881</x352>
      <y352>555</y352>
      <x353>876</x353>
      <y353>550</y353>
      <x354>867</x354>
      <y354>548</y354>
      <x355>864</x355>
      <y355>545</y355>
      <x356>863</x356>
      <y356>533</y356>
      <x357>869</x357>
      <y357>518</y357>
      <x358>874</x358>
      <y358>512</y358>
      <x359>882</x359>
      <y359>505</y359>
      <x360>893</x360>
      <y360>501</y360>
      <x361>893</x361>
      <y361>498</y361>
      <x362>887</x362>
      <y362>487</y362>
      <x363>886</x363>
      <y363>478</y363>
      <x364>883</x364>
      <y364>478</y364>
      <x365>877</x365>
      <y365>482</y365>
      <x366>873</x366>
      <y366>482</y366>
      <x367>866</x367>
      <y367>486</y367>
      <x368>836</x368>
      <y368>491</y368>
      <x369>826</x369>
      <y369>501</y369>
      <x370>824</x370>
      <y370>505</y370>
      <x371>826</x371>
      <y371>516</y371>
      <x372>824</x372>
      <y372>520</y372>
      <x373>823</x373>
      <y373>533</y373>
      <x374>819</x374>
      <y374>541</y374>
      <x375>812</x375>
      <y375>549</y375>
      <x376>814</x376>
      <y376>558</y376>
      <x377>822</x377>
      <y377>564</y377>
      <x378>821</x378>
      <y378>569</y378>
      <x379>819</x379>
      <y379>572</y379>
      <x380>810</x380>
      <y380>578</y380>
      <x381>789</x381>
      <y381>586</y381>
      <x382>774</x382>
      <y382>585</y382>
      <x383>767</x383>
      <y383>578</y383>
      <x384>768</x384>
      <y384>564</y384>
      <x385>780</x385>
      <y385>555</y385>
      <x386>782</x386>
      <y386>545</y386>
      <x387>781</x387>
      <y387>535</y387>
      <x388>786</x388>
      <y388>528</y388>
      <x389>782</x389>
      <y389>522</y389>
      <x390>781</x390>
      <y390>512</y390>
      <x391>778</x391>
      <y391>508</y391>
      <x392>779</x392>
      <y392>499</y392>
      <x393>768</x393>
      <y393>495</y393>
      <x394>764</x394>
      <y394>495</y394>
      <x395>753</x395>
      <y395>502</y395>
      <x396>744</x396>
      <y396>502</y396>
      <x397>738</x397>
      <y397>506</y397>
      <x398>731</x398>
      <y398>507</y398>
      <x399>726</x399>
      <y399>510</y399>
      <x400>690</x400>
      <y400>513</y400>
      <x401>678</x401>
      <y401>520</y401>
      <x402>677</x402>
      <y402>522</y402>
      <x403>679</x403>
      <y403>527</y403>
      <x404>674</x404>
      <y404>533</y404>
      <x405>674</x405>
      <y405>541</y405>
      <x406>676</x406>
      <y406>543</y406>
      <x407>681</x407>
      <y407>542</y407>
      <x408>688</x408>
      <y408>543</y408>
      <x409>690</x409>
      <y409>546</y409>
      <x410>690</x410>
      <y410>555</y410>
      <x411>686</x411>
      <y411>558</y411>
      <x412>674</x412>
      <y412>558</y412>
      <x413>667</x413>
      <y413>564</y413>
      <x414>679</x414>
      <y414>586</y414>
      <x415>684</x415>
      <y415>592</y415>
      <x416>690</x416>
      <y416>611</y416>
      <x417>687</x417>
      <y417>617</y417>
      <x418>676</x418>
      <y418>628</y418>
      <x419>669</x419>
      <y419>640</y419>
      <x420>661</x420>
      <y420>649</y420>
      <x421>648</x421>
      <y421>673</y421>
      <x422>645</x422>
      <y422>673</y422>
      <x423>640</x423>
      <y423>667</y423>
      <x424>635</x424>
      <y424>665</y424>
      <x425>634</x425>
      <y425>663</y425>
      <x426>632</x426>
      <y426>663</y426>
      <x427>626</x427>
      <y427>668</y427>
      <x428>628</x428>
      <y428>684</y428>
      <x429>631</x429>
      <y429>690</y429>
      <x430>628</x430>
      <y430>693</y430>
      <x431>605</x431>
      <y431>696</y431>
      <x432>596</x432>
      <y432>686</y432>
      <x433>593</x433>
      <y433>676</y433>
      <x434>598</x434>
      <y434>673</y434>
      <x435>602</x435>
      <y435>667</y435>
      <x436>604</x436>
      <y436>654</y436>
      <x437>611</x437>
      <y437>641</y437>
      <x438>611</x438>
      <y438>635</y438>
      <x439>615</x439>
      <y439>631</y439>
      <x440>618</x440>
      <y440>621</y440>
      <x441>621</x441>
      <y441>585</y441>
      <x442>619</x442>
      <y442>568</y442>
      <x443>621</x443>
      <y443>560</y443>
      <x444>624</x444>
      <y444>555</y444>
      <x445>624</x445>
      <y445>549</y445>
      <x446>620</x446>
      <y446>544</y446>
      <x447>613</x447>
      <y447>539</y447>
      <x448>606</x448>
      <y448>536</y448>
      <x449>591</x449>
      <y449>539</y449>
      <x450>580</x450>
      <y450>539</y450>
      <x451>564</x451>
      <y451>543</y451>
      <x452>555</x452>
      <y452>547</y452>
      <x453>548</x453>
      <y453>547</y453>
      <x454>537</x454>
      <y454>552</y454>
      <x455>524</x455>
      <y455>552</y455>
      <x456>492</x456>
      <y456>559</y456>
      <x457>486</x457>
      <y457>562</y457>
      <x458>463</x458>
      <y458>566</y458>
      <x459>452</x459>
      <y459>571</y459>
      <x460>445</x460>
      <y460>569</y460>
      <x461>436</x461>
      <y461>570</y461>
      <x462>429</x462>
      <y462>577</y462>
      <x463>427</x463>
      <y463>583</y463>
      <x464>420</x464>
      <y464>589</y464>
      <x465>419</x465>
      <y465>611</y465>
      <x466>420</x466>
      <y466>624</y466>
      <x467>418</x467>
      <y467>640</y467>
      <x468>415</x468>
      <y468>643</y468>
      <x469>410</x469>
      <y469>643</y469>
      <x470>402</x470>
      <y470>648</y470>
      <x471>403</x471>
      <y471>667</y471>
      <x472>414</x472>
      <y472>676</y472>
      <x473>410</x473>
      <y473>684</y473>
      <x474>401</x474>
      <y474>684</y474>
      <x475>393</x475>
      <y475>688</y475>
      <x476>391</x476>
      <y476>692</y476>
      <x477>386</x477>
      <y477>696</y477>
      <x478>390</x478>
      <y478>700</y478>
      <x479>395</x479>
      <y479>716</y479>
      <x480>399</x480>
      <y480>723</y480>
      <x481>399</x481>
      <y481>727</y481>
      <x482>396</x482>
      <y482>732</y482>
      <x483>399</x483>
      <y483>738</y483>
      <x484>406</x484>
      <y484>741</y484>
      <x485>413</x485>
      <y485>749</y485>
      <x486>413</x486>
      <y486>756</y486>
      <x487>406</x487>
      <y487>768</y487>
      <x488>401</x488>
      <y488>773</y488>
      <x489>396</x489>
      <y489>775</y489>
      <x490>386</x490>
      <y490>785</y490>
      <x491>383</x491>
      <y491>801</y491>
      <x492>385</x492>
      <y492>809</y492>
      <x493>389</x493>
      <y493>814</y493>
      <x494>391</x494>
      <y494>822</y494>
      <x495>398</x495>
      <y495>835</y495>
      <x496>398</x496>
      <y496>846</y496>
      <x497>400</x497>
      <y497>851</y497>
      <x498>398</x498>
      <y498>857</y498>
      <x499>399</x499>
      <y499>864</y499>
      <x500>396</x500>
      <y500>871</y500>
      <x501>396</x501>
      <y501>879</y501>
      <x502>392</x502>
      <y502>884</y502>
      <x503>391</x503>
      <y503>902</y503>
      <x504>395</x504>
      <y504>907</y504>
      <x505>404</x505>
      <y505>908</y505>
      <x506>408</x506>
      <y506>912</y506>
      <x507>411</x507>
      <y507>922</y507>
      <x508>410</x508>
      <y508>925</y508>
      <x509>406</x509>
      <y509>928</y509>
      <x510>394</x510>
      <y510>928</y510>
      <x511>381</x511>
      <y511>924</y511>
      <x512>368</x512>
      <y512>925</y512>
      <x513>363</x513>
      <y513>922</y513>
      <x514>355</x514>
      <y514>913</y514>
      <x515>340</x515>
      <y515>904</y515>
      <x516>331</x516>
      <y516>903</y516>
      <x517>327</x517>
      <y517>898</y517>
      <x518>333</x518>
      <y518>892</y518>
      <x519>337</x519>
      <y519>884</y519>
      <x520>345</x520>
      <y520>877</y520>
      <x521>350</x521>
      <y521>858</y521>
      <x522>355</x522>
      <y522>852</y522>
      <x523>360</x523>
      <y523>849</y523>
      <x524>361</x524>
      <y524>841</y524>
      <x525>356</x525>
      <y525>829</y525>
      <x526>353</x526>
      <y526>815</y526>
      <x527>339</x527>
      <y527>804</y527>
      <x528>336</x528>
      <y528>796</y528>
      <x529>337</x529>
      <y529>775</y529>
      <x530>339</x530>
      <y530>770</y530>
      <x531>346</x531>
      <y531>762</y531>
      <x532>348</x532>
      <y532>751</y532>
      <x533>338</x533>
      <y533>749</y533>
      <x534>332</x534>
      <y534>746</y534>
      <x535>318</x535>
      <y535>744</y535>
      <x536>312</x536>
      <y536>740</y536>
      <x537>310</x537>
      <y537>732</y537>
      <x538>311</x538>
      <y538>722</y538>
      <x539>328</x539>
      <y539>704</y539>
      <x540>340</x540>
      <y540>695</y540>
      <x541>345</x541>
      <y541>695</y541>
      <x542>347</x542>
      <y542>688</y542>
      <x543>341</x543>
      <y543>686</y543>
      <x544>339</x544>
      <y544>683</y544>
      <x545>339</x545>
      <y545>673</y545>
      <x546>344</x546>
      <y546>666</y546>
      <x547>352</x547>
      <y547>647</y547>
      <x548>350</x548>
      <y548>646</y548>
      <x549>339</x549>
      <y549>647</y549>
      <x550>336</x550>
      <y550>669</y550>
      <x551>324</x551>
      <y551>670</y551>
      <x552>312</x552>
      <y552>666</y552>
      <x553>310</x553>
      <y553>663</y553>
      <x554>309</x554>
      <y554>644</y554>
      <x555>311</x555>
      <y555>639</y555>
      <x556>309</x556>
      <y556>619</y556>
      <x557>312</x557>
      <y557>617</y557>
      <x558>321</x558>
      <y558>618</y558>
      <x559>334</x559>
      <y559>617</y559>
      <x560>339</x560>
      <y560>615</y560>
      <x561>360</x561>
      <y561>614</y561>
      <x562>362</x562>
      <y562>611</y562>
      <x563>361</x563>
      <y563>608</y563>
      <x564>362</x564>
      <y564>593</y564>
      <x565>360</x565>
      <y565>590</y565>
      <x566>351</x566>
      <y566>590</y566>
      <x567>338</x567>
      <y567>595</y567>
      <x568>331</x568>
      <y568>594</y568>
      <x569>320</x569>
      <y569>598</y569>
      <x570>310</x570>
      <y570>599</y570>
      <x571>302</x571>
      <y571>603</y571>
      <x572>295</x572>
      <y572>603</y572>
      <x573>285</x573>
      <y573>607</y573>
      <x574>254</x574>
      <y574>612</y574>
      <x575>245</x575>
      <y575>616</y575>
      <x576>232</x576>
      <y576>617</y576>
      <x577>228</x577>
      <y577>621</y577>
      <x578>225</x578>
      <y578>632</y578>
      <x579>226</x579>
      <y579>660</y579>
      <x580>228</x580>
      <y580>664</y580>
      <x581>233</x581>
      <y581>663</y581>
      <x582>242</x582>
      <y582>655</y582>
      <x583>247</x583>
      <y583>653</y583>
      <x584>253</x584>
      <y584>653</y584>
      <x585>257</x585>
      <y585>656</y585>
      <x586>259</x586>
      <y586>662</y586>
      <x587>259</x587>
      <y587>675</y587>
      <x588>257</x588>
      <y588>677</y588>
      <x589>241</x589>
      <y589>682</y589>
      <x590>235</x590>
      <y590>689</y590>
      <x591>227</x591>
      <y591>692</y591>
      <x592>224</x592>
      <y592>695</y592>
      <x593>228</x593>
      <y593>704</y593>
      <x594>228</x594>
      <y594>709</y594>
      <x595>232</x595>
      <y595>711</y595>
      <x596>236</x596>
      <y596>716</y596>
      <x597>240</x597>
      <y597>735</y597>
      <x598>236</x598>
      <y598>753</y598>
      <x599>233</x599>
      <y599>759</y599>
      <x600>231</x600>
      <y600>781</y600>
      <x601>236</x601>
      <y601>784</y601>
      <x602>246</x602>
      <y602>786</y602>
      <x603>249</x603>
      <y603>791</y603>
      <x604>248</x604>
      <y604>811</y604>
      <x605>247</x605>
      <y605>814</y605>
      <x606>240</x606>
      <y606>820</y606>
      <x607>228</x607>
      <y607>815</y607>
      <x608>218</x608>
      <y608>813</y608>
      <x609>212</x609>
      <y609>805</y609>
      <x610>209</x610>
      <y610>798</y610>
      <x611>208</x611>
      <y611>787</y611>
      <x612>212</x612>
      <y612>778</y612>
      <x613>209</x613>
      <y613>770</y613>
      <x614>205</x614>
      <y614>769</y614>
      <x615>201</x615>
      <y615>773</y615>
      <x616>200</x616>
      <y616>779</y616>
      <x617>204</x617>
      <y617>787</y617>
      <x618>200</x618>
      <y618>806</y618>
      <x619>201</x619>
      <y619>814</y619>
      <x620>200</x620>
      <y620>828</y620>
      <x621>209</x621>
      <y621>831</y621>
      <x622>212</x622>
      <y622>834</y622>
      <x623>216</x623>
      <y623>844</y623>
      <x624>213</x624>
      <y624>848</y624>
      <x625>207</x625>
      <y625>850</y625>
      <x626>196</x626>
      <y626>849</y626>
      <x627>186</x627>
      <y627>850</y627>
      <x628>183</x628>
      <y628>864</y628>
      <x629>189</x629>
      <y629>872</y629>
      <x630>190</x630>
      <y630>877</y630>
      <x631>195</x631>
      <y631>885</y631>
      <x632>196</x632>
      <y632>892</y632>
      <x633>203</x633>
      <y633>901</y633>
      <x634>209</x634>
      <y634>913</y634>
      <x635>212</x635>
      <y635>923</y635>
      <x636>217</x636>
      <y636>927</y636>
      <x637>223</x637>
      <y637>939</y637>
      <x638>237</x638>
      <y638>956</y638>
      <x639>239</x639>
      <y639>962</y639>
      <x640>248</x640>
      <y640>970</y640>
      <x641>251</x641>
      <y641>977</y641>
      <x642>261</x642>
      <y642>982</y642>
      <x643>268</x643>
      <y643>992</y643>
      <x644>275</x644>
      <y644>996</y644>
      <x645>286</x645>
      <y645>1009</y645>
      <x646>291</x646>
      <y646>1010</y646>
      <x647>296</x647>
      <y647>1014</y647>
      <x648>304</x648>
      <y648>1016</y648>
      <x649>309</x649>
      <y649>1019</y649>
      <x650>328</x650>
      <y650>1019</y650>
      <x651>341</x651>
      <y651>1021</y651>
      <x652>352</x652>
      <y652>1020</y652>
      <x653>354</x653>
      <y653>1021</y653>
      <x654>464</x654>
      <y654>1020</y654>
      <x655>470</x655>
      <y655>1022</y655>
      <x656>520</x656>
      <y656>1021</y656>
      <x657>527</x657>
      <y657>1019</y657>
      <x658>541</x658>
      <y658>1019</y658>
      <x659>550</x659>
      <y659>1017</y659>
      <x660>556</x660>
      <y660>1011</y660>
      <x661>558</x661>
      <y661>1017</y661>
      <x662>564</x662>
      <y662>1020</y662>
      <x663>586</x663>
      <y663>1019</y663>
      <x664>591</x664>
      <y664>1016</y664>
      <x665>600</x665>
      <y665>1018</y665>
      <x666>608</x666>
      <y666>1018</y666>
      <x667>612</x667>
      <y667>1016</y667>
      <x668>615</x668>
      <y668>1017</y668>
      <x669>625</x669>
      <y669>1016</y669>
      <x670>631</x670>
      <y670>1019</y670>
      <x671>645</x671>
      <y671>1020</y671>
      <x672>725</x672>
      <y672>1018</y672>
      <x673>732</x673>
      <y673>1022</y673>
      <x674>740</x674>
      <y674>1020</y674>
      <x675>745</x675>
      <y675>1017</y675>
      <x676>745</x676>
      <y676>1012</y676>
      <x677>750</x677>
      <y677>1008</y677>
      <x678>754</x678>
      <y678>1008</y678>
      <x679>757</x679>
      <y679>1011</y679>
      <x680>757</x680>
      <y680>1014</y680>
      <x681>773</x681>
      <y681>1020</y681>
      <x682>800</x682>
      <y682>1018</y682>
      <x683>830</x683>
      <y683>1019</y683>
      <x684>833</x684>
      <y684>1018</y684>
      <x685>837</x685>
      <y685>1013</y685>
      <x686>843</x686>
      <y686>1011</y686>
      <x687>842</x687>
      <y687>1003</y687>
      <x688>836</x688>
      <y688>1004</y688>
      <x689>832</x689>
      <y689>1008</y689>
      <x690>826</x690>
      <y690>1009</y690>
      <x691>817</x691>
      <y691>1008</y691>
      <x692>809</x692>
      <y692>1003</y692>
      <x693>804</x693>
      <y693>996</y693>
      <x694>794</x694>
      <y694>993</y694>
      <x695>794</x695>
      <y695>984</y695>
      <x696>789</x696>
      <y696>979</y696>
      <x697>788</x697>
      <y697>969</y697>
      <x698>784</x698>
      <y698>962</y698>
      <x699>784</x699>
      <y699>945</y699>
      <x700>787</x700>
      <y700>937</y700>
      <x701>793</x701>
      <y701>930</y701>
      <x702>797</x702>
      <y702>921</y702>
      <x703>797</x703>
      <y703>913</y703>
      <x704>794</x704>
      <y704>910</y704>
      <x705>787</x705>
      <y705>910</y705>
      <x706>765</x706>
      <y706>918</y706>
      <x707>761</x707>
      <y707>916</y707>
      <x708>755</x708>
      <y708>909</y708>
      <x709>755</x709>
      <y709>893</y709>
      <x710>765</x710>
      <y710>874</y710>
      <x711>772</x711>
      <y711>855</y711>
      <x712>781</x712>
      <y712>843</y712>
      <x713>790</x713>
      <y713>835</y713>
      <x714>790</x714>
      <y714>828</y714>
      <x715>795</x715>
      <y715>809</y715>
      <x716>799</x716>
      <y716>803</y716>
      <x717>809</x717>
      <y717>795</y717>
      <x718>809</x718>
      <y718>787</y718>
      <x719>812</x719>
      <y719>777</y719>
      <x720>817</x720>
      <y720>772</y720>
      <x721>830</x721>
      <y721>767</y721>
      <x722>844</x722>
      <y722>767</y722>
      <x723>857</x723>
      <y723>772</y723>
      <x724>866</x724>
      <y724>782</y724>
      <x725>869</x725>
      <y725>791</y725>
      <x726>871</x726>
      <y726>809</y726>
      <x727>868</x727>
      <y727>819</y727>
      <x728>861</x728>
      <y728>831</y728>
      <x729>861</x729>
      <y729>836</y729>
      <x730>865</x730>
      <y730>842</y730>
      <x731>865</x731>
      <y731>845</y731>
      <x732>862</x732>
      <y732>850</y732>
      <x733>878</x733>
      <y733>859</y733>
      <x734>892</x734>
      <y734>873</y734>
      <x735>893</x735>
      <y735>878</y735>
      <x736>891</x736>
      <y736>896</y736>
      <x737>883</x737>
      <y737>912</y737>
      <x738>882</x738>
      <y738>927</y738>
      <x739>889</x739>
      <y739>935</y739>
      <x740>897</x740>
      <y740>940</y740>
      <x741>900</x741>
      <y741>947</y741>
      <x742>893</x742>
      <y742>955</y742>
      <x743>892</x743>
      <y743>964</y743>
      <x744>889</x744>
      <y744>970</y744>
      <x745>889</x745>
      <y745>978</y745>
      <x746>886</x746>
      <y746>982</y746>
      <x747>885</x747>
      <y747>991</y747>
      <x748>879</x748>
      <y748>1004</y748>
      <x749>878</x749>
      <y749>1016</y749>
      <x750>880</x750>
      <y750>1019</y750>
      <x751>962</x751>
      <y751>1020</y751>
      <x752>968</x752>
      <y752>1018</y752>
      <x753>996</x753>
      <y753>1018</y753>
      <x754>1012</x754>
      <y754>1016</y754>
      <x755>1018</x755>
      <y755>1019</y755>
      <x756>1033</x756>
      <y756>1019</y756>
      <x757>1041</x757>
      <y757>1017</y757>
      <x758>1054</x758>
      <y758>1020</y758>
      <x759>1055</x759>
      <y759>1019</y759>
      <x760>1264</x760>
      <y760>1020</y760>
      <x761>1266</x761>
      <y761>1018</y761>
      <x762>1268</x762>
      <y762>1011</y762>
      <x763>1267</x763>
      <y763>1003</y763>
      <x764>1274</x764>
      <y764>994</y764>
      <x765>1277</x765>
      <y765>984</y765>
      <x766>1264</x766>
      <y766>981</y766>
      <x767>1255</x767>
      <y767>968</y767>
      <x768>1256</x768>
      <y768>963</y768>
      <x769>1255</x769>
      <y769>945</y769>
      <x770>1250</x770>
      <y770>942</y770>
      <x771>1242</x771>
      <y771>952</y771>
      <x772>1235</x772>
      <y772>952</y772>
      <x773>1232</x773>
      <y773>955</y773>
      <x774>1229</x774>
      <y774>969</y774>
      <x775>1230</x775>
      <y775>976</y775>
      <x776>1228</x776>
      <y776>978</y776>
      <x777>1222</x777>
      <y777>976</y777>
      <x778>1214</x778>
      <y778>978</y778>
      <x779>1209</x779>
      <y779>975</y779>
      <x780>1213</x780>
      <y780>971</y780>
      <x781>1222</x781>
      <y781>970</y781>
      <x782>1199</x782>
      <y782>964</y782>
      <x783>1185</x783>
      <y783>952</y783>
      <x784>1180</x784>
      <y784>942</y784>
      <x785>1180</x785>
      <y785>940</y785>
      <x786>1193</x786>
      <y786>927</y786>
      <x787>1198</x787>
      <y787>926</y787>
      <x788>1200</x788>
      <y788>924</y788>
      <x789>1208</x789>
      <y789>872</y789>
      <x790>1220</x790>
      <y790>855</y790>
      <x791>1228</x791>
      <y791>850</y791>
      <x792>1225</x792>
      <y792>847</y792>
      <x793>1216</x793>
      <y793>846</y793>
      <x794>1208</x794>
      <y794>843</y794>
      <x795>1202</x795>
      <y795>837</y795>
      <x796>1201</x796>
      <y796>830</y796>
      <x797>1206</x797>
      <y797>825</y797>
      <x798>1214</x798>
      <y798>824</y798>
      <x799>1221</x799>
      <y799>830</y799>
      <x800>1219</x800>
      <y800>836</y800>
      <x801>1220</x801>
      <y801>839</y801>
      <x802>1222</x802>
      <y802>840</y802>
      <x803>1241</x803>
      <y803>839</y803>
      <x804>1245</x804>
      <y804>831</y804>
      <x805>1252</x805>
      <y805>826</y805>
      <x806>1256</x806>
      <y806>821</y806>
      <x807>1261</x807>
      <y807>803</y807>
      <x808>1268</x808>
      <y808>792</y808>
      <x809>1274</x809>
      <y809>776</y809>
      <x810>1281</x810>
      <y810>766</y810>
      <x811>1281</x811>
      <y811>758</y811>
      <x812>1287</x812>
      <y812>741</y812>
      <x813>1292</x813>
      <y813>736</y813>
      <x814>1298</x814>
      <y814>733</y814>
      <x815>1314</x815>
      <y815>730</y815>
      <x816>1317</x816>
      <y816>728</y816>
      <x817>1322</x817>
      <y817>718</y817>
      <x818>1325</x818>
      <y818>715</y818>
      <x819>1327</x819>
      <y819>715</y819>
      <x820>1329</x820>
      <y820>718</y820>
      <x821>1329</x821>
      <y821>725</y821>
      <x822>1324</x822>
      <y822>730</y822>
      <x823>1324</x823>
      <y823>732</y823>
      <x824>1328</x824>
      <y824>735</y824>
      <x825>1332</x825>
      <y825>748</y825>
      <x826>1336</x826>
      <y826>753</y826>
      <x827>1338</x827>
      <y827>759</y827>
      <x828>1334</x828>
      <y828>764</y828>
      <x829>1332</x829>
      <y829>770</y829>
      <x830>1332</x830>
      <y830>779</y830>
      <x831>1340</x831>
      <y831>782</y831>
      <x832>1343</x832>
      <y832>786</y832>
      <x833>1342</x833>
      <y833>794</y833>
      <x834>1338</x834>
      <y834>801</y834>
      <x835>1343</x835>
      <y835>808</y835>
      <x836>1343</x836>
      <y836>822</y836>
      <x837>1346</x837>
      <y837>829</y837>
      <x838>1345</x838>
      <y838>844</y838>
      <x839>1346</x839>
      <y839>864</y839>
      <x840>1340</x840>
      <y840>874</y840>
      <x841>1334</x841>
      <y841>876</y841>
      <x842>1329</x842>
      <y842>883</y842>
      <x843>1320</x843>
      <y843>885</y843>
      <x844>1318</x844>
      <y844>887</y844>
      <x845>1318</x845>
      <y845>891</y845>
      <x846>1314</x846>
      <y846>899</y846>
      <x847>1314</x847>
      <y847>913</y847>
      <x848>1312</x848>
      <y848>921</y848>
      <x849>1313</x849>
      <y849>971</y849>
      <x850>1306</x850>
      <y850>981</y850>
      <x851>1304</x851>
      <y851>990</y851>
      <x852>1298</x852>
      <y852>998</y852>
      <x853>1291</x853>
      <y853>998</y853>
      <x854>1296</x854>
      <y854>1003</y854>
      <x855>1287</x855>
      <y855>1009</y855>
      <x856>1286</x856>
      <y856>1017</y856>
      <x857>1288</x857>
      <y857>1019</y857>
      <x858>1373</x858>
      <y858>1018</y858>
      <x859>1448</x859>
      <y859>1019</y859>
      <x860>1458</x860>
      <y860>1017</y860>
      <x861>1474</x861>
      <y861>1017</y861>
      <x862>1495</x862>
      <y862>1010</y862>
      <x863>1501</x863>
      <y863>1004</y863>
      <x864>1507</x864>
      <y864>992</y864>
      <x865>1501</x865>
      <y865>983</y865>
      <x866>1495</x866>
      <y866>991</y866>
      <x867>1493</x867>
      <y867>992</y867>
      <x868>1489</x868>
      <y868>991</y868>
      <x869>1485</x869>
      <y869>984</y869>
      <x870>1473</x870>
      <y870>975</y870>
      <x871>1474</x871>
      <y871>970</y871>
      <x872>1481</x872>
      <y872>966</y872>
      <x873>1488</x873>
      <y873>971</y873>
      <x874>1500</x874>
      <y874>975</y874>
      <x875>1511</x875>
      <y875>968</y875>
      <x876>1510</x876>
      <y876>961</y876>
      <x877>1504</x877>
      <y877>956</y877>
      <x878>1504</x878>
      <y878>953</y878>
      <x879>1507</x879>
      <y879>949</y879>
      <x880>1516</x880>
      <y880>948</y880>
      <x881>1527</x881>
      <y881>950</y881>
      <x882>1530</x882>
      <y882>948</y882>
      <x883>1531</x883>
      <y883>942</y883>
      <x884>1537</x884>
      <y884>939</y884>
      <x885>1538</x885>
      <y885>937</y885>
      <x886>1538</x886>
      <y886>927</y886>
      <x887>1541</x887>
      <y887>921</y887>
      <x888>1544</x888>
      <y888>918</y888>
      <x889>1548</x889>
      <y889>917</y889>
      <x890>1550</x890>
      <y890>913</y890>
      <x891>1560</x891>
      <y891>910</y891>
      <x892>1564</x892>
      <y892>907</y892>
      <x893>1570</x893>
      <y893>884</y893>
      <x894>1573</x894>
      <y894>881</y894>
      <x895>1583</x895>
      <y895>879</y895>
      <x896>1584</x896>
      <y896>877</y896>
      <x897>1579</x897>
      <y897>872</y897>
      <x898>1593</x898>
      <y898>865</y898>
      <x899>1592</x899>
      <y899>856</y899>
      <x900>1596</x900>
      <y900>851</y900>
      <x901>1598</x901>
      <y901>828</y901>
      <x902>1596</x902>
      <y902>817</y902>
      <x903>1597</x903>
      <y903>812</y903>
      <x904>1601</x904>
      <y904>810</y904>
      <x905>1607</x905>
      <y905>813</y905>
      <x906>1618</x906>
      <y906>812</y906>
      <x907>1622</x907>
      <y907>809</y907>
      <x908>1621</x908>
      <y908>793</y908>
      <x909>1623</x909>
      <y909>785</y909>
      <x910>1621</x910>
      <y910>781</y910>
      <x911>1620</x911>
      <y911>769</y911>
      <x912>1621</x912>
      <y912>758</y912>
      <x913>1619</x913>
      <y913>756</y913>
      <x914>1613</x914>
      <y914>755</y914>
      <x915>1584</x915>
      <y915>759</y915>
      <x916>1579</x916>
      <y916>756</y916>
      <x917>1573</x917>
      <y917>763</y917>
      <x918>1570</x918>
      <y918>763</y918>
      <x919>1567</x919>
      <y919>759</y919>
      <x920>1567</x920>
      <y920>753</y920>
      <x921>1569</x921>
      <y921>748</y921>
      <x922>1575</x922>
      <y922>742</y922>
      <x923>1581</x923>
      <y923>740</y923>
      <x924>1585</x924>
      <y924>732</y924>
      <x925>1590</x925>
      <y925>728</y925>
      <x926>1591</x926>
      <y926>718</y926>
      <x927>1596</x927>
      <y927>708</y927>
      <x928>1600</x928>
      <y928>704</y928>
      <x929>1600</x929>
      <y929>701</y929>
      <x930>1597</x930>
      <y930>698</y930>
      <x931>1599</x931>
      <y931>683</y931>
      <x932>1595</x932>
      <y932>676</y932>
      <x933>1596</x933>
      <y933>674</y933>
      <x934>1603</x934>
      <y934>673</y934>
      <x935>1607</x935>
      <y935>675</y935>
      <x936>1613</x936>
      <y936>675</y936>
      <x937>1622</x937>
      <y937>668</y937>
      <x938>1624</x938>
      <y938>661</y938>
      <x939>1625</x939>
      <y939>642</y939>
      <x940>1628</x940>
      <y940>640</y940>
      <x941>1634</x941>
      <y941>642</y941>
    </polygon>
  </object>
  <object>
    <name>person</name>
    <bndbox>
      <xmin>978</xmin>
      <ymin>633</ymin>
      <xmax>1108</xmax>
      <ymax>944</ymax>
    </bndbox>
    <polygon>
      <x1>1069</x1>
      <y1>633</y1>
      <x2>1074</x2>
      <y2>635</y2>
      <x3>1078</x3>
      <y3>639</y3>
      <x4>1082</x4>
      <y4>646</y4>
      <x5>1084</x5>
      <y5>653</y5>
      <x6>1082</x6>
      <y6>662</y6>
      <x7>1085</x7>
      <y7>667</y7>
      <x8>1085</x8>
      <y8>670</y8>
      <x9>1080</x9>
      <y9>675</y9>
      <x10>1075</x10>
      <y10>692</y10>
      <x11>1075</x11>
      <y11>697</y11>
      <x12>1079</x12>
      <y12>701</y12>
      <x13>1086</x13>
      <y13>704</y13>
      <x14>1086</x14>
      <y14>708</y14>
      <x15>1093</x15>
      <y15>716</y15>
      <x16>1096</x16>
      <y16>725</y16>
      <x17>1105</x17>
      <y17>732</y17>
      <x18>1106</x18>
      <y18>736</y18>
      <x19>1105</x19>
      <y19>752</y19>
      <x20>1108</x20>
      <y20>759</y20>
      <x21>1107</x21>
      <y21>767</y21>
      <x22>1108</x22>
      <y22>784</y22>
      <x23>1106</x23>
      <y23>788</y23>
      <x24>1107</x24>
      <y24>793</y24>
      <x25>1103</x25>
      <y25>798</y25>
      <x26>1093</x26>
      <y26>799</y26>
      <x27>1088</x27>
      <y27>802</y27>
      <x28>1089</x28>
      <y28>806</y28>
      <x29>1088</x29>
      <y29>833</y29>
      <x30>1084</x30>
      <y30>838</y30>
      <x31>1077</x31>
      <y31>840</y31>
      <x32>1073</x32>
      <y32>844</y32>
      <x33>1073</x33>
      <y33>847</y33>
      <x34>1069</x34>
      <y34>856</y34>
      <x35>1068</x35>
      <y35>864</y35>
      <x36>1062</x36>
      <y36>870</y36>
      <x37>1055</x37>
      <y37>886</y37>
      <x38>1055</x38>
      <y38>893</y38>
      <x39>1053</x39>
      <y39>899</y39>
      <x40>1050</x40>
      <y40>902</y40>
      <x41>1045</x41>
      <y41>904</y41>
      <x42>1042</x42>
      <y42>909</y42>
      <x43>1035</x43>
      <y43>912</y43>
      <x44>1033</x44>
      <y44>921</y44>
      <x45>1029</x45>
      <y45>926</y45>
      <x46>1027</x46>
      <y46>933</y46>
      <x47>1022</x47>
      <y47>938</y47>
      <x48>1019</x48>
      <y48>944</y48>
      <x49>1005</x49>
      <y49>944</y49>
      <x50>1002</x50>
      <y50>943</y50>
      <x51>1000</x51>
      <y51>940</y51>
      <x52>999</x52>
      <y52>918</y52>
      <x53>1001</x53>
      <y53>905</y53>
      <x54>998</x54>
      <y54>898</y54>
      <x55>1000</x55>
      <y55>894</y55>
      <x56>999</x56>
      <y56>877</y56>
      <x57>1001</x57>
      <y57>873</y57>
      <x58>1002</x58>
      <y58>862</y58>
      <x59>1004</x59>
      <y59>856</y59>
      <x60>1005</x60>
      <y60>802</y60>
      <x61>1008</x61>
      <y61>792</y61>
      <x62>1009</x62>
      <y62>773</y62>
      <x63>1005</x63>
      <y63>770</y63>
      <x64>999</x64>
      <y64>769</y64>
      <x65>986</x65>
      <y65>762</y65>
      <x66>979</x66>
      <y66>755</y66>
      <x67>978</x67>
      <y67>751</y67>
      <x68>981</x68>
      <y68>742</y68>
      <x69>988</x69>
      <y69>735</y69>
      <x70>990</x70>
      <y70>731</y70>
      <x71>991</x71>
      <y71>724</y71>
      <x72>996</x72>
      <y72>714</y72>
      <x73>1002</x73>
      <y73>710</y73>
      <x74>1010</x74>
      <y74>700</y74>
      <x75>1022</x75>
      <y75>697</y75>
      <x76>1031</x76>
      <y76>691</y76>
      <x77>1038</x77>
      <y77>690</y77>
      <x78>1037</x78>
      <y78>680</y78>
      <x79>1032</x79>
      <y79>665</y79>
      <x80>1032</x80>
      <y80>658</y80>
      <x81>1038</x81>
      <y81>640</y81>
      <x82>1046</x82>
      <y82>635</y82>
      <x83>1062</x83>
      <y83>635</y83>
    </polygon>
  </object>
  <object>
    <name>person</name>
    <bndbox>
      <xmin>437</xmin>
      <ymin>627</ymin>
      <xmax>606</xmax>
      <ymax>1012</ymax>
    </bndbox>
    <polygon>
      <x1>520</x1>
      <y1>627</y1>
      <x2>531</x2>
      <y2>627</y2>
      <x3>542</x3>
      <y3>630</y3>
      <x4>546</x4>
      <y4>633</y4>
      <x5>551</x5>
      <y5>640</y5>
      <x6>551</x6>
      <y6>648</y6>
      <x7>559</x7>
      <y7>662</y7>
      <x8>559</x8>
      <y8>669</y8>
      <x9>555</x9>
      <y9>683</y9>
      <x10>546</x10>
      <y10>690</y10>
      <x11>544</x11>
      <y11>695</y11>
      <x12>548</x12>
      <y12>703</y12>
      <x13>548</x13>
      <y13>708</y13>
      <x14>556</x14>
      <y14>712</y14>
      <x15>575</x15>
      <y15>731</y15>
      <x16>585</x16>
      <y16>754</y16>
      <x17>591</x17>
      <y17>761</y17>
      <x18>600</x18>
      <y18>765</y18>
      <x19>603</x19>
      <y19>768</y19>
      <x20>606</x20>
      <y20>778</y20>
      <x21>606</x21>
      <y21>782</y21>
      <x22>604</x22>
      <y22>785</y22>
      <x23>604</x23>
      <y23>794</y23>
      <x24>600</x24>
      <y24>802</y24>
      <x25>600</x25>
      <y25>807</y25>
      <x26>597</x26>
      <y26>810</y26>
      <x27>586</x27>
      <y27>813</y27>
      <x28>577</x28>
      <y28>812</y28>
      <x29>570</x29>
      <y29>813</y29>
      <x30>568</x30>
      <y30>817</y30>
      <x31>568</x31>
      <y31>825</y31>
      <x32>566</x32>
      <y32>828</y32>
      <x33>570</x33>
      <y33>843</y33>
      <x34>573</x34>
      <y34>848</y34>
      <x35>571</x35>
      <y35>858</y35>
      <x36>572</x36>
      <y36>865</y36>
      <x37>577</x37>
      <y37>872</y37>
      <x38>579</x38>
      <y38>881</y38>
      <x39>577</x39>
      <y39>891</y39>
      <x40>571</x40>
      <y40>902</y40>
      <x41>571</x41>
      <y41>906</y41>
      <x42>564</x42>
      <y42>913</y42>
      <x43>559</x43>
      <y43>930</y43>
      <x44>562</x44>
      <y44>942</y44>
      <x45>578</x45>
      <y45>944</y45>
      <x46>582</x46>
      <y46>948</y46>
      <x47>585</x47>
      <y47>956</y47>
      <x48>582</x48>
      <y48>961</y48>
      <x49>577</x49>
      <y49>965</y49>
      <x50>561</x50>
      <y50>965</y50>
      <x51>557</x51>
      <y51>963</y51>
      <x52>548</x52>
      <y52>962</y52>
      <x53>537</x53>
      <y53>965</y53>
      <x54>529</x54>
      <y54>971</y54>
      <x55>527</x55>
      <y55>975</y55>
      <x56>527</x56>
      <y56>984</y56>
      <x57>530</x57>
      <y57>987</y57>
      <x58>535</x58>
      <y58>988</y58>
      <x59>545</x59>
      <y59>998</y59>
      <x60>543</x60>
      <y60>1010</y60>
      <x61>541</x61>
      <y61>1012</y61>
      <x62>535</x62>
      <y62>1012</y62>
      <x63>520</x63>
      <y63>997</y63>
      <x64>503</x64>
      <y64>995</y64>
      <x65>494</x65>
      <y65>991</y65>
      <x66>489</x66>
      <y66>985</y66>
      <x67>490</x67>
      <y67>977</y67>
      <x68>496</x68>
      <y68>970</y68>
      <x69>499</x69>
      <y69>962</y69>
      <x70>500</x70>
      <y70>942</y70>
      <x71>511</x71>
      <y71>918</y71>
      <x72>511</x72>
      <y72>906</y72>
      <x73>509</x73>
      <y73>895</y73>
      <x74>509</x74>
      <y74>884</y74>
      <x75>507</x75>
      <y75>880</y75>
      <x76>507</x76>
      <y76>872</y76>
      <x77>501</x77>
      <y77>867</y77>
      <x78>499</x78>
      <y78>863</y78>
      <x79>499</x79>
      <y79>858</y79>
      <x80>492</x80>
      <y80>855</y80>
      <x81>489</x81>
      <y81>850</y81>
      <x82>489</x82>
      <y82>845</y82>
      <x83>486</x83>
      <y83>838</y83>
      <x84>487</x84>
      <y84>800</y84>
      <x85>468</x85>
      <y85>792</y85>
      <x86>454</x86>
      <y86>781</y86>
      <x87>439</x87>
      <y87>766</y87>
      <x88>439</x88>
      <y88>755</y88>
      <x89>437</x89>
      <y89>753</y89>
      <x90>440</x90>
      <y90>750</y90>
      <x91>449</x91>
      <y91>730</y91>
      <x92>457</x92>
      <y92>726</y92>
      <x93>466</x93>
      <y93>714</y93>
      <x94>471</x94>
      <y94>712</y94>
      <x95>478</x95>
      <y95>703</y95>
      <x96>487</x96>
      <y96>702</y96>
      <x97>494</x97>
      <y97>697</y97>
      <x98>500</x98>
      <y98>697</y98>
      <x99>509</x99>
      <y99>690</y99>
      <x100>507</x100>
      <y100>687</y100>
      <x101>502</x101>
      <y101>685</y101>
      <x102>498</x102>
      <y102>680</y102>
      <x103>493</x103>
      <y103>664</y103>
      <x104>493</x104>
      <y104>654</y104>
      <x105>497</x105>
      <y105>644</y105>
      <x106>501</x106>
      <y106>641</y106>
      <x107>504</x107>
      <y107>633</y107>
      <x108>508</x108>
      <y108>629</y108>
    </polygon>
  </object>
</annotation>
