<?xml version="1.0" ?>
<annotation>
  <folder>VOC</folder>
  <filename>135-1.png</filename>
  <source>
    <database>roboflow.ai</database>
  </source>
  <size>
    <width>1792</width>
    <height>1024</height>
    <depth>3</depth>
  </size>
  <segmented>0</segmented>
  <object>
    <name>person</name>
    <bndbox>
      <xmin>333</xmin>
      <ymin>517</ymin>
      <xmax>437</xmax>
      <ymax>837</ymax>
    </bndbox>
    <polygon>
      <x1>391</x1>
      <y1>517</y1>
      <x2>383</x2>
      <y2>517</y2>
      <x3>373</x3>
      <y3>521</y3>
      <x4>368</x4>
      <y4>526</y4>
      <x5>365</x5>
      <y5>534</y5>
      <x6>357</x6>
      <y6>541</y6>
      <x7>351</x7>
      <y7>556</y7>
      <x8>350</x8>
      <y8>572</y8>
      <x9>348</x9>
      <y9>580</y9>
      <x10>348</x10>
      <y10>592</y10>
      <x11>351</x11>
      <y11>599</y11>
      <x12>347</x12>
      <y12>615</y12>
      <x13>347</x13>
      <y13>619</y13>
      <x14>350</x14>
      <y14>629</y14>
      <x15>350</x15>
      <y15>639</y15>
      <x16>347</x16>
      <y16>648</y16>
      <x17>347</x17>
      <y17>653</y17>
      <x18>340</x18>
      <y18>666</y18>
      <x19>333</x19>
      <y19>687</y19>
      <x20>333</x20>
      <y20>698</y20>
      <x21>337</x21>
      <y21>706</y21>
      <x22>341</x22>
      <y22>710</y22>
      <x23>345</x23>
      <y23>717</y23>
      <x24>345</x24>
      <y24>719</y24>
      <x25>351</x25>
      <y25>730</y25>
      <x26>350</x26>
      <y26>740</y26>
      <x27>352</x27>
      <y27>749</y27>
      <x28>353</x28>
      <y28>774</y28>
      <x29>356</x29>
      <y29>784</y29>
      <x30>356</x30>
      <y30>788</y30>
      <x31>359</x31>
      <y31>795</y31>
      <x32>359</x32>
      <y32>800</y32>
      <x33>361</x33>
      <y33>807</y33>
      <x34>355</x34>
      <y34>827</y34>
      <x35>355</x35>
      <y35>835</y35>
      <x36>358</x36>
      <y36>837</y36>
      <x37>366</x37>
      <y37>837</y37>
      <x38>376</x38>
      <y38>831</y38>
      <x39>388</x39>
      <y39>828</y39>
      <x40>393</x40>
      <y40>823</y40>
      <x41>392</x41>
      <y41>817</y41>
      <x42>390</x42>
      <y42>815</y42>
      <x43>382</x43>
      <y43>812</y43>
      <x44>373</x44>
      <y44>803</y44>
      <x45>371</x45>
      <y45>795</y45>
      <x46>373</x46>
      <y46>775</y46>
      <x47>375</x47>
      <y47>767</y47>
      <x48>382</x48>
      <y48>752</y48>
      <x49>382</x49>
      <y49>749</y49>
      <x50>387</x50>
      <y50>745</y50>
      <x51>396</x51>
      <y51>743</y51>
      <x52>420</x52>
      <y52>732</y52>
      <x53>426</x53>
      <y53>728</y53>
      <x54>435</x54>
      <y54>719</y54>
      <x55>437</x55>
      <y55>714</y55>
      <x56>437</x56>
      <y56>708</y56>
      <x57>435</x57>
      <y57>703</y57>
      <x58>430</x58>
      <y58>698</y58>
      <x59>415</x59>
      <y59>691</y59>
      <x60>407</x60>
      <y60>690</y60>
      <x61>395</x61>
      <y61>686</y61>
      <x62>387</x62>
      <y62>686</y62>
      <x63>382</x63>
      <y63>681</y63>
      <x64>381</x64>
      <y64>664</y64>
      <x65>385</x65>
      <y65>648</y65>
      <x66>389</x66>
      <y66>645</y66>
      <x67>395</x67>
      <y67>650</y67>
      <x68>397</x68>
      <y68>656</y68>
      <x69>400</x69>
      <y69>659</y69>
      <x70>403</x70>
      <y70>659</y70>
      <x71>409</x71>
      <y71>655</y71>
      <x72>421</x72>
      <y72>634</y72>
      <x73>421</x73>
      <y73>628</y73>
      <x74>418</x74>
      <y74>621</y74>
      <x75>416</x75>
      <y75>619</y75>
      <x76>409</x76>
      <y76>619</y76>
      <x77>405</x77>
      <y77>616</y77>
      <x78>403</x78>
      <y78>600</y78>
      <x79>396</x79>
      <y79>588</y79>
      <x80>390</x80>
      <y80>583</y80>
      <x81>388</x81>
      <y81>579</y81>
      <x82>388</x82>
      <y82>570</y82>
      <x83>390</x83>
      <y83>566</y83>
      <x84>397</x84>
      <y84>560</y84>
      <x85>401</x85>
      <y85>552</y85>
      <x86>401</x86>
      <y86>529</y86>
      <x87>398</x87>
      <y87>522</y87>
    </polygon>
  </object>
  <object>
    <name>person</name>
    <bndbox>
      <xmin>1257</xmin>
      <ymin>556</ymin>
      <xmax>1405</xmax>
      <ymax>919</ymax>
    </bndbox>
    <polygon>
      <x1>1337</x1>
      <y1>556</y1>
      <x2>1328</x2>
      <y2>556</y2>
      <x3>1325</x3>
      <y3>558</y3>
      <x4>1320</x4>
      <y4>568</y4>
      <x5>1318</x5>
      <y5>580</y5>
      <x6>1310</x6>
      <y6>595</y6>
      <x7>1306</x7>
      <y7>599</y7>
      <x8>1306</x8>
      <y8>600</y8>
      <x9>1313</x9>
      <y9>600</y9>
      <x10>1317</x10>
      <y10>597</y10>
      <x11>1321</x11>
      <y11>597</y11>
      <x12>1324</x12>
      <y12>600</y12>
      <x13>1326</x13>
      <y13>605</y13>
      <x14>1325</x14>
      <y14>612</y14>
      <x15>1321</x15>
      <y15>616</y15>
      <x16>1308</x16>
      <y16>614</y16>
      <x17>1304</x17>
      <y17>615</y17>
      <x18>1299</x18>
      <y18>619</y18>
      <x19>1295</x19>
      <y19>625</y19>
      <x20>1288</x20>
      <y20>648</y20>
      <x21>1281</x21>
      <y21>662</y21>
      <x22>1282</x22>
      <y22>670</y22>
      <x23>1284</x23>
      <y23>672</y23>
      <x24>1290</x24>
      <y24>672</y24>
      <x25>1296</x25>
      <y25>667</y25>
      <x26>1299</x26>
      <y26>658</y26>
      <x27>1303</x27>
      <y27>661</y27>
      <x28>1304</x28>
      <y28>669</y28>
      <x29>1307</x29>
      <y29>674</y29>
      <x30>1306</x30>
      <y30>677</y30>
      <x31>1306</x31>
      <y31>692</y31>
      <x32>1297</x32>
      <y32>709</y32>
      <x33>1291</x33>
      <y33>725</y33>
      <x34>1290</x34>
      <y34>733</y34>
      <x35>1288</x35>
      <y35>737</y35>
      <x36>1288</x36>
      <y36>743</y36>
      <x37>1286</x37>
      <y37>750</y37>
      <x38>1286</x38>
      <y38>766</y38>
      <x39>1287</x39>
      <y39>767</y39>
      <x40>1288</x40>
      <y40>789</y40>
      <x41>1287</x41>
      <y41>790</y41>
      <x42>1287</x42>
      <y42>801</y42>
      <x43>1286</x43>
      <y43>802</y43>
      <x44>1285</x44>
      <y44>814</y44>
      <x45>1276</x45>
      <y45>836</y45>
      <x46>1273</x46>
      <y46>848</y46>
      <x47>1270</x47>
      <y47>881</y47>
      <x48>1261</x48>
      <y48>902</y48>
      <x49>1257</x49>
      <y49>906</y49>
      <x50>1258</x50>
      <y50>914</y50>
      <x51>1264</x51>
      <y51>919</y51>
      <x52>1270</x52>
      <y52>919</y52>
      <x53>1275</x53>
      <y53>913</y53>
      <x54>1278</x54>
      <y54>905</y54>
      <x55>1278</x55>
      <y55>889</y55>
      <x56>1281</x56>
      <y56>876</y56>
      <x57>1285</x57>
      <y57>864</y57>
      <x58>1289</x58>
      <y58>857</y58>
      <x59>1296</x59>
      <y59>835</y59>
      <x60>1296</x60>
      <y60>832</y60>
      <x61>1310</x61>
      <y61>794</y61>
      <x62>1316</x62>
      <y62>756</y62>
      <x63>1319</x63>
      <y63>752</y63>
      <x64>1323</x64>
      <y64>754</y64>
      <x65>1330</x65>
      <y65>761</y65>
      <x66>1336</x66>
      <y66>764</y66>
      <x67>1345</x67>
      <y67>772</y67>
      <x68>1345</x68>
      <y68>775</y68>
      <x69>1343</x69>
      <y69>779</y69>
      <x70>1343</x70>
      <y70>784</y70>
      <x71>1338</x71>
      <y71>801</y71>
      <x72>1337</x72>
      <y72>818</y72>
      <x73>1336</x73>
      <y73>819</y73>
      <x74>1336</x74>
      <y74>826</y74>
      <x75>1333</x75>
      <y75>842</y75>
      <x76>1319</x76>
      <y76>869</y76>
      <x77>1319</x77>
      <y77>872</y77>
      <x78>1326</x78>
      <y78>880</y78>
      <x79>1329</x79>
      <y79>881</y79>
      <x80>1341</x80>
      <y80>882</y80>
      <x81>1344</x81>
      <y81>879</y81>
      <x82>1344</x82>
      <y82>872</y82>
      <x83>1341</x83>
      <y83>860</y83>
      <x84>1341</x84>
      <y84>853</y84>
      <x85>1358</x85>
      <y85>808</y85>
      <x86>1359</x86>
      <y86>799</y86>
      <x87>1361</x87>
      <y87>794</y87>
      <x88>1361</x88>
      <y88>782</y88>
      <x89>1363</x89>
      <y89>773</y89>
      <x90>1362</x90>
      <y90>744</y90>
      <x91>1358</x91>
      <y91>732</y91>
      <x92>1353</x92>
      <y92>722</y92>
      <x93>1353</x93>
      <y93>719</y93>
      <x94>1347</x94>
      <y94>703</y94>
      <x95>1349</x95>
      <y95>683</y95>
      <x96>1353</x96>
      <y96>676</y96>
      <x97>1356</x97>
      <y97>666</y97>
      <x98>1362</x98>
      <y98>658</y98>
      <x99>1367</x99>
      <y99>660</y99>
      <x100>1372</x100>
      <y100>670</y100>
      <x101>1383</x101>
      <y101>683</y101>
      <x102>1393</x102>
      <y102>698</y102>
      <x103>1397</x103>
      <y103>700</y103>
      <x104>1403</x104>
      <y104>700</y104>
      <x105>1405</x105>
      <y105>696</y105>
      <x106>1405</x106>
      <y106>683</y106>
      <x107>1404</x107>
      <y107>682</y107>
      <x108>1401</x108>
      <y108>660</y108>
      <x109>1397</x109>
      <y109>656</y109>
      <x110>1395</x110>
      <y110>656</y110>
      <x111>1391</x111>
      <y111>662</y111>
      <x112>1388</x112>
      <y112>663</y112>
      <x113>1385</x113>
      <y113>657</y113>
      <x114>1380</x114>
      <y114>651</y114>
      <x115>1376</x115>
      <y115>640</y115>
      <x116>1372</x116>
      <y116>633</y116>
      <x117>1367</x117>
      <y117>629</y117>
      <x118>1350</x118>
      <y118>621</y118>
      <x119>1346</x119>
      <y119>616</y119>
      <x120>1347</x120>
      <y120>603</y120>
      <x121>1353</x121>
      <y121>591</y121>
      <x122>1356</x122>
      <y122>578</y122>
      <x123>1353</x123>
      <y123>568</y123>
      <x124>1344</x124>
      <y124>559</y124>
    </polygon>
  </object>
  <object>
    <name>person</name>
    <bndbox>
      <xmin>158</xmin>
      <ymin>587</ymin>
      <xmax>284</xmax>
      <ymax>921</ymax>
    </bndbox>
    <polygon>
      <x1>187</x1>
      <y1>588</y1>
      <x2>178</x2>
      <y2>593</y2>
      <x3>168</x3>
      <y3>603</y3>
      <x4>163</x4>
      <y4>606</y4>
      <x5>160</x5>
      <y5>611</y5>
      <x6>158</x6>
      <y6>626</y6>
      <x7>158</x7>
      <y7>647</y7>
      <x8>160</x8>
      <y8>659</y8>
      <x9>163</x9>
      <y9>666</y9>
      <x10>169</x10>
      <y10>672</y10>
      <x11>171</x11>
      <y11>676</y11>
      <x12>172</x12>
      <y12>692</y12>
      <x13>179</x13>
      <y13>706</y13>
      <x14>184</x14>
      <y14>728</y14>
      <x15>184</x15>
      <y15>741</y15>
      <x16>182</x16>
      <y16>746</y16>
      <x17>183</x17>
      <y17>771</y17>
      <x18>188</x18>
      <y18>781</y18>
      <x19>196</x19>
      <y19>789</y19>
      <x20>200</x20>
      <y20>796</y20>
      <x21>228</x21>
      <y21>829</y21>
      <x22>229</x22>
      <y22>833</y22>
      <x23>228</x23>
      <y23>857</y23>
      <x24>233</x24>
      <y24>875</y24>
      <x25>240</x25>
      <y25>892</y25>
      <x26>241</x26>
      <y26>898</y26>
      <x27>239</x27>
      <y27>905</y27>
      <x28>240</x28>
      <y28>913</y28>
      <x29>253</x29>
      <y29>920</y29>
      <x30>273</x30>
      <y30>921</y30>
      <x31>278</x31>
      <y31>919</y31>
      <x32>279</x32>
      <y32>912</y32>
      <x33>276</x33>
      <y33>909</y33>
      <x34>272</x34>
      <y34>909</y34>
      <x35>268</x35>
      <y35>907</y35>
      <x36>263</x36>
      <y36>900</y36>
      <x37>258</x37>
      <y37>898</y37>
      <x38>255</x38>
      <y38>894</y38>
      <x39>252</x39>
      <y39>883</y39>
      <x40>249</x40>
      <y40>862</y40>
      <x41>249</x41>
      <y41>837</y41>
      <x42>251</x42>
      <y42>833</y42>
      <x43>255</x43>
      <y43>833</y43>
      <x44>272</x44>
      <y44>847</y44>
      <x45>279</x45>
      <y45>848</y45>
      <x46>281</x46>
      <y46>846</y46>
      <x47>281</x47>
      <y47>841</y47>
      <x48>279</x48>
      <y48>838</y48>
      <x49>279</x49>
      <y49>829</y49>
      <x50>277</x50>
      <y50>823</y50>
      <x51>266</x51>
      <y51>812</y51>
      <x52>265</x52>
      <y52>808</y52>
      <x53>267</x53>
      <y53>800</y53>
      <x54>272</x54>
      <y54>791</y54>
      <x55>274</x55>
      <y55>782</y55>
      <x56>281</x56>
      <y56>766</y56>
      <x57>284</x57>
      <y57>753</y57>
      <x58>284</x58>
      <y58>742</y58>
      <x59>280</x59>
      <y59>733</y59>
      <x60>272</x60>
      <y60>729</y60>
      <x61>260</x61>
      <y61>729</y61>
      <x62>250</x62>
      <y62>733</y62>
      <x63>243</x63>
      <y63>733</y63>
      <x64>240</x64>
      <y64>730</y64>
      <x65>238</x65>
      <y65>724</y65>
      <x66>232</x66>
      <y66>716</y66>
      <x67>227</x67>
      <y67>702</y67>
      <x68>226</x68>
      <y68>688</y68>
      <x69>222</x69>
      <y69>675</y69>
      <x70>216</x70>
      <y70>669</y70>
      <x71>209</x71>
      <y71>666</y71>
      <x72>199</x72>
      <y72>655</y72>
      <x73>199</x73>
      <y73>647</y73>
      <x74>201</x74>
      <y74>641</y74>
      <x75>209</x75>
      <y75>634</y75>
      <x76>213</x76>
      <y76>625</y76>
      <x77>213</x77>
      <y77>615</y77>
      <x78>207</x78>
      <y78>598</y78>
      <x79>199</x79>
      <y79>589</y79>
      <x80>193</x80>
      <y80>587</y80>
    </polygon>
  </object>
  <object>
    <name>person</name>
    <bndbox>
      <xmin>1018</xmin>
      <ymin>594</ymin>
      <xmax>1195</xmax>
      <ymax>967</ymax>
    </bndbox>
    <polygon>
      <x1>1115</x1>
      <y1>594</y1>
      <x2>1108</x2>
      <y2>594</y2>
      <x3>1103</x3>
      <y3>596</y3>
      <x4>1098</x4>
      <y4>601</y4>
      <x5>1095</x5>
      <y5>607</y5>
      <x6>1093</x6>
      <y6>615</y6>
      <x7>1093</x7>
      <y7>627</y7>
      <x8>1094</x8>
      <y8>628</y8>
      <x9>1095</x9>
      <y9>643</y9>
      <x10>1093</x10>
      <y10>648</y10>
      <x11>1091</x11>
      <y11>650</y11>
      <x12>1087</x12>
      <y12>651</y12>
      <x13>1077</x13>
      <y13>651</y13>
      <x14>1067</x14>
      <y14>653</y14>
      <x15>1062</x15>
      <y15>656</y15>
      <x16>1054</x16>
      <y16>665</y16>
      <x17>1052</x17>
      <y17>669</y17>
      <x18>1052</x18>
      <y18>684</y18>
      <x19>1047</x19>
      <y19>697</y19>
      <x20>1046</x20>
      <y20>716</y20>
      <x21>1048</x21>
      <y21>721</y21>
      <x22>1051</x22>
      <y22>724</y22>
      <x23>1063</x23>
      <y23>725</y23>
      <x24>1066</x24>
      <y24>729</y24>
      <x25>1063</x25>
      <y25>751</y25>
      <x26>1057</x26>
      <y26>764</y26>
      <x27>1054</x27>
      <y27>777</y27>
      <x28>1055</x28>
      <y28>788</y28>
      <x29>1058</x29>
      <y29>798</y29>
      <x30>1058</x30>
      <y30>815</y30>
      <x31>1052</x31>
      <y31>821</y31>
      <x32>1045</x32>
      <y32>835</y32>
      <x33>1042</x33>
      <y33>845</y33>
      <x34>1041</x34>
      <y34>859</y34>
      <x35>1038</x35>
      <y35>872</y35>
      <x36>1028</x36>
      <y36>886</y36>
      <x37>1019</x37>
      <y37>903</y37>
      <x38>1018</x38>
      <y38>907</y38>
      <x39>1023</x39>
      <y39>911</y39>
      <x40>1033</x40>
      <y40>911</y40>
      <x41>1038</x41>
      <y41>909</y41>
      <x42>1045</x42>
      <y42>901</y42>
      <x43>1048</x43>
      <y43>895</y43>
      <x44>1057</x44>
      <y44>885</y44>
      <x45>1057</x45>
      <y45>880</y45>
      <x46>1058</x46>
      <y46>879</y46>
      <x47>1054</x47>
      <y47>872</y47>
      <x48>1054</x48>
      <y48>864</y48>
      <x49>1066</x49>
      <y49>844</y49>
      <x50>1071</x50>
      <y50>829</y50>
      <x51>1071</x51>
      <y51>825</y51>
      <x52>1076</x52>
      <y52>819</y52>
      <x53>1079</x53>
      <y53>812</y53>
      <x54>1081</x54>
      <y54>810</y54>
      <x55>1083</x55>
      <y55>810</y55>
      <x56>1087</x56>
      <y56>813</y56>
      <x57>1090</x57>
      <y57>828</y57>
      <x58>1091</x58>
      <y58>852</y58>
      <x59>1093</x59>
      <y59>856</y59>
      <x60>1092</x60>
      <y60>873</y60>
      <x61>1080</x61>
      <y61>894</y61>
      <x62>1076</x62>
      <y62>907</y62>
      <x63>1075</x63>
      <y63>915</y63>
      <x64>1072</x64>
      <y64>924</y64>
      <x65>1070</x65>
      <y65>926</y65>
      <x66>1069</x66>
      <y66>931</y66>
      <x67>1065</x67>
      <y67>939</y67>
      <x68>1061</x68>
      <y68>943</y68>
      <x69>1053</x69>
      <y69>956</y69>
      <x70>1054</x70>
      <y70>964</y70>
      <x71>1060</x71>
      <y71>967</y71>
      <x72>1070</x72>
      <y72>966</y72>
      <x73>1071</x73>
      <y73>965</y73>
      <x74>1093</x74>
      <y74>965</y74>
      <x75>1097</x75>
      <y75>964</y75>
      <x76>1103</x76>
      <y76>960</y76>
      <x77>1106</x77>
      <y77>954</y77>
      <x78>1106</x78>
      <y78>948</y78>
      <x79>1103</x79>
      <y79>945</y79>
      <x80>1091</x80>
      <y80>940</y80>
      <x81>1087</x81>
      <y81>935</y81>
      <x82>1087</x82>
      <y82>931</y82>
      <x83>1100</x83>
      <y83>910</y83>
      <x84>1108</x84>
      <y84>894</y84>
      <x85>1110</x85>
      <y85>886</y85>
      <x86>1120</x86>
      <y86>869</y86>
      <x87>1123</x87>
      <y87>853</y87>
      <x88>1129</x88>
      <y88>846</y88>
      <x89>1130</x89>
      <y89>842</y89>
      <x90>1131</x90>
      <y90>825</y90>
      <x91>1132</x91>
      <y91>824</y91>
      <x92>1132</x92>
      <y92>810</y92>
      <x93>1131</x93>
      <y93>809</y93>
      <x94>1131</x94>
      <y94>797</y94>
      <x95>1128</x95>
      <y95>786</y95>
      <x96>1129</x96>
      <y96>781</y96>
      <x97>1124</x97>
      <y97>765</y97>
      <x98>1126</x98>
      <y98>762</y98>
      <x99>1131</x99>
      <y99>762</y99>
      <x100>1139</x100>
      <y100>766</y100>
      <x101>1174</x101>
      <y101>765</y101>
      <x102>1175</x102>
      <y102>764</y102>
      <x103>1181</x103>
      <y103>764</y103>
      <x104>1190</x104>
      <y104>760</y104>
      <x105>1194</x105>
      <y105>754</y105>
      <x106>1195</x106>
      <y106>746</y106>
      <x107>1193</x107>
      <y107>742</y107>
      <x108>1188</x108>
      <y108>738</y108>
      <x109>1184</x109>
      <y109>738</y109>
      <x110>1181</x110>
      <y110>741</y110>
      <x111>1178</x111>
      <y111>747</y111>
      <x112>1174</x112>
      <y112>749</y112>
      <x113>1170</x113>
      <y113>749</y113>
      <x114>1156</x114>
      <y114>744</y114>
      <x115>1149</x115>
      <y115>737</y115>
      <x116>1149</x116>
      <y116>730</y116>
      <x117>1146</x117>
      <y117>724</y117>
      <x118>1147</x118>
      <y118>711</y118>
      <x119>1148</x119>
      <y119>710</y119>
      <x120>1147</x120>
      <y120>696</y120>
      <x121>1135</x121>
      <y121>676</y121>
      <x122>1121</x122>
      <y122>661</y122>
      <x123>1122</x123>
      <y123>647</y123>
      <x124>1124</x124>
      <y124>642</y124>
      <x125>1131</x125>
      <y125>632</y125>
      <x126>1132</x126>
      <y126>627</y126>
      <x127>1131</x127>
      <y127>613</y127>
      <x128>1127</x128>
      <y128>602</y128>
      <x129>1122</x129>
      <y129>597</y129>
    </polygon>
  </object>
</annotation>
