<?xml version="1.0" ?>
<annotation>
  <folder>VOC</folder>
  <filename>136-2.png</filename>
  <source>
    <database>roboflow.ai</database>
  </source>
  <size>
    <width>1792</width>
    <height>1024</height>
    <depth>3</depth>
  </size>
  <segmented>0</segmented>
  <object>
    <name>person</name>
    <bndbox>
      <xmin>741</xmin>
      <ymin>630</ymin>
      <xmax>1185</xmax>
      <ymax>1001</ymax>
    </bndbox>
    <polygon>
      <x1>1174</x1>
      <y1>848</y1>
      <x2>1168</x2>
      <y2>836</y2>
      <x3>1164</x3>
      <y3>820</y3>
      <x4>1159</x4>
      <y4>809</y4>
      <x5>1158</x5>
      <y5>803</y5>
      <x6>1153</x6>
      <y6>792</y6>
      <x7>1148</x7>
      <y7>786</y7>
      <x8>1129</x8>
      <y8>773</y8>
      <x9>1117</x9>
      <y9>767</y9>
      <x10>1101</x10>
      <y10>762</y10>
      <x11>1094</x11>
      <y11>758</y11>
      <x12>1077</x12>
      <y12>757</y12>
      <x13>1068</x13>
      <y13>755</y13>
      <x14>1059</x14>
      <y14>756</y14>
      <x15>1058</x15>
      <y15>755</y15>
      <x16>1058</x16>
      <y16>750</y16>
      <x17>1060</x17>
      <y17>747</y17>
      <x18>1063</x18>
      <y18>736</y18>
      <x19>1063</x19>
      <y19>723</y19>
      <x20>1060</x20>
      <y20>719</y20>
      <x21>1058</x21>
      <y21>719</y21>
      <x22>1056</x22>
      <y22>717</y22>
      <x23>1060</x23>
      <y23>691</y23>
      <x24>1061</x24>
      <y24>690</y24>
      <x25>1061</x25>
      <y25>675</y25>
      <x26>1059</x26>
      <y26>667</y26>
      <x27>1055</x27>
      <y27>660</y27>
      <x28>1045</x28>
      <y28>650</y28>
      <x29>1041</x29>
      <y29>648</y29>
      <x30>1029</x30>
      <y30>638</y30>
      <x31>1026</x31>
      <y31>637</y31>
      <x32>1021</x32>
      <y32>637</y32>
      <x33>1020</x33>
      <y33>638</y33>
      <x34>1011</x34>
      <y34>637</y34>
      <x35>998</x35>
      <y35>630</y35>
      <x36>975</x36>
      <y36>632</y36>
      <x37>955</x37>
      <y37>639</y37>
      <x38>938</x38>
      <y38>650</y38>
      <x39>930</x39>
      <y39>658</y39>
      <x40>927</x40>
      <y40>666</y40>
      <x41>919</x41>
      <y41>680</y41>
      <x42>919</x42>
      <y42>696</y42>
      <x43>924</x43>
      <y43>713</y43>
      <x44>923</x44>
      <y44>726</y44>
      <x45>930</x45>
      <y45>761</y45>
      <x46>929</x46>
      <y46>771</y46>
      <x47>927</x47>
      <y47>772</y47>
      <x48>924</x48>
      <y48>769</y48>
      <x49>919</x49>
      <y49>768</y49>
      <x50>880</x50>
      <y50>779</y50>
      <x51>863</x51>
      <y51>787</y51>
      <x52>841</x52>
      <y52>803</y52>
      <x53>832</x53>
      <y53>812</y53>
      <x54>827</x54>
      <y54>819</y54>
      <x55>818</x55>
      <y55>836</y55>
      <x56>811</x56>
      <y56>846</y56>
      <x57>807</x57>
      <y57>863</y57>
      <x58>799</x58>
      <y58>872</y58>
      <x59>784</x59>
      <y59>881</y59>
      <x60>779</x60>
      <y60>886</y60>
      <x61>773</x61>
      <y61>894</y61>
      <x62>769</x62>
      <y62>902</y62>
      <x63>755</x63>
      <y63>915</y63>
      <x64>751</x64>
      <y64>922</y64>
      <x65>742</x65>
      <y65>933</y65>
      <x66>741</x66>
      <y66>941</y66>
      <x67>743</x67>
      <y67>947</y67>
      <x68>749</x68>
      <y68>953</y68>
      <x69>750</x69>
      <y69>956</y69>
      <x70>756</x70>
      <y70>961</y70>
      <x71>773</x71>
      <y71>968</y71>
      <x72>789</x72>
      <y72>972</y72>
      <x73>796</x73>
      <y73>972</y73>
      <x74>799</x74>
      <y74>969</y74>
      <x75>799</x75>
      <y75>963</y75>
      <x76>794</x76>
      <y76>943</y76>
      <x77>790</x77>
      <y77>934</y77>
      <x78>794</x78>
      <y78>927</y78>
      <x79>802</x79>
      <y79>925</y79>
      <x80>803</x80>
      <y80>926</y80>
      <x81>821</x81>
      <y81>926</y81>
      <x82>822</x82>
      <y82>927</y82>
      <x83>827</x83>
      <y83>926</y83>
      <x84>831</x84>
      <y84>927</y84>
      <x85>839</x85>
      <y85>927</y85>
      <x86>840</x86>
      <y86>926</y86>
      <x87>845</x87>
      <y87>926</y87>
      <x88>846</x88>
      <y88>927</y88>
      <x89>873</x89>
      <y89>927</y89>
      <x90>874</x90>
      <y90>928</y90>
      <x91>918</x91>
      <y91>930</y91>
      <x92>919</x92>
      <y92>931</y92>
      <x93>962</x93>
      <y93>931</y93>
      <x94>963</x94>
      <y94>932</y94>
      <x95>974</x95>
      <y95>932</y95>
      <x96>975</x96>
      <y96>933</y96>
      <x97>1061</x97>
      <y97>934</y97>
      <x98>1064</x98>
      <y98>935</y98>
      <x99>1068</x99>
      <y99>940</y99>
      <x100>1068</x100>
      <y100>954</y100>
      <x101>1072</x101>
      <y101>961</y101>
      <x102>1066</x102>
      <y102>964</y102>
      <x103>1061</x103>
      <y103>970</y103>
      <x104>1053</x104>
      <y104>995</y104>
      <x105>1053</x105>
      <y105>999</y105>
      <x106>1055</x106>
      <y106>1001</y106>
      <x107>1062</x107>
      <y107>1001</y107>
      <x108>1089</x108>
      <y108>992</y108>
      <x109>1098</x109>
      <y109>986</y109>
      <x110>1141</x110>
      <y110>972</y110>
      <x111>1148</x111>
      <y111>967</y111>
      <x112>1161</x112>
      <y112>961</y112>
      <x113>1167</x113>
      <y113>956</y113>
      <x114>1169</x114>
      <y114>956</y114>
      <x115>1174</x115>
      <y115>952</y115>
      <x116>1183</x116>
      <y116>948</y116>
      <x117>1185</x117>
      <y117>944</y117>
      <x118>1185</x118>
      <y118>935</y118>
      <x119>1179</x119>
      <y119>922</y119>
      <x120>1181</x120>
      <y120>906</y120>
      <x121>1180</x121>
      <y121>905</y121>
      <x122>1180</x122>
      <y122>900</y122>
      <x123>1177</x123>
      <y123>893</y123>
      <x124>1177</x124>
      <y124>885</y124>
      <x125>1176</x125>
      <y125>884</y125>
      <x126>1177</x126>
      <y126>862</y126>
    </polygon>
  </object>
  <object>
    <name>person</name>
    <bndbox>
      <xmin>1205</xmin>
      <ymin>650</ymin>
      <xmax>1548</xmax>
      <ymax>983</ymax>
    </bndbox>
    <polygon>
      <x1>1446</x1>
      <y1>656</y1>
      <x2>1433</x2>
      <y2>650</y2>
      <x3>1413</x3>
      <y3>650</y3>
      <x4>1403</x4>
      <y4>653</y4>
      <x5>1393</x5>
      <y5>659</y5>
      <x6>1376</x6>
      <y6>674</y6>
      <x7>1363</x7>
      <y7>696</y7>
      <x8>1361</x8>
      <y8>703</y8>
      <x9>1358</x9>
      <y9>708</y9>
      <x10>1348</x10>
      <y10>748</y10>
      <x11>1346</x11>
      <y11>752</y11>
      <x12>1343</x12>
      <y12>767</y12>
      <x13>1343</x13>
      <y13>773</y13>
      <x14>1340</x14>
      <y14>781</y14>
      <x15>1335</x15>
      <y15>784</y15>
      <x16>1313</x16>
      <y16>785</y16>
      <x17>1301</x17>
      <y17>791</y17>
      <x18>1293</x18>
      <y18>797</y18>
      <x19>1282</x19>
      <y19>810</y19>
      <x20>1276</x20>
      <y20>822</y20>
      <x21>1265</x21>
      <y21>852</y21>
      <x22>1256</x22>
      <y22>871</y22>
      <x23>1244</x23>
      <y23>888</y23>
      <x24>1229</x24>
      <y24>914</y24>
      <x25>1209</x25>
      <y25>942</y25>
      <x26>1205</x26>
      <y26>954</y26>
      <x27>1206</x27>
      <y27>964</y27>
      <x28>1209</x28>
      <y28>968</y28>
      <x29>1214</x29>
      <y29>971</y29>
      <x30>1219</x30>
      <y30>972</y30>
      <x31>1229</x31>
      <y31>971</y31>
      <x32>1240</x32>
      <y32>966</y32>
      <x33>1248</x33>
      <y33>959</y33>
      <x34>1251</x34>
      <y34>959</y34>
      <x35>1255</x35>
      <y35>961</y35>
      <x36>1267</x36>
      <y36>960</y36>
      <x37>1279</x37>
      <y37>963</y37>
      <x38>1293</x38>
      <y38>964</y38>
      <x39>1298</x39>
      <y39>966</y39>
      <x40>1305</x40>
      <y40>972</y40>
      <x41>1318</x41>
      <y41>972</y41>
      <x42>1319</x42>
      <y42>971</y42>
      <x43>1335</x43>
      <y43>970</y43>
      <x44>1346</x44>
      <y44>967</y44>
      <x45>1358</x45>
      <y45>966</y45>
      <x46>1367</x46>
      <y46>963</y46>
      <x47>1390</x47>
      <y47>963</y47>
      <x48>1402</x48>
      <y48>966</y48>
      <x49>1416</x49>
      <y49>966</y49>
      <x50>1424</x50>
      <y50>964</y50>
      <x51>1432</x51>
      <y51>960</y51>
      <x52>1451</x52>
      <y52>959</y52>
      <x53>1453</x53>
      <y53>961</y53>
      <x54>1451</x54>
      <y54>964</y54>
      <x55>1447</x55>
      <y55>964</y55>
      <x56>1440</x56>
      <y56>969</y56>
      <x57>1440</x57>
      <y57>980</y57>
      <x58>1441</x58>
      <y58>982</y58>
      <x59>1444</x59>
      <y59>983</y59>
      <x60>1458</x60>
      <y60>977</y60>
      <x61>1476</x61>
      <y61>972</y61>
      <x62>1499</x62>
      <y62>960</y62>
      <x63>1505</x63>
      <y63>958</y63>
      <x64>1509</x64>
      <y64>955</y64>
      <x65>1516</x65>
      <y65>953</y65>
      <x66>1527</x66>
      <y66>945</y66>
      <x67>1544</x67>
      <y67>928</y67>
      <x68>1548</x68>
      <y68>915</y68>
      <x69>1547</x69>
      <y69>901</y69>
      <x70>1538</x70>
      <y70>892</y70>
      <x71>1523</x71>
      <y71>861</y71>
      <x72>1519</x72>
      <y72>851</y72>
      <x73>1518</x73>
      <y73>842</y73>
      <x74>1514</x74>
      <y74>836</y74>
      <x75>1513</x75>
      <y75>825</y75>
      <x76>1511</x76>
      <y76>819</y76>
      <x77>1501</x77>
      <y77>808</y77>
      <x78>1497</x78>
      <y78>800</y78>
      <x79>1496</x79>
      <y79>795</y79>
      <x80>1486</x80>
      <y80>782</y80>
      <x81>1485</x81>
      <y81>768</y81>
      <x82>1481</x82>
      <y82>751</y82>
      <x83>1481</x83>
      <y83>744</y83>
      <x84>1478</x84>
      <y84>733</y84>
      <x85>1476</x85>
      <y85>716</y85>
      <x86>1473</x86>
      <y86>709</y86>
      <x87>1473</x87>
      <y87>706</y87>
      <x88>1465</x88>
      <y88>687</y88>
      <x89>1463</x89>
      <y89>679</y89>
      <x90>1457</x90>
      <y90>667</y90>
    </polygon>
  </object>
</annotation>
