<?xml version="1.0" ?>
<annotation>
  <folder>VOC</folder>
  <filename>137-2.png</filename>
  <source>
    <database>roboflow.ai</database>
  </source>
  <size>
    <width>1792</width>
    <height>1024</height>
    <depth>3</depth>
  </size>
  <segmented>0</segmented>
  <object>
    <name>person</name>
    <bndbox>
      <xmin>793</xmin>
      <ymin>543</ymin>
      <xmax>864</xmax>
      <ymax>714</ymax>
    </bndbox>
    <polygon>
      <x1>814</x1>
      <y1>543</y1>
      <x2>809</x2>
      <y2>545</y2>
      <x3>805</x3>
      <y3>549</y3>
      <x4>803</x4>
      <y4>556</y4>
      <x5>800</x5>
      <y5>600</y5>
      <x6>793</x6>
      <y6>639</y6>
      <x7>793</x7>
      <y7>648</y7>
      <x8>803</x8>
      <y8>655</y8>
      <x9>805</x9>
      <y9>669</y9>
      <x10>813</x10>
      <y10>674</y10>
      <x11>815</x11>
      <y11>677</y11>
      <x12>815</x12>
      <y12>681</y12>
      <x13>821</x13>
      <y13>696</y13>
      <x14>822</x14>
      <y14>712</y14>
      <x15>828</x15>
      <y15>713</y15>
      <x16>830</x16>
      <y16>711</y16>
      <x17>830</x17>
      <y17>703</y17>
      <x18>827</x18>
      <y18>698</y18>
      <x19>827</x19>
      <y19>681</y19>
      <x20>828</x20>
      <y20>677</y20>
      <x21>831</x21>
      <y21>676</y21>
      <x22>836</x22>
      <y22>680</y22>
      <x23>839</x23>
      <y23>695</y23>
      <x24>839</x24>
      <y24>711</y24>
      <x25>841</x25>
      <y25>714</y25>
      <x26>844</x26>
      <y26>714</y26>
      <x27>851</x27>
      <y27>708</y27>
      <x28>853</x28>
      <y28>704</y28>
      <x29>847</x29>
      <y29>699</y29>
      <x30>845</x30>
      <y30>694</y30>
      <x31>846</x31>
      <y31>677</y31>
      <x32>850</x32>
      <y32>672</y32>
      <x33>850</x33>
      <y33>660</y33>
      <x34>847</x34>
      <y34>638</y34>
      <x35>850</x35>
      <y35>636</y35>
      <x36>855</x36>
      <y36>643</y36>
      <x37>861</x37>
      <y37>643</y37>
      <x38>864</x38>
      <y38>640</y38>
      <x39>854</x39>
      <y39>625</y39>
      <x40>849</x40>
      <y40>614</y40>
      <x41>843</x41>
      <y41>585</y41>
      <x42>837</x42>
      <y42>579</y42>
      <x43>833</x43>
      <y43>578</y43>
      <x44>828</x44>
      <y44>572</y44>
      <x45>828</x45>
      <y45>564</y45>
      <x46>830</x46>
      <y46>559</y46>
      <x47>828</x47>
      <y47>550</y47>
      <x48>821</x48>
      <y48>545</y48>
    </polygon>
  </object>
  <object>
    <name>person</name>
    <bndbox>
      <xmin>888</xmin>
      <ymin>522</ymin>
      <xmax>950</xmax>
      <ymax>699</ymax>
    </bndbox>
    <polygon>
      <x1>904</x1>
      <y1>522</y1>
      <x2>899</x2>
      <y2>528</y2>
      <x3>900</x3>
      <y3>538</y3>
      <x4>903</x4>
      <y4>542</y4>
      <x5>896</x5>
      <y5>549</y5>
      <x6>891</x6>
      <y6>551</y6>
      <x7>889</x7>
      <y7>555</y7>
      <x8>888</x8>
      <y8>588</y8>
      <x9>891</x9>
      <y9>604</y9>
      <x10>891</x10>
      <y10>613</y10>
      <x11>899</x11>
      <y11>620</y11>
      <x12>899</x12>
      <y12>625</y12>
      <x13>905</x13>
      <y13>651</y13>
      <x14>914</x14>
      <y14>676</y14>
      <x15>915</x15>
      <y15>683</y15>
      <x16>911</x16>
      <y16>693</y16>
      <x17>911</x17>
      <y17>697</y17>
      <x18>914</x18>
      <y18>699</y18>
      <x19>920</x19>
      <y19>698</y19>
      <x20>924</x20>
      <y20>692</y20>
      <x21>924</x21>
      <y21>673</y21>
      <x22>922</x22>
      <y22>662</y22>
      <x23>923</x23>
      <y23>656</y23>
      <x24>928</x24>
      <y24>648</y24>
      <x25>929</x25>
      <y25>642</y25>
      <x26>927</x26>
      <y26>631</y26>
      <x27>932</x27>
      <y27>625</y27>
      <x28>936</x28>
      <y28>624</y28>
      <x29>941</x29>
      <y29>619</y29>
      <x30>948</x30>
      <y30>620</y30>
      <x31>950</x31>
      <y31>611</y31>
      <x32>946</x32>
      <y32>579</y32>
      <x33>938</x33>
      <y33>553</y33>
      <x34>934</x34>
      <y34>549</y34>
      <x35>919</x35>
      <y35>541</y35>
      <x36>918</x36>
      <y36>527</y36>
      <x37>916</x37>
      <y37>524</y37>
      <x38>913</x38>
      <y38>522</y38>
    </polygon>
  </object>
</annotation>
