<?xml version="1.0" ?>
<annotation>
  <folder>VOC</folder>
  <filename>137-1.png</filename>
  <source>
    <database>roboflow.ai</database>
  </source>
  <size>
    <width>1792</width>
    <height>1024</height>
    <depth>3</depth>
  </size>
  <segmented>0</segmented>
  <object>
    <name>person</name>
    <bndbox>
      <xmin>537</xmin>
      <ymin>243</ymin>
      <xmax>1211</xmax>
      <ymax>1000</ymax>
    </bndbox>
    <polygon>
      <x1>625</x1>
      <y1>243</y1>
      <x2>622</x2>
      <y2>249</y2>
      <x3>628</x3>
      <y3>254</y3>
      <x4>627</x4>
      <y4>270</y4>
      <x5>625</x5>
      <y5>273</y5>
      <x6>627</x6>
      <y6>284</y6>
      <x7>622</x7>
      <y7>289</y7>
      <x8>617</x8>
      <y8>290</y8>
      <x9>604</x9>
      <y9>298</y9>
      <x10>602</x10>
      <y10>296</y10>
      <x11>603</x11>
      <y11>283</y11>
      <x12>606</x12>
      <y12>280</y12>
      <x13>611</x13>
      <y13>286</y13>
      <x14>612</x14>
      <y14>281</y14>
      <x15>607</x15>
      <y15>275</y15>
      <x16>599</x16>
      <y16>277</y16>
      <x17>596</x17>
      <y17>281</y17>
      <x18>594</x18>
      <y18>294</y18>
      <x19>589</x19>
      <y19>300</y19>
      <x20>583</x20>
      <y20>302</y20>
      <x21>582</x21>
      <y21>304</y21>
      <x22>584</x22>
      <y22>311</y22>
      <x23>591</x23>
      <y23>305</y23>
      <x24>596</x24>
      <y24>311</y24>
      <x25>597</x25>
      <y25>318</y25>
      <x26>602</x26>
      <y26>323</y26>
      <x27>602</x27>
      <y27>327</y27>
      <x28>597</x28>
      <y28>338</y28>
      <x29>597</x29>
      <y29>356</y29>
      <x30>593</x30>
      <y30>360</y30>
      <x31>587</x31>
      <y31>361</y31>
      <x32>585</x32>
      <y32>374</y32>
      <x33>576</x33>
      <y33>384</y33>
      <x34>571</x34>
      <y34>385</y34>
      <x35>567</x35>
      <y35>384</y35>
      <x36>564</x36>
      <y36>381</y36>
      <x37>559</x37>
      <y37>368</y37>
      <x38>562</x38>
      <y38>364</y38>
      <x39>568</x39>
      <y39>361</y39>
      <x40>567</x40>
      <y40>359</y40>
      <x41>562</x41>
      <y41>357</y41>
      <x42>558</x42>
      <y42>353</y42>
      <x43>555</x43>
      <y43>353</y43>
      <x44>547</x44>
      <y44>364</y44>
      <x45>547</x45>
      <y45>372</y45>
      <x46>553</x46>
      <y46>384</y46>
      <x47>553</x47>
      <y47>411</y47>
      <x48>554</x48>
      <y48>416</y48>
      <x49>557</x49>
      <y49>416</y49>
      <x50>561</x50>
      <y50>393</y50>
      <x51>564</x51>
      <y51>389</y51>
      <x52>568</x52>
      <y52>391</y52>
      <x53>576</x53>
      <y53>390</y53>
      <x54>579</x54>
      <y54>394</y54>
      <x55>577</x55>
      <y55>400</y55>
      <x56>567</x56>
      <y56>407</y56>
      <x57>569</x57>
      <y57>417</y57>
      <x58>573</x58>
      <y58>425</y58>
      <x59>576</x59>
      <y59>442</y59>
      <x60>581</x60>
      <y60>445</y60>
      <x61>592</x61>
      <y61>445</y61>
      <x62>598</x62>
      <y62>442</y62>
      <x63>610</x63>
      <y63>409</y63>
      <x64>613</x64>
      <y64>408</y64>
      <x65>615</x65>
      <y65>410</y65>
      <x66>618</x66>
      <y66>433</y66>
      <x67>616</x67>
      <y67>443</y67>
      <x68>622</x68>
      <y68>446</y68>
      <x69>631</x69>
      <y69>454</y69>
      <x70>634</x70>
      <y70>454</y70>
      <x71>638</x71>
      <y71>449</y71>
      <x72>646</x72>
      <y72>450</y72>
      <x73>649</x73>
      <y73>455</y73>
      <x74>655</x74>
      <y74>479</y74>
      <x75>659</x75>
      <y75>476</y75>
      <x76>670</x76>
      <y76>477</y76>
      <x77>673</x77>
      <y77>481</y77>
      <x78>676</x78>
      <y78>494</y78>
      <x79>679</x79>
      <y79>498</y79>
      <x80>680</x80>
      <y80>507</y80>
      <x81>678</x81>
      <y81>512</y81>
      <x82>672</x82>
      <y82>519</y82>
      <x83>669</x83>
      <y83>527</y83>
      <x84>678</x84>
      <y84>542</y84>
      <x85>676</x85>
      <y85>557</y85>
      <x86>669</x86>
      <y86>562</y86>
      <x87>657</x87>
      <y87>558</y87>
      <x88>654</x88>
      <y88>555</y88>
      <x89>648</x89>
      <y89>556</y89>
      <x90>644</x90>
      <y90>550</y90>
      <x91>645</x91>
      <y91>538</y91>
      <x92>642</x92>
      <y92>529</y92>
      <x93>638</x93>
      <y93>527</y93>
      <x94>634</x94>
      <y94>530</y94>
      <x95>630</x95>
      <y95>523</y95>
      <x96>624</x96>
      <y96>520</y96>
      <x97>619</x97>
      <y97>515</y97>
      <x98>620</x98>
      <y98>508</y98>
      <x99>616</x99>
      <y99>500</y99>
      <x100>623</x100>
      <y100>486</y100>
      <x101>620</x101>
      <y101>481</y101>
      <x102>618</x102>
      <y102>490</y102>
      <x103>613</x103>
      <y103>494</y103>
      <x104>611</x104>
      <y104>498</y104>
      <x105>610</x105>
      <y105>557</y105>
      <x106>605</x106>
      <y106>564</y106>
      <x107>607</x107>
      <y107>584</y107>
      <x108>612</x108>
      <y108>594</y108>
      <x109>625</x109>
      <y109>581</y109>
      <x110>628</x110>
      <y110>581</y110>
      <x111>638</x111>
      <y111>589</y111>
      <x112>652</x112>
      <y112>606</y112>
      <x113>654</x113>
      <y113>612</y113>
      <x114>653</x114>
      <y114>627</y114>
      <x115>646</x115>
      <y115>632</y115>
      <x116>636</x116>
      <y116>644</y116>
      <x117>632</x117>
      <y117>645</y117>
      <x118>628</x118>
      <y118>649</y118>
      <x119>625</x119>
      <y119>656</y119>
      <x120>621</x120>
      <y120>660</y120>
      <x121>618</x121>
      <y121>660</y121>
      <x122>611</x122>
      <y122>650</y122>
      <x123>607</x123>
      <y123>657</y123>
      <x124>588</x124>
      <y124>669</y124>
      <x125>574</x125>
      <y125>668</y125>
      <x126>571</x126>
      <y126>664</y126>
      <x127>571</x127>
      <y127>654</y127>
      <x128>568</x128>
      <y128>655</y128>
      <x129>567</x129>
      <y129>667</y129>
      <x130>564</x130>
      <y130>670</y130>
      <x131>562</x131>
      <y131>668</y131>
      <x132>561</x132>
      <y132>659</y132>
      <x133>558</x133>
      <y133>655</y133>
      <x134>554</x134>
      <y134>655</y134>
      <x135>550</x135>
      <y135>658</y135>
      <x136>542</x136>
      <y136>655</y136>
      <x137>537</x137>
      <y137>661</y137>
      <x138>537</x138>
      <y138>677</y138>
      <x139>540</x139>
      <y139>682</y139>
      <x140>564</x140>
      <y140>681</y140>
      <x141>568</x141>
      <y141>683</y141>
      <x142>574</x142>
      <y142>690</y142>
      <x143>575</x143>
      <y143>710</y143>
      <x144>582</x144>
      <y144>729</y144>
      <x145>583</x145>
      <y145>740</y145>
      <x146>582</x146>
      <y146>753</y146>
      <x147>577</x147>
      <y147>760</y147>
      <x148>577</x148>
      <y148>768</y148>
      <x149>572</x149>
      <y149>774</y149>
      <x150>573</x150>
      <y150>782</y150>
      <x151>571</x151>
      <y151>787</y151>
      <x152>578</x152>
      <y152>790</y152>
      <x153>584</x153>
      <y153>790</y153>
      <x154>586</x154>
      <y154>779</y154>
      <x155>591</x155>
      <y155>777</y155>
      <x156>601</x156>
      <y156>784</y156>
      <x157>610</x157>
      <y157>795</y157>
      <x158>621</x158>
      <y158>794</y158>
      <x159>631</x159>
      <y159>799</y159>
      <x160>638</x160>
      <y160>805</y160>
      <x161>642</x161>
      <y161>812</y161>
      <x162>642</x162>
      <y162>824</y162>
      <x163>638</x163>
      <y163>837</y163>
      <x164>637</x164>
      <y164>849</y164>
      <x165>640</x165>
      <y165>854</y165>
      <x166>646</x166>
      <y166>855</y166>
      <x167>652</x167>
      <y167>859</y167>
      <x168>657</x168>
      <y168>867</y168>
      <x169>659</x169>
      <y169>875</y169>
      <x170>659</x170>
      <y170>895</y170>
      <x171>656</x171>
      <y171>900</y171>
      <x172>658</x172>
      <y172>905</y172>
      <x173>653</x173>
      <y173>911</y173>
      <x174>651</x174>
      <y174>924</y174>
      <x175>656</x175>
      <y175>944</y175>
      <x176>662</x176>
      <y176>944</y176>
      <x177>664</x177>
      <y177>940</y177>
      <x178>670</x178>
      <y178>936</y178>
      <x179>685</x179>
      <y179>936</y179>
      <x180>689</x180>
      <y180>938</y180>
      <x181>700</x181>
      <y181>939</y181>
      <x182>725</x182>
      <y182>938</y182>
      <x183>728</x183>
      <y183>940</y183>
      <x184>746</x184>
      <y184>936</y184>
      <x185>763</x185>
      <y185>944</y185>
      <x186>766</x186>
      <y186>950</y186>
      <x187>765</x187>
      <y187>954</y187>
      <x188>767</x188>
      <y188>959</y188>
      <x189>771</x189>
      <y189>956</y189>
      <x190>771</x190>
      <y190>953</y190>
      <x191>768</x191>
      <y191>949</y191>
      <x192>781</x192>
      <y192>938</y192>
      <x193>796</x193>
      <y193>938</y193>
      <x194>807</x194>
      <y194>945</y194>
      <x195>817</x195>
      <y195>942</y195>
      <x196>826</x196>
      <y196>942</y196>
      <x197>841</x197>
      <y197>946</y197>
      <x198>851</x198>
      <y198>946</y198>
      <x199>861</x199>
      <y199>941</y199>
      <x200>868</x200>
      <y200>941</y200>
      <x201>874</x201>
      <y201>943</y201>
      <x202>877</x202>
      <y202>946</y202>
      <x203>884</x203>
      <y203>961</y203>
      <x204>886</x204>
      <y204>962</y204>
      <x205>891</x205>
      <y205>952</y205>
      <x206>900</x206>
      <y206>944</y206>
      <x207>907</x207>
      <y207>945</y207>
      <x208>912</x208>
      <y208>951</y208>
      <x209>925</x209>
      <y209>946</y209>
      <x210>936</x210>
      <y210>946</y210>
      <x211>954</x211>
      <y211>949</y211>
      <x212>959</x212>
      <y212>947</y212>
      <x213>964</x213>
      <y213>942</y213>
      <x214>970</x214>
      <y214>940</y214>
      <x215>980</x215>
      <y215>946</y215>
      <x216>982</x216>
      <y216>955</y216>
      <x217>984</x217>
      <y217>956</y217>
      <x218>986</x218>
      <y218>950</y218>
      <x219>1002</x219>
      <y219>937</y219>
      <x220>1014</x220>
      <y220>937</y220>
      <x221>1026</x221>
      <y221>934</y221>
      <x222>1032</x222>
      <y222>938</y222>
      <x223>1053</x223>
      <y223>939</y223>
      <x224>1064</x224>
      <y224>936</y224>
      <x225>1066</x225>
      <y225>934</y225>
      <x226>1076</x226>
      <y226>934</y226>
      <x227>1082</x227>
      <y227>936</y227>
      <x228>1085</x228>
      <y228>939</y228>
      <x229>1088</x229>
      <y229>948</y229>
      <x230>1088</x230>
      <y230>965</y230>
      <x231>1085</x231>
      <y231>979</y231>
      <x232>1082</x232>
      <y232>982</y232>
      <x233>1072</x233>
      <y233>983</y233>
      <x234>1067</x234>
      <y234>988</y234>
      <x235>1062</x235>
      <y235>988</y235>
      <x236>1054</x236>
      <y236>982</y236>
      <x237>1033</x237>
      <y237>981</y237>
      <x238>1026</x238>
      <y238>984</y238>
      <x239>1026</x239>
      <y239>989</y239>
      <x240>1030</x240>
      <y240>991</y240>
      <x241>1047</x241>
      <y241>990</y241>
      <x242>1052</x242>
      <y242>992</y242>
      <x243>1081</x243>
      <y243>990</y243>
      <x244>1089</x244>
      <y244>998</y244>
      <x245>1094</x245>
      <y245>1000</y245>
      <x246>1096</x246>
      <y246>996</y246>
      <x247>1104</x247>
      <y247>990</y247>
      <x248>1103</x248>
      <y248>981</y248>
      <x249>1095</x249>
      <y249>975</y249>
      <x250>1102</x250>
      <y250>970</y250>
      <x251>1097</x251>
      <y251>965</y251>
      <x252>1094</x252>
      <y252>957</y252>
      <x253>1096</x253>
      <y253>947</y253>
      <x254>1111</x254>
      <y254>936</y254>
      <x255>1118</x255>
      <y255>935</y255>
      <x256>1123</x256>
      <y256>932</y256>
      <x257>1134</x257>
      <y257>936</y257>
      <x258>1143</x258>
      <y258>936</y258>
      <x259>1148</x259>
      <y259>934</y259>
      <x260>1147</x260>
      <y260>929</y260>
      <x261>1143</x261>
      <y261>927</y261>
      <x262>1135</x262>
      <y262>927</y262>
      <x263>1129</x263>
      <y263>931</y263>
      <x264>1124</x264>
      <y264>927</y264>
      <x265>1115</x265>
      <y265>928</y265>
      <x266>1111</x266>
      <y266>925</y266>
      <x267>1102</x267>
      <y267>926</y267>
      <x268>1098</x268>
      <y268>923</y268>
      <x269>1093</x269>
      <y269>922</y269>
      <x270>1090</x270>
      <y270>919</y270>
      <x271>1089</x271>
      <y271>912</y271>
      <x272>1079</x272>
      <y272>906</y272>
      <x273>1079</x273>
      <y273>896</y273>
      <x274>1077</x274>
      <y274>890</y274>
      <x275>1074</x275>
      <y275>890</y275>
      <x276>1069</x276>
      <y276>895</y276>
      <x277>1059</x277>
      <y277>899</y277>
      <x278>1057</x278>
      <y278>907</y278>
      <x279>1063</x279>
      <y279>912</y279>
      <x280>1066</x280>
      <y280>919</y280>
      <x281>1065</x281>
      <y281>922</y281>
      <x282>1055</x282>
      <y282>926</y282>
      <x283>1044</x283>
      <y283>926</y283>
      <x284>1025</x284>
      <y284>922</y284>
      <x285>1020</x285>
      <y285>917</y285>
      <x286>1020</x286>
      <y286>911</y286>
      <x287>1031</x287>
      <y287>900</y287>
      <x288>1031</x288>
      <y288>897</y288>
      <x289>1024</x289>
      <y289>896</y289>
      <x290>1015</x290>
      <y290>892</y290>
      <x291>1005</x291>
      <y291>891</y291>
      <x292>998</x292>
      <y292>879</y292>
      <x293>997</x293>
      <y293>864</y293>
      <x294>1004</x294>
      <y294>856</y294>
      <x295>1016</x295>
      <y295>851</y295>
      <x296>1024</x296>
      <y296>853</y296>
      <x297>1034</x297>
      <y297>851</y297>
      <x298>1043</x298>
      <y298>857</y298>
      <x299>1051</x299>
      <y299>856</y299>
      <x300>1056</x300>
      <y300>852</y300>
      <x301>1064</x301>
      <y301>852</y301>
      <x302>1071</x302>
      <y302>857</y302>
      <x303>1077</x303>
      <y303>867</y303>
      <x304>1080</x304>
      <y304>888</y304>
      <x305>1091</x305>
      <y305>868</y305>
      <x306>1102</x306>
      <y306>858</y306>
      <x307>1109</x307>
      <y307>859</y307>
      <x308>1116</x308>
      <y308>865</y308>
      <x309>1129</x309>
      <y309>864</y309>
      <x310>1133</x310>
      <y310>860</y310>
      <x311>1138</x311>
      <y311>860</y311>
      <x312>1142</x312>
      <y312>865</y312>
      <x313>1151</x313>
      <y313>867</y313>
      <x314>1173</x314>
      <y314>855</y314>
      <x315>1182</x315>
      <y315>855</y315>
      <x316>1185</x316>
      <y316>857</y316>
      <x317>1189</x317>
      <y317>856</y317>
      <x318>1189</x318>
      <y318>835</y318>
      <x319>1192</x319>
      <y319>831</y319>
      <x320>1193</x320>
      <y320>823</y320>
      <x321>1197</x321>
      <y321>815</y321>
      <x322>1193</x322>
      <y322>811</y322>
      <x323>1178</x323>
      <y323>807</y323>
      <x324>1172</x324>
      <y324>802</y324>
      <x325>1180</x325>
      <y325>797</y325>
      <x326>1206</x326>
      <y326>796</y326>
      <x327>1211</x327>
      <y327>789</y327>
      <x328>1210</x328>
      <y328>779</y328>
      <x329>1203</x329>
      <y329>766</y329>
      <x330>1202</x330>
      <y330>746</y330>
      <x331>1197</x331>
      <y331>735</y331>
      <x332>1198</x332>
      <y332>715</y332>
      <x333>1192</x333>
      <y333>685</y333>
      <x334>1187</x334>
      <y334>682</y334>
      <x335>1182</x335>
      <y335>688</y335>
      <x336>1174</x336>
      <y336>689</y336>
      <x337>1165</x337>
      <y337>694</y337>
      <x338>1158</x338>
      <y338>694</y338>
      <x339>1157</x339>
      <y339>699</y339>
      <x340>1160</x340>
      <y340>702</y340>
      <x341>1159</x341>
      <y341>706</y341>
      <x342>1157</x342>
      <y342>707</y342>
      <x343>1152</x343>
      <y343>703</y343>
      <x344>1147</x344>
      <y344>709</y344>
      <x345>1144</x345>
      <y345>709</y345>
      <x346>1138</x346>
      <y346>714</y346>
      <x347>1131</x347>
      <y347>717</y347>
      <x348>1123</x348>
      <y348>716</y348>
      <x349>1118</x349>
      <y349>721</y349>
      <x350>1109</x350>
      <y350>721</y350>
      <x351>1106</x351>
      <y351>718</y351>
      <x352>1105</x352>
      <y352>712</y352>
      <x353>1107</x353>
      <y353>697</y353>
      <x354>1130</x354>
      <y354>681</y354>
      <x355>1131</x355>
      <y355>673</y355>
      <x356>1135</x356>
      <y356>665</y356>
      <x357>1146</x357>
      <y357>665</y357>
      <x358>1152</x358>
      <y358>668</y358>
      <x359>1158</x359>
      <y359>663</y359>
      <x360>1164</x360>
      <y360>663</y360>
      <x361>1180</x361>
      <y361>658</y361>
      <x362>1185</x362>
      <y362>663</y362>
      <x363>1187</x363>
      <y363>668</y363>
      <x364>1193</x364>
      <y364>668</y364>
      <x365>1194</x365>
      <y365>662</y365>
      <x366>1191</x366>
      <y366>658</y366>
      <x367>1192</x367>
      <y367>632</y367>
      <x368>1189</x368>
      <y368>626</y368>
      <x369>1187</x369>
      <y369>610</y369>
      <x370>1185</x370>
      <y370>617</y370>
      <x371>1179</x371>
      <y371>626</y371>
      <x372>1166</x372>
      <y372>631</y372>
      <x373>1129</x373>
      <y373>630</y373>
      <x374>1113</x374>
      <y374>626</y374>
      <x375>1110</x375>
      <y375>623</y375>
      <x376>1107</x376>
      <y376>615</y376>
      <x377>1106</x377>
      <y377>598</y377>
      <x378>1116</x378>
      <y378>578</y378>
      <x379>1116</x379>
      <y379>572</y379>
      <x380>1101</x380>
      <y380>568</y380>
      <x381>1092</x381>
      <y381>558</y381>
      <x382>1092</x382>
      <y382>552</y382>
      <x383>1096</x383>
      <y383>543</y383>
      <x384>1099</x384>
      <y384>521</y384>
      <x385>1086</x385>
      <y385>516</y385>
      <x386>1085</x386>
      <y386>499</y386>
      <x387>1077</x387>
      <y387>487</y387>
      <x388>1078</x388>
      <y388>476</y388>
      <x389>1081</x389>
      <y389>473</y389>
      <x390>1085</x390>
      <y390>472</y390>
      <x391>1083</x391>
      <y391>450</y391>
      <x392>1086</x392>
      <y392>446</y392>
      <x393>1086</x393>
      <y393>442</y393>
      <x394>1084</x394>
      <y394>436</y394>
      <x395>1094</x395>
      <y395>426</y395>
      <x396>1096</x396>
      <y396>426</y396>
      <x397>1099</x397>
      <y397>429</y397>
      <x398>1102</x398>
      <y398>438</y398>
      <x399>1100</x399>
      <y399>447</y399>
      <x400>1100</x400>
      <y400>478</y400>
      <x401>1103</x401>
      <y401>485</y401>
      <x402>1112</x402>
      <y402>485</y402>
      <x403>1118</x403>
      <y403>483</y403>
      <x404>1129</x404>
      <y404>484</y404>
      <x405>1132</x405>
      <y405>476</y405>
      <x406>1136</x406>
      <y406>472</y406>
      <x407>1139</x407>
      <y407>472</y407>
      <x408>1146</x408>
      <y408>478</y408>
      <x409>1159</x409>
      <y409>495</y409>
      <x410>1163</x410>
      <y410>492</y410>
      <x411>1172</x411>
      <y411>480</y411>
      <x412>1174</x412>
      <y412>472</y412>
      <x413>1169</x413>
      <y413>469</y413>
      <x414>1166</x414>
      <y414>464</y414>
      <x415>1160</x415>
      <y415>459</y415>
      <x416>1162</x416>
      <y416>450</y416>
      <x417>1159</x417>
      <y417>445</y417>
      <x418>1156</x418>
      <y418>450</y418>
      <x419>1157</x419>
      <y419>459</y419>
      <x420>1145</x420>
      <y420>464</y420>
      <x421>1135</x421>
      <y421>460</y421>
      <x422>1132</x422>
      <y422>457</y422>
      <x423>1129</x423>
      <y423>441</y423>
      <x424>1123</x424>
      <y424>448</y424>
      <x425>1120</x425>
      <y425>458</y425>
      <x426>1112</x426>
      <y426>458</y426>
      <x427>1109</x427>
      <y427>455</y427>
      <x428>1109</x428>
      <y428>439</y428>
      <x429>1106</x429>
      <y429>433</y429>
      <x430>1106</x430>
      <y430>423</y430>
      <x431>1108</x431>
      <y431>417</y431>
      <x432>1108</x432>
      <y432>397</y432>
      <x433>1110</x433>
      <y433>396</y433>
      <x434>1113</x434>
      <y434>405</y434>
      <x435>1118</x435>
      <y435>407</y435>
      <x436>1126</x436>
      <y436>415</y436>
      <x437>1126</x437>
      <y437>417</y437>
      <x438>1122</x438>
      <y438>421</y438>
      <x439>1122</x439>
      <y439>425</y439>
      <x440>1125</x440>
      <y440>433</y440>
      <x441>1128</x441>
      <y441>435</y441>
      <x442>1132</x442>
      <y442>432</y442>
      <x443>1133</x443>
      <y443>426</y443>
      <x444>1143</x444>
      <y444>417</y444>
      <x445>1129</x445>
      <y445>396</y445>
      <x446>1130</x446>
      <y446>391</y446>
      <x447>1135</x447>
      <y447>386</y447>
      <x448>1138</x448>
      <y448>386</y448>
      <x449>1148</x449>
      <y449>396</y449>
      <x450>1152</x450>
      <y450>405</y450>
      <x451>1152</x451>
      <y451>409</y451>
      <x452>1156</x452>
      <y452>412</y452>
      <x453>1159</x453>
      <y453>421</y453>
      <x454>1188</x454>
      <y454>420</y454>
      <x455>1191</x455>
      <y455>422</y455>
      <x456>1189</x456>
      <y456>429</y456>
      <x457>1191</x457>
      <y457>433</y457>
      <x458>1195</x458>
      <y458>433</y458>
      <x459>1197</x459>
      <y459>429</y459>
      <x460>1194</x460>
      <y460>425</y460>
      <x461>1193</x461>
      <y461>416</y461>
      <x462>1186</x462>
      <y462>409</y462>
      <x463>1186</x463>
      <y463>403</y463>
      <x464>1180</x464>
      <y464>397</y464>
      <x465>1174</x465>
      <y465>395</y465>
      <x466>1172</x466>
      <y466>389</y466>
      <x467>1166</x467>
      <y467>385</y467>
      <x468>1166</x468>
      <y468>382</y468>
      <x469>1164</x469>
      <y469>382</y469>
      <x470>1166</x470>
      <y470>388</y470>
      <x471>1172</x471>
      <y471>393</y471>
      <x472>1170</x472>
      <y472>403</y472>
      <x473>1165</x473>
      <y473>407</y473>
      <x474>1156</x474>
      <y474>408</y474>
      <x475>1152</x475>
      <y475>405</y475>
      <x476>1152</x476>
      <y476>388</y476>
      <x477>1150</x477>
      <y477>384</y477>
      <x478>1143</x478>
      <y478>381</y478>
      <x479>1144</x479>
      <y479>375</y479>
      <x480>1141</x480>
      <y480>370</y480>
      <x481>1141</x481>
      <y481>363</y481>
      <x482>1144</x482>
      <y482>359</y482>
      <x483>1139</x483>
      <y483>350</y483>
      <x484>1139</x484>
      <y484>347</y484>
      <x485>1136</x485>
      <y485>341</y485>
      <x486>1131</x486>
      <y486>337</y486>
      <x487>1130</x487>
      <y487>332</y487>
      <x488>1115</x488>
      <y488>318</y488>
      <x489>1108</x489>
      <y489>320</y489>
      <x490>1099</x490>
      <y490>316</y490>
      <x491>1096</x491>
      <y491>307</y491>
      <x492>1092</x492>
      <y492>303</y492>
      <x493>1094</x493>
      <y493>302</y493>
      <x494>1096</x494>
      <y494>295</y494>
      <x495>1096</x495>
      <y495>284</y495>
      <x496>1094</x496>
      <y496>282</y496>
      <x497>1090</x497>
      <y497>289</y497>
      <x498>1093</x498>
      <y498>297</y498>
      <x499>1093</x499>
      <y499>302</y499>
      <x500>1088</x500>
      <y500>303</y500>
      <x501>1074</x501>
      <y501>299</y501>
      <x502>1067</x502>
      <y502>295</y502>
      <x503>1057</x503>
      <y503>286</y503>
      <x504>1054</x504>
      <y504>281</y504>
      <x505>1052</x505>
      <y505>281</y505>
      <x506>1046</x506>
      <y506>287</y506>
      <x507>1038</x507>
      <y507>287</y507>
      <x508>1032</x508>
      <y508>283</y508>
      <x509>1026</x509>
      <y509>285</y509>
      <x510>1020</x510>
      <y510>283</y510>
      <x511>1012</x511>
      <y511>283</y511>
      <x512>989</x512>
      <y512>272</y512>
      <x513>982</x513>
      <y513>271</y513>
      <x514>976</x514>
      <y514>268</y514>
      <x515>968</x515>
      <y515>268</y515>
      <x516>963</x516>
      <y516>263</y516>
      <x517>955</x517>
      <y517>263</y517>
      <x518>948</x518>
      <y518>253</y518>
      <x519>942</x519>
      <y519>252</y519>
      <x520>934</x520>
      <y520>246</y520>
      <x521>928</x521>
      <y521>249</y521>
      <x522>919</x522>
      <y522>247</y522>
      <x523>914</x523>
      <y523>252</y523>
      <x524>878</x524>
      <y524>251</y524>
      <x525>870</x525>
      <y525>254</y525>
      <x526>864</x526>
      <y526>249</y526>
      <x527>859</x527>
      <y527>251</y527>
      <x528>827</x528>
      <y528>251</y528>
      <x529>823</x529>
      <y529>249</y529>
      <x530>798</x530>
      <y530>251</y530>
      <x531>773</x531>
      <y531>249</y531>
      <x532>765</x532>
      <y532>245</y532>
      <x533>752</x533>
      <y533>244</y533>
      <x534>742</x534>
      <y534>253</y534>
      <x535>738</x535>
      <y535>259</y535>
      <x536>725</x536>
      <y536>266</y536>
      <x537>714</x537>
      <y537>269</y537>
      <x538>704</x538>
      <y538>274</y538>
      <x539>697</x539>
      <y539>274</y539>
      <x540>688</x540>
      <y540>281</y540>
      <x541>682</x541>
      <y541>283</y541>
      <x542>674</x542>
      <y542>283</y542>
      <x543>669</x543>
      <y543>287</y543>
      <x544>660</x544>
      <y544>289</y544>
      <x545>656</x545>
      <y545>287</y545>
      <x546>647</x546>
      <y546>287</y546>
      <x547>644</x547>
      <y547>282</y547>
      <x548>646</x548>
      <y548>274</y548>
      <x549>646</x549>
      <y549>260</y549>
      <x550>639</x550>
      <y550>251</y550>
    </polygon>
  </object>
  <object>
    <name>person</name>
    <bndbox>
      <xmin>883</xmin>
      <ymin>872</ymin>
      <xmax>984</xmax>
      <ymax>934</ymax>
    </bndbox>
    <polygon>
      <x1>883</x1>
      <y1>886</y1>
      <x2>893</x2>
      <y2>874</y2>
      <x3>898</x3>
      <y3>872</y3>
      <x4>903</x4>
      <y4>873</y4>
      <x5>912</x5>
      <y5>879</y5>
      <x6>926</x6>
      <y6>879</y6>
      <x7>931</x7>
      <y7>877</y7>
      <x8>938</x8>
      <y8>877</y8>
      <x9>942</x9>
      <y9>879</y9>
      <x10>956</x10>
      <y10>879</y10>
      <x11>969</x11>
      <y11>874</y11>
      <x12>974</x12>
      <y12>879</y12>
      <x13>977</x13>
      <y13>892</y13>
      <x14>982</x14>
      <y14>899</y14>
      <x15>984</x15>
      <y15>907</y15>
      <x16>984</x16>
      <y16>919</y16>
      <x17>976</x17>
      <y17>920</y17>
      <x18>962</x18>
      <y18>933</y18>
      <x19>948</x19>
      <y19>934</y19>
      <x20>945</x20>
      <y20>933</y20>
      <x21>935</x21>
      <y21>923</y21>
      <x22>928</x22>
      <y22>922</y22>
      <x23>913</x23>
      <y23>932</y23>
      <x24>903</x24>
      <y24>933</y24>
      <x25>894</x25>
      <y25>928</y25>
      <x26>883</x26>
      <y26>908</y26>
    </polygon>
  </object>
  <object>
    <name>person</name>
    <bndbox>
      <xmin>669</xmin>
      <ymin>865</ymin>
      <xmax>770</xmax>
      <ymax>932</ymax>
    </bndbox>
    <polygon>
      <x1>770</x1>
      <y1>890</y1>
      <x2>767</x2>
      <y2>904</y2>
      <x3>762</x3>
      <y3>913</y3>
      <x4>760</x4>
      <y4>922</y4>
      <x5>745</x5>
      <y5>932</y5>
      <x6>730</x6>
      <y6>931</y6>
      <x7>723</x7>
      <y7>926</y7>
      <x8>717</x8>
      <y8>925</y8>
      <x9>707</x9>
      <y9>926</y9>
      <x10>688</x10>
      <y10>925</y10>
      <x11>684</x11>
      <y11>923</y11>
      <x12>680</x12>
      <y12>919</y12>
      <x13>679</x13>
      <y13>915</y13>
      <x14>669</x14>
      <y14>907</y14>
      <x15>670</x15>
      <y15>879</y15>
      <x16>674</x16>
      <y16>874</y16>
      <x17>681</x17>
      <y17>872</y17>
      <x18>695</x18>
      <y18>879</y18>
      <x19>709</x19>
      <y19>873</y19>
      <x20>722</x20>
      <y20>878</y20>
      <x21>737</x21>
      <y21>876</y21>
      <x22>744</x22>
      <y22>865</y22>
      <x23>751</x23>
      <y23>866</y23>
      <x24>756</x24>
      <y24>868</y24>
      <x25>763</x25>
      <y25>875</y25>
    </polygon>
  </object>
  <object>
    <name>person</name>
    <bndbox>
      <xmin>878</xmin>
      <ymin>794</ymin>
      <xmax>973</xmax>
      <ymax>867</ymax>
    </bndbox>
    <polygon>
      <x1>971</x1>
      <y1>813</y1>
      <x2>973</x2>
      <y2>819</y2>
      <x3>972</x3>
      <y3>843</y3>
      <x4>968</x4>
      <y4>849</y4>
      <x5>961</x5>
      <y5>852</y5>
      <x6>955</x6>
      <y6>865</y6>
      <x7>940</x7>
      <y7>867</y7>
      <x8>934</x8>
      <y8>863</y8>
      <x9>926</x9>
      <y9>853</y9>
      <x10>919</x10>
      <y10>853</y10>
      <x11>913</x11>
      <y11>856</y11>
      <x12>906</x12>
      <y12>857</y12>
      <x13>891</x13>
      <y13>856</y13>
      <x14>884</x14>
      <y14>847</y14>
      <x15>879</x15>
      <y15>824</y15>
      <x16>878</x16>
      <y16>809</y16>
      <x17>880</x17>
      <y17>801</y17>
      <x18>884</x18>
      <y18>798</y18>
      <x19>891</x19>
      <y19>803</y19>
      <x20>896</x20>
      <y20>800</y20>
      <x21>900</x21>
      <y21>800</y21>
      <x22>908</x22>
      <y22>808</y22>
      <x23>920</x23>
      <y23>808</y23>
      <x24>926</x24>
      <y24>804</y24>
      <x25>932</x25>
      <y25>797</y25>
      <x26>942</x26>
      <y26>794</y26>
      <x27>946</x27>
      <y27>800</y27>
      <x28>947</x28>
      <y28>809</y28>
      <x29>949</x29>
      <y29>809</y29>
      <x30>950</x30>
      <y30>806</y30>
      <x31>956</x31>
      <y31>801</y31>
      <x32>963</x32>
      <y32>803</y32>
    </polygon>
  </object>
  <object>
    <name>person</name>
    <bndbox>
      <xmin>659</xmin>
      <ymin>788</ymin>
      <xmax>768</xmax>
      <ymax>864</ymax>
    </bndbox>
    <polygon>
      <x1>768</x1>
      <y1>810</y1>
      <x2>767</x2>
      <y2>821</y2>
      <x3>761</x3>
      <y3>829</y3>
      <x4>758</x4>
      <y4>830</y4>
      <x5>751</x5>
      <y5>828</y5>
      <x6>746</x6>
      <y6>835</y6>
      <x7>748</x7>
      <y7>844</y7>
      <x8>745</x8>
      <y8>855</y8>
      <x9>733</x9>
      <y9>864</y9>
      <x10>728</x10>
      <y10>864</y10>
      <x11>720</x11>
      <y11>860</y11>
      <x12>713</x12>
      <y12>853</y12>
      <x13>711</x13>
      <y13>845</y13>
      <x14>707</x14>
      <y14>851</y14>
      <x15>702</x15>
      <y15>854</y15>
      <x16>676</x16>
      <y16>853</y16>
      <x17>659</x17>
      <y17>837</y17>
      <x18>659</x18>
      <y18>828</y18>
      <x19>667</x19>
      <y19>824</y19>
      <x20>671</x20>
      <y20>816</y20>
      <x21>669</x21>
      <y21>810</y21>
      <x22>661</x22>
      <y22>807</y22>
      <x23>661</x23>
      <y23>802</y23>
      <x24>664</x24>
      <y24>799</y24>
      <x25>669</x25>
      <y25>798</y25>
      <x26>675</x26>
      <y26>801</y26>
      <x27>680</x27>
      <y27>796</y27>
      <x28>693</x28>
      <y28>796</y28>
      <x29>712</x29>
      <y29>799</y29>
      <x30>733</x30>
      <y30>797</y30>
      <x31>739</x31>
      <y31>800</y31>
      <x32>748</x32>
      <y32>791</y32>
      <x33>755</x33>
      <y33>788</y33>
      <x34>759</x34>
      <y34>788</y34>
      <x35>761</x35>
      <y35>790</y35>
    </polygon>
  </object>
  <object>
    <name>person</name>
    <bndbox>
      <xmin>1061</xmin>
      <ymin>784</ymin>
      <xmax>1165</xmax>
      <ymax>851</ymax>
    </bndbox>
    <polygon>
      <x1>1165</x1>
      <y1>801</y1>
      <x2>1161</x2>
      <y2>806</y2>
      <x3>1152</x3>
      <y3>809</y3>
      <x4>1150</x4>
      <y4>814</y4>
      <x5>1151</x5>
      <y5>828</y5>
      <x6>1149</x6>
      <y6>830</y6>
      <x7>1146</x7>
      <y7>830</y7>
      <x8>1142</x8>
      <y8>835</y8>
      <x9>1142</x9>
      <y9>839</y9>
      <x10>1146</x10>
      <y10>845</y10>
      <x11>1138</x11>
      <y11>851</y11>
      <x12>1127</x12>
      <y12>849</y12>
      <x13>1122</x13>
      <y13>844</y13>
      <x14>1117</x14>
      <y14>843</y14>
      <x15>1105</x15>
      <y15>849</y15>
      <x16>1094</x16>
      <y16>848</y16>
      <x17>1088</x17>
      <y17>851</y17>
      <x18>1084</x18>
      <y18>850</y18>
      <x19>1079</x19>
      <y19>844</y19>
      <x20>1076</x20>
      <y20>830</y20>
      <x21>1066</x21>
      <y21>824</y21>
      <x22>1061</x22>
      <y22>816</y22>
      <x23>1064</x23>
      <y23>804</y23>
      <x24>1074</x24>
      <y24>794</y24>
      <x25>1075</x25>
      <y25>791</y25>
      <x26>1078</x26>
      <y26>788</y26>
      <x27>1087</x27>
      <y27>786</y27>
      <x28>1095</x28>
      <y28>795</y28>
      <x29>1104</x29>
      <y29>795</y29>
      <x30>1111</x30>
      <y30>790</y30>
      <x31>1132</x31>
      <y31>784</y31>
      <x32>1148</x32>
      <y32>789</y32>
      <x33>1152</x33>
      <y33>796</y33>
      <x34>1159</x34>
      <y34>796</y34>
    </polygon>
  </object>
  <object>
    <name>person</name>
    <bndbox>
      <xmin>770</xmin>
      <ymin>779</ymin>
      <xmax>877</xmax>
      <ymax>878</ymax>
    </bndbox>
    <polygon>
      <x1>877</x1>
      <y1>786</y1>
      <x2>876</x2>
      <y2>830</y2>
      <x3>873</x3>
      <y3>837</y3>
      <x4>869</x4>
      <y4>838</y4>
      <x5>865</x5>
      <y5>835</y5>
      <x6>858</x6>
      <y6>825</y6>
      <x7>856</x7>
      <y7>824</y7>
      <x8>853</x8>
      <y8>828</y8>
      <x9>855</x9>
      <y9>835</y9>
      <x10>855</x10>
      <y10>853</y10>
      <x11>850</x11>
      <y11>869</y11>
      <x12>843</x12>
      <y12>878</y12>
      <x13>834</x13>
      <y13>874</y13>
      <x14>829</x14>
      <y14>874</y14>
      <x15>821</x15>
      <y15>877</y15>
      <x16>807</x16>
      <y16>860</y16>
      <x17>803</x17>
      <y17>858</y17>
      <x18>793</x18>
      <y18>857</y18>
      <x19>780</x19>
      <y19>849</y19>
      <x20>779</x20>
      <y20>837</y20>
      <x21>773</x21>
      <y21>833</y21>
      <x22>770</x22>
      <y22>823</y22>
      <x23>774</x23>
      <y23>817</y23>
      <x24>775</x24>
      <y24>811</y24>
      <x25>778</x25>
      <y25>808</y25>
      <x26>789</x26>
      <y26>806</y26>
      <x27>792</x27>
      <y27>809</y27>
      <x28>794</x28>
      <y28>815</y28>
      <x29>795</x29>
      <y29>811</y29>
      <x30>798</x30>
      <y30>808</y30>
      <x31>823</x31>
      <y31>807</y31>
      <x32>829</x32>
      <y32>803</y32>
      <x33>836</x33>
      <y33>802</y33>
      <x34>842</x34>
      <y34>809</y34>
      <x35>845</x35>
      <y35>809</y35>
      <x36>851</x36>
      <y36>813</y36>
      <x37>854</x37>
      <y37>803</y37>
      <x38>861</x38>
      <y38>794</y38>
      <x39>863</x39>
      <y39>784</y39>
      <x40>869</x40>
      <y40>779</y40>
      <x41>872</x41>
      <y41>779</y41>
    </polygon>
  </object>
  <object>
    <name>person</name>
    <bndbox>
      <xmin>801</xmin>
      <ymin>698</ymin>
      <xmax>893</xmax>
      <ymax>770</ymax>
    </bndbox>
    <polygon>
      <x1>805</x1>
      <y1>706</y1>
      <x2>811</x2>
      <y2>699</y2>
      <x3>815</x3>
      <y3>698</y3>
      <x4>820</x4>
      <y4>702</y4>
      <x5>823</x5>
      <y5>708</y5>
      <x6>828</x6>
      <y6>708</y6>
      <x7>833</x7>
      <y7>710</y7>
      <x8>849</x8>
      <y8>709</y8>
      <x9>856</x9>
      <y9>704</y9>
      <x10>859</x10>
      <y10>704</y10>
      <x11>870</x11>
      <y11>712</y11>
      <x12>884</x12>
      <y12>706</y12>
      <x13>889</x13>
      <y13>710</y13>
      <x14>891</x14>
      <y14>715</y14>
      <x15>893</x15>
      <y15>729</y15>
      <x16>887</x16>
      <y16>752</y16>
      <x17>884</x17>
      <y17>755</y17>
      <x18>879</x18>
      <y18>756</y18>
      <x19>876</x19>
      <y19>760</y19>
      <x20>870</x20>
      <y20>762</y20>
      <x21>864</x21>
      <y21>755</y21>
      <x22>857</x22>
      <y22>751</y22>
      <x23>857</x23>
      <y23>748</y23>
      <x24>855</x24>
      <y24>746</y24>
      <x25>844</x25>
      <y25>745</y25>
      <x26>842</x26>
      <y26>746</y26>
      <x27>844</x27>
      <y27>752</y27>
      <x28>838</x28>
      <y28>764</y28>
      <x29>829</x29>
      <y29>770</y29>
      <x30>819</x30>
      <y30>768</y30>
      <x31>813</x31>
      <y31>760</y31>
      <x32>811</x32>
      <y32>748</y32>
      <x33>806</x33>
      <y33>742</y33>
      <x34>803</x34>
      <y34>735</y34>
      <x35>801</x35>
      <y35>726</y35>
      <x36>801</x36>
      <y36>717</y36>
    </polygon>
  </object>
  <object>
    <name>person</name>
    <bndbox>
      <xmin>661</xmin>
      <ymin>670</ymin>
      <xmax>766</xmax>
      <ymax>786</ymax>
    </bndbox>
    <polygon>
      <x1>701</x1>
      <y1>670</y1>
      <x2>705</x2>
      <y2>672</y2>
      <x3>707</x3>
      <y3>678</y3>
      <x4>707</x4>
      <y4>691</y4>
      <x5>704</x5>
      <y5>695</y5>
      <x6>697</x6>
      <y6>694</y6>
      <x7>695</x7>
      <y7>696</y7>
      <x8>694</x8>
      <y8>703</y8>
      <x9>696</x9>
      <y9>706</y9>
      <x10>699</x10>
      <y10>704</y10>
      <x11>702</x11>
      <y11>698</y11>
      <x12>711</x12>
      <y12>701</y12>
      <x13>716</x13>
      <y13>694</y13>
      <x14>721</x14>
      <y14>694</y14>
      <x15>731</x15>
      <y15>699</y15>
      <x16>737</x16>
      <y16>692</y16>
      <x17>741</x17>
      <y17>692</y17>
      <x18>761</x18>
      <y18>715</y18>
      <x19>764</x19>
      <y19>722</y19>
      <x20>766</x20>
      <y20>750</y20>
      <x21>763</x21>
      <y21>766</y21>
      <x22>760</x22>
      <y22>773</y22>
      <x23>761</x23>
      <y23>782</y23>
      <x24>758</x24>
      <y24>786</y24>
      <x25>740</x25>
      <y25>784</y25>
      <x26>732</x26>
      <y26>779</y26>
      <x27>730</x27>
      <y27>767</y27>
      <x28>737</x28>
      <y28>759</y28>
      <x29>729</x29>
      <y29>754</y29>
      <x30>725</x30>
      <y30>746</y30>
      <x31>723</x31>
      <y31>745</y31>
      <x32>719</x32>
      <y32>748</y32>
      <x33>716</x33>
      <y33>748</y33>
      <x34>711</x34>
      <y34>744</y34>
      <x35>697</x35>
      <y35>741</y35>
      <x36>693</x36>
      <y36>745</y36>
      <x37>691</x37>
      <y37>750</y37>
      <x38>687</x38>
      <y38>754</y38>
      <x39>682</x39>
      <y39>756</y39>
      <x40>677</x40>
      <y40>749</y40>
      <x41>670</x41>
      <y41>744</y41>
      <x42>664</x42>
      <y42>737</y42>
      <x43>661</x43>
      <y43>727</y43>
      <x44>663</x44>
      <y44>715</y44>
      <x45>670</x45>
      <y45>709</y45>
      <x46>678</x46>
      <y46>691</y46>
      <x47>681</x47>
      <y47>688</y47>
      <x48>692</x48>
      <y48>683</y48>
      <x49>694</x49>
      <y49>675</y49>
    </polygon>
  </object>
  <object>
    <name>person</name>
    <bndbox>
      <xmin>798</xmin>
      <ymin>573</ymin>
      <xmax>885</xmax>
      <ymax>669</ymax>
    </bndbox>
    <polygon>
      <x1>880</x1>
      <y1>580</y1>
      <x2>885</x2>
      <y2>590</y2>
      <x3>885</x3>
      <y3>600</y3>
      <x4>878</x4>
      <y4>623</y4>
      <x5>859</x5>
      <y5>644</y5>
      <x6>856</x6>
      <y6>644</y6>
      <x7>853</x7>
      <y7>641</y7>
      <x8>851</x8>
      <y8>634</y8>
      <x9>849</x9>
      <y9>633</y9>
      <x10>828</x10>
      <y10>634</y10>
      <x11>827</x11>
      <y11>642</y11>
      <x12>829</x12>
      <y12>656</y12>
      <x13>823</x13>
      <y13>660</y13>
      <x14>816</x14>
      <y14>669</y14>
      <x15>810</x15>
      <y15>668</y15>
      <x16>805</x16>
      <y16>663</y16>
      <x17>805</x17>
      <y17>652</y17>
      <x18>802</x18>
      <y18>641</y18>
      <x19>804</x19>
      <y19>627</y19>
      <x20>800</x20>
      <y20>618</y20>
      <x21>798</x21>
      <y21>606</y21>
      <x22>799</x22>
      <y22>596</y22>
      <x23>804</x23>
      <y23>582</y23>
      <x24>814</x24>
      <y24>573</y24>
      <x25>821</x25>
      <y25>575</y25>
      <x26>825</x26>
      <y26>579</y26>
      <x27>829</x27>
      <y27>589</y27>
      <x28>837</x28>
      <y28>582</y28>
      <x29>842</x29>
      <y29>582</y29>
      <x30>850</x30>
      <y30>589</y30>
      <x31>853</x31>
      <y31>581</y31>
      <x32>856</x32>
      <y32>579</y32>
      <x33>860</x33>
      <y33>580</y33>
      <x34>864</x34>
      <y34>586</y34>
      <x35>868</x35>
      <y35>585</y35>
      <x36>872</x36>
      <y36>580</y36>
    </polygon>
  </object>
  <object>
    <name>person</name>
    <bndbox>
      <xmin>979</xmin>
      <ymin>517</ymin>
      <xmax>1088</xmax>
      <ymax>726</ymax>
    </bndbox>
    <polygon>
      <x1>1051</x1>
      <y1>517</y1>
      <x2>1055</x2>
      <y2>517</y2>
      <x3>1058</x3>
      <y3>520</y3>
      <x4>1059</x4>
      <y4>529</y4>
      <x5>1061</x5>
      <y5>532</y5>
      <x6>1062</x6>
      <y6>530</y6>
      <x7>1068</x7>
      <y7>529</y7>
      <x8>1075</x8>
      <y8>536</y8>
      <x9>1076</x9>
      <y9>551</y9>
      <x10>1073</x10>
      <y10>556</y10>
      <x11>1071</x11>
      <y11>566</y11>
      <x12>1066</x12>
      <y12>570</y12>
      <x13>1057</x13>
      <y13>570</y13>
      <x14>1051</x14>
      <y14>568</y14>
      <x15>1045</x15>
      <y15>561</y15>
      <x16>1038</x16>
      <y16>562</y16>
      <x17>1033</x17>
      <y17>570</y17>
      <x18>1032</x18>
      <y18>575</y18>
      <x19>1027</x19>
      <y19>580</y19>
      <x20>1020</x20>
      <y20>581</y20>
      <x21>1018</x21>
      <y21>583</y21>
      <x22>1021</x22>
      <y22>586</y22>
      <x23>1030</x23>
      <y23>585</y23>
      <x24>1038</x24>
      <y24>582</y24>
      <x25>1048</x25>
      <y25>573</y25>
      <x26>1055</x26>
      <y26>571</y26>
      <x27>1058</x27>
      <y27>573</y27>
      <x28>1060</x28>
      <y28>578</y28>
      <x29>1074</x29>
      <y29>591</y29>
      <x30>1080</x30>
      <y30>606</y30>
      <x31>1080</x31>
      <y31>622</y31>
      <x32>1078</x32>
      <y32>628</y32>
      <x33>1065</x33>
      <y33>646</y33>
      <x34>1064</x34>
      <y34>655</y34>
      <x35>1061</x35>
      <y35>664</y35>
      <x36>1057</x36>
      <y36>669</y36>
      <x37>1057</x37>
      <y37>674</y37>
      <x38>1066</x38>
      <y38>678</y38>
      <x39>1068</x39>
      <y39>677</y39>
      <x40>1069</x40>
      <y40>672</y40>
      <x41>1072</x41>
      <y41>669</y41>
      <x42>1079</x42>
      <y42>668</y42>
      <x43>1082</x43>
      <y43>669</y43>
      <x44>1085</x44>
      <y44>673</y44>
      <x45>1085</x45>
      <y45>684</y45>
      <x46>1087</x46>
      <y46>688</y46>
      <x47>1088</x47>
      <y47>702</y47>
      <x48>1081</x48>
      <y48>718</y48>
      <x49>1074</x49>
      <y49>718</y49>
      <x50>1070</x50>
      <y50>723</y50>
      <x51>1060</x51>
      <y51>726</y51>
      <x52>1053</x52>
      <y52>726</y52>
      <x53>1046</x53>
      <y53>721</y53>
      <x54>1039</x54>
      <y54>720</y54>
      <x55>1025</x55>
      <y55>721</y55>
      <x56>1019</x56>
      <y56>716</y56>
      <x57>1010</x57>
      <y57>719</y57>
      <x58>1003</x58>
      <y58>715</y58>
      <x59>997</x59>
      <y59>709</y59>
      <x60>997</x60>
      <y60>696</y60>
      <x61>1003</x61>
      <y61>677</y61>
      <x62>1005</x62>
      <y62>662</y62>
      <x63>1009</x63>
      <y63>657</y63>
      <x64>1013</x64>
      <y64>657</y64>
      <x65>1017</x65>
      <y65>660</y65>
      <x66>1021</x66>
      <y66>674</y66>
      <x67>1025</x67>
      <y67>678</y67>
      <x68>1050</x68>
      <y68>674</y68>
      <x69>1051</x69>
      <y69>669</y69>
      <x70>1042</x70>
      <y70>657</y70>
      <x71>1042</x71>
      <y71>652</y71>
      <x72>1045</x72>
      <y72>648</y72>
      <x73>1047</x73>
      <y73>641</y73>
      <x74>1045</x74>
      <y74>639</y74>
      <x75>1024</x75>
      <y75>640</y75>
      <x76>1012</x76>
      <y76>635</y76>
      <x77>1003</x77>
      <y77>639</y77>
      <x78>998</x78>
      <y78>647</y78>
      <x79>985</x79>
      <y79>658</y79>
      <x80>981</x80>
      <y80>656</y80>
      <x81>979</x81>
      <y81>650</y81>
      <x82>981</x82>
      <y82>634</y82>
      <x83>986</x83>
      <y83>626</y83>
      <x84>985</x84>
      <y84>619</y84>
      <x85>992</x85>
      <y85>613</y85>
      <x86>995</x86>
      <y86>600</y86>
      <x87>1002</x87>
      <y87>587</y87>
      <x88>1010</x88>
      <y88>578</y88>
      <x89>1014</x89>
      <y89>576</y89>
      <x90>1010</x90>
      <y90>572</y90>
      <x91>996</x91>
      <y91>569</y91>
      <x92>991</x92>
      <y92>564</y92>
      <x93>989</x93>
      <y93>553</y93>
      <x94>993</x94>
      <y94>532</y94>
      <x95>998</x95>
      <y95>527</y95>
      <x96>1003</x96>
      <y96>526</y96>
      <x97>1014</x97>
      <y97>529</y97>
      <x98>1035</x98>
      <y98>527</y98>
      <x99>1040</x99>
      <y99>529</y99>
      <x100>1046</x100>
      <y100>537</y100>
      <x101>1048</x101>
      <y101>520</y101>
    </polygon>
  </object>
  <object>
    <name>person</name>
    <bndbox>
      <xmin>677</xmin>
      <ymin>517</ymin>
      <xmax>767</xmax>
      <ymax>665</ymax>
    </bndbox>
    <polygon>
      <x1>711</x1>
      <y1>517</y1>
      <x2>717</x2>
      <y2>518</y2>
      <x3>722</x3>
      <y3>522</y3>
      <x4>725</x4>
      <y4>522</y4>
      <x5>729</x5>
      <y5>517</y5>
      <x6>732</x6>
      <y6>517</y6>
      <x7>735</x7>
      <y7>520</y7>
      <x8>736</x8>
      <y8>529</y8>
      <x9>744</x9>
      <y9>532</y9>
      <x10>753</x10>
      <y10>525</y10>
      <x11>761</x11>
      <y11>532</y11>
      <x12>767</x12>
      <y12>542</y12>
      <x13>763</x13>
      <y13>569</y13>
      <x14>759</x14>
      <y14>574</y14>
      <x15>751</x15>
      <y15>576</y15>
      <x16>751</x16>
      <y16>579</y16>
      <x17>758</x17>
      <y17>589</y17>
      <x18>762</x18>
      <y18>602</y18>
      <x19>763</x19>
      <y19>625</y19>
      <x20>752</x20>
      <y20>634</y20>
      <x21>755</x21>
      <y21>639</y21>
      <x22>757</x22>
      <y22>651</y22>
      <x23>756</x23>
      <y23>658</y23>
      <x24>752</x24>
      <y24>664</y24>
      <x25>731</x25>
      <y25>665</y25>
      <x26>728</x26>
      <y26>662</y26>
      <x27>732</x27>
      <y27>655</y27>
      <x28>738</x28>
      <y28>655</y28>
      <x29>740</x29>
      <y29>652</y29>
      <x30>738</x30>
      <y30>636</y30>
      <x31>725</x31>
      <y31>638</y31>
      <x32>713</x32>
      <y32>632</y32>
      <x33>704</x33>
      <y33>632</y33>
      <x34>692</x34>
      <y34>626</y34>
      <x35>681</x35>
      <y35>616</y35>
      <x36>677</x36>
      <y36>597</y36>
      <x37>677</x37>
      <y37>590</y37>
      <x38>682</x38>
      <y38>580</y38>
      <x39>688</x39>
      <y39>580</y39>
      <x40>693</x40>
      <y40>586</y40>
      <x41>698</x41>
      <y41>587</y41>
      <x42>709</x42>
      <y42>577</y42>
      <x43>709</x43>
      <y43>570</y43>
      <x44>701</x44>
      <y44>558</y44>
      <x45>700</x45>
      <y45>540</y45>
      <x46>704</x46>
      <y46>536</y46>
      <x47>706</x47>
      <y47>522</y47>
    </polygon>
  </object>
</annotation>
