<?xml version="1.0" ?>
<annotation>
  <folder>VOC</folder>
  <filename>139-2.png</filename>
  <source>
    <database>roboflow.ai</database>
  </source>
  <size>
    <width>1792</width>
    <height>1024</height>
    <depth>3</depth>
  </size>
  <segmented>0</segmented>
  <object>
    <name>person</name>
    <bndbox>
      <xmin>729</xmin>
      <ymin>701</ymin>
      <xmax>850</xmax>
      <ymax>975</ymax>
    </bndbox>
    <polygon>
      <x1>780</x1>
      <y1>701</y1>
      <x2>772</x2>
      <y2>704</y2>
      <x3>769</x3>
      <y3>709</y3>
      <x4>768</x4>
      <y4>715</y4>
      <x5>768</x5>
      <y5>727</y5>
      <x6>773</x6>
      <y6>737</y6>
      <x7>773</x7>
      <y7>744</y7>
      <x8>764</x8>
      <y8>751</y8>
      <x9>748</x9>
      <y9>756</y9>
      <x10>744</x10>
      <y10>760</y10>
      <x11>741</x11>
      <y11>768</y11>
      <x12>737</x12>
      <y12>795</y12>
      <x13>735</x13>
      <y13>800</y13>
      <x14>732</x14>
      <y14>829</y14>
      <x15>729</x15>
      <y15>841</y15>
      <x16>729</x16>
      <y16>858</y16>
      <x17>731</x17>
      <y17>862</y17>
      <x18>737</x18>
      <y18>861</y18>
      <x19>739</x19>
      <y19>859</y19>
      <x20>740</x20>
      <y20>850</y20>
      <x21>742</x21>
      <y21>848</y21>
      <x22>743</x22>
      <y22>841</y22>
      <x23>749</x23>
      <y23>823</y23>
      <x24>751</x24>
      <y24>809</y24>
      <x25>753</x25>
      <y25>805</y25>
      <x26>755</x26>
      <y26>807</y26>
      <x27>758</x27>
      <y27>817</y27>
      <x28>752</x28>
      <y28>847</y28>
      <x29>752</x29>
      <y29>854</y29>
      <x30>759</x30>
      <y30>864</y30>
      <x31>759</x31>
      <y31>873</y31>
      <x32>761</x32>
      <y32>879</y32>
      <x33>763</x33>
      <y33>897</y33>
      <x34>765</x34>
      <y34>902</y34>
      <x35>766</x35>
      <y35>936</y35>
      <x36>768</x36>
      <y36>945</y36>
      <x37>768</x37>
      <y37>956</y37>
      <x38>761</x38>
      <y38>964</y38>
      <x39>763</x39>
      <y39>968</y39>
      <x40>773</x40>
      <y40>970</y40>
      <x41>783</x41>
      <y41>969</y41>
      <x42>783</x42>
      <y42>961</y42>
      <x43>785</x43>
      <y43>953</y43>
      <x44>785</x44>
      <y44>938</y44>
      <x45>786</x45>
      <y45>937</y45>
      <x46>787</x46>
      <y46>882</y46>
      <x47>788</x47>
      <y47>879</y47>
      <x48>793</x48>
      <y48>875</y48>
      <x49>795</x49>
      <y49>879</y49>
      <x50>796</x50>
      <y50>887</y50>
      <x51>802</x51>
      <y51>900</y51>
      <x52>802</x52>
      <y52>904</y52>
      <x53>809</x53>
      <y53>928</y53>
      <x54>812</x54>
      <y54>948</y54>
      <x55>816</x55>
      <y55>956</y55>
      <x56>819</x56>
      <y56>970</y56>
      <x57>821</x57>
      <y57>974</y57>
      <x58>828</x58>
      <y58>975</y58>
      <x59>838</x59>
      <y59>970</y59>
      <x60>846</x60>
      <y60>968</y60>
      <x61>850</x61>
      <y61>963</y61>
      <x62>848</x62>
      <y62>960</y62>
      <x63>844</x63>
      <y63>958</y63>
      <x64>836</x64>
      <y64>959</y64>
      <x65>830</x65>
      <y65>951</y65>
      <x66>828</x66>
      <y66>917</y66>
      <x67>820</x67>
      <y67>863</y67>
      <x68>823</x68>
      <y68>857</y68>
      <x69>816</x69>
      <y69>831</y69>
      <x70>816</x70>
      <y70>822</y70>
      <x71>823</x71>
      <y71>818</y71>
      <x72>828</x72>
      <y72>813</y72>
      <x73>831</x73>
      <y73>807</y73>
      <x74>832</x74>
      <y74>795</y74>
      <x75>827</x75>
      <y75>766</y75>
      <x76>824</x76>
      <y76>762</y76>
      <x77>810</x77>
      <y77>756</y77>
      <x78>797</x78>
      <y78>746</y78>
      <x79>794</x79>
      <y79>739</y79>
      <x80>798</x80>
      <y80>730</y80>
      <x81>798</x81>
      <y81>718</y81>
      <x82>796</x82>
      <y82>709</y82>
      <x83>792</x83>
      <y83>703</y83>
      <x84>788</x84>
      <y84>701</y84>
    </polygon>
  </object>
  <object>
    <name>person</name>
    <bndbox>
      <xmin>363</xmin>
      <ymin>652</ymin>
      <xmax>484</xmax>
      <ymax>951</ymax>
    </bndbox>
    <polygon>
      <x1>393</x1>
      <y1>652</y1>
      <x2>386</x2>
      <y2>655</y2>
      <x3>380</x3>
      <y3>661</y3>
      <x4>379</x4>
      <y4>682</y4>
      <x5>382</x5>
      <y5>695</y5>
      <x6>378</x6>
      <y6>702</y6>
      <x7>365</x7>
      <y7>714</y7>
      <x8>363</x8>
      <y8>720</y8>
      <x9>364</x9>
      <y9>754</y9>
      <x10>365</x10>
      <y10>755</y10>
      <x11>366</x11>
      <y11>771</y11>
      <x12>369</x12>
      <y12>785</y12>
      <x13>377</x13>
      <y13>800</y13>
      <x14>377</x14>
      <y14>802</y14>
      <x15>380</x15>
      <y15>806</y15>
      <x16>382</x16>
      <y16>812</y16>
      <x17>386</x17>
      <y17>818</y17>
      <x18>388</x18>
      <y18>829</y18>
      <x19>398</x19>
      <y19>835</y19>
      <x20>402</x20>
      <y20>839</y20>
      <x21>408</x21>
      <y21>868</y21>
      <x22>408</x22>
      <y22>877</y22>
      <x23>407</x23>
      <y23>878</y23>
      <x24>408</x24>
      <y24>880</y24>
      <x25>408</x25>
      <y25>894</y25>
      <x26>412</x26>
      <y26>909</y26>
      <x27>421</x27>
      <y27>928</y27>
      <x28>428</x28>
      <y28>937</y28>
      <x29>442</x29>
      <y29>939</y29>
      <x30>445</x30>
      <y30>943</y30>
      <x31>446</x31>
      <y31>948</y31>
      <x32>452</x32>
      <y32>951</y32>
      <x33>470</x33>
      <y33>951</y33>
      <x34>471</x34>
      <y34>950</y34>
      <x35>481</x35>
      <y35>949</y35>
      <x36>484</x36>
      <y36>946</y36>
      <x37>480</x37>
      <y37>942</y37>
      <x38>466</x38>
      <y38>939</y38>
      <x39>459</x39>
      <y39>933</y39>
      <x40>450</x40>
      <y40>912</y40>
      <x41>445</x41>
      <y41>889</y41>
      <x42>445</x42>
      <y42>857</y42>
      <x43>444</x43>
      <y43>856</y43>
      <x44>444</x44>
      <y44>842</y44>
      <x45>443</x45>
      <y45>841</y45>
      <x46>443</x46>
      <y46>829</y46>
      <x47>445</x47>
      <y47>827</y47>
      <x48>445</x48>
      <y48>816</y48>
      <x49>443</x49>
      <y49>811</y49>
      <x50>439</x50>
      <y50>807</y50>
      <x51>435</x51>
      <y51>799</y51>
      <x52>435</x52>
      <y52>796</y52>
      <x53>427</x53>
      <y53>774</y53>
      <x54>424</x54>
      <y54>758</y54>
      <x55>424</x55>
      <y55>746</y55>
      <x56>423</x56>
      <y56>745</y56>
      <x57>423</x57>
      <y57>735</y57>
      <x58>421</x58>
      <y58>725</y58>
      <x59>407</x59>
      <y59>709</y59>
      <x60>407</x60>
      <y60>703</y60>
      <x61>411</x61>
      <y61>697</y61>
      <x62>416</x62>
      <y62>682</y62>
      <x63>414</x63>
      <y63>676</y63>
      <x64>414</x64>
      <y64>662</y64>
      <x65>410</x65>
      <y65>655</y65>
      <x66>406</x66>
      <y66>653</y66>
    </polygon>
  </object>
  <object>
    <name>person</name>
    <bndbox>
      <xmin>862</xmin>
      <ymin>689</ymin>
      <xmax>929</xmax>
      <ymax>968</ymax>
    </bndbox>
    <polygon>
      <x1>895</x1>
      <y1>689</y1>
      <x2>885</x2>
      <y2>689</y2>
      <x3>874</x3>
      <y3>695</y3>
      <x4>871</x4>
      <y4>700</y4>
      <x5>870</x5>
      <y5>727</y5>
      <x6>873</x6>
      <y6>733</y6>
      <x7>882</x7>
      <y7>736</y7>
      <x8>884</x8>
      <y8>739</y8>
      <x9>882</x9>
      <y9>742</y9>
      <x10>881</x10>
      <y10>748</y10>
      <x11>874</x11>
      <y11>760</y11>
      <x12>868</x12>
      <y12>777</y12>
      <x13>868</x13>
      <y13>790</y13>
      <x14>869</x14>
      <y14>791</y14>
      <x15>870</x15>
      <y15>802</y15>
      <x16>862</x16>
      <y16>835</y16>
      <x17>863</x17>
      <y17>840</y17>
      <x18>870</x18>
      <y18>844</y18>
      <x19>873</x19>
      <y19>872</y19>
      <x20>879</x20>
      <y20>894</y20>
      <x21>880</x21>
      <y21>905</y21>
      <x22>886</x22>
      <y22>933</y22>
      <x23>885</x23>
      <y23>944</y23>
      <x24>880</x24>
      <y24>948</y24>
      <x25>874</x25>
      <y25>949</y25>
      <x26>871</x26>
      <y26>953</y26>
      <x27>871</x27>
      <y27>956</y27>
      <x28>878</x28>
      <y28>958</y28>
      <x29>880</x29>
      <y29>961</y29>
      <x30>880</x30>
      <y30>966</y30>
      <x31>883</x31>
      <y31>968</y31>
      <x32>892</x32>
      <y32>967</y32>
      <x33>905</x33>
      <y33>962</y33>
      <x34>910</x34>
      <y34>953</y34>
      <x35>910</x35>
      <y35>939</y35>
      <x36>915</x36>
      <y36>925</y36>
      <x37>915</x37>
      <y37>916</y37>
      <x38>914</x38>
      <y38>915</y38>
      <x39>914</x39>
      <y39>901</y39>
      <x40>908</x40>
      <y40>887</y40>
      <x41>906</x41>
      <y41>879</y41>
      <x42>904</x42>
      <y42>853</y42>
      <x43>906</x43>
      <y43>845</y43>
      <x44>908</x44>
      <y44>843</y44>
      <x45>917</x45>
      <y45>841</y45>
      <x46>919</x46>
      <y46>838</y46>
      <x47>919</x47>
      <y47>828</y47>
      <x48>915</x48>
      <y48>824</y48>
      <x49>915</x49>
      <y49>821</y49>
      <x50>917</x50>
      <y50>815</y50>
      <x51>927</x51>
      <y51>805</y51>
      <x52>929</x52>
      <y52>800</y52>
      <x53>926</x53>
      <y53>780</y53>
      <x54>923</x54>
      <y54>775</y54>
      <x55>919</x55>
      <y55>759</y55>
      <x56>919</x56>
      <y56>753</y56>
      <x57>908</x57>
      <y57>730</y57>
      <x58>910</x58>
      <y58>727</y58>
      <x59>912</x59>
      <y59>716</y59>
      <x60>915</x60>
      <y60>710</y60>
      <x61>915</x61>
      <y61>702</y61>
      <x62>906</x62>
      <y62>693</y62>
    </polygon>
  </object>
  <object>
    <name>person</name>
    <bndbox>
      <xmin>463</xmin>
      <ymin>663</ymin>
      <xmax>564</xmax>
      <ymax>923</ymax>
    </bndbox>
    <polygon>
      <x1>493</x1>
      <y1>663</y1>
      <x2>483</x2>
      <y2>669</y2>
      <x3>479</x3>
      <y3>678</y3>
      <x4>479</x4>
      <y4>688</y4>
      <x5>484</x5>
      <y5>698</y5>
      <x6>484</x6>
      <y6>704</y6>
      <x7>481</x7>
      <y7>709</y7>
      <x8>468</x8>
      <y8>718</y8>
      <x9>463</x9>
      <y9>725</y9>
      <x10>463</x10>
      <y10>751</y10>
      <x11>464</x11>
      <y11>752</y11>
      <x12>465</x12>
      <y12>770</y12>
      <x13>471</x13>
      <y13>784</y13>
      <x14>480</x14>
      <y14>799</y14>
      <x15>480</x15>
      <y15>816</y15>
      <x16>484</x16>
      <y16>818</y16>
      <x17>492</x17>
      <y17>818</y17>
      <x18>494</x18>
      <y18>820</y18>
      <x19>496</x19>
      <y19>835</y19>
      <x20>499</x20>
      <y20>846</y20>
      <x21>502</x21>
      <y21>877</y21>
      <x22>508</x22>
      <y22>895</y22>
      <x23>517</x23>
      <y23>908</y23>
      <x24>520</x24>
      <y24>919</y24>
      <x25>522</x25>
      <y25>921</y25>
      <x26>540</x26>
      <y26>923</y26>
      <x27>550</x27>
      <y27>918</y27>
      <x28>561</x28>
      <y28>917</y28>
      <x29>564</x29>
      <y29>914</y29>
      <x30>560</x30>
      <y30>911</y30>
      <x31>550</x31>
      <y31>908</y31>
      <x32>546</x32>
      <y32>904</y32>
      <x33>544</x33>
      <y33>900</y33>
      <x34>542</x34>
      <y34>878</y34>
      <x35>541</x35>
      <y35>877</y35>
      <x36>541</x36>
      <y36>858</y36>
      <x37>539</x37>
      <y37>849</y37>
      <x38>539</x38>
      <y38>820</y38>
      <x39>538</x39>
      <y39>819</y39>
      <x40>537</x40>
      <y40>804</y40>
      <x41>535</x41>
      <y41>801</y41>
      <x42>533</x42>
      <y42>767</y42>
      <x43>531</x43>
      <y43>760</y43>
      <x44>528</x44>
      <y44>755</y44>
      <x45>526</x45>
      <y45>746</y45>
      <x46>524</x46>
      <y46>743</y46>
      <x47>523</x47>
      <y47>732</y47>
      <x48>519</x48>
      <y48>718</y48>
      <x49>510</x49>
      <y49>710</y49>
      <x50>513</x50>
      <y50>702</y50>
      <x51>513</x51>
      <y51>695</y51>
      <x52>514</x52>
      <y52>694</y52>
      <x53>513</x53>
      <y53>675</y53>
      <x54>511</x54>
      <y54>671</y54>
      <x55>503</x55>
      <y55>664</y55>
    </polygon>
  </object>
  <object>
    <name>person</name>
    <bndbox>
      <xmin>644</xmin>
      <ymin>678</ymin>
      <xmax>738</xmax>
      <ymax>959</ymax>
    </bndbox>
    <polygon>
      <x1>676</x1>
      <y1>678</y1>
      <x2>668</x2>
      <y2>681</y2>
      <x3>665</x3>
      <y3>684</y3>
      <x4>663</x4>
      <y4>690</y4>
      <x5>663</x5>
      <y5>699</y5>
      <x6>667</x6>
      <y6>707</y6>
      <x7>668</x7>
      <y7>716</y7>
      <x8>661</x8>
      <y8>724</y8>
      <x9>647</x9>
      <y9>735</y9>
      <x10>644</x10>
      <y10>745</y10>
      <x11>646</x11>
      <y11>758</y11>
      <x12>649</x12>
      <y12>763</y12>
      <x13>661</x13>
      <y13>799</y13>
      <x14>660</x14>
      <y14>827</y14>
      <x15>667</x15>
      <y15>833</y15>
      <x16>668</x16>
      <y16>836</y16>
      <x17>668</x17>
      <y17>872</y17>
      <x18>664</x18>
      <y18>885</y18>
      <x19>664</x19>
      <y19>902</y19>
      <x20>669</x20>
      <y20>923</y20>
      <x21>669</x21>
      <y21>928</y21>
      <x22>676</x22>
      <y22>940</y22>
      <x23>681</x23>
      <y23>945</y23>
      <x24>686</x24>
      <y24>941</y24>
      <x25>687</x25>
      <y25>924</y25>
      <x26>684</x26>
      <y26>913</y26>
      <x27>685</x27>
      <y27>903</y27>
      <x28>682</x28>
      <y28>899</y28>
      <x29>682</x29>
      <y29>893</y29>
      <x30>688</x30>
      <y30>889</y30>
      <x31>689</x31>
      <y31>890</y31>
      <x32>689</x32>
      <y32>909</y32>
      <x33>693</x33>
      <y33>938</y33>
      <x34>697</x34>
      <y34>946</y34>
      <x35>699</x35>
      <y35>958</y35>
      <x36>706</x36>
      <y36>959</y36>
      <x37>737</x37>
      <y37>955</y37>
      <x38>738</x38>
      <y38>954</y38>
      <x39>737</x39>
      <y39>951</y39>
      <x40>731</x40>
      <y40>951</y40>
      <x41>725</x41>
      <y41>947</y41>
      <x42>720</x42>
      <y42>946</y42>
      <x43>714</x43>
      <y43>941</y43>
      <x44>708</x44>
      <y44>921</y44>
      <x45>709</x45>
      <y45>902</y45>
      <x46>713</x46>
      <y46>884</y46>
      <x47>716</x47>
      <y47>859</y47>
      <x48>715</x48>
      <y48>847</y48>
      <x49>712</x49>
      <y49>842</y49>
      <x50>712</x50>
      <y50>830</y50>
      <x51>708</x51>
      <y51>817</y51>
      <x52>708</x52>
      <y52>808</y52>
      <x53>711</x53>
      <y53>805</y53>
      <x54>719</x54>
      <y54>803</y54>
      <x55>724</x55>
      <y55>799</y55>
      <x56>725</x56>
      <y56>786</y56>
      <x57>730</x57>
      <y57>773</y57>
      <x58>723</x58>
      <y58>764</y58>
      <x59>716</x59>
      <y59>761</y59>
      <x60>711</x60>
      <y60>763</y60>
      <x61>709</x61>
      <y61>761</y61>
      <x62>702</x62>
      <y62>743</y62>
      <x63>690</x63>
      <y63>731</y63>
      <x64>689</x64>
      <y64>725</y64>
      <x65>697</x65>
      <y65>722</y65>
      <x66>700</x66>
      <y66>719</y66>
      <x67>703</x67>
      <y67>712</y67>
      <x68>702</x68>
      <y68>695</y68>
      <x69>697</x69>
      <y69>683</y69>
      <x70>685</x70>
      <y70>679</y70>
    </polygon>
  </object>
</annotation>
