<?xml version="1.0" ?>
<annotation>
  <folder>VOC</folder>
  <filename>14-2.png</filename>
  <source>
    <database>roboflow.ai</database>
  </source>
  <size>
    <width>1792</width>
    <height>1024</height>
    <depth>3</depth>
  </size>
  <segmented>0</segmented>
  <object>
    <name>person</name>
    <bndbox>
      <xmin>1005</xmin>
      <ymin>201</ymin>
      <xmax>1526</xmax>
      <ymax>909</ymax>
    </bndbox>
    <polygon>
      <x1>1239</x1>
      <y1>201</y1>
      <x2>1238</x2>
      <y2>202</y2>
      <x3>1226</x3>
      <y3>203</y3>
      <x4>1221</x4>
      <y4>206</y4>
      <x5>1209</x5>
      <y5>209</y5>
      <x6>1200</x6>
      <y6>214</y6>
      <x7>1188</x7>
      <y7>215</y7>
      <x8>1179</x8>
      <y8>219</y8>
      <x9>1167</x9>
      <y9>222</y9>
      <x10>1140</x10>
      <y10>239</y10>
      <x11>1125</x11>
      <y11>252</y11>
      <x12>1111</x12>
      <y12>269</y12>
      <x13>1102</x13>
      <y13>285</y13>
      <x14>1098</x14>
      <y14>297</y14>
      <x15>1098</x15>
      <y15>300</y15>
      <x16>1096</x16>
      <y16>305</y16>
      <x17>1096</x17>
      <y17>310</y17>
      <x18>1095</x18>
      <y18>311</y18>
      <x19>1095</x19>
      <y19>333</y19>
      <x20>1096</x20>
      <y20>334</y20>
      <x21>1097</x21>
      <y21>345</y21>
      <x22>1100</x22>
      <y22>355</y22>
      <x23>1108</x23>
      <y23>370</y23>
      <x24>1112</x24>
      <y24>375</y24>
      <x25>1117</x25>
      <y25>378</y25>
      <x26>1124</x26>
      <y26>385</y26>
      <x27>1126</x27>
      <y27>385</y27>
      <x28>1136</x28>
      <y28>391</y28>
      <x29>1145</x29>
      <y29>390</y29>
      <x30>1152</x30>
      <y30>396</y30>
      <x31>1156</x31>
      <y31>405</y31>
      <x32>1156</x32>
      <y32>416</y32>
      <x33>1154</x33>
      <y33>423</y33>
      <x34>1154</x34>
      <y34>431</y34>
      <x35>1156</x35>
      <y35>435</y35>
      <x36>1169</x36>
      <y36>448</y36>
      <x37>1172</x37>
      <y37>455</y37>
      <x38>1185</x38>
      <y38>464</y38>
      <x39>1205</x39>
      <y39>486</y39>
      <x40>1214</x40>
      <y40>489</y40>
      <x41>1228</x41>
      <y41>490</y41>
      <x42>1230</x42>
      <y42>492</y42>
      <x43>1229</x43>
      <y43>501</y43>
      <x44>1227</x44>
      <y44>504</y44>
      <x45>1222</x45>
      <y45>521</y45>
      <x46>1215</x46>
      <y46>536</y46>
      <x47>1213</x47>
      <y47>543</y47>
      <x48>1201</x48>
      <y48>566</y48>
      <x49>1194</x49>
      <y49>572</y49>
      <x50>1187</x50>
      <y50>575</y50>
      <x51>1181</x51>
      <y51>581</y51>
      <x52>1178</x52>
      <y52>588</y52>
      <x53>1177</x53>
      <y53>598</y53>
      <x54>1173</x54>
      <y54>604</y54>
      <x55>1171</x55>
      <y55>610</y55>
      <x56>1167</x56>
      <y56>614</y56>
      <x57>1162</x57>
      <y57>617</y57>
      <x58>1151</x58>
      <y58>628</y58>
      <x59>1145</x59>
      <y59>632</y59>
      <x60>1139</x60>
      <y60>632</y60>
      <x61>1138</x61>
      <y61>631</y61>
      <x62>1137</x62>
      <y62>632</y62>
      <x63>1133</x63>
      <y63>632</y63>
      <x64>1124</x64>
      <y64>637</y64>
      <x65>1120</x65>
      <y65>637</y65>
      <x66>1114</x66>
      <y66>639</y66>
      <x67>1107</x67>
      <y67>644</y67>
      <x68>1094</x68>
      <y68>657</y68>
      <x69>1090</x69>
      <y69>663</y69>
      <x70>1090</x70>
      <y70>666</y70>
      <x71>1087</x71>
      <y71>674</y71>
      <x72>1087</x72>
      <y72>690</y72>
      <x73>1076</x73>
      <y73>711</y73>
      <x74>1067</x74>
      <y74>719</y74>
      <x75>1059</x75>
      <y75>724</y75>
      <x76>1049</x76>
      <y76>725</y76>
      <x77>1027</x77>
      <y77>732</y77>
      <x78>1015</x78>
      <y78>742</y78>
      <x79>1005</x79>
      <y79>754</y79>
      <x80>1006</x80>
      <y80>757</y80>
      <x81>1013</x81>
      <y81>759</y81>
      <x82>1027</x82>
      <y82>759</y82>
      <x83>1032</x83>
      <y83>757</y83>
      <x84>1039</x84>
      <y84>757</y84>
      <x85>1040</x85>
      <y85>756</y85>
      <x86>1041</x86>
      <y86>757</y86>
      <x87>1047</x87>
      <y87>757</y87>
      <x88>1050</x88>
      <y88>760</y88>
      <x89>1050</x89>
      <y89>768</y89>
      <x90>1044</x90>
      <y90>781</y90>
      <x91>1045</x91>
      <y91>783</y91>
      <x92>1048</x92>
      <y92>783</y92>
      <x93>1055</x93>
      <y93>781</y93>
      <x94>1062</x94>
      <y94>776</y94>
      <x95>1073</x95>
      <y95>771</y95>
      <x96>1076</x96>
      <y96>771</y96>
      <x97>1081</x97>
      <y97>769</y97>
      <x98>1085</x98>
      <y98>765</y98>
      <x99>1088</x99>
      <y99>760</y99>
      <x100>1091</x100>
      <y100>759</y100>
      <x101>1102</x101>
      <y101>760</y101>
      <x102>1103</x102>
      <y102>759</y102>
      <x103>1107</x103>
      <y103>759</y103>
      <x104>1113</x104>
      <y104>757</y104>
      <x105>1116</x105>
      <y105>755</y105>
      <x106>1124</x106>
      <y106>756</y106>
      <x107>1129</x107>
      <y107>753</y107>
      <x108>1134</x108>
      <y108>758</y108>
      <x109>1137</x109>
      <y109>765</y109>
      <x110>1140</x110>
      <y110>767</y110>
      <x111>1143</x111>
      <y111>767</y111>
      <x112>1152</x112>
      <y112>772</y112>
      <x113>1154</x113>
      <y113>775</y113>
      <x114>1168</x114>
      <y114>788</y114>
      <x115>1170</x115>
      <y115>794</y115>
      <x116>1168</x116>
      <y116>796</y116>
      <x117>1163</x117>
      <y117>798</y117>
      <x118>1145</x118>
      <y118>814</y118>
      <x119>1138</x119>
      <y119>815</y119>
      <x120>1129</x120>
      <y120>819</y120>
      <x121>1110</x121>
      <y121>833</y121>
      <x122>1109</x122>
      <y122>835</y122>
      <x123>1096</x123>
      <y123>847</y123>
      <x124>1095</x124>
      <y124>850</y124>
      <x125>1090</x125>
      <y125>856</y125>
      <x126>1089</x126>
      <y126>864</y126>
      <x127>1091</x127>
      <y127>869</y127>
      <x128>1094</x128>
      <y128>872</y128>
      <x129>1102</x129>
      <y129>875</y129>
      <x130>1114</x130>
      <y130>876</y130>
      <x131>1116</x131>
      <y131>877</y131>
      <x132>1124</x132>
      <y132>870</y132>
      <x133>1127</x133>
      <y133>869</y133>
      <x134>1137</x134>
      <y134>859</y134>
      <x135>1145</x135>
      <y135>856</y135>
      <x136>1152</x136>
      <y136>849</y136>
      <x137>1156</x137>
      <y137>847</y137>
      <x138>1169</x138>
      <y138>843</y138>
      <x139>1174</x139>
      <y139>843</y139>
      <x140>1175</x140>
      <y140>842</y140>
      <x141>1189</x141>
      <y141>842</y141>
      <x142>1199</x142>
      <y142>845</y142>
      <x143>1211</x143>
      <y143>845</y143>
      <x144>1217</x144>
      <y144>847</y144>
      <x145>1220</x145>
      <y145>851</y145>
      <x146>1219</x146>
      <y146>865</y146>
      <x147>1216</x147>
      <y147>870</y147>
      <x148>1216</x148>
      <y148>881</y148>
      <x149>1220</x149>
      <y149>894</y149>
      <x150>1223</x150>
      <y150>896</y150>
      <x151>1227</x151>
      <y151>901</y151>
      <x152>1239</x152>
      <y152>906</y152>
      <x153>1249</x153>
      <y153>907</y153>
      <x154>1250</x154>
      <y154>908</y154>
      <x155>1258</x155>
      <y155>908</y155>
      <x156>1259</x156>
      <y156>909</y156>
      <x157>1272</x157>
      <y157>909</y157>
      <x158>1278</x158>
      <y158>906</y158>
      <x159>1282</x159>
      <y159>906</y159>
      <x160>1289</x160>
      <y160>903</y160>
      <x161>1295</x161>
      <y161>902</y161>
      <x162>1300</x162>
      <y162>899</y162>
      <x163>1307</x163>
      <y163>898</y163>
      <x164>1318</x164>
      <y164>894</y164>
      <x165>1326</x165>
      <y165>896</y165>
      <x166>1332</x166>
      <y166>899</y166>
      <x167>1338</x167>
      <y167>896</y167>
      <x168>1340</x168>
      <y168>896</y168>
      <x169>1350</x169>
      <y169>889</y169>
      <x170>1358</x170>
      <y170>885</y170>
      <x171>1368</x171>
      <y171>882</y171>
      <x172>1378</x172>
      <y172>873</y172>
      <x173>1381</x173>
      <y173>872</y173>
      <x174>1388</x174>
      <y174>866</y174>
      <x175>1392</x175>
      <y175>864</y175>
      <x176>1406</x176>
      <y176>852</y176>
      <x177>1409</x177>
      <y177>851</y177>
      <x178>1414</x178>
      <y178>846</y178>
      <x179>1437</x179>
      <y179>834</y179>
      <x180>1455</x180>
      <y180>823</y180>
      <x181>1472</x181>
      <y181>806</y181>
      <x182>1475</x182>
      <y182>800</y182>
      <x183>1481</x183>
      <y183>794</y183>
      <x184>1490</x184>
      <y184>780</y184>
      <x185>1493</x185>
      <y185>777</y185>
      <x186>1498</x186>
      <y186>767</y186>
      <x187>1503</x187>
      <y187>752</y187>
      <x188>1503</x188>
      <y188>748</y188>
      <x189>1504</x189>
      <y189>747</y189>
      <x190>1504</x190>
      <y190>743</y190>
      <x191>1505</x191>
      <y191>742</y191>
      <x192>1506</x192>
      <y192>733</y192>
      <x193>1507</x193>
      <y193>732</y193>
      <x194>1507</x194>
      <y194>706</y194>
      <x195>1506</x195>
      <y195>703</y195>
      <x196>1512</x196>
      <y196>688</y196>
      <x197>1521</x197>
      <y197>674</y197>
      <x198>1525</x198>
      <y198>662</y198>
      <x199>1526</x199>
      <y199>649</y199>
      <x200>1525</x200>
      <y200>648</y200>
      <x201>1523</x201>
      <y201>636</y201>
      <x202>1515</x202>
      <y202>619</y202>
      <x203>1512</x203>
      <y203>616</y203>
      <x204>1509</x204>
      <y204>609</y204>
      <x205>1491</x205>
      <y205>586</y205>
      <x206>1487</x206>
      <y206>577</y206>
      <x207>1485</x207>
      <y207>575</y207>
      <x208>1478</x208>
      <y208>561</y208>
      <x209>1474</x209>
      <y209>556</y209>
      <x210>1472</x210>
      <y210>550</y210>
      <x211>1467</x211>
      <y211>543</y211>
      <x212>1463</x212>
      <y212>534</y212>
      <x213>1457</x213>
      <y213>528</y213>
      <x214>1455</x214>
      <y214>523</y214>
      <x215>1449</x215>
      <y215>516</y215>
      <x216>1440</x216>
      <y216>502</y216>
      <x217>1427</x217>
      <y217>490</y217>
      <x218>1416</x218>
      <y218>478</y218>
      <x219>1396</x219>
      <y219>460</y219>
      <x220>1385</x220>
      <y220>452</y220>
      <x221>1355</x221>
      <y221>423</y221>
      <x222>1355</x222>
      <y222>417</y222>
      <x223>1363</x223>
      <y223>393</y223>
      <x224>1372</x224>
      <y224>375</y224>
      <x225>1372</x225>
      <y225>372</y225>
      <x226>1374</x226>
      <y226>368</y226>
      <x227>1374</x227>
      <y227>365</y227>
      <x228>1376</x228>
      <y228>361</y228>
      <x229>1377</x229>
      <y229>353</y229>
      <x230>1378</x230>
      <y230>352</y230>
      <x231>1378</x231>
      <y231>344</y231>
      <x232>1379</x232>
      <y232>343</y232>
      <x233>1379</x233>
      <y233>318</y233>
      <x234>1378</x234>
      <y234>317</y234>
      <x235>1377</x235>
      <y235>299</y235>
      <x236>1376</x236>
      <y236>298</y236>
      <x237>1376</x237>
      <y237>295</y237>
      <x238>1372</x238>
      <y238>289</y238>
      <x239>1372</x239>
      <y239>284</y239>
      <x240>1364</x240>
      <y240>273</y240>
      <x241>1362</x241>
      <y241>268</y241>
      <x242>1352</x242>
      <y242>257</y242>
      <x243>1348</x243>
      <y243>251</y243>
      <x244>1337</x244>
      <y244>240</y244>
      <x245>1315</x245>
      <y245>224</y245>
      <x246>1305</x246>
      <y246>220</y246>
      <x247>1297</x247>
      <y247>214</y247>
      <x248>1287</x248>
      <y248>211</y248>
      <x249>1277</x249>
      <y249>210</y249>
      <x250>1255</x250>
      <y250>201</y250>
    </polygon>
  </object>
  <object>
    <name>person</name>
    <bndbox>
      <xmin>132</xmin>
      <ymin>266</ymin>
      <xmax>529</xmax>
      <ymax>974</ymax>
    </bndbox>
    <polygon>
      <x1>262</x1>
      <y1>267</y1>
      <x2>247</x2>
      <y2>270</y2>
      <x3>236</x3>
      <y3>275</y3>
      <x4>218</x4>
      <y4>287</y4>
      <x5>205</x5>
      <y5>298</y5>
      <x6>197</x6>
      <y6>307</y6>
      <x7>192</x7>
      <y7>316</y7>
      <x8>185</x8>
      <y8>323</y8>
      <x9>182</x9>
      <y9>331</y9>
      <x10>176</x10>
      <y10>337</y10>
      <x11>174</x11>
      <y11>343</y11>
      <x12>168</x12>
      <y12>353</y12>
      <x13>165</x13>
      <y13>364</y13>
      <x14>160</x14>
      <y14>372</y14>
      <x15>155</x15>
      <y15>392</y15>
      <x16>154</x16>
      <y16>403</y16>
      <x17>153</x17>
      <y17>404</y17>
      <x18>153</x18>
      <y18>413</y18>
      <x19>152</x19>
      <y19>414</y19>
      <x20>152</x20>
      <y20>444</y20>
      <x21>154</x21>
      <y21>451</y21>
      <x22>154</x22>
      <y22>458</y22>
      <x23>155</x23>
      <y23>459</y23>
      <x24>158</x24>
      <y24>483</y24>
      <x25>162</x25>
      <y25>491</y25>
      <x26>163</x26>
      <y26>499</y26>
      <x27>170</x27>
      <y27>517</y27>
      <x28>176</x28>
      <y28>526</y28>
      <x29>186</x29>
      <y29>537</y29>
      <x30>183</x30>
      <y30>543</y30>
      <x31>177</x31>
      <y31>549</y31>
      <x32>172</x32>
      <y32>557</y32>
      <x33>160</x33>
      <y33>584</y33>
      <x34>149</x34>
      <y34>627</y34>
      <x35>142</x35>
      <y35>683</y35>
      <x36>138</x36>
      <y36>695</y36>
      <x37>134</x37>
      <y37>702</y37>
      <x38>132</x38>
      <y38>710</y38>
      <x39>136</x39>
      <y39>724</y39>
      <x40>145</x40>
      <y40>746</y40>
      <x41>144</x41>
      <y41>759</y41>
      <x42>141</x42>
      <y42>770</y42>
      <x43>139</x43>
      <y43>773</y43>
      <x44>136</x44>
      <y44>789</y44>
      <x45>136</x45>
      <y45>797</y45>
      <x46>135</x46>
      <y46>798</y46>
      <x47>136</x47>
      <y47>835</y47>
      <x48>140</x48>
      <y48>843</y48>
      <x49>147</x49>
      <y49>866</y49>
      <x50>150</x50>
      <y50>871</y50>
      <x51>151</x51>
      <y51>877</y51>
      <x52>162</x52>
      <y52>902</y52>
      <x53>166</x53>
      <y53>926</y53>
      <x54>178</x54>
      <y54>942</y54>
      <x55>179</x55>
      <y55>948</y55>
      <x56>189</x56>
      <y56>956</y56>
      <x57>215</x57>
      <y57>966</y57>
      <x58>235</x58>
      <y58>966</y58>
      <x59>236</x59>
      <y59>965</y59>
      <x60>278</x60>
      <y60>966</y60>
      <x61>284</x61>
      <y61>964</y61>
      <x62>285</x62>
      <y62>965</y62>
      <x63>292</x63>
      <y63>965</y63>
      <x64>297</x64>
      <y64>967</y64>
      <x65>306</x65>
      <y65>967</y65>
      <x66>324</x66>
      <y66>971</y66>
      <x67>333</x67>
      <y67>971</y67>
      <x68>334</x68>
      <y68>972</y68>
      <x69>350</x69>
      <y69>973</y69>
      <x70>351</x70>
      <y70>974</y70>
      <x71>361</x71>
      <y71>974</y71>
      <x72>368</x72>
      <y72>970</y72>
      <x73>374</x73>
      <y73>957</y73>
      <x74>376</x74>
      <y74>955</y74>
      <x75>383</x75>
      <y75>953</y75>
      <x76>396</x76>
      <y76>954</y76>
      <x77>400</x77>
      <y77>952</y77>
      <x78>405</x78>
      <y78>946</y78>
      <x79>410</x79>
      <y79>933</y79>
      <x80>416</x80>
      <y80>927</y80>
      <x81>420</x81>
      <y81>928</y81>
      <x82>424</x82>
      <y82>927</y82>
      <x83>426</x83>
      <y83>925</y83>
      <x84>430</x84>
      <y84>915</y84>
      <x85>435</x85>
      <y85>910</y85>
      <x86>439</x86>
      <y86>908</y86>
      <x87>446</x87>
      <y87>907</y87>
      <x88>452</x88>
      <y88>904</y88>
      <x89>457</x89>
      <y89>904</y89>
      <x90>478</x90>
      <y90>899</y90>
      <x91>484</x91>
      <y91>899</y91>
      <x92>500</x92>
      <y92>895</y92>
      <x93>507</x93>
      <y93>892</y93>
      <x94>521</x94>
      <y94>890</y94>
      <x95>527</x95>
      <y95>886</y95>
      <x96>529</x96>
      <y96>876</y96>
      <x97>528</x97>
      <y97>875</y97>
      <x98>527</x98>
      <y98>865</y98>
      <x99>515</x99>
      <y99>844</y99>
      <x100>511</x100>
      <y100>840</y100>
      <x101>506</x101>
      <y101>832</y101>
      <x102>488</x102>
      <y102>817</y102>
      <x103>490</x103>
      <y103>801</y103>
      <x104>485</x104>
      <y104>788</y104>
      <x105>480</x105>
      <y105>783</y105>
      <x106>478</x106>
      <y106>778</y106>
      <x107>473</x107>
      <y107>772</y107>
      <x108>468</x108>
      <y108>770</y108>
      <x109>464</x109>
      <y109>770</y109>
      <x110>458</x110>
      <y110>774</y110>
      <x111>443</x111>
      <y111>777</y111>
      <x112>441</x112>
      <y112>779</y112>
      <x113>428</x113>
      <y113>785</y113>
      <x114>421</x114>
      <y114>792</y114>
      <x115>416</x115>
      <y115>795</y115>
      <x116>406</x116>
      <y116>786</y116>
      <x117>407</x117>
      <y117>785</y117>
      <x118>407</x118>
      <y118>780</y118>
      <x119>401</x119>
      <y119>765</y119>
      <x120>394</x120>
      <y120>759</y120>
      <x121>379</x121>
      <y121>758</y121>
      <x122>371</x122>
      <y122>760</y122>
      <x123>348</x123>
      <y123>775</y123>
      <x124>337</x124>
      <y124>772</y124>
      <x125>331</x125>
      <y125>765</y125>
      <x126>331</x126>
      <y126>741</y126>
      <x127>326</x127>
      <y127>720</y127>
      <x128>326</x128>
      <y128>715</y128>
      <x129>324</x129>
      <y129>710</y129>
      <x130>324</x130>
      <y130>701</y130>
      <x131>320</x131>
      <y131>682</y131>
      <x132>319</x132>
      <y132>666</y132>
      <x133>317</x133>
      <y133>658</y133>
      <x134>314</x134>
      <y134>654</y134>
      <x135>314</x135>
      <y135>647</y135>
      <x136>310</x136>
      <y136>640</y136>
      <x137>305</x137>
      <y137>623</y137>
      <x138>300</x138>
      <y138>613</y138>
      <x139>300</x139>
      <y139>610</y139>
      <x140>304</x140>
      <y140>604</y140>
      <x141>305</x141>
      <y141>597</y141>
      <x142>304</x142>
      <y142>596</y142>
      <x143>303</x143>
      <y143>585</y143>
      <x144>295</x144>
      <y144>565</y144>
      <x145>295</x145>
      <y145>556</y145>
      <x146>298</x146>
      <y146>550</y146>
      <x147>304</x147>
      <y147>544</y147>
      <x148>311</x148>
      <y148>540</y148>
      <x149>336</x149>
      <y149>541</y149>
      <x150>341</x150>
      <y150>539</y150>
      <x151>345</x151>
      <y151>539</y151>
      <x152>355</x152>
      <y152>529</y152>
      <x153>360</x153>
      <y153>507</y153>
      <x154>365</x154>
      <y154>499</y154>
      <x155>371</x155>
      <y155>493</y155>
      <x156>373</x156>
      <y156>484</y156>
      <x157>379</x157>
      <y157>475</y157>
      <x158>381</x158>
      <y158>469</y158>
      <x159>381</x159>
      <y159>464</y159>
      <x160>378</x160>
      <y160>455</y160>
      <x161>372</x161>
      <y161>445</y161>
      <x162>372</x162>
      <y162>442</y162>
      <x163>370</x163>
      <y163>438</y163>
      <x164>370</x164>
      <y164>425</y164>
      <x165>371</x165>
      <y165>422</y165>
      <x166>375</x166>
      <y166>418</y166>
      <x167>378</x167>
      <y167>417</y167>
      <x168>381</x168>
      <y168>414</y168>
      <x169>383</x169>
      <y169>414</y169>
      <x170>389</x170>
      <y170>409</y170>
      <x171>396</x171>
      <y171>399</y171>
      <x172>406</x172>
      <y172>388</y172>
      <x173>410</x173>
      <y173>376</y173>
      <x174>410</x174>
      <y174>369</y174>
      <x175>412</x175>
      <y175>363</y175>
      <x176>412</x176>
      <y176>351</y176>
      <x177>411</x177>
      <y177>350</y177>
      <x178>410</x178>
      <y178>339</y178>
      <x179>407</x179>
      <y179>335</y179>
      <x180>403</x180>
      <y180>325</y180>
      <x181>395</x181>
      <y181>315</y181>
      <x182>393</x182>
      <y182>309</y182>
      <x183>379</x183>
      <y183>295</y183>
      <x184>374</x184>
      <y184>292</y184>
      <x185>369</x185>
      <y185>291</y185>
      <x186>360</x186>
      <y186>284</y186>
      <x187>354</x187>
      <y187>284</y187>
      <x188>350</x188>
      <y188>282</y188>
      <x189>335</x189>
      <y189>280</y189>
      <x190>319</x190>
      <y190>275</y190>
      <x191>311</x191>
      <y191>274</y191>
      <x192>308</x192>
      <y192>272</y192>
      <x193>287</x193>
      <y193>266</y193>
    </polygon>
  </object>
  <object>
    <name>person</name>
    <bndbox>
      <xmin>720</xmin>
      <ymin>152</ymin>
      <xmax>1114</xmax>
      <ymax>706</ymax>
    </bndbox>
    <polygon>
      <x1>864</x1>
      <y1>152</y1>
      <x2>847</x2>
      <y2>158</y2>
      <x3>838</x3>
      <y3>160</y3>
      <x4>822</x4>
      <y4>169</y4>
      <x5>810</x5>
      <y5>181</y5>
      <x6>809</x6>
      <y6>184</y6>
      <x7>798</x7>
      <y7>196</y7>
      <x8>796</x8>
      <y8>201</y8>
      <x9>788</x9>
      <y9>212</y9>
      <x10>787</x10>
      <y10>219</y10>
      <x11>783</x11>
      <y11>228</y11>
      <x12>777</x12>
      <y12>234</y12>
      <x13>773</x13>
      <y13>242</y13>
      <x14>773</x14>
      <y14>253</y14>
      <x15>772</x15>
      <y15>254</y15>
      <x16>773</x16>
      <y16>255</y16>
      <x17>773</x17>
      <y17>265</y17>
      <x18>766</x18>
      <y18>278</y18>
      <x19>766</x19>
      <y19>281</y19>
      <x20>765</x20>
      <y20>282</y20>
      <x21>765</x21>
      <y21>298</y21>
      <x22>766</x22>
      <y22>299</y22>
      <x23>769</x23>
      <y23>314</y23>
      <x24>781</x24>
      <y24>332</y24>
      <x25>785</x25>
      <y25>340</y25>
      <x26>792</x26>
      <y26>347</y26>
      <x27>798</x27>
      <y27>349</y27>
      <x28>801</x28>
      <y28>352</y28>
      <x29>803</x29>
      <y29>352</y29>
      <x30>804</x30>
      <y30>350</y30>
      <x31>803</x31>
      <y31>332</y31>
      <x32>805</x32>
      <y32>326</y32>
      <x33>807</x33>
      <y33>325</y33>
      <x34>811</x34>
      <y34>335</y34>
      <x35>815</x35>
      <y35>338</y35>
      <x36>819</x36>
      <y36>348</y36>
      <x37>824</x37>
      <y37>353</y37>
      <x38>824</x38>
      <y38>358</y38>
      <x39>821</x39>
      <y39>365</y39>
      <x40>821</x40>
      <y40>368</y40>
      <x41>818</x41>
      <y41>377</y41>
      <x42>818</x42>
      <y42>381</y42>
      <x43>817</x43>
      <y43>382</y43>
      <x44>815</x44>
      <y44>404</y44>
      <x45>814</x45>
      <y45>405</y45>
      <x46>814</x46>
      <y46>411</y46>
      <x47>813</x47>
      <y47>412</y47>
      <x48>813</x48>
      <y48>420</y48>
      <x49>812</x49>
      <y49>421</y49>
      <x50>812</x50>
      <y50>430</y50>
      <x51>811</x51>
      <y51>431</y51>
      <x52>811</x52>
      <y52>437</y52>
      <x53>810</x53>
      <y53>438</y53>
      <x54>809</x54>
      <y54>446</y54>
      <x55>807</x55>
      <y55>449</y55>
      <x56>806</x56>
      <y56>454</y56>
      <x57>801</x57>
      <y57>461</y57>
      <x58>792</x58>
      <y58>479</y58>
      <x59>789</x59>
      <y59>489</y59>
      <x60>789</x60>
      <y60>497</y60>
      <x61>792</x61>
      <y61>503</y61>
      <x62>792</x62>
      <y62>509</y62>
      <x63>793</x63>
      <y63>510</y63>
      <x64>792</x64>
      <y64>518</y64>
      <x65>790</x65>
      <y65>522</y65>
      <x66>783</x66>
      <y66>528</y66>
      <x67>777</x67>
      <y67>541</y67>
      <x68>772</x68>
      <y68>547</y68>
      <x69>767</x69>
      <y69>547</y69>
      <x70>766</x70>
      <y70>548</y70>
      <x71>758</x71>
      <y71>549</y71>
      <x72>743</x72>
      <y72>557</y72>
      <x73>732</x73>
      <y73>567</y73>
      <x74>726</x74>
      <y74>575</y74>
      <x75>722</x75>
      <y75>584</y75>
      <x76>722</x76>
      <y76>587</y76>
      <x77>720</x77>
      <y77>592</y77>
      <x78>721</x78>
      <y78>606</y78>
      <x79>723</x79>
      <y79>612</y79>
      <x80>730</x80>
      <y80>621</y80>
      <x81>736</x81>
      <y81>627</y81>
      <x82>744</x82>
      <y82>632</y82>
      <x83>763</x83>
      <y83>648</y83>
      <x84>764</x84>
      <y84>653</y84>
      <x85>767</x85>
      <y85>658</y85>
      <x86>768</x86>
      <y86>666</y86>
      <x87>770</x87>
      <y87>670</y87>
      <x88>775</x88>
      <y88>674</y88>
      <x89>780</x89>
      <y89>680</y89>
      <x90>786</x90>
      <y90>680</y90>
      <x91>791</x91>
      <y91>677</y91>
      <x92>796</x92>
      <y92>677</y92>
      <x93>803</x93>
      <y93>683</y93>
      <x94>810</x94>
      <y94>683</y94>
      <x95>812</x95>
      <y95>681</y95>
      <x96>813</x96>
      <y96>676</y96>
      <x97>815</x97>
      <y97>674</y97>
      <x98>827</x98>
      <y98>674</y98>
      <x99>832</x99>
      <y99>672</y99>
      <x100>834</x100>
      <y100>669</y100>
      <x101>834</x101>
      <y101>660</y101>
      <x102>841</x102>
      <y102>647</y102>
      <x103>841</x103>
      <y103>644</y103>
      <x104>839</x104>
      <y104>639</y104>
      <x105>839</x105>
      <y105>634</y105>
      <x106>842</x106>
      <y106>626</y106>
      <x107>842</x107>
      <y107>619</y107>
      <x108>843</x108>
      <y108>617</y108>
      <x109>846</x109>
      <y109>615</y109>
      <x110>846</x110>
      <y110>613</y110>
      <x111>850</x111>
      <y111>606</y111>
      <x112>855</x112>
      <y112>601</y112>
      <x113>862</x113>
      <y113>584</y113>
      <x114>865</x114>
      <y114>581</y114>
      <x115>870</x115>
      <y115>583</y115>
      <x116>873</x116>
      <y116>587</y116>
      <x117>878</x117>
      <y117>589</y117>
      <x118>880</x118>
      <y118>591</y118>
      <x119>878</x119>
      <y119>599</y119>
      <x120>875</x120>
      <y120>603</y120>
      <x121>875</x121>
      <y121>606</y121>
      <x122>873</x122>
      <y122>609</y122>
      <x123>869</x123>
      <y123>612</y123>
      <x124>872</x124>
      <y124>616</y124>
      <x125>872</x125>
      <y125>620</y125>
      <x126>870</x126>
      <y126>622</y126>
      <x127>867</x127>
      <y127>622</y127>
      <x128>866</x128>
      <y128>623</y128>
      <x129>864</x129>
      <y129>629</y129>
      <x130>859</x130>
      <y130>637</y130>
      <x131>858</x131>
      <y131>644</y131>
      <x132>861</x132>
      <y132>648</y132>
      <x133>878</x133>
      <y133>653</y133>
      <x134>884</x134>
      <y134>657</y134>
      <x135>892</x135>
      <y135>659</y135>
      <x136>895</x136>
      <y136>662</y136>
      <x137>896</x137>
      <y137>667</y137>
      <x138>898</x138>
      <y138>670</y138>
      <x139>899</x139>
      <y139>677</y139>
      <x140>901</x140>
      <y140>681</y140>
      <x141>901</x141>
      <y141>683</y141>
      <x142>896</x142>
      <y142>689</y142>
      <x143>898</x143>
      <y143>697</y143>
      <x144>900</x144>
      <y144>698</y144>
      <x145>906</x145>
      <y145>695</y145>
      <x146>906</x146>
      <y146>693</y146>
      <x147>908</x147>
      <y147>691</y147>
      <x148>912</x148>
      <y148>691</y148>
      <x149>919</x149>
      <y149>696</y149>
      <x150>921</x150>
      <y150>699</y150>
      <x151>924</x151>
      <y151>699</y151>
      <x152>935</x152>
      <y152>703</y152>
      <x153>938</x153>
      <y153>703</y153>
      <x154>943</x154>
      <y154>705</y154>
      <x155>948</x155>
      <y155>705</y155>
      <x156>949</x156>
      <y156>706</y156>
      <x157>958</x157>
      <y157>706</y157>
      <x158>959</x158>
      <y158>705</y158>
      <x159>964</x159>
      <y159>705</y159>
      <x160>968</x160>
      <y160>703</y160>
      <x161>980</x161>
      <y161>703</y161>
      <x162>981</x162>
      <y162>702</y162>
      <x163>997</x163>
      <y163>703</y163>
      <x164>1008</x164>
      <y164>697</y164>
      <x165>1014</x165>
      <y165>695</y165>
      <x166>1018</x166>
      <y166>695</y166>
      <x167>1020</x167>
      <y167>693</y167>
      <x168>1031</x168>
      <y168>688</y168>
      <x169>1042</x169>
      <y169>679</y169>
      <x170>1047</x170>
      <y170>677</y170>
      <x171>1049</x171>
      <y171>675</y171>
      <x172>1051</x172>
      <y172>675</y172>
      <x173>1066</x173>
      <y173>668</y173>
      <x174>1080</x174>
      <y174>653</y174>
      <x175>1082</x175>
      <y175>647</y175>
      <x176>1087</x176>
      <y176>643</y176>
      <x177>1092</x177>
      <y177>634</y177>
      <x178>1092</x178>
      <y178>631</y178>
      <x179>1095</x179>
      <y179>625</y179>
      <x180>1095</x180>
      <y180>621</y180>
      <x181>1099</x181>
      <y181>611</y181>
      <x182>1100</x182>
      <y182>594</y182>
      <x183>1101</x183>
      <y183>593</y183>
      <x184>1101</x184>
      <y184>572</y184>
      <x185>1100</x185>
      <y185>571</y185>
      <x186>1101</x186>
      <y186>570</y186>
      <x187>1101</x187>
      <y187>565</y187>
      <x188>1108</x188>
      <y188>553</y188>
      <x189>1108</x189>
      <y189>551</y189>
      <x190>1114</x190>
      <y190>538</y190>
      <x191>1113</x191>
      <y191>525</y191>
      <x192>1101</x192>
      <y192>499</y192>
      <x193>1100</x193>
      <y193>485</y193>
      <x194>1095</x194>
      <y194>467</y194>
      <x195>1086</x195>
      <y195>449</y195>
      <x196>1084</x196>
      <y196>447</y196>
      <x197>1079</x197>
      <y197>435</y197>
      <x198>1075</x198>
      <y198>430</y198>
      <x199>1070</x199>
      <y199>419</y199>
      <x200>1068</x200>
      <y200>417</y200>
      <x201>1067</x201>
      <y201>413</y201>
      <x202>1051</x202>
      <y202>381</y202>
      <x203>1034</x203>
      <y203>358</y203>
      <x204>1023</x204>
      <y204>347</y204>
      <x205>1006</x205>
      <y205>334</y205>
      <x206>999</x206>
      <y206>332</y206>
      <x207>990</x207>
      <y207>325</y207>
      <x208>980</x208>
      <y208>321</y208>
      <x209>972</x209>
      <y209>312</y209>
      <x210>987</x210>
      <y210>303</y210>
      <x211>991</x211>
      <y211>298</y211>
      <x212>999</x212>
      <y212>291</y212>
      <x213>1005</x213>
      <y213>277</y213>
      <x214>1006</x214>
      <y214>253</y214>
      <x215>1002</x215>
      <y215>239</y215>
      <x216>998</x216>
      <y216>232</y216>
      <x217>993</x217>
      <y217>217</y217>
      <x218>981</x218>
      <y218>204</y218>
      <x219>975</x219>
      <y219>201</y219>
      <x220>971</x220>
      <y220>201</y220>
      <x221>961</x221>
      <y221>197</y221>
      <x222>956</x222>
      <y222>192</y222>
      <x223>953</x223>
      <y223>185</y223>
      <x224>940</x224>
      <y224>171</y224>
      <x225>934</x225>
      <y225>167</y225>
      <x226>923</x226>
      <y226>164</y226>
      <x227>919</x227>
      <y227>161</y227>
      <x228>912</x228>
      <y228>160</y228>
      <x229>910</x229>
      <y229>158</y229>
      <x230>907</x230>
      <y230>158</y230>
      <x231>903</x231>
      <y231>156</y231>
      <x232>890</x232>
      <y232>155</y232>
      <x233>881</x233>
      <y233>152</y233>
    </polygon>
  </object>
</annotation>
