<?xml version="1.0" ?>
<annotation>
  <folder>VOC</folder>
  <filename>145-1.png</filename>
  <source>
    <database>roboflow.ai</database>
  </source>
  <size>
    <width>1792</width>
    <height>1024</height>
    <depth>3</depth>
  </size>
  <segmented>0</segmented>
  <object>
    <name>person</name>
    <bndbox>
      <xmin>548</xmin>
      <ymin>729</ymin>
      <xmax>712</xmax>
      <ymax>1021</ymax>
    </bndbox>
    <polygon>
      <x1>585</x1>
      <y1>730</y1>
      <x2>571</x2>
      <y2>739</y2>
      <x3>567</x3>
      <y3>745</y3>
      <x4>566</x4>
      <y4>757</y4>
      <x5>571</x5>
      <y5>771</y5>
      <x6>574</x6>
      <y6>776</y6>
      <x7>574</x7>
      <y7>784</y7>
      <x8>571</x8>
      <y8>790</y8>
      <x9>571</x9>
      <y9>795</y9>
      <x10>560</x10>
      <y10>804</y10>
      <x11>550</x11>
      <y11>822</y11>
      <x12>548</x12>
      <y12>832</y12>
      <x13>548</x13>
      <y13>840</y13>
      <x14>551</x14>
      <y14>855</y14>
      <x15>559</x15>
      <y15>878</y15>
      <x16>561</x16>
      <y16>880</y16>
      <x17>564</x17>
      <y17>889</y17>
      <x18>569</x18>
      <y18>897</y18>
      <x19>576</x19>
      <y19>901</y19>
      <x20>585</x20>
      <y20>900</y20>
      <x21>588</x21>
      <y21>902</y21>
      <x22>590</x22>
      <y22>906</y22>
      <x23>593</x23>
      <y23>923</y23>
      <x24>602</x24>
      <y24>933</y24>
      <x25>604</x25>
      <y25>938</y25>
      <x26>609</x26>
      <y26>977</y26>
      <x27>613</x27>
      <y27>987</y27>
      <x28>618</x28>
      <y28>994</y28>
      <x29>623</x29>
      <y29>999</y29>
      <x30>637</x30>
      <y30>1009</y30>
      <x31>643</x31>
      <y31>1019</y31>
      <x32>648</x32>
      <y32>1021</y32>
      <x33>670</x33>
      <y33>1021</y33>
      <x34>675</x34>
      <y34>1018</y34>
      <x35>672</x35>
      <y35>1014</y35>
      <x36>665</x36>
      <y36>1013</y36>
      <x37>659</x37>
      <y37>1010</y37>
      <x38>653</x38>
      <y38>1009</y38>
      <x39>639</x39>
      <y39>993</y39>
      <x40>635</x40>
      <y40>977</y40>
      <x41>635</x41>
      <y41>969</y41>
      <x42>639</x42>
      <y42>962</y42>
      <x43>642</x43>
      <y43>965</y43>
      <x44>645</x44>
      <y44>972</y44>
      <x45>653</x45>
      <y45>983</y45>
      <x46>654</x46>
      <y46>990</y46>
      <x47>659</x47>
      <y47>998</y47>
      <x48>663</x48>
      <y48>1000</y48>
      <x49>678</x49>
      <y49>1001</y49>
      <x50>679</x50>
      <y50>1002</y50>
      <x51>687</x51>
      <y51>1002</y51>
      <x52>688</x52>
      <y52>1001</y52>
      <x53>690</x53>
      <y53>1002</y53>
      <x54>703</x54>
      <y54>1002</y54>
      <x55>711</x55>
      <y55>1000</y55>
      <x56>712</x56>
      <y56>996</y56>
      <x57>710</x57>
      <y57>994</y57>
      <x58>703</x58>
      <y58>992</y58>
      <x59>688</x59>
      <y59>992</y59>
      <x60>680</x60>
      <y60>990</y60>
      <x61>671</x61>
      <y61>981</y61>
      <x62>667</x62>
      <y62>972</y62>
      <x63>664</x63>
      <y63>957</y63>
      <x64>666</x64>
      <y64>923</y64>
      <x65>667</x65>
      <y65>922</y65>
      <x66>665</x66>
      <y66>913</y66>
      <x67>665</x67>
      <y67>905</y67>
      <x68>664</x68>
      <y68>904</y68>
      <x69>664</x69>
      <y69>899</y69>
      <x70>657</x70>
      <y70>888</y70>
      <x71>657</x71>
      <y71>883</y71>
      <x72>661</x72>
      <y72>879</y72>
      <x73>669</x73>
      <y73>877</y73>
      <x74>669</x74>
      <y74>872</y74>
      <x75>662</x75>
      <y75>869</y75>
      <x76>658</x76>
      <y76>869</y76>
      <x77>647</x77>
      <y77>865</y77>
      <x78>643</x78>
      <y78>865</y78>
      <x79>634</x79>
      <y79>861</y79>
      <x80>632</x80>
      <y80>858</y80>
      <x81>632</x81>
      <y81>851</y81>
      <x82>636</x82>
      <y82>843</y82>
      <x83>644</x83>
      <y83>838</y83>
      <x84>645</x84>
      <y84>833</y84>
      <x85>647</x85>
      <y85>831</y85>
      <x86>655</x86>
      <y86>830</y86>
      <x87>660</x87>
      <y87>826</y87>
      <x88>667</x88>
      <y88>825</y88>
      <x89>669</x89>
      <y89>823</y89>
      <x90>667</x90>
      <y90>814</y90>
      <x91>663</x91>
      <y91>812</y91>
      <x92>653</x92>
      <y92>812</y92>
      <x93>649</x93>
      <y93>814</y93>
      <x94>648</x94>
      <y94>816</y94>
      <x95>645</x95>
      <y95>814</y95>
      <x96>642</x96>
      <y96>807</y96>
      <x97>635</x97>
      <y97>797</y97>
      <x98>632</x98>
      <y98>789</y98>
      <x99>627</x99>
      <y99>784</y99>
      <x100>624</x100>
      <y100>776</y100>
      <x101>624</x101>
      <y101>764</y101>
      <x102>622</x102>
      <y102>760</y102>
      <x103>625</x103>
      <y103>756</y103>
      <x104>626</x104>
      <y104>750</y104>
      <x105>625</x105>
      <y105>749</y105>
      <x106>625</x106>
      <y106>744</y106>
      <x107>622</x107>
      <y107>740</y107>
      <x108>617</x108>
      <y108>736</y108>
      <x109>603</x109>
      <y109>730</y109>
      <x110>598</x110>
      <y110>729</y110>
    </polygon>
  </object>
  <object>
    <name>person</name>
    <bndbox>
      <xmin>686</xmin>
      <ymin>760</ymin>
      <xmax>829</xmax>
      <ymax>1023</ymax>
    </bndbox>
    <polygon>
      <x1>722</x1>
      <y1>761</y1>
      <x2>717</x2>
      <y2>764</y2>
      <x3>711</x3>
      <y3>773</y3>
      <x4>709</x4>
      <y4>782</y4>
      <x5>710</x5>
      <y5>783</y5>
      <x6>710</x6>
      <y6>789</y6>
      <x7>715</x7>
      <y7>801</y7>
      <x8>716</x8>
      <y8>809</y8>
      <x9>723</x9>
      <y9>823</y9>
      <x10>728</x10>
      <y10>828</y10>
      <x11>733</x11>
      <y11>837</y11>
      <x12>733</x12>
      <y12>844</y12>
      <x13>725</x13>
      <y13>859</y13>
      <x14>713</x14>
      <y14>869</y14>
      <x15>696</x15>
      <y15>879</y15>
      <x16>690</x16>
      <y16>888</y16>
      <x17>689</x17>
      <y17>903</y17>
      <x18>688</x18>
      <y18>904</y18>
      <x19>688</x19>
      <y19>916</y19>
      <x20>686</x20>
      <y20>925</y20>
      <x21>687</x21>
      <y21>942</y21>
      <x22>692</x22>
      <y22>948</y22>
      <x23>696</x23>
      <y23>950</y23>
      <x24>701</x24>
      <y24>951</y24>
      <x25>710</x25>
      <y25>950</y25>
      <x26>713</x26>
      <y26>954</y26>
      <x27>713</x27>
      <y27>960</y27>
      <x28>712</x28>
      <y28>961</y28>
      <x29>713</x29>
      <y29>970</y29>
      <x30>715</x30>
      <y30>975</y30>
      <x31>725</x31>
      <y31>983</y31>
      <x32>734</x32>
      <y32>999</y32>
      <x33>753</x33>
      <y33>1019</y33>
      <x34>762</x34>
      <y34>1023</y34>
      <x35>775</x35>
      <y35>1023</y35>
      <x36>778</x36>
      <y36>1020</y36>
      <x37>778</x37>
      <y37>1018</y37>
      <x38>772</x38>
      <y38>1010</y38>
      <x39>767</x39>
      <y39>999</y39>
      <x40>768</x40>
      <y40>989</y40>
      <x41>772</x41>
      <y41>986</y41>
      <x42>777</x42>
      <y42>986</y42>
      <x43>780</x43>
      <y43>988</y43>
      <x44>788</x44>
      <y44>1001</y44>
      <x45>792</x45>
      <y45>1012</y45>
      <x46>798</x46>
      <y46>1018</y46>
      <x47>809</x47>
      <y47>1023</y47>
      <x48>818</x48>
      <y48>1023</y48>
      <x49>820</x49>
      <y49>1021</y49>
      <x50>820</x50>
      <y50>1017</y50>
      <x51>818</x51>
      <y51>1014</y51>
      <x52>817</x52>
      <y52>1007</y52>
      <x53>814</x53>
      <y53>999</y53>
      <x54>808</x54>
      <y54>988</y54>
      <x55>805</x55>
      <y55>977</y55>
      <x56>812</x56>
      <y56>969</y56>
      <x57>816</x57>
      <y57>962</y57>
      <x58>817</x58>
      <y58>954</y58>
      <x59>803</x59>
      <y59>925</y59>
      <x60>802</x60>
      <y60>914</y60>
      <x61>807</x61>
      <y61>906</y61>
      <x62>809</x62>
      <y62>905</y62>
      <x63>820</x63>
      <y63>905</y63>
      <x64>823</x64>
      <y64>904</y64>
      <x65>826</x65>
      <y65>901</y65>
      <x66>827</x66>
      <y66>882</y66>
      <x67>829</x67>
      <y67>873</y67>
      <x68>827</x68>
      <y68>856</y68>
      <x69>819</x69>
      <y69>841</y69>
      <x70>815</x70>
      <y70>837</y70>
      <x71>806</x71>
      <y71>833</y71>
      <x72>782</x72>
      <y72>833</y72>
      <x73>771</x73>
      <y73>836</y73>
      <x74>763</x74>
      <y74>828</y74>
      <x75>759</x75>
      <y75>816</y75>
      <x76>762</x76>
      <y76>805</y76>
      <x77>765</x77>
      <y77>800</y77>
      <x78>760</x78>
      <y78>788</y78>
      <x79>759</x79>
      <y79>779</y79>
      <x80>757</x80>
      <y80>775</y80>
      <x81>748</x81>
      <y81>766</y81>
      <x82>743</x82>
      <y82>763</y82>
      <x83>732</x83>
      <y83>760</y83>
    </polygon>
  </object>
</annotation>
