<?xml version="1.0" ?>
<annotation>
  <folder>VOC</folder>
  <filename>146-1.png</filename>
  <source>
    <database>roboflow.ai</database>
  </source>
  <size>
    <width>1792</width>
    <height>1024</height>
    <depth>3</depth>
  </size>
  <segmented>0</segmented>
  <object>
    <name>person</name>
    <bndbox>
      <xmin>685</xmin>
      <ymin>952</ymin>
      <xmax>721</xmax>
      <ymax>1004</ymax>
    </bndbox>
    <polygon>
      <x1>695</x1>
      <y1>952</y1>
      <x2>691</x2>
      <y2>962</y2>
      <x3>685</x3>
      <y3>968</y3>
      <x4>685</x4>
      <y4>974</y4>
      <x5>693</x5>
      <y5>984</y5>
      <x6>697</x6>
      <y6>1000</y6>
      <x7>704</x7>
      <y7>1004</y7>
      <x8>706</x8>
      <y8>993</y8>
      <x9>708</x9>
      <y9>991</y9>
      <x10>716</x10>
      <y10>997</y10>
      <x11>721</x11>
      <y11>997</y11>
      <x12>720</x12>
      <y12>990</y12>
      <x13>717</x13>
      <y13>984</y13>
      <x14>716</x14>
      <y14>969</y14>
      <x15>712</x15>
      <y15>964</y15>
      <x16>706</x16>
      <y16>961</y16>
      <x17>700</x17>
      <y17>953</y17>
    </polygon>
  </object>
</annotation>
