<?xml version="1.0" ?>
<annotation>
  <folder>VOC</folder>
  <filename>15-1.png</filename>
  <source>
    <database>roboflow.ai</database>
  </source>
  <size>
    <width>1792</width>
    <height>1024</height>
    <depth>3</depth>
  </size>
  <segmented>0</segmented>
  <object>
    <name>person</name>
    <bndbox>
      <xmin>538</xmin>
      <ymin>254</ymin>
      <xmax>723</xmax>
      <ymax>555</ymax>
    </bndbox>
    <polygon>
      <x1>593</x1>
      <y1>259</y1>
      <x2>580</x2>
      <y2>272</y2>
      <x3>573</x3>
      <y3>288</y3>
      <x4>573</x4>
      <y4>300</y4>
      <x5>577</x5>
      <y5>316</y5>
      <x6>582</x6>
      <y6>322</y6>
      <x7>588</x7>
      <y7>326</y7>
      <x8>588</x8>
      <y8>330</y8>
      <x9>585</x9>
      <y9>333</y9>
      <x10>563</x10>
      <y10>334</y10>
      <x11>558</x11>
      <y11>331</y11>
      <x12>555</x12>
      <y12>331</y12>
      <x13>549</x13>
      <y13>334</y13>
      <x14>544</x14>
      <y14>340</y14>
      <x15>538</x15>
      <y15>361</y15>
      <x16>538</x16>
      <y16>394</y16>
      <x17>539</x17>
      <y17>398</y17>
      <x18>553</x18>
      <y18>425</y18>
      <x19>562</x19>
      <y19>433</y19>
      <x20>568</x20>
      <y20>436</y20>
      <x21>576</x21>
      <y21>438</y21>
      <x22>583</x22>
      <y22>437</y22>
      <x23>585</x23>
      <y23>441</y23>
      <x24>585</x24>
      <y24>456</y24>
      <x25>586</x25>
      <y25>457</y25>
      <x26>585</x26>
      <y26>461</y26>
      <x27>582</x27>
      <y27>465</y27>
      <x28>576</x28>
      <y28>467</y28>
      <x29>573</x29>
      <y29>471</y29>
      <x30>570</x30>
      <y30>481</y30>
      <x31>570</x31>
      <y31>489</y31>
      <x32>573</x32>
      <y32>499</y32>
      <x33>580</x33>
      <y33>510</y33>
      <x34>584</x34>
      <y34>519</y34>
      <x35>585</x35>
      <y35>527</y35>
      <x36>587</x36>
      <y36>532</y36>
      <x37>593</x37>
      <y37>540</y37>
      <x38>599</x38>
      <y38>541</y38>
      <x39>603</x39>
      <y39>538</y39>
      <x40>609</x40>
      <y40>529</y40>
      <x41>609</x41>
      <y41>523</y41>
      <x42>610</x42>
      <y42>522</y42>
      <x43>609</x43>
      <y43>514</y43>
      <x44>611</x44>
      <y44>509</y44>
      <x45>617</x45>
      <y45>501</y45>
      <x46>618</x46>
      <y46>488</y46>
      <x47>622</x47>
      <y47>479</y47>
      <x48>624</x48>
      <y48>469</y48>
      <x49>626</x49>
      <y49>465</y49>
      <x50>632</x50>
      <y50>460</y50>
      <x51>646</x51>
      <y51>464</y51>
      <x52>656</x52>
      <y52>475</y52>
      <x53>658</x53>
      <y53>481</y53>
      <x54>671</x54>
      <y54>500</y54>
      <x55>679</x55>
      <y55>520</y55>
      <x56>687</x56>
      <y56>531</y56>
      <x57>693</x57>
      <y57>537</y57>
      <x58>693</x58>
      <y58>541</y58>
      <x59>697</x59>
      <y59>548</y59>
      <x60>704</x60>
      <y60>555</y60>
      <x61>710</x61>
      <y61>552</y61>
      <x62>718</x62>
      <y62>541</y62>
      <x63>722</x63>
      <y63>528</y63>
      <x64>723</x64>
      <y64>501</y64>
      <x65>717</x65>
      <y65>486</y65>
      <x66>712</x66>
      <y66>480</y66>
      <x67>702</x67>
      <y67>478</y67>
      <x68>697</x68>
      <y68>474</y68>
      <x69>694</x69>
      <y69>461</y69>
      <x70>694</x70>
      <y70>450</y70>
      <x71>696</x71>
      <y71>448</y71>
      <x72>700</x72>
      <y72>450</y72>
      <x73>705</x73>
      <y73>449</y73>
      <x74>711</x74>
      <y74>443</y74>
      <x75>717</x75>
      <y75>432</y75>
      <x76>719</x76>
      <y76>425</y76>
      <x77>719</x77>
      <y77>408</y77>
      <x78>717</x78>
      <y78>402</y78>
      <x79>710</x79>
      <y79>392</y79>
      <x80>707</x80>
      <y80>379</y80>
      <x81>702</x81>
      <y81>368</y81>
      <x82>700</x82>
      <y82>360</y82>
      <x83>687</x83>
      <y83>339</y83>
      <x84>682</x84>
      <y84>336</y84>
      <x85>675</x85>
      <y85>334</y85>
      <x86>654</x86>
      <y86>334</y86>
      <x87>643</x87>
      <y87>327</y87>
      <x88>635</x88>
      <y88>319</y88>
      <x89>632</x89>
      <y89>312</y89>
      <x90>632</x90>
      <y90>307</y90>
      <x91>639</x91>
      <y91>284</y91>
      <x92>639</x92>
      <y92>278</y92>
      <x93>640</x93>
      <y93>277</y93>
      <x94>638</x94>
      <y94>268</y94>
      <x95>630</x95>
      <y95>259</y95>
      <x96>619</x96>
      <y96>254</y96>
      <x97>604</x97>
      <y97>254</y97>
    </polygon>
  </object>
  <object>
    <name>person</name>
    <bndbox>
      <xmin>748</xmin>
      <ymin>277</ymin>
      <xmax>943</xmax>
      <ymax>603</ymax>
    </bndbox>
    <polygon>
      <x1>821</x1>
      <y1>277</y1>
      <x2>813</x2>
      <y2>281</y2>
      <x3>810</x3>
      <y3>284</y3>
      <x4>810</x4>
      <y4>286</y4>
      <x5>804</x5>
      <y5>297</y5>
      <x6>801</x6>
      <y6>307</y6>
      <x7>801</x7>
      <y7>318</y7>
      <x8>805</x8>
      <y8>333</y8>
      <x9>811</x9>
      <y9>340</y9>
      <x10>814</x10>
      <y10>347</y10>
      <x11>811</x11>
      <y11>350</y11>
      <x12>803</x12>
      <y12>351</y12>
      <x13>796</x13>
      <y13>354</y13>
      <x14>780</x14>
      <y14>356</y14>
      <x15>769</x15>
      <y15>365</y15>
      <x16>759</x16>
      <y16>375</y16>
      <x17>756</x17>
      <y17>381</y17>
      <x18>754</x18>
      <y18>395</y18>
      <x19>749</x19>
      <y19>409</y19>
      <x20>749</x20>
      <y20>416</y20>
      <x21>748</x21>
      <y21>417</y21>
      <x22>749</x22>
      <y22>443</y22>
      <x23>753</x23>
      <y23>453</y23>
      <x24>757</x24>
      <y24>458</y24>
      <x25>758</x25>
      <y25>464</y25>
      <x26>761</x26>
      <y26>470</y26>
      <x27>769</x27>
      <y27>471</y27>
      <x28>772</x28>
      <y28>469</y28>
      <x29>781</x29>
      <y29>456</y29>
      <x30>780</x30>
      <y30>445</y30>
      <x31>784</x31>
      <y31>440</y31>
      <x32>785</x32>
      <y32>436</y32>
      <x33>788</x33>
      <y33>433</y33>
      <x34>791</x34>
      <y34>436</y34>
      <x35>790</x35>
      <y35>454</y35>
      <x36>789</x36>
      <y36>455</y36>
      <x37>790</x37>
      <y37>512</y37>
      <x38>791</x38>
      <y38>513</y38>
      <x39>790</x39>
      <y39>514</y39>
      <x40>789</x40>
      <y40>527</y40>
      <x41>787</x41>
      <y41>528</y41>
      <x42>782</x42>
      <y42>523</y42>
      <x43>772</x43>
      <y43>523</y43>
      <x44>767</x44>
      <y44>527</y44>
      <x45>763</x45>
      <y45>537</y45>
      <x46>763</x46>
      <y46>544</y46>
      <x47>765</x47>
      <y47>553</y47>
      <x48>772</x48>
      <y48>567</y48>
      <x49>781</x49>
      <y49>579</y49>
      <x50>783</x50>
      <y50>580</y50>
      <x51>790</x51>
      <y51>592</y51>
      <x52>795</x52>
      <y52>597</y52>
      <x53>800</x53>
      <y53>599</y53>
      <x54>807</x54>
      <y54>597</y54>
      <x55>814</x55>
      <y55>589</y55>
      <x56>816</x56>
      <y56>583</y56>
      <x57>817</x57>
      <y57>568</y57>
      <x58>823</x58>
      <y58>546</y58>
      <x59>823</x59>
      <y59>542</y59>
      <x60>828</x60>
      <y60>530</y60>
      <x61>835</x61>
      <y61>504</y61>
      <x62>841</x62>
      <y62>497</y62>
      <x63>846</x63>
      <y63>495</y63>
      <x64>851</x64>
      <y64>495</y64>
      <x65>859</x65>
      <y65>504</y65>
      <x66>859</x66>
      <y66>506</y66>
      <x67>871</x67>
      <y67>526</y67>
      <x68>879</x68>
      <y68>543</y68>
      <x69>884</x69>
      <y69>559</y69>
      <x70>888</x70>
      <y70>565</y70>
      <x71>889</x71>
      <y71>570</y71>
      <x72>904</x72>
      <y72>601</y72>
      <x73>912</x73>
      <y73>603</y73>
      <x74>918</x74>
      <y74>600</y74>
      <x75>925</x75>
      <y75>592</y75>
      <x76>931</x76>
      <y76>578</y76>
      <x77>936</x77>
      <y77>570</y77>
      <x78>937</x78>
      <y78>563</y78>
      <x79>940</x79>
      <y79>558</y79>
      <x80>943</x80>
      <y80>544</y80>
      <x81>943</x81>
      <y81>527</y81>
      <x82>940</x82>
      <y82>519</y82>
      <x83>937</x83>
      <y83>516</y83>
      <x84>928</x84>
      <y84>514</y84>
      <x85>925</x85>
      <y85>515</y85>
      <x86>919</x86>
      <y86>521</y86>
      <x87>916</x87>
      <y87>521</y87>
      <x88>913</x88>
      <y88>519</y88>
      <x89>909</x89>
      <y89>484</y89>
      <x90>908</x90>
      <y90>483</y90>
      <x91>908</x91>
      <y91>475</y91>
      <x92>904</x92>
      <y92>459</y92>
      <x93>905</x93>
      <y93>455</y93>
      <x94>907</x94>
      <y94>454</y94>
      <x95>919</x95>
      <y95>464</y95>
      <x96>925</x96>
      <y96>463</y96>
      <x97>928</x97>
      <y97>460</y97>
      <x98>929</x98>
      <y98>455</y98>
      <x99>933</x99>
      <y99>450</y99>
      <x100>938</x100>
      <y100>440</y100>
      <x101>938</x101>
      <y101>421</y101>
      <x102>933</x102>
      <y102>406</y102>
      <x103>933</x103>
      <y103>402</y103>
      <x104>930</x104>
      <y104>395</y104>
      <x105>928</x105>
      <y105>385</y105>
      <x106>923</x106>
      <y106>373</y106>
      <x107>917</x107>
      <y107>365</y107>
      <x108>899</x108>
      <y108>349</y108>
      <x109>898</x109>
      <y109>346</y109>
      <x110>894</x110>
      <y110>342</y110>
      <x111>891</x111>
      <y111>341</y111>
      <x112>879</x112>
      <y112>342</y112>
      <x113>869</x113>
      <y113>346</y113>
      <x114>864</x114>
      <y114>350</y114>
      <x115>858</x115>
      <y115>349</y115>
      <x116>856</x116>
      <y116>347</y116>
      <x117>857</x117>
      <y117>339</y117>
      <x118>859</x118>
      <y118>337</y118>
      <x119>864</x119>
      <y119>325</y119>
      <x120>862</x120>
      <y120>297</y120>
      <x121>856</x121>
      <y121>288</y121>
      <x122>845</x122>
      <y122>278</y122>
      <x123>842</x123>
      <y123>277</y123>
      <x124>839</x124>
      <y124>278</y124>
    </polygon>
  </object>
  <object>
    <name>person</name>
    <bndbox>
      <xmin>960</xmin>
      <ymin>293</ymin>
      <xmax>1199</xmax>
      <ymax>608</ymax>
    </bndbox>
    <polygon>
      <x1>1086</x1>
      <y1>293</y1>
      <x2>1075</x2>
      <y2>298</y2>
      <x3>1069</x3>
      <y3>304</y3>
      <x4>1065</x4>
      <y4>311</y4>
      <x5>1063</x5>
      <y5>320</y5>
      <x6>1059</x6>
      <y6>329</y6>
      <x7>1059</x7>
      <y7>334</y7>
      <x8>1066</x8>
      <y8>348</y8>
      <x9>1070</x9>
      <y9>361</y9>
      <x10>1066</x10>
      <y10>363</y10>
      <x11>1059</x11>
      <y11>364</y11>
      <x12>1055</x12>
      <y12>366</y12>
      <x13>1051</x13>
      <y13>366</y13>
      <x14>1047</x14>
      <y14>368</y14>
      <x15>1039</x15>
      <y15>368</y15>
      <x16>1034</x16>
      <y16>366</y16>
      <x17>1025</x17>
      <y17>367</y17>
      <x18>1016</x18>
      <y18>373</y18>
      <x19>1008</x19>
      <y19>382</y19>
      <x20>1002</x20>
      <y20>394</y20>
      <x21>991</x21>
      <y21>410</y21>
      <x22>984</x22>
      <y22>424</y22>
      <x23>981</x23>
      <y23>433</y23>
      <x24>974</x24>
      <y24>446</y24>
      <x25>974</x25>
      <y25>448</y25>
      <x26>961</x26>
      <y26>477</y26>
      <x27>960</x27>
      <y27>486</y27>
      <x28>961</x28>
      <y28>488</y28>
      <x29>975</x29>
      <y29>501</y29>
      <x30>978</x30>
      <y30>507</y30>
      <x31>981</x31>
      <y31>510</y31>
      <x32>986</x32>
      <y32>511</y32>
      <x33>989</x33>
      <y33>513</y33>
      <x34>988</x34>
      <y34>531</y34>
      <x35>987</x35>
      <y35>532</y35>
      <x36>987</x36>
      <y36>540</y36>
      <x37>986</x37>
      <y37>541</y37>
      <x38>987</x38>
      <y38>549</y38>
      <x39>990</x39>
      <y39>556</y39>
      <x40>1007</x40>
      <y40>580</y40>
      <x41>1010</x41>
      <y41>587</y41>
      <x42>1017</x42>
      <y42>597</y42>
      <x43>1019</x43>
      <y43>598</y43>
      <x44>1020</x44>
      <y44>597</y44>
      <x45>1024</x45>
      <y45>597</y45>
      <x46>1028</x46>
      <y46>592</y46>
      <x47>1028</x47>
      <y47>588</y47>
      <x48>1031</x48>
      <y48>583</y48>
      <x49>1040</x49>
      <y49>583</y49>
      <x50>1045</x50>
      <y50>580</y50>
      <x51>1048</x51>
      <y51>572</y51>
      <x52>1050</x52>
      <y52>556</y52>
      <x53>1053</x53>
      <y53>552</y53>
      <x54>1055</x54>
      <y54>553</y54>
      <x55>1061</x55>
      <y55>566</y55>
      <x56>1062</x56>
      <y56>565</y56>
      <x57>1065</x57>
      <y57>565</y57>
      <x58>1072</x58>
      <y58>548</y58>
      <x59>1074</x59>
      <y59>546</y59>
      <x60>1078</x60>
      <y60>545</y60>
      <x61>1080</x61>
      <y61>541</y61>
      <x62>1082</x62>
      <y62>543</y62>
      <x63>1080</x63>
      <y63>556</y63>
      <x64>1083</x64>
      <y64>562</y64>
      <x65>1090</x65>
      <y65>569</y65>
      <x66>1092</x66>
      <y66>573</y66>
      <x67>1094</x67>
      <y67>585</y67>
      <x68>1096</x68>
      <y68>587</y68>
      <x69>1102</x69>
      <y69>587</y69>
      <x70>1104</x70>
      <y70>586</y70>
      <x71>1117</x71>
      <y71>564</y71>
      <x72>1122</x72>
      <y72>576</y72>
      <x73>1122</x73>
      <y73>589</y73>
      <x74>1123</x74>
      <y74>590</y74>
      <x75>1125</x75>
      <y75>600</y75>
      <x76>1131</x76>
      <y76>608</y76>
      <x77>1138</x77>
      <y77>608</y77>
      <x78>1143</x78>
      <y78>604</y78>
      <x79>1146</x79>
      <y79>599</y79>
      <x80>1146</x80>
      <y80>596</y80>
      <x81>1150</x81>
      <y81>583</y81>
      <x82>1151</x82>
      <y82>555</y82>
      <x83>1149</x83>
      <y83>551</y83>
      <x84>1149</x84>
      <y84>548</y84>
      <x85>1151</x85>
      <y85>546</y85>
      <x86>1160</x86>
      <y86>547</y86>
      <x87>1161</x87>
      <y87>548</y87>
      <x88>1165</x88>
      <y88>548</y88>
      <x89>1167</x89>
      <y89>544</y89>
      <x90>1167</x90>
      <y90>524</y90>
      <x91>1168</x91>
      <y91>523</y91>
      <x92>1167</x92>
      <y92>521</y92>
      <x93>1167</x93>
      <y93>512</y93>
      <x94>1171</x94>
      <y94>508</y94>
      <x95>1183</x95>
      <y95>513</y95>
      <x96>1187</x96>
      <y96>512</y96>
      <x97>1190</x97>
      <y97>509</y97>
      <x98>1192</x98>
      <y98>505</y98>
      <x99>1194</x99>
      <y99>496</y99>
      <x100>1199</x100>
      <y100>485</y100>
      <x101>1198</x101>
      <y101>484</y101>
      <x102>1198</x102>
      <y102>477</y102>
      <x103>1197</x103>
      <y103>476</y103>
      <x104>1195</x104>
      <y104>465</y104>
      <x105>1192</x105>
      <y105>458</y105>
      <x106>1192</x106>
      <y106>454</y106>
      <x107>1189</x107>
      <y107>446</y107>
      <x108>1189</x108>
      <y108>443</y108>
      <x109>1187</x109>
      <y109>439</y109>
      <x110>1183</x110>
      <y110>419</y110>
      <x111>1173</x111>
      <y111>391</y111>
      <x112>1168</x112>
      <y112>382</y112>
      <x113>1160</x113>
      <y113>373</y113>
      <x114>1150</x114>
      <y114>368</y114>
      <x115>1144</x115>
      <y115>368</y115>
      <x116>1138</x116>
      <y116>365</y116>
      <x117>1131</x117>
      <y117>368</y117>
      <x118>1128</x118>
      <y118>368</y118>
      <x119>1124</x119>
      <y119>366</y119>
      <x120>1120</x120>
      <y120>366</y120>
      <x121>1115</x121>
      <y121>368</y121>
      <x122>1111</x122>
      <y122>364</y122>
      <x123>1111</x123>
      <y123>359</y123>
      <x124>1113</x124>
      <y124>357</y124>
      <x125>1113</x125>
      <y125>355</y125>
      <x126>1119</x126>
      <y126>344</y126>
      <x127>1119</x127>
      <y127>336</y127>
      <x128>1115</x128>
      <y128>323</y128>
      <x129>1115</x129>
      <y129>319</y129>
      <x130>1110</x130>
      <y130>308</y130>
      <x131>1102</x131>
      <y131>299</y131>
      <x132>1095</x132>
      <y132>295</y132>
    </polygon>
  </object>
  <object>
    <name>person</name>
    <bndbox>
      <xmin>1221</xmin>
      <ymin>250</ymin>
      <xmax>1472</xmax>
      <ymax>560</ymax>
    </bndbox>
    <polygon>
      <x1>1417</x1>
      <y1>252</y1>
      <x2>1409</x2>
      <y2>250</y2>
      <x3>1395</x3>
      <y3>250</y3>
      <x4>1385</x4>
      <y4>256</y4>
      <x5>1380</x5>
      <y5>262</y5>
      <x6>1374</x6>
      <y6>277</y6>
      <x7>1375</x7>
      <y7>289</y7>
      <x8>1378</x8>
      <y8>296</y8>
      <x9>1378</x9>
      <y9>312</y9>
      <x10>1373</x10>
      <y10>318</y10>
      <x11>1360</x11>
      <y11>319</y11>
      <x12>1346</x12>
      <y12>314</y12>
      <x13>1332</x13>
      <y13>314</y13>
      <x14>1323</x14>
      <y14>318</y14>
      <x15>1316</x15>
      <y15>324</y15>
      <x16>1312</x16>
      <y16>333</y16>
      <x17>1310</x17>
      <y17>345</y17>
      <x18>1305</x18>
      <y18>353</y18>
      <x19>1293</x19>
      <y19>361</y19>
      <x20>1286</x20>
      <y20>364</y20>
      <x21>1280</x21>
      <y21>369</y21>
      <x22>1256</x22>
      <y22>384</y22>
      <x23>1253</x23>
      <y23>391</y23>
      <x24>1253</x24>
      <y24>397</y24>
      <x25>1256</x25>
      <y25>404</y25>
      <x26>1262</x26>
      <y26>411</y26>
      <x27>1268</x27>
      <y27>410</y27>
      <x28>1270</x28>
      <y28>405</y28>
      <x29>1276</x29>
      <y29>400</y29>
      <x30>1288</x30>
      <y30>398</y30>
      <x31>1293</x31>
      <y31>395</y31>
      <x32>1303</x32>
      <y32>392</y32>
      <x33>1306</x33>
      <y33>392</y33>
      <x34>1308</x34>
      <y34>395</y34>
      <x35>1301</x35>
      <y35>406</y35>
      <x36>1299</x36>
      <y36>413</y36>
      <x37>1295</x37>
      <y37>420</y37>
      <x38>1284</x38>
      <y38>465</y38>
      <x39>1269</x39>
      <y39>486</y39>
      <x40>1265</x40>
      <y40>496</y40>
      <x41>1262</x41>
      <y41>499</y41>
      <x42>1257</x42>
      <y42>500</y42>
      <x43>1241</x43>
      <y43>483</y43>
      <x44>1234</x44>
      <y44>482</y44>
      <x45>1230</x45>
      <y45>484</y45>
      <x46>1226</x46>
      <y46>488</y46>
      <x47>1221</x47>
      <y47>499</y47>
      <x48>1226</x48>
      <y48>517</y48>
      <x49>1237</x49>
      <y49>532</y49>
      <x50>1241</x50>
      <y50>541</y50>
      <x51>1255</x51>
      <y51>556</y51>
      <x52>1259</x52>
      <y52>554</y52>
      <x53>1267</x53>
      <y53>546</y53>
      <x54>1274</x54>
      <y54>528</y54>
      <x55>1284</x55>
      <y55>523</y55>
      <x56>1294</x56>
      <y56>514</y56>
      <x57>1299</x57>
      <y57>504</y57>
      <x58>1303</x58>
      <y58>490</y58>
      <x59>1309</x59>
      <y59>481</y59>
      <x60>1340</x60>
      <y60>450</y60>
      <x61>1347</x61>
      <y61>449</y61>
      <x62>1350</x62>
      <y62>452</y62>
      <x63>1351</x63>
      <y63>457</y63>
      <x64>1351</x64>
      <y64>489</y64>
      <x65>1350</x65>
      <y65>490</y65>
      <x66>1347</x66>
      <y66>511</y66>
      <x67>1345</x67>
      <y67>516</y67>
      <x68>1334</x68>
      <y68>528</y68>
      <x69>1337</x69>
      <y69>540</y69>
      <x70>1337</x70>
      <y70>548</y70>
      <x71>1340</x71>
      <y71>555</y71>
      <x72>1343</x72>
      <y72>559</y72>
      <x73>1348</x73>
      <y73>560</y73>
      <x74>1354</x74>
      <y74>554</y74>
      <x75>1357</x75>
      <y75>547</y75>
      <x76>1359</x76>
      <y76>537</y76>
      <x77>1362</x77>
      <y77>532</y77>
      <x78>1367</x78>
      <y78>527</y78>
      <x79>1374</x79>
      <y79>523</y79>
      <x80>1377</x80>
      <y80>525</y80>
      <x81>1381</x81>
      <y81>534</y81>
      <x82>1390</x82>
      <y82>534</y82>
      <x83>1397</x83>
      <y83>531</y83>
      <x84>1406</x84>
      <y84>525</y84>
      <x85>1412</x85>
      <y85>519</y85>
      <x86>1414</x86>
      <y86>514</y86>
      <x87>1412</x87>
      <y87>444</y87>
      <x88>1411</x88>
      <y88>443</y88>
      <x89>1411</x89>
      <y89>428</y89>
      <x90>1409</x90>
      <y90>423</y90>
      <x91>1409</x91>
      <y91>408</y91>
      <x92>1411</x92>
      <y92>404</y92>
      <x93>1415</x93>
      <y93>401</y93>
      <x94>1423</x94>
      <y94>399</y94>
      <x95>1436</x95>
      <y95>392</y95>
      <x96>1438</x96>
      <y96>392</y96>
      <x97>1442</x97>
      <y97>397</y97>
      <x98>1444</x98>
      <y98>405</y98>
      <x99>1432</x99>
      <y99>417</y99>
      <x100>1434</x100>
      <y100>423</y100>
      <x101>1434</x101>
      <y101>430</y101>
      <x102>1431</x102>
      <y102>434</y102>
      <x103>1431</x103>
      <y103>438</y103>
      <x104>1435</x104>
      <y104>441</y104>
      <x105>1446</x105>
      <y105>442</y105>
      <x106>1450</x106>
      <y106>440</y106>
      <x107>1469</x107>
      <y107>423</y107>
      <x108>1472</x108>
      <y108>415</y108>
      <x109>1469</x109>
      <y109>400</y109>
      <x110>1466</x110>
      <y110>392</y110>
      <x111>1466</x111>
      <y111>371</y111>
      <x112>1464</x112>
      <y112>361</y112>
      <x113>1460</x113>
      <y113>350</y113>
      <x114>1457</x114>
      <y114>345</y114>
      <x115>1444</x115>
      <y115>333</y115>
      <x116>1441</x116>
      <y116>332</y116>
      <x117>1424</x117>
      <y117>332</y117>
      <x118>1418</x118>
      <y118>329</y118>
      <x119>1416</x119>
      <y119>326</y119>
      <x120>1416</x120>
      <y120>317</y120>
      <x121>1419</x121>
      <y121>311</y121>
      <x122>1428</x122>
      <y122>301</y122>
      <x123>1432</x123>
      <y123>289</y123>
      <x124>1432</x124>
      <y124>278</y124>
      <x125>1429</x125>
      <y125>267</y125>
      <x126>1425</x126>
      <y126>260</y126>
    </polygon>
  </object>
</annotation>
