<?xml version="1.0" ?>
<annotation>
  <folder>VOC</folder>
  <filename>15-2.png</filename>
  <source>
    <database>roboflow.ai</database>
  </source>
  <size>
    <width>1792</width>
    <height>1024</height>
    <depth>3</depth>
  </size>
  <segmented>0</segmented>
  <object>
    <name>person</name>
    <bndbox>
      <xmin>681</xmin>
      <ymin>462</ymin>
      <xmax>862</xmax>
      <ymax>954</ymax>
    </bndbox>
    <polygon>
      <x1>769</x1>
      <y1>462</y1>
      <x2>761</x2>
      <y2>464</y2>
      <x3>754</x3>
      <y3>468</y3>
      <x4>747</x4>
      <y4>475</y4>
      <x5>744</x5>
      <y5>480</y5>
      <x6>742</x6>
      <y6>508</y6>
      <x7>748</x7>
      <y7>519</y7>
      <x8>750</x8>
      <y8>526</y8>
      <x9>751</x9>
      <y9>537</y9>
      <x10>749</x10>
      <y10>542</y10>
      <x11>743</x11>
      <y11>547</y11>
      <x12>716</x12>
      <y12>561</y12>
      <x13>706</x13>
      <y13>562</y13>
      <x14>696</x14>
      <y14>566</y14>
      <x15>692</x15>
      <y15>570</y15>
      <x16>686</x16>
      <y16>581</y16>
      <x17>684</x17>
      <y17>597</y17>
      <x18>683</x18>
      <y18>598</y18>
      <x19>682</x19>
      <y19>615</y19>
      <x20>681</x20>
      <y20>616</y20>
      <x21>681</x21>
      <y21>636</y21>
      <x22>683</x22>
      <y22>646</y22>
      <x23>683</x23>
      <y23>679</y23>
      <x24>688</x24>
      <y24>694</y24>
      <x25>699</x25>
      <y25>716</y25>
      <x26>704</x26>
      <y26>732</y26>
      <x27>704</x27>
      <y27>738</y27>
      <x28>706</x28>
      <y28>741</y28>
      <x29>707</x29>
      <y29>746</y29>
      <x30>710</x30>
      <y30>752</y30>
      <x31>715</x31>
      <y31>758</y31>
      <x32>722</x32>
      <y32>761</y32>
      <x33>724</x33>
      <y33>764</y33>
      <x34>727</x34>
      <y34>782</y34>
      <x35>737</x35>
      <y35>813</y35>
      <x36>738</x36>
      <y36>840</y36>
      <x37>737</x37>
      <y37>841</y37>
      <x38>736</x38>
      <y38>852</y38>
      <x39>733</x39>
      <y39>861</y39>
      <x40>733</x40>
      <y40>877</y40>
      <x41>749</x41>
      <y41>917</y41>
      <x42>749</x42>
      <y42>923</y42>
      <x43>743</x43>
      <y43>929</y43>
      <x44>741</x44>
      <y44>933</y44>
      <x45>744</x45>
      <y45>941</y45>
      <x46>746</x46>
      <y46>944</y46>
      <x47>753</x47>
      <y47>949</y47>
      <x48>766</x48>
      <y48>950</y48>
      <x49>767</x49>
      <y49>948</y49>
      <x50>765</x50>
      <y50>928</y50>
      <x51>762</x51>
      <y51>918</y51>
      <x52>762</x52>
      <y52>894</y52>
      <x53>765</x53>
      <y53>884</y53>
      <x54>765</x54>
      <y54>849</y54>
      <x55>770</x55>
      <y55>827</y55>
      <x56>771</x56>
      <y56>779</y56>
      <x57>774</x57>
      <y57>763</y57>
      <x58>779</x58>
      <y58>756</y58>
      <x59>782</x59>
      <y59>760</y59>
      <x60>782</x60>
      <y60>765</y60>
      <x61>789</x61>
      <y61>792</y61>
      <x62>791</x62>
      <y62>821</y62>
      <x63>799</x63>
      <y63>855</y63>
      <x64>799</x64>
      <y64>880</y64>
      <x65>812</x65>
      <y65>909</y65>
      <x66>814</x66>
      <y66>921</y66>
      <x67>816</x67>
      <y67>926</y67>
      <x68>816</x68>
      <y68>938</y68>
      <x69>818</x69>
      <y69>948</y69>
      <x70>821</x70>
      <y70>952</y70>
      <x71>829</x71>
      <y71>954</y71>
      <x72>836</x72>
      <y72>950</y72>
      <x73>844</x73>
      <y73>949</y73>
      <x74>851</x74>
      <y74>938</y74>
      <x75>851</x75>
      <y75>933</y75>
      <x76>849</x76>
      <y76>930</y76>
      <x77>843</x77>
      <y77>927</y77>
      <x78>838</x78>
      <y78>928</y78>
      <x79>832</x79>
      <y79>927</y79>
      <x80>829</x80>
      <y80>925</y80>
      <x81>828</x81>
      <y81>922</y81>
      <x82>828</x82>
      <y82>913</y82>
      <x83>835</x83>
      <y83>886</y83>
      <x84>835</x84>
      <y84>869</y84>
      <x85>828</x85>
      <y85>853</y85>
      <x86>827</x86>
      <y86>829</y86>
      <x87>826</x87>
      <y87>828</y87>
      <x88>827</x88>
      <y88>808</y88>
      <x89>833</x89>
      <y89>786</y89>
      <x90>833</x90>
      <y90>782</y90>
      <x91>837</x91>
      <y91>775</y91>
      <x92>839</x92>
      <y92>778</y92>
      <x93>842</x93>
      <y93>779</y93>
      <x94>851</x94>
      <y94>772</y94>
      <x95>858</x95>
      <y95>760</y95>
      <x96>860</x96>
      <y96>741</y96>
      <x97>861</x97>
      <y97>740</y97>
      <x98>862</x98>
      <y98>692</y98>
      <x99>853</x99>
      <y99>672</y99>
      <x100>853</x100>
      <y100>668</y100>
      <x101>849</x101>
      <y101>660</y101>
      <x102>847</x102>
      <y102>631</y102>
      <x103>844</x103>
      <y103>616</y103>
      <x104>845</x104>
      <y104>603</y104>
      <x105>841</x105>
      <y105>585</y105>
      <x106>833</x106>
      <y106>576</y106>
      <x107>828</x107>
      <y107>573</y107>
      <x108>825</x108>
      <y108>573</y108>
      <x109>814</x109>
      <y109>569</y109>
      <x110>808</x110>
      <y110>569</y110>
      <x111>804</x111>
      <y111>567</y111>
      <x112>792</x112>
      <y112>556</y112>
      <x113>781</x113>
      <y113>548</y113>
      <x114>781</x114>
      <y114>540</y114>
      <x115>783</x115>
      <y115>536</y115>
      <x116>784</x116>
      <y116>529</y116>
      <x117>795</x117>
      <y117>506</y117>
      <x118>795</x118>
      <y118>501</y118>
      <x119>797</x119>
      <y119>497</y119>
      <x120>797</x120>
      <y120>482</y120>
      <x121>792</x121>
      <y121>471</y121>
      <x122>787</x122>
      <y122>466</y122>
      <x123>780</x123>
      <y123>463</y123>
    </polygon>
  </object>
  <object>
    <name>person</name>
    <bndbox>
      <xmin>508</xmin>
      <ymin>458</ymin>
      <xmax>701</xmax>
      <ymax>942</ymax>
    </bndbox>
    <polygon>
      <x1>582</x1>
      <y1>458</y1>
      <x2>572</x2>
      <y2>462</y2>
      <x3>563</x3>
      <y3>471</y3>
      <x4>558</x4>
      <y4>480</y4>
      <x5>556</x5>
      <y5>487</y5>
      <x6>560</x6>
      <y6>506</y6>
      <x7>566</x7>
      <y7>521</y7>
      <x8>567</x8>
      <y8>532</y8>
      <x9>564</x9>
      <y9>536</y9>
      <x10>556</x10>
      <y10>539</y10>
      <x11>550</x11>
      <y11>544</y11>
      <x12>533</x12>
      <y12>552</y12>
      <x13>527</x13>
      <y13>553</y13>
      <x14>519</x14>
      <y14>558</y14>
      <x15>516</x15>
      <y15>562</y15>
      <x16>513</x16>
      <y16>570</y16>
      <x17>512</x17>
      <y17>584</y17>
      <x18>511</x18>
      <y18>585</y18>
      <x19>511</x19>
      <y19>597</y19>
      <x20>508</x20>
      <y20>606</y20>
      <x21>508</x21>
      <y21>614</y21>
      <x22>510</x22>
      <y22>623</y22>
      <x23>510</x23>
      <y23>641</y23>
      <x24>514</x24>
      <y24>654</y24>
      <x25>522</x25>
      <y25>670</y25>
      <x26>541</x26>
      <y26>695</y26>
      <x27>545</x27>
      <y27>704</y27>
      <x28>547</x28>
      <y28>713</y28>
      <x29>552</x29>
      <y29>722</y29>
      <x30>553</x30>
      <y30>758</y30>
      <x31>561</x31>
      <y31>798</y31>
      <x32>557</x32>
      <y32>816</y32>
      <x33>551</x33>
      <y33>834</y33>
      <x34>551</x34>
      <y34>843</y34>
      <x35>550</x35>
      <y35>844</y35>
      <x36>551</x36>
      <y36>845</y36>
      <x37>551</x37>
      <y37>853</y37>
      <x38>554</x38>
      <y38>857</y38>
      <x39>555</x39>
      <y39>864</y39>
      <x40>559</x40>
      <y40>869</y40>
      <x41>561</x41>
      <y41>878</y41>
      <x42>566</x42>
      <y42>888</y42>
      <x43>566</x43>
      <y43>891</y43>
      <x44>570</x44>
      <y44>901</y44>
      <x45>570</x45>
      <y45>907</y45>
      <x46>572</x46>
      <y46>915</y46>
      <x47>576</x47>
      <y47>923</y47>
      <x48>586</x48>
      <y48>924</y48>
      <x49>608</x49>
      <y49>907</y49>
      <x50>608</x50>
      <y50>902</y50>
      <x51>604</x51>
      <y51>897</y51>
      <x52>597</x52>
      <y52>895</y52>
      <x53>590</x53>
      <y53>895</y53>
      <x54>586</x54>
      <y54>890</y54>
      <x55>584</x55>
      <y55>885</y55>
      <x56>584</x56>
      <y56>876</y56>
      <x57>586</x57>
      <y57>866</y57>
      <x58>585</x58>
      <y58>826</y58>
      <x59>592</x59>
      <y59>795</y59>
      <x60>592</x60>
      <y60>788</y60>
      <x61>596</x61>
      <y61>769</y61>
      <x62>598</x62>
      <y62>753</y62>
      <x63>604</x63>
      <y63>746</y63>
      <x64>606</x64>
      <y64>753</y64>
      <x65>605</x65>
      <y65>754</y65>
      <x66>605</x66>
      <y66>760</y66>
      <x67>606</x67>
      <y67>761</y67>
      <x68>607</x68>
      <y68>772</y68>
      <x69>613</x69>
      <y69>789</y69>
      <x70>613</x70>
      <y70>793</y70>
      <x71>618</x71>
      <y71>807</y71>
      <x72>618</x72>
      <y72>811</y72>
      <x73>623</x73>
      <y73>829</y73>
      <x74>623</x74>
      <y74>838</y74>
      <x75>621</x75>
      <y75>845</y75>
      <x76>621</x76>
      <y76>866</y76>
      <x77>625</x77>
      <y77>873</y77>
      <x78>625</x78>
      <y78>877</y78>
      <x79>630</x79>
      <y79>887</y79>
      <x80>632</x80>
      <y80>894</y80>
      <x81>637</x81>
      <y81>901</y81>
      <x82>643</x82>
      <y82>915</y82>
      <x83>646</x83>
      <y83>936</y83>
      <x84>648</x84>
      <y84>940</y84>
      <x85>651</x85>
      <y85>942</y85>
      <x86>663</x86>
      <y86>942</y86>
      <x87>676</x87>
      <y87>938</y87>
      <x88>690</x88>
      <y88>937</y88>
      <x89>696</x89>
      <y89>935</y89>
      <x90>700</x90>
      <y90>931</y90>
      <x91>701</x91>
      <y91>925</y91>
      <x92>699</x92>
      <y92>921</y92>
      <x93>697</x93>
      <y93>920</y93>
      <x94>679</x94>
      <y94>920</y94>
      <x95>675</x95>
      <y95>919</y95>
      <x96>668</x96>
      <y96>914</y96>
      <x97>665</x97>
      <y97>910</y97>
      <x98>662</x98>
      <y98>902</y98>
      <x99>662</x99>
      <y99>884</y99>
      <x100>659</x100>
      <y100>869</y100>
      <x101>659</x101>
      <y101>861</y101>
      <x102>653</x102>
      <y102>839</y102>
      <x103>655</x103>
      <y103>803</y103>
      <x104>658</x104>
      <y104>790</y104>
      <x105>658</x105>
      <y105>773</y105>
      <x106>661</x106>
      <y106>767</y106>
      <x107>667</x107>
      <y107>767</y107>
      <x108>673</x108>
      <y108>764</y108>
      <x109>677</x109>
      <y109>760</y109>
      <x110>679</x110>
      <y110>755</y110>
      <x111>678</x111>
      <y111>722</y111>
      <x112>674</x112>
      <y112>704</y112>
      <x113>674</x113>
      <y113>692</y113>
      <x114>670</x114>
      <y114>680</y114>
      <x115>669</x115>
      <y115>673</y115>
      <x116>659</x116>
      <y116>656</y116>
      <x117>658</x117>
      <y117>639</y117>
      <x118>650</x118>
      <y118>610</y118>
      <x119>650</x119>
      <y119>605</y119>
      <x120>654</x120>
      <y120>594</y120>
      <x121>653</x121>
      <y121>578</y121>
      <x122>649</x122>
      <y122>570</y122>
      <x123>642</x123>
      <y123>563</y123>
      <x124>633</x124>
      <y124>559</y124>
      <x125>613</x125>
      <y125>553</y125>
      <x126>599</x126>
      <y126>542</y126>
      <x127>599</x127>
      <y127>537</y127>
      <x128>601</x128>
      <y128>530</y128>
      <x129>600</x129>
      <y129>520</y129>
      <x130>602</x130>
      <y130>516</y130>
      <x131>606</x131>
      <y131>512</y131>
      <x132>608</x132>
      <y132>506</y132>
      <x133>608</x133>
      <y133>499</y133>
      <x134>610</x134>
      <y134>492</y134>
      <x135>609</x135>
      <y135>477</y135>
      <x136>604</x136>
      <y136>465</y136>
      <x137>601</x137>
      <y137>462</y137>
      <x138>591</x138>
      <y138>458</y138>
    </polygon>
  </object>
</annotation>
