<?xml version="1.0" ?>
<annotation>
  <folder>VOC</folder>
  <filename>150-2.png</filename>
  <source>
    <database>roboflow.ai</database>
  </source>
  <size>
    <width>1792</width>
    <height>1024</height>
    <depth>3</depth>
  </size>
  <segmented>0</segmented>
  <object>
    <name>person</name>
    <bndbox>
      <xmin>631</xmin>
      <ymin>645</ymin>
      <xmax>955</xmax>
      <ymax>1021</ymax>
    </bndbox>
    <polygon>
      <x1>810</x1>
      <y1>645</y1>
      <x2>805</x2>
      <y2>646</y2>
      <x3>794</x3>
      <y3>651</y3>
      <x4>780</x4>
      <y4>662</y4>
      <x5>772</x5>
      <y5>664</y5>
      <x6>757</x6>
      <y6>673</y6>
      <x7>750</x7>
      <y7>682</y7>
      <x8>746</x8>
      <y8>690</y8>
      <x9>746</x9>
      <y9>696</y9>
      <x10>745</x10>
      <y10>697</y10>
      <x11>746</x11>
      <y11>711</y11>
      <x12>749</x12>
      <y12>716</y12>
      <x13>751</x13>
      <y13>723</y13>
      <x14>755</x14>
      <y14>729</y14>
      <x15>757</x15>
      <y15>736</y15>
      <x16>764</x16>
      <y16>747</y16>
      <x17>780</x17>
      <y17>764</y17>
      <x18>785</x18>
      <y18>773</y18>
      <x19>784</x19>
      <y19>784</y19>
      <x20>782</x20>
      <y20>790</y20>
      <x21>777</x21>
      <y21>793</y21>
      <x22>751</x22>
      <y22>798</y22>
      <x23>739</x23>
      <y23>804</y23>
      <x24>732</x24>
      <y24>805</y24>
      <x25>723</x25>
      <y25>810</y25>
      <x26>712</x26>
      <y26>810</y26>
      <x27>690</x27>
      <y27>818</y27>
      <x28>679</x28>
      <y28>828</y28>
      <x29>671</x29>
      <y29>840</y29>
      <x30>668</x30>
      <y30>857</y30>
      <x31>665</x31>
      <y31>865</y31>
      <x32>647</x32>
      <y32>886</y32>
      <x33>645</x33>
      <y33>893</y33>
      <x34>639</x34>
      <y34>901</y34>
      <x35>638</x35>
      <y35>907</y35>
      <x36>634</x36>
      <y36>914</y36>
      <x37>631</x37>
      <y37>924</y37>
      <x38>631</x38>
      <y38>939</y38>
      <x39>634</x39>
      <y39>944</y39>
      <x40>642</x40>
      <y40>949</y40>
      <x41>649</x41>
      <y41>950</y41>
      <x42>659</x42>
      <y42>954</y42>
      <x43>665</x43>
      <y43>954</y43>
      <x44>672</x44>
      <y44>958</y44>
      <x45>689</x45>
      <y45>961</y45>
      <x46>694</x46>
      <y46>963</y46>
      <x47>704</x47>
      <y47>971</y47>
      <x48>712</x48>
      <y48>975</y48>
      <x49>725</x49>
      <y49>975</y49>
      <x50>732</x50>
      <y50>967</y50>
      <x51>737</x51>
      <y51>965</y51>
      <x52>739</x52>
      <y52>968</y52>
      <x53>739</x53>
      <y53>986</y53>
      <x54>742</x54>
      <y54>995</y54>
      <x55>743</x55>
      <y55>1003</y55>
      <x56>745</x56>
      <y56>1007</y56>
      <x57>752</x57>
      <y57>1014</y57>
      <x58>767</x58>
      <y58>1019</y58>
      <x59>777</x59>
      <y59>1020</y59>
      <x60>778</x60>
      <y60>1021</y60>
      <x61>880</x61>
      <y61>1021</y61>
      <x62>884</x62>
      <y62>1018</y62>
      <x63>884</x63>
      <y63>1008</y63>
      <x64>879</x64>
      <y64>992</y64>
      <x65>879</x65>
      <y65>986</y65>
      <x66>885</x66>
      <y66>954</y66>
      <x67>886</x67>
      <y67>953</y67>
      <x68>894</x68>
      <y68>969</y68>
      <x69>906</x69>
      <y69>980</y69>
      <x70>917</x70>
      <y70>984</y70>
      <x71>928</x71>
      <y71>982</y71>
      <x72>935</x72>
      <y72>977</y72>
      <x73>945</x73>
      <y73>965</y73>
      <x74>948</x74>
      <y74>955</y74>
      <x75>955</x75>
      <y75>942</y75>
      <x76>954</x76>
      <y76>930</y76>
      <x77>950</x77>
      <y77>925</y77>
      <x78>943</x78>
      <y78>924</y78>
      <x79>939</x79>
      <y79>920</y79>
      <x80>938</x80>
      <y80>914</y80>
      <x81>935</x81>
      <y81>908</y81>
      <x82>933</x82>
      <y82>906</y82>
      <x83>928</x83>
      <y83>905</y83>
      <x84>924</x84>
      <y84>900</y84>
      <x85>924</x85>
      <y85>893</y85>
      <x86>927</x86>
      <y86>883</y86>
      <x87>927</x87>
      <y87>870</y87>
      <x88>926</x88>
      <y88>869</y88>
      <x89>925</x89>
      <y89>856</y89>
      <x90>920</x90>
      <y90>841</y90>
      <x91>910</x91>
      <y91>832</y91>
      <x92>887</x92>
      <y92>822</y92>
      <x93>876</x93>
      <y93>816</y93>
      <x94>870</x94>
      <y94>811</y94>
      <x95>865</x95>
      <y95>810</y95>
      <x96>852</x96>
      <y96>804</y96>
      <x97>847</x97>
      <y97>799</y97>
      <x98>844</x98>
      <y98>787</y98>
      <x99>844</x99>
      <y99>765</y99>
      <x100>847</x100>
      <y100>750</y100>
      <x101>853</x101>
      <y101>739</y101>
      <x102>853</x102>
      <y102>725</y102>
      <x103>862</x103>
      <y103>700</y103>
      <x104>863</x104>
      <y104>695</y104>
      <x105>862</x105>
      <y105>681</y105>
      <x106>858</x106>
      <y106>671</y106>
      <x107>853</x107>
      <y107>665</y107>
      <x108>851</x108>
      <y108>660</y108>
      <x109>842</x109>
      <y109>656</y109>
      <x110>837</x110>
      <y110>650</y110>
      <x111>821</x111>
      <y111>645</y111>
    </polygon>
  </object>
  <object>
    <name>person</name>
    <bndbox>
      <xmin>1099</xmin>
      <ymin>608</ymin>
      <xmax>1309</xmax>
      <ymax>1022</ymax>
    </bndbox>
    <polygon>
      <x1>1243</x1>
      <y1>608</y1>
      <x2>1240</x2>
      <y2>609</y2>
      <x3>1220</x3>
      <y3>609</y3>
      <x4>1209</x4>
      <y4>614</y4>
      <x5>1202</x5>
      <y5>621</y5>
      <x6>1197</x6>
      <y6>629</y6>
      <x7>1194</x7>
      <y7>637</y7>
      <x8>1194</x8>
      <y8>656</y8>
      <x9>1197</x9>
      <y9>661</y9>
      <x10>1196</x10>
      <y10>670</y10>
      <x11>1199</x11>
      <y11>675</y11>
      <x12>1199</x12>
      <y12>679</y12>
      <x13>1201</x13>
      <y13>684</y13>
      <x14>1201</x14>
      <y14>703</y14>
      <x15>1194</x15>
      <y15>710</y15>
      <x16>1174</x16>
      <y16>714</y16>
      <x17>1152</x17>
      <y17>724</y17>
      <x18>1129</x18>
      <y18>747</y18>
      <x19>1124</x19>
      <y19>755</y19>
      <x20>1116</x20>
      <y20>785</y20>
      <x21>1108</x21>
      <y21>799</y21>
      <x22>1102</x22>
      <y22>817</y22>
      <x23>1101</x23>
      <y23>829</y23>
      <x24>1099</x24>
      <y24>833</y24>
      <x25>1099</x25>
      <y25>840</y25>
      <x26>1100</x26>
      <y26>843</y26>
      <x27>1103</x27>
      <y27>846</y27>
      <x28>1107</x28>
      <y28>847</y28>
      <x29>1131</x29>
      <y29>847</y29>
      <x30>1144</x30>
      <y30>844</y30>
      <x31>1147</x31>
      <y31>851</y31>
      <x32>1147</x32>
      <y32>863</y32>
      <x33>1144</x33>
      <y33>876</y33>
      <x34>1137</x34>
      <y34>895</y34>
      <x35>1136</x35>
      <y35>901</y35>
      <x36>1133</x36>
      <y36>907</y36>
      <x37>1132</x37>
      <y37>917</y37>
      <x38>1128</x38>
      <y38>925</y38>
      <x39>1124</x39>
      <y39>940</y39>
      <x40>1122</x40>
      <y40>964</y40>
      <x41>1118</x41>
      <y41>975</y41>
      <x42>1118</x42>
      <y42>982</y42>
      <x43>1121</x43>
      <y43>989</y43>
      <x44>1120</x44>
      <y44>996</y44>
      <x45>1109</x45>
      <y45>1014</y45>
      <x46>1109</x46>
      <y46>1019</y46>
      <x47>1116</x47>
      <y47>1022</y47>
      <x48>1134</x48>
      <y48>1021</y48>
      <x49>1144</x49>
      <y49>1016</y49>
      <x50>1149</x50>
      <y50>1016</y50>
      <x51>1156</x51>
      <y51>1013</y51>
      <x52>1171</x52>
      <y52>1016</y52>
      <x53>1175</x53>
      <y53>1011</y53>
      <x54>1177</x54>
      <y54>1006</y54>
      <x55>1193</x55>
      <y55>992</y55>
      <x56>1202</x56>
      <y56>982</y56>
      <x57>1205</x57>
      <y57>977</y57>
      <x58>1207</x58>
      <y58>969</y58>
      <x59>1209</x59>
      <y59>953</y59>
      <x60>1212</x60>
      <y60>950</y60>
      <x61>1221</x61>
      <y61>949</y61>
      <x62>1228</x62>
      <y62>946</y62>
      <x63>1241</x63>
      <y63>935</y63>
      <x64>1250</x64>
      <y64>919</y64>
      <x65>1250</x65>
      <y65>916</y65>
      <x66>1257</x66>
      <y66>898</y66>
      <x67>1258</x67>
      <y67>884</y67>
      <x68>1259</x68>
      <y68>883</y68>
      <x69>1259</x69>
      <y69>868</y69>
      <x70>1260</x70>
      <y70>867</y70>
      <x71>1259</x71>
      <y71>851</y71>
      <x72>1263</x72>
      <y72>831</y72>
      <x73>1263</x73>
      <y73>817</y73>
      <x74>1265</x74>
      <y74>808</y74>
      <x75>1269</x75>
      <y75>799</y75>
      <x76>1272</x76>
      <y76>801</y76>
      <x77>1274</x77>
      <y77>809</y77>
      <x78>1276</x78>
      <y78>812</y78>
      <x79>1277</x79>
      <y79>823</y79>
      <x80>1279</x80>
      <y80>830</y80>
      <x81>1276</x81>
      <y81>842</y81>
      <x82>1275</x82>
      <y82>857</y82>
      <x83>1270</x83>
      <y83>868</y83>
      <x84>1270</x84>
      <y84>877</y84>
      <x85>1273</x85>
      <y85>881</y85>
      <x86>1273</x86>
      <y86>883</y86>
      <x87>1276</x87>
      <y87>886</y87>
      <x88>1285</x88>
      <y88>883</y88>
      <x89>1287</x89>
      <y89>879</y89>
      <x90>1285</x90>
      <y90>871</y90>
      <x91>1308</x91>
      <y91>836</y91>
      <x92>1309</x92>
      <y92>817</y92>
      <x93>1307</x93>
      <y93>811</y93>
      <x94>1306</x94>
      <y94>789</y94>
      <x95>1303</x95>
      <y95>776</y95>
      <x96>1303</x96>
      <y96>763</y96>
      <x97>1304</x97>
      <y97>762</y97>
      <x98>1304</x98>
      <y98>748</y98>
      <x99>1298</x99>
      <y99>737</y99>
      <x100>1287</x100>
      <y100>730</y100>
      <x101>1278</x101>
      <y101>727</y101>
      <x102>1276</x102>
      <y102>725</y102>
      <x103>1264</x103>
      <y103>720</y103>
      <x104>1261</x104>
      <y104>717</y104>
      <x105>1246</x105>
      <y105>711</y105>
      <x106>1244</x106>
      <y106>709</y106>
      <x107>1246</x107>
      <y107>689</y107>
      <x108>1249</x108>
      <y108>684</y108>
      <x109>1256</x109>
      <y109>679</y109>
      <x110>1266</x110>
      <y110>669</y110>
      <x111>1273</x111>
      <y111>652</y111>
      <x112>1274</x112>
      <y112>636</y112>
      <x113>1270</x113>
      <y113>625</y113>
      <x114>1266</x114>
      <y114>621</y114>
    </polygon>
  </object>
</annotation>
