<?xml version="1.0" ?>
<annotation>
  <folder>VOC</folder>
  <filename>150-1.png</filename>
  <source>
    <database>roboflow.ai</database>
  </source>
  <size>
    <width>1792</width>
    <height>1024</height>
    <depth>3</depth>
  </size>
  <segmented>0</segmented>
  <object>
    <name>person</name>
    <bndbox>
      <xmin>1239</xmin>
      <ymin>692</ymin>
      <xmax>1598</xmax>
      <ymax>1022</ymax>
    </bndbox>
    <polygon>
      <x1>1593</x1>
      <y1>697</y1>
      <x2>1588</x2>
      <y2>695</y2>
      <x3>1577</x3>
      <y3>696</y3>
      <x4>1572</x4>
      <y4>692</y4>
      <x5>1570</x5>
      <y5>692</y5>
      <x6>1568</x6>
      <y6>695</y6>
      <x7>1570</x7>
      <y7>697</y7>
      <x8>1576</x8>
      <y8>698</y8>
      <x9>1579</x9>
      <y9>702</y9>
      <x10>1578</x10>
      <y10>705</y10>
      <x11>1572</x11>
      <y11>713</y11>
      <x12>1572</x12>
      <y12>717</y12>
      <x13>1568</x13>
      <y13>724</y13>
      <x14>1566</x14>
      <y14>731</y14>
      <x15>1561</x15>
      <y15>737</y15>
      <x16>1555</x16>
      <y16>750</y16>
      <x17>1551</x17>
      <y17>754</y17>
      <x18>1533</x18>
      <y18>785</y18>
      <x19>1523</x19>
      <y19>796</y19>
      <x20>1515</x20>
      <y20>809</y20>
      <x21>1508</x21>
      <y21>816</y21>
      <x22>1504</x22>
      <y22>818</y22>
      <x23>1502</x23>
      <y23>823</y23>
      <x24>1497</x24>
      <y24>828</y24>
      <x25>1495</x25>
      <y25>833</y25>
      <x26>1488</x26>
      <y26>841</y26>
      <x27>1486</x27>
      <y27>846</y27>
      <x28>1469</x28>
      <y28>867</y28>
      <x29>1458</x29>
      <y29>876</y29>
      <x30>1454</x30>
      <y30>873</y30>
      <x31>1451</x31>
      <y31>864</y31>
      <x32>1448</x32>
      <y32>875</y32>
      <x33>1450</x33>
      <y33>886</y33>
      <x34>1447</x34>
      <y34>889</y34>
      <x35>1440</x35>
      <y35>891</y35>
      <x36>1438</x36>
      <y36>894</y36>
      <x37>1438</x37>
      <y37>899</y37>
      <x38>1430</x38>
      <y38>908</y38>
      <x39>1426</x39>
      <y39>910</y39>
      <x40>1425</x40>
      <y40>918</y40>
      <x41>1422</x41>
      <y41>921</y41>
      <x42>1418</x42>
      <y42>921</y42>
      <x43>1410</x43>
      <y43>925</y43>
      <x44>1400</x44>
      <y44>933</y44>
      <x45>1398</x45>
      <y45>938</y45>
      <x46>1393</x46>
      <y46>943</y46>
      <x47>1386</x47>
      <y47>946</y47>
      <x48>1380</x48>
      <y48>951</y48>
      <x49>1376</x49>
      <y49>953</y49>
      <x50>1367</x50>
      <y50>952</y50>
      <x51>1364</x51>
      <y51>956</y51>
      <x52>1358</x52>
      <y52>960</y52>
      <x53>1350</x53>
      <y53>962</y53>
      <x54>1350</x54>
      <y54>969</y54>
      <x55>1348</x55>
      <y55>971</y55>
      <x56>1339</x56>
      <y56>973</y56>
      <x57>1323</x57>
      <y57>983</y57>
      <x58>1312</x58>
      <y58>986</y58>
      <x59>1294</x59>
      <y59>995</y59>
      <x60>1284</x60>
      <y60>1002</y60>
      <x61>1275</x61>
      <y61>1003</y61>
      <x62>1268</x62>
      <y62>1007</y62>
      <x63>1260</x63>
      <y63>1009</y63>
      <x64>1255</x64>
      <y64>1014</y64>
      <x65>1245</x65>
      <y65>1015</y65>
      <x66>1239</x66>
      <y66>1018</y66>
      <x67>1246</x67>
      <y67>1021</y67>
      <x68>1259</x68>
      <y68>1021</y68>
      <x69>1260</x69>
      <y69>1022</y69>
      <x70>1296</x70>
      <y70>1021</y70>
      <x71>1309</x71>
      <y71>1019</y71>
      <x72>1318</x72>
      <y72>1016</y72>
      <x73>1325</x73>
      <y73>1011</y73>
      <x74>1332</x74>
      <y74>1010</y74>
      <x75>1343</x75>
      <y75>1006</y75>
      <x76>1346</x76>
      <y76>1003</y76>
      <x77>1354</x77>
      <y77>1000</y77>
      <x78>1365</x78>
      <y78>993</y78>
      <x79>1375</x79>
      <y79>991</y79>
      <x80>1383</x80>
      <y80>982</y80>
      <x81>1394</x81>
      <y81>975</y81>
      <x82>1393</x82>
      <y82>970</y82>
      <x83>1395</x83>
      <y83>967</y83>
      <x84>1398</x84>
      <y84>967</y84>
      <x85>1401</x85>
      <y85>972</y85>
      <x86>1404</x86>
      <y86>972</y86>
      <x87>1406</x87>
      <y87>970</y87>
      <x88>1406</x88>
      <y88>967</y88>
      <x89>1401</x89>
      <y89>961</y89>
      <x90>1407</x90>
      <y90>954</y90>
      <x91>1412</x91>
      <y91>953</y91>
      <x92>1414</x92>
      <y92>951</y92>
      <x93>1415</x93>
      <y93>948</y93>
      <x94>1412</x94>
      <y94>941</y94>
      <x95>1416</x95>
      <y95>937</y95>
      <x96>1424</x96>
      <y96>937</y96>
      <x97>1426</x97>
      <y97>935</y97>
      <x98>1424</x98>
      <y98>925</y98>
      <x99>1427</x99>
      <y99>920</y99>
      <x100>1432</x100>
      <y100>920</y100>
      <x101>1436</x101>
      <y101>923</y101>
      <x102>1440</x102>
      <y102>923</y102>
      <x103>1450</x103>
      <y103>918</y103>
      <x104>1459</x104>
      <y104>918</y104>
      <x105>1465</x105>
      <y105>920</y105>
      <x106>1466</x106>
      <y106>919</y106>
      <x107>1461</x107>
      <y107>914</y107>
      <x108>1469</x108>
      <y108>906</y108>
      <x109>1464</x109>
      <y109>902</y109>
      <x110>1464</x110>
      <y110>900</y110>
      <x111>1467</x111>
      <y111>897</y111>
      <x112>1474</x112>
      <y112>897</y112>
      <x113>1482</x113>
      <y113>890</y113>
      <x114>1501</x114>
      <y114>883</y114>
      <x115>1505</x115>
      <y115>880</y115>
      <x116>1508</x116>
      <y116>872</y116>
      <x117>1516</x117>
      <y117>866</y117>
      <x118>1522</x118>
      <y118>856</y118>
      <x119>1531</x119>
      <y119>847</y119>
      <x120>1534</x120>
      <y120>841</y120>
      <x121>1538</x121>
      <y121>838</y121>
      <x122>1541</x122>
      <y122>830</y122>
      <x123>1549</x123>
      <y123>820</y123>
      <x124>1550</x124>
      <y124>816</y124>
      <x125>1559</x125>
      <y125>806</y125>
      <x126>1561</x126>
      <y126>799</y126>
      <x127>1566</x127>
      <y127>794</y127>
      <x128>1567</x128>
      <y128>789</y128>
      <x129>1574</x129>
      <y129>781</y129>
      <x130>1578</x130>
      <y130>771</y130>
      <x131>1583</x131>
      <y131>765</y131>
      <x132>1586</x132>
      <y132>758</y132>
      <x133>1590</x133>
      <y133>754</y133>
      <x134>1596</x134>
      <y134>735</y134>
      <x135>1598</x135>
      <y135>718</y135>
      <x136>1597</x136>
      <y136>704</y136>
    </polygon>
  </object>
</annotation>
