<?xml version="1.0" ?>
<annotation>
  <folder>VOC</folder>
  <filename>16-1.png</filename>
  <source>
    <database>roboflow.ai</database>
  </source>
  <size>
    <width>1792</width>
    <height>1024</height>
    <depth>3</depth>
  </size>
  <segmented>0</segmented>
  <object>
    <name>person</name>
    <bndbox>
      <xmin>644</xmin>
      <ymin>428</ymin>
      <xmax>957</xmax>
      <ymax>810</ymax>
    </bndbox>
    <polygon>
      <x1>750</x1>
      <y1>428</y1>
      <x2>736</x2>
      <y2>436</y2>
      <x3>731</x3>
      <y3>442</y3>
      <x4>728</x4>
      <y4>449</y4>
      <x5>729</x5>
      <y5>460</y5>
      <x6>732</x6>
      <y6>467</y6>
      <x7>732</x7>
      <y7>475</y7>
      <x8>728</x8>
      <y8>485</y8>
      <x9>726</x9>
      <y9>495</y9>
      <x10>726</x10>
      <y10>503</y10>
      <x11>733</x11>
      <y11>513</y11>
      <x12>736</x12>
      <y12>525</y12>
      <x13>736</x13>
      <y13>530</y13>
      <x14>744</x14>
      <y14>543</y14>
      <x15>751</x15>
      <y15>543</y15>
      <x16>753</x16>
      <y16>545</y16>
      <x17>754</x17>
      <y17>549</y17>
      <x18>765</x18>
      <y18>569</y18>
      <x19>765</x19>
      <y19>572</y19>
      <x20>760</x20>
      <y20>578</y20>
      <x21>753</x21>
      <y21>583</y21>
      <x22>750</x22>
      <y22>594</y22>
      <x23>736</x23>
      <y23>609</y23>
      <x24>725</x24>
      <y24>614</y24>
      <x25>721</x25>
      <y25>614</y25>
      <x26>716</x26>
      <y26>616</y26>
      <x27>706</x27>
      <y27>616</y27>
      <x28>703</x28>
      <y28>611</y28>
      <x29>703</x29>
      <y29>596</y29>
      <x30>702</x30>
      <y30>595</y30>
      <x31>703</x31>
      <y31>582</y31>
      <x32>702</x32>
      <y32>581</y32>
      <x33>702</x33>
      <y33>561</y33>
      <x34>701</x34>
      <y34>560</y34>
      <x35>700</x35>
      <y35>548</y35>
      <x36>712</x36>
      <y36>526</y36>
      <x37>714</x37>
      <y37>511</y37>
      <x38>716</x38>
      <y38>505</y38>
      <x39>720</x39>
      <y39>499</y39>
      <x40>718</x40>
      <y40>494</y40>
      <x41>710</x41>
      <y41>486</y41>
      <x42>702</x42>
      <y42>482</y42>
      <x43>686</x43>
      <y43>478</y43>
      <x44>680</x44>
      <y44>478</y44>
      <x45>675</x45>
      <y45>480</y45>
      <x46>667</x46>
      <y46>480</y46>
      <x47>661</x47>
      <y47>486</y47>
      <x48>661</x48>
      <y48>496</y48>
      <x49>667</x49>
      <y49>503</y49>
      <x50>672</x50>
      <y50>502</y50>
      <x51>676</x51>
      <y51>498</y51>
      <x52>678</x52>
      <y52>501</y52>
      <x53>679</x53>
      <y53>506</y53>
      <x54>671</x54>
      <y54>514</y54>
      <x55>666</x55>
      <y55>515</y55>
      <x56>664</x56>
      <y56>517</y56>
      <x57>664</x57>
      <y57>529</y57>
      <x58>667</x58>
      <y58>536</y58>
      <x59>665</x59>
      <y59>542</y59>
      <x60>659</x60>
      <y60>547</y60>
      <x61>655</x61>
      <y61>555</y61>
      <x62>654</x62>
      <y62>567</y62>
      <x63>649</x63>
      <y63>587</y63>
      <x64>647</x64>
      <y64>609</y64>
      <x65>646</x65>
      <y65>610</y65>
      <x66>646</x66>
      <y66>624</y66>
      <x67>645</x67>
      <y67>625</y67>
      <x68>645</x68>
      <y68>636</y68>
      <x69>644</x69>
      <y69>637</y69>
      <x70>646</x70>
      <y70>651</y70>
      <x71>651</x71>
      <y71>662</y71>
      <x72>657</x72>
      <y72>668</y72>
      <x73>671</x73>
      <y73>677</y73>
      <x74>673</x74>
      <y74>677</y74>
      <x75>680</x75>
      <y75>681</y75>
      <x76>694</x76>
      <y76>684</y76>
      <x77>707</x77>
      <y77>689</y77>
      <x78>732</x78>
      <y78>692</y78>
      <x79>742</x79>
      <y79>696</y79>
      <x80>749</x80>
      <y80>701</y80>
      <x81>751</x81>
      <y81>701</y81>
      <x82>755</x82>
      <y82>705</y82>
      <x83>758</x83>
      <y83>710</y83>
      <x84>759</x84>
      <y84>717</y84>
      <x85>755</x85>
      <y85>723</y85>
      <x86>754</x86>
      <y86>733</y86>
      <x87>753</x87>
      <y87>734</y87>
      <x88>753</x88>
      <y88>754</y88>
      <x89>757</x89>
      <y89>765</y89>
      <x90>764</x90>
      <y90>772</y90>
      <x91>767</x91>
      <y91>780</y91>
      <x92>773</x92>
      <y92>782</y92>
      <x93>780</x93>
      <y93>788</y93>
      <x94>782</x94>
      <y94>791</y94>
      <x95>782</x95>
      <y95>794</y95>
      <x96>786</x96>
      <y96>800</y96>
      <x97>798</x97>
      <y97>807</y97>
      <x98>801</x98>
      <y98>807</y98>
      <x99>807</x99>
      <y99>810</y99>
      <x100>812</x100>
      <y100>809</y100>
      <x101>842</x101>
      <y101>810</y101>
      <x102>858</x102>
      <y102>807</y102>
      <x103>880</x103>
      <y103>797</y103>
      <x104>886</x104>
      <y104>793</y104>
      <x105>893</x105>
      <y105>786</y105>
      <x106>924</x106>
      <y106>766</y106>
      <x107>935</x107>
      <y107>755</y107>
      <x108>942</x108>
      <y108>744</y108>
      <x109>946</x109>
      <y109>740</y109>
      <x110>949</x110>
      <y110>731</y110>
      <x111>953</x111>
      <y111>724</y111>
      <x112>957</x112>
      <y112>708</y112>
      <x113>956</x113>
      <y113>691</y113>
      <x114>951</x114>
      <y114>669</y114>
      <x115>947</x115>
      <y115>662</y115>
      <x116>935</x116>
      <y116>650</y116>
      <x117>926</x117>
      <y117>646</y117>
      <x118>922</x118>
      <y118>640</y118>
      <x119>922</x119>
      <y119>632</y119>
      <x120>921</x120>
      <y120>631</y120>
      <x121>921</x121>
      <y121>613</y121>
      <x122>922</x122>
      <y122>612</y122>
      <x123>921</x123>
      <y123>550</y123>
      <x124>920</x124>
      <y124>549</y124>
      <x125>919</x125>
      <y125>538</y125>
      <x126>913</x126>
      <y126>523</y126>
      <x127>906</x127>
      <y127>516</y127>
      <x128>885</x128>
      <y128>510</y128>
      <x129>877</x129>
      <y129>517</y129>
      <x130>873</x130>
      <y130>517</y130>
      <x131>865</x131>
      <y131>521</y131>
      <x132>857</x132>
      <y132>520</y132>
      <x133>854</x133>
      <y133>526</y133>
      <x134>844</x134>
      <y134>535</y134>
      <x135>843</x135>
      <y135>539</y135>
      <x136>839</x136>
      <y136>542</y136>
      <x137>834</x137>
      <y137>542</y137>
      <x138>826</x138>
      <y138>539</y138>
      <x139>824</x139>
      <y139>536</y139>
      <x140>827</x140>
      <y140>532</y140>
      <x141>828</x141>
      <y141>517</y141>
      <x142>832</x142>
      <y142>506</y142>
      <x143>832</x143>
      <y143>490</y143>
      <x144>830</x144>
      <y144>483</y144>
      <x145>819</x145>
      <y145>464</y145>
      <x146>804</x146>
      <y146>449</y146>
      <x147>792</x147>
      <y147>442</y147>
      <x148>789</x148>
      <y148>439</y148>
      <x149>767</x149>
      <y149>429</y149>
    </polygon>
  </object>
  <object>
    <name>person</name>
    <bndbox>
      <xmin>211</xmin>
      <ymin>73</ymin>
      <xmax>461</xmax>
      <ymax>528</ymax>
    </bndbox>
    <polygon>
      <x1>359</x1>
      <y1>73</y1>
      <x2>350</x2>
      <y2>75</y2>
      <x3>339</x3>
      <y3>80</y3>
      <x4>331</x4>
      <y4>85</y4>
      <x5>317</x5>
      <y5>100</y5>
      <x6>312</x6>
      <y6>111</y6>
      <x7>310</x7>
      <y7>125</y7>
      <x8>300</x8>
      <y8>133</y8>
      <x9>294</x9>
      <y9>135</y9>
      <x10>278</x10>
      <y10>151</y10>
      <x11>275</x11>
      <y11>152</y11>
      <x12>264</x12>
      <y12>162</y12>
      <x13>244</x13>
      <y13>183</y13>
      <x14>237</x14>
      <y14>194</y14>
      <x15>222</x15>
      <y15>212</y15>
      <x16>218</x16>
      <y16>220</y16>
      <x17>218</x17>
      <y17>224</y17>
      <x18>213</x18>
      <y18>242</y18>
      <x19>212</x19>
      <y19>268</y19>
      <x20>211</x20>
      <y20>269</y20>
      <x21>211</x21>
      <y21>299</y21>
      <x22>215</x22>
      <y22>316</y22>
      <x23>217</x23>
      <y23>320</y23>
      <x24>223</x24>
      <y24>326</y24>
      <x25>229</x25>
      <y25>328</y25>
      <x26>255</x26>
      <y26>328</y26>
      <x27>263</x27>
      <y27>330</y27>
      <x28>266</x28>
      <y28>333</y28>
      <x29>270</x29>
      <y29>351</y29>
      <x30>272</x30>
      <y30>368</y30>
      <x31>277</x31>
      <y31>388</y31>
      <x32>277</x32>
      <y32>393</y32>
      <x33>279</x33>
      <y33>398</y33>
      <x34>281</x34>
      <y34>410</y34>
      <x35>285</x35>
      <y35>419</y35>
      <x36>293</x36>
      <y36>425</y36>
      <x37>303</x37>
      <y37>429</y37>
      <x38>309</x38>
      <y38>430</y38>
      <x39>312</x39>
      <y39>433</y39>
      <x40>319</x40>
      <y40>451</y40>
      <x41>327</x41>
      <y41>457</y41>
      <x42>330</x42>
      <y42>461</y42>
      <x43>332</x43>
      <y43>473</y43>
      <x44>335</x44>
      <y44>478</y44>
      <x45>338</x45>
      <y45>489</y45>
      <x46>347</x46>
      <y46>509</y46>
      <x47>359</x47>
      <y47>523</y47>
      <x48>369</x48>
      <y48>528</y48>
      <x49>375</x49>
      <y49>528</y49>
      <x50>382</x50>
      <y50>525</y50>
      <x51>387</x51>
      <y51>519</y51>
      <x52>389</x52>
      <y52>513</y52>
      <x53>388</x53>
      <y53>512</y53>
      <x54>389</x54>
      <y54>498</y54>
      <x55>377</x55>
      <y55>473</y55>
      <x56>375</x56>
      <y56>466</y56>
      <x57>372</x57>
      <y57>463</y57>
      <x58>369</x58>
      <y58>463</y58>
      <x59>365</x59>
      <y59>460</y59>
      <x60>357</x60>
      <y60>447</y60>
      <x61>356</x61>
      <y61>425</y61>
      <x62>355</x62>
      <y62>424</y62>
      <x63>358</x63>
      <y63>421</y63>
      <x64>359</x64>
      <y64>418</y64>
      <x65>373</x65>
      <y65>404</y65>
      <x66>377</x66>
      <y66>403</y66>
      <x67>380</x67>
      <y67>405</y67>
      <x68>383</x68>
      <y68>416</y68>
      <x69>390</x69>
      <y69>423</y69>
      <x70>395</x70>
      <y70>431</y70>
      <x71>402</x71>
      <y71>434</y71>
      <x72>411</x72>
      <y72>445</y72>
      <x73>429</x73>
      <y73>456</y73>
      <x74>441</x74>
      <y74>459</y74>
      <x75>452</x75>
      <y75>458</y75>
      <x76>457</x76>
      <y76>455</y76>
      <x77>460</x77>
      <y77>450</y77>
      <x78>461</x78>
      <y78>445</y78>
      <x79>459</x79>
      <y79>437</y79>
      <x80>452</x80>
      <y80>424</y80>
      <x81>446</x81>
      <y81>418</y81>
      <x82>445</x82>
      <y82>415</y82>
      <x83>439</x83>
      <y83>408</y83>
      <x84>435</x84>
      <y84>406</y84>
      <x85>424</x85>
      <y85>396</y85>
      <x86>419</x86>
      <y86>393</y86>
      <x87>414</x87>
      <y87>386</y87>
      <x88>414</x88>
      <y88>373</y88>
      <x89>413</x89>
      <y89>372</y89>
      <x90>412</x90>
      <y90>361</y90>
      <x91>410</x91>
      <y91>356</y91>
      <x92>410</x92>
      <y92>348</y92>
      <x93>415</x93>
      <y93>330</y93>
      <x94>416</x94>
      <y94>298</y94>
      <x95>415</x95>
      <y95>297</y95>
      <x96>414</x96>
      <y96>266</y96>
      <x97>410</x97>
      <y97>254</y97>
      <x98>409</x98>
      <y98>253</y98>
      <x99>406</x99>
      <y99>254</y99>
      <x100>400</x100>
      <y100>262</y100>
      <x101>392</x101>
      <y101>265</y101>
      <x102>387</x102>
      <y102>271</y102>
      <x103>384</x103>
      <y103>272</y103>
      <x104>380</x104>
      <y104>276</y104>
      <x105>378</x105>
      <y105>276</y105>
      <x106>368</x106>
      <y106>282</y106>
      <x107>363</x107>
      <y107>283</y107>
      <x108>359</x108>
      <y108>286</y108>
      <x109>358</x109>
      <y109>285</y109>
      <x110>352</x110>
      <y110>285</y110>
      <x111>342</x111>
      <y111>289</y111>
      <x112>337</x112>
      <y112>289</y112>
      <x113>331</x113>
      <y113>285</y113>
      <x114>324</x114>
      <y114>285</y114>
      <x115>321</x115>
      <y115>282</y115>
      <x116>321</x116>
      <y116>277</y116>
      <x117>324</x117>
      <y117>274</y117>
      <x118>326</x118>
      <y118>274</y118>
      <x119>336</x119>
      <y119>268</y119>
      <x120>345</x120>
      <y120>265</y120>
      <x121>354</x121>
      <y121>264</y121>
      <x122>358</x122>
      <y122>261</y122>
      <x123>364</x123>
      <y123>260</y123>
      <x124>371</x124>
      <y124>255</y124>
      <x125>373</x125>
      <y125>255</y125>
      <x126>385</x126>
      <y126>248</y126>
      <x127>397</x127>
      <y127>244</y127>
      <x128>401</x128>
      <y128>239</y128>
      <x129>411</x129>
      <y129>232</y129>
      <x130>414</x130>
      <y130>225</y130>
      <x131>414</x131>
      <y131>222</y131>
      <x132>417</x132>
      <y132>217</y132>
      <x133>421</x133>
      <y133>220</y133>
      <x134>425</x134>
      <y134>220</y134>
      <x135>429</x135>
      <y135>217</y135>
      <x136>435</x136>
      <y136>207</y136>
      <x137>435</x137>
      <y137>204</y137>
      <x138>437</x138>
      <y138>200</y138>
      <x139>441</x139>
      <y139>196</y139>
      <x140>444</x140>
      <y140>184</y140>
      <x141>449</x141>
      <y141>177</y141>
      <x142>449</x142>
      <y142>170</y142>
      <x143>445</x143>
      <y143>160</y143>
      <x144>424</x144>
      <y144>122</y144>
      <x145>419</x145>
      <y145>118</y145>
      <x146>416</x146>
      <y146>113</y146>
      <x147>413</x147>
      <y147>112</y147>
      <x148>409</x148>
      <y148>108</y148>
      <x149>396</x149>
      <y149>106</y149>
      <x150>393</x150>
      <y150>103</y150>
      <x151>393</x151>
      <y151>100</y151>
      <x152>396</x152>
      <y152>95</y152>
      <x153>396</x153>
      <y153>91</y153>
      <x154>392</x154>
      <y154>81</y154>
      <x155>386</x155>
      <y155>75</y155>
      <x156>382</x156>
      <y156>73</y156>
    </polygon>
  </object>
</annotation>
