<?xml version="1.0" ?>
<annotation>
  <folder>VOC</folder>
  <filename>17-2.png</filename>
  <source>
    <database>roboflow.ai</database>
  </source>
  <size>
    <width>1792</width>
    <height>1024</height>
    <depth>3</depth>
  </size>
  <segmented>0</segmented>
  <object>
    <name>person</name>
    <bndbox>
      <xmin>281</xmin>
      <ymin>37</ymin>
      <xmax>1549</xmax>
      <ymax>1019</ymax>
    </bndbox>
    <polygon>
      <x1>1390</x1>
      <y1>113</y1>
      <x2>1382</x2>
      <y2>106</y2>
      <x3>1377</x3>
      <y3>99</y3>
      <x4>1364</x4>
      <y4>90</y4>
      <x5>1362</x5>
      <y5>87</y5>
      <x6>1351</x6>
      <y6>81</y6>
      <x7>1341</x7>
      <y7>73</y7>
      <x8>1320</x8>
      <y8>64</y8>
      <x9>1311</x9>
      <y9>58</y9>
      <x10>1303</x10>
      <y10>54</y10>
      <x11>1293</x11>
      <y11>51</y11>
      <x12>1287</x12>
      <y12>47</y12>
      <x13>1274</x13>
      <y13>44</y13>
      <x14>1252</x14>
      <y14>44</y14>
      <x15>1242</x15>
      <y15>42</y15>
      <x16>1230</x16>
      <y16>42</y16>
      <x17>1229</x17>
      <y17>43</y17>
      <x18>1228</x18>
      <y18>42</y18>
      <x19>1220</x19>
      <y19>42</y19>
      <x20>1201</x20>
      <y20>37</y20>
      <x21>1179</x21>
      <y21>37</y21>
      <x22>1178</x22>
      <y22>38</y22>
      <x23>1168</x23>
      <y23>38</y23>
      <x24>1167</x24>
      <y24>39</y24>
      <x25>1150</x25>
      <y25>38</y25>
      <x26>1136</x26>
      <y26>42</y26>
      <x27>1131</x27>
      <y27>42</y27>
      <x28>1117</x28>
      <y28>48</y28>
      <x29>1094</x29>
      <y29>48</y29>
      <x30>1075</x30>
      <y30>59</y30>
      <x31>1051</x31>
      <y31>63</y31>
      <x32>1039</x32>
      <y32>68</y32>
      <x33>1032</x33>
      <y33>69</y33>
      <x34>1019</x34>
      <y34>74</y34>
      <x35>1007</x35>
      <y35>81</y35>
      <x36>1000</x36>
      <y36>88</y36>
      <x37>998</x37>
      <y37>92</y37>
      <x38>996</x38>
      <y38>102</y38>
      <x39>998</x39>
      <y39>112</y39>
      <x40>1002</x40>
      <y40>120</y40>
      <x41>1022</x41>
      <y41>135</y41>
      <x42>1034</x42>
      <y42>140</y42>
      <x43>1037</x43>
      <y43>143</y43>
      <x44>1037</x44>
      <y44>151</y44>
      <x45>1038</x45>
      <y45>152</y45>
      <x46>1038</x46>
      <y46>196</y46>
      <x47>1035</x47>
      <y47>211</y47>
      <x48>1035</x48>
      <y48>228</y48>
      <x49>1037</x49>
      <y49>236</y49>
      <x50>1047</x50>
      <y50>246</y50>
      <x51>1052</x51>
      <y51>253</y51>
      <x52>1055</x52>
      <y52>262</y52>
      <x53>1054</x53>
      <y53>277</y53>
      <x54>1048</x54>
      <y54>298</y54>
      <x55>1048</x55>
      <y55>303</y55>
      <x56>1045</x56>
      <y56>312</y56>
      <x57>1044</x57>
      <y57>321</y57>
      <x58>1041</x58>
      <y58>329</y58>
      <x59>1041</x59>
      <y59>340</y59>
      <x60>1043</x60>
      <y60>343</y60>
      <x61>1052</x61>
      <y61>349</y61>
      <x62>1067</x62>
      <y62>354</y62>
      <x63>1068</x63>
      <y63>359</y63>
      <x64>1072</x64>
      <y64>367</y64>
      <x65>1074</x65>
      <y65>381</y65>
      <x66>1083</x66>
      <y66>394</y66>
      <x67>1084</x67>
      <y67>402</y67>
      <x68>1091</x68>
      <y68>414</y68>
      <x69>1102</x69>
      <y69>424</y69>
      <x70>1104</x70>
      <y70>431</y70>
      <x71>1104</x71>
      <y71>445</y71>
      <x72>1109</x72>
      <y72>459</y72>
      <x73>1120</x73>
      <y73>471</y73>
      <x74>1129</x74>
      <y74>475</y74>
      <x75>1146</x75>
      <y75>477</y75>
      <x76>1148</x76>
      <y76>480</y76>
      <x77>1144</x77>
      <y77>483</y77>
      <x78>1142</x78>
      <y78>487</y78>
      <x79>1135</x79>
      <y79>495</y79>
      <x80>1129</x80>
      <y80>500</y80>
      <x81>1128</x81>
      <y81>503</y81>
      <x82>1107</x82>
      <y82>523</y82>
      <x83>1104</x83>
      <y83>529</y83>
      <x84>1096</x84>
      <y84>536</y84>
      <x85>1094</x85>
      <y85>541</y85>
      <x86>1086</x86>
      <y86>549</y86>
      <x87>1081</x87>
      <y87>557</y87>
      <x88>1069</x88>
      <y88>563</y88>
      <x89>1067</x89>
      <y89>567</y89>
      <x90>1061</x90>
      <y90>573</y90>
      <x91>1051</x91>
      <y91>579</y91>
      <x92>1045</x92>
      <y92>585</y92>
      <x93>1040</x93>
      <y93>586</y93>
      <x94>1022</x94>
      <y94>595</y94>
      <x95>994</x95>
      <y95>614</y95>
      <x96>988</x96>
      <y96>616</y96>
      <x97>984</x97>
      <y97>621</y97>
      <x98>980</x98>
      <y98>623</y98>
      <x99>978</x99>
      <y99>627</y99>
      <x100>978</x100>
      <y100>637</y100>
      <x101>983</x101>
      <y101>646</y101>
      <x102>995</x102>
      <y102>661</y102>
      <x103>996</x103>
      <y103>668</y103>
      <x104>990</x104>
      <y104>679</y104>
      <x105>979</x105>
      <y105>690</y105>
      <x106>978</x106>
      <y106>695</y106>
      <x107>970</x107>
      <y107>701</y107>
      <x108>969</x108>
      <y108>704</y108>
      <x109>964</x109>
      <y109>710</y109>
      <x110>951</x110>
      <y110>736</y110>
      <x111>949</x111>
      <y111>751</y111>
      <x112>947</x112>
      <y112>753</y112>
      <x113>945</x113>
      <y113>752</y113>
      <x114>943</x114>
      <y114>744</y114>
      <x115>935</x115>
      <y115>741</y115>
      <x116>918</x116>
      <y116>741</y116>
      <x117>904</x117>
      <y117>744</y117>
      <x118>900</x118>
      <y118>746</y118>
      <x119>891</x119>
      <y119>746</y119>
      <x120>886</x120>
      <y120>748</y120>
      <x121>880</x121>
      <y121>748</y121>
      <x122>879</x122>
      <y122>747</y122>
      <x123>864</x123>
      <y123>751</y123>
      <x124>861</x124>
      <y124>754</y124>
      <x125>860</x125>
      <y125>758</y125>
      <x126>863</x126>
      <y126>764</y126>
      <x127>869</x127>
      <y127>770</y127>
      <x128>878</x128>
      <y128>775</y128>
      <x129>889</x129>
      <y129>775</y129>
      <x130>898</x130>
      <y130>771</y130>
      <x131>910</x131>
      <y131>771</y131>
      <x132>915</x132>
      <y132>772</y132>
      <x133>925</x133>
      <y133>777</y133>
      <x134>930</x134>
      <y134>777</y134>
      <x135>933</x135>
      <y135>775</y135>
      <x136>935</x136>
      <y136>777</y136>
      <x137>935</x137>
      <y137>781</y137>
      <x138>931</x138>
      <y138>784</y138>
      <x139>929</x139>
      <y139>795</y139>
      <x140>922</x140>
      <y140>805</y140>
      <x141>919</x141>
      <y141>816</y141>
      <x142>903</x142>
      <y142>835</y142>
      <x143>897</x143>
      <y143>840</y143>
      <x144>893</x144>
      <y144>847</y144>
      <x145>887</x145>
      <y145>853</y145>
      <x146>884</x146>
      <y146>854</y146>
      <x147>873</x147>
      <y147>866</y147>
      <x148>870</x148>
      <y148>867</y148>
      <x149>855</x149>
      <y149>885</y149>
      <x150>843</x150>
      <y150>908</y150>
      <x151>839</x151>
      <y151>913</y151>
      <x152>837</x152>
      <y152>920</y152>
      <x153>832</x153>
      <y153>928</y153>
      <x154>827</x154>
      <y154>943</y154>
      <x155>823</x155>
      <y155>949</y155>
      <x156>813</x156>
      <y156>949</y156>
      <x157>805</x157>
      <y157>944</y157>
      <x158>802</x158>
      <y158>944</y158>
      <x159>795</x159>
      <y159>941</y159>
      <x160>786</x160>
      <y160>941</y160>
      <x161>784</x161>
      <y161>939</y161>
      <x162>776</x162>
      <y162>936</y162>
      <x163>762</x163>
      <y163>926</y163>
      <x164>757</x164>
      <y164>924</y164>
      <x165>754</x165>
      <y165>921</y165>
      <x166>751</x166>
      <y166>915</y166>
      <x167>746</x167>
      <y167>914</y167>
      <x168>739</x168>
      <y168>910</y168>
      <x169>730</x169>
      <y169>908</y169>
      <x170>707</x170>
      <y170>896</y170>
      <x171>701</x171>
      <y171>895</y171>
      <x172>693</x172>
      <y172>885</y172>
      <x173>685</x173>
      <y173>880</y173>
      <x174>678</x174>
      <y174>873</y174>
      <x175>668</x175>
      <y175>867</y175>
      <x176>657</x176>
      <y176>866</y176>
      <x177>654</x177>
      <y177>864</y177>
      <x178>652</x178>
      <y178>859</y178>
      <x179>646</x179>
      <y179>852</y179>
      <x180>644</x180>
      <y180>842</y180>
      <x181>637</x181>
      <y181>835</y181>
      <x182>636</x182>
      <y182>832</y182>
      <x183>633</x183>
      <y183>830</y183>
      <x184>630</x184>
      <y184>824</y184>
      <x185>626</x185>
      <y185>822</y185>
      <x186>624</x186>
      <y186>817</y186>
      <x187>618</x187>
      <y187>815</y187>
      <x188>610</x188>
      <y188>807</y188>
      <x189>611</x189>
      <y189>802</y189>
      <x190>605</x190>
      <y190>802</y190>
      <x191>596</x191>
      <y191>796</y191>
      <x192>590</x192>
      <y192>795</y192>
      <x193>586</x193>
      <y193>788</y193>
      <x194>574</x194>
      <y194>789</y194>
      <x195>573</x195>
      <y195>791</y195>
      <x196>573</x196>
      <y196>802</y196>
      <x197>578</x197>
      <y197>808</y197>
      <x198>579</x198>
      <y198>816</y198>
      <x199>575</x199>
      <y199>818</y199>
      <x200>574</x200>
      <y200>823</y200>
      <x201>571</x201>
      <y201>827</y201>
      <x202>568</x202>
      <y202>826</y202>
      <x203>564</x203>
      <y203>822</y203>
      <x204>564</x204>
      <y204>820</y204>
      <x205>567</x205>
      <y205>816</y205>
      <x206>563</x206>
      <y206>815</y206>
      <x207>559</x207>
      <y207>819</y207>
      <x208>555</x208>
      <y208>819</y208>
      <x209>551</x209>
      <y209>817</y209>
      <x210>539</x210>
      <y210>815</y210>
      <x211>529</x211>
      <y211>811</y211>
      <x212>518</x212>
      <y212>811</y212>
      <x213>516</x213>
      <y213>810</y213>
      <x214>514</x214>
      <y214>807</y214>
      <x215>513</x215>
      <y215>801</y215>
      <x216>506</x216>
      <y216>795</y216>
      <x217>505</x217>
      <y217>790</y217>
      <x218>499</x218>
      <y218>784</y218>
      <x219>491</x219>
      <y219>782</y219>
      <x220>488</x220>
      <y220>778</y220>
      <x221>487</x221>
      <y221>772</y221>
      <x222>479</x222>
      <y222>764</y222>
      <x223>477</x223>
      <y223>759</y223>
      <x224>461</x224>
      <y224>749</y224>
      <x225>457</x225>
      <y225>734</y225>
      <x226>450</x226>
      <y226>732</y226>
      <x227>444</x227>
      <y227>735</y227>
      <x228>440</x228>
      <y228>729</y228>
      <x229>436</x229>
      <y229>728</y229>
      <x230>431</x230>
      <y230>732</y230>
      <x231>430</x231>
      <y231>753</y231>
      <x232>428</x232>
      <y232>760</y232>
      <x233>428</x233>
      <y233>775</y233>
      <x234>421</x234>
      <y234>797</y234>
      <x235>410</x235>
      <y235>819</y235>
      <x236>406</x236>
      <y236>837</y236>
      <x237>402</x237>
      <y237>848</y237>
      <x238>401</x238>
      <y238>883</y238>
      <x239>398</x239>
      <y239>893</y239>
      <x240>394</x240>
      <y240>901</y240>
      <x241>393</x241>
      <y241>911</y241>
      <x242>392</x242>
      <y242>912</y242>
      <x243>396</x243>
      <y243>932</y243>
      <x244>396</x244>
      <y244>938</y244>
      <x245>392</x245>
      <y245>949</y245>
      <x246>388</x246>
      <y246>953</y246>
      <x247>380</x247>
      <y247>954</y247>
      <x248>375</x248>
      <y248>961</y248>
      <x249>375</x249>
      <y249>970</y249>
      <x250>378</x250>
      <y250>977</y250>
      <x251>375</x251>
      <y251>980</y251>
      <x252>372</x252>
      <y252>981</y252>
      <x253>344</x253>
      <y253>980</y253>
      <x254>341</x254>
      <y254>978</y254>
      <x255>331</x255>
      <y255>980</y255>
      <x256>326</x256>
      <y256>978</y256>
      <x257>317</x257>
      <y257>978</y257>
      <x258>314</x258>
      <y258>975</y258>
      <x259>315</x259>
      <y259>970</y259>
      <x260>309</x260>
      <y260>970</y260>
      <x261>309</x261>
      <y261>976</y261>
      <x262>306</x262>
      <y262>979</y262>
      <x263>301</x263>
      <y263>979</y263>
      <x264>297</x264>
      <y264>976</y264>
      <x265>290</x265>
      <y265>979</y265>
      <x266>288</x266>
      <y266>977</y266>
      <x267>288</x267>
      <y267>974</y267>
      <x268>292</x268>
      <y268>970</y268>
      <x269>288</x269>
      <y269>968</y269>
      <x270>282</x270>
      <y270>968</y270>
      <x271>281</x271>
      <y271>970</y271>
      <x272>281</x272>
      <y272>983</y272>
      <x273>291</x273>
      <y273>991</y273>
      <x274>294</x274>
      <y274>991</y274>
      <x275>298</x275>
      <y275>993</y275>
      <x276>304</x276>
      <y276>993</y276>
      <x277>308</x277>
      <y277>998</y277>
      <x278>312</x278>
      <y278>1000</y278>
      <x279>315</x279>
      <y279>1000</y279>
      <x280>319</x280>
      <y280>1003</y280>
      <x281>329</x281>
      <y281>1005</y281>
      <x282>340</x282>
      <y282>1009</y282>
      <x283>344</x283>
      <y283>1009</y283>
      <x284>364</x284>
      <y284>1014</y284>
      <x285>397</x285>
      <y285>1014</y285>
      <x286>398</x286>
      <y286>1015</y286>
      <x287>404</x287>
      <y287>1015</y287>
      <x288>405</x288>
      <y288>1014</y288>
      <x289>418</x289>
      <y289>1013</y289>
      <x290>424</x290>
      <y290>1008</y290>
      <x291>445</x291>
      <y291>1008</y291>
      <x292>446</x292>
      <y292>1007</y292>
      <x293>482</x293>
      <y293>1007</y293>
      <x294>483</x294>
      <y294>1008</y294>
      <x295>496</x295>
      <y295>1008</y295>
      <x296>497</x296>
      <y296>1009</y296>
      <x297>515</x297>
      <y297>1009</y297>
      <x298>533</x298>
      <y298>1003</y298>
      <x299>544</x299>
      <y299>996</y299>
      <x300>556</x300>
      <y300>991</y300>
      <x301>559</x301>
      <y301>983</y301>
      <x302>562</x302>
      <y302>980</y302>
      <x303>571</x303>
      <y303>976</y303>
      <x304>577</x304>
      <y304>975</y304>
      <x305>584</x305>
      <y305>979</y305>
      <x306>604</x306>
      <y306>984</y306>
      <x307>611</x307>
      <y307>984</y307>
      <x308>613</x308>
      <y308>986</y308>
      <x309>614</x309>
      <y309>991</y309>
      <x310>617</x310>
      <y310>994</y310>
      <x311>624</x311>
      <y311>996</y311>
      <x312>630</x312>
      <y312>1001</y312>
      <x313>648</x313>
      <y313>1009</y313>
      <x314>657</x314>
      <y314>1011</y314>
      <x315>667</x315>
      <y315>1011</y315>
      <x316>668</x316>
      <y316>1012</y316>
      <x317>679</x317>
      <y317>1012</y317>
      <x318>685</x318>
      <y318>1010</y318>
      <x319>705</x319>
      <y319>1011</y319>
      <x320>722</x320>
      <y320>1016</y320>
      <x321>733</x321>
      <y321>1016</y321>
      <x322>738</x322>
      <y322>1018</y322>
      <x323>762</x323>
      <y323>1018</y323>
      <x324>763</x324>
      <y324>1019</y324>
      <x325>813</x325>
      <y325>1019</y325>
      <x326>814</x326>
      <y326>1018</y326>
      <x327>817</x327>
      <y327>1019</y327>
      <x328>833</x328>
      <y328>1019</y328>
      <x329>834</x329>
      <y329>1018</y329>
      <x330>839</x330>
      <y330>1019</y330>
      <x331>1062</x331>
      <y331>1019</y331>
      <x332>1063</x332>
      <y332>1018</y332>
      <x333>1076</x333>
      <y333>1018</y333>
      <x334>1077</x334>
      <y334>1017</y334>
      <x335>1103</x335>
      <y335>1017</y335>
      <x336>1104</x336>
      <y336>1016</y336>
      <x337>1115</x337>
      <y337>1016</y337>
      <x338>1123</x338>
      <y338>1013</y338>
      <x339>1137</x339>
      <y339>1012</y339>
      <x340>1148</x340>
      <y340>1009</y340>
      <x341>1159</x341>
      <y341>1008</y341>
      <x342>1171</x342>
      <y342>1004</y342>
      <x343>1189</x343>
      <y343>995</y343>
      <x344>1199</x344>
      <y344>993</y344>
      <x345>1203</x345>
      <y345>991</y345>
      <x346>1208</x346>
      <y346>984</y346>
      <x347>1215</x347>
      <y347>984</y347>
      <x348>1218</x348>
      <y348>982</y348>
      <x349>1226</x349>
      <y349>981</y349>
      <x350>1236</x350>
      <y350>976</y350>
      <x351>1241</x351>
      <y351>975</y351>
      <x352>1249</x352>
      <y352>969</y352>
      <x353>1259</x353>
      <y353>965</y353>
      <x354>1265</x354>
      <y354>960</y354>
      <x355>1269</x355>
      <y355>959</y355>
      <x356>1274</x356>
      <y356>955</y356>
      <x357>1287</x357>
      <y357>950</y357>
      <x358>1302</x358>
      <y358>939</y358>
      <x359>1311</x359>
      <y359>935</y359>
      <x360>1319</x360>
      <y360>927</y360>
      <x361>1327</x361>
      <y361>925</y361>
      <x362>1339</x362>
      <y362>916</y362>
      <x363>1346</x363>
      <y363>909</y363>
      <x364>1352</x364>
      <y364>906</y364>
      <x365>1359</x365>
      <y365>899</y365>
      <x366>1370</x366>
      <y366>893</y366>
      <x367>1378</x367>
      <y367>885</y367>
      <x368>1386</x368>
      <y368>880</y368>
      <x369>1398</x369>
      <y369>868</y369>
      <x370>1408</x370>
      <y370>861</y370>
      <x371>1416</x371>
      <y371>853</y371>
      <x372>1420</x372>
      <y372>851</y372>
      <x373>1431</x373>
      <y373>839</y373>
      <x374>1436</x374>
      <y374>837</y374>
      <x375>1460</x375>
      <y375>813</y375>
      <x376>1465</x376>
      <y376>811</y376>
      <x377>1475</x377>
      <y377>799</y377>
      <x378>1481</x378>
      <y378>795</y378>
      <x379>1484</x379>
      <y379>788</y379>
      <x380>1497</x380>
      <y380>779</y380>
      <x381>1497</x381>
      <y381>777</y381>
      <x382>1501</x382>
      <y382>770</y382>
      <x383>1505</x383>
      <y383>766</y383>
      <x384>1515</x384>
      <y384>744</y384>
      <x385>1524</x385>
      <y385>739</y385>
      <x386>1525</x386>
      <y386>732</y386>
      <x387>1530</x387>
      <y387>727</y387>
      <x388>1534</x388>
      <y388>725</y388>
      <x389>1535</x389>
      <y389>723</y389>
      <x390>1534</x390>
      <y390>722</y390>
      <x391>1534</x391>
      <y391>717</y391>
      <x392>1537</x392>
      <y392>710</y392>
      <x393>1532</x393>
      <y393>703</y393>
      <x394>1534</x394>
      <y394>695</y394>
      <x395>1542</x395>
      <y395>686</y395>
      <x396>1542</x396>
      <y396>682</y396>
      <x397>1547</x397>
      <y397>669</y397>
      <x398>1548</x398>
      <y398>651</y398>
      <x399>1549</x399>
      <y399>650</y399>
      <x400>1547</x400>
      <y400>610</y400>
      <x401>1546</x401>
      <y401>609</y401>
      <x402>1546</x402>
      <y402>604</y402>
      <x403>1543</x403>
      <y403>599</y403>
      <x404>1540</x404>
      <y404>583</y404>
      <x405>1510</x405>
      <y405>528</y405>
      <x406>1499</x406>
      <y406>517</y406>
      <x407>1485</x407>
      <y407>500</y407>
      <x408>1481</x408>
      <y408>490</y408>
      <x409>1481</x409>
      <y409>487</y409>
      <x410>1472</x410>
      <y410>472</y410>
      <x411>1465</x411>
      <y411>451</y411>
      <x412>1464</x412>
      <y412>436</y412>
      <x413>1460</x413>
      <y413>427</y413>
      <x414>1460</x414>
      <y414>418</y414>
      <x415>1457</x415>
      <y415>402</y415>
      <x416>1457</x416>
      <y416>395</y416>
      <x417>1453</x417>
      <y417>385</y417>
      <x418>1443</x418>
      <y418>379</y418>
      <x419>1433</x419>
      <y419>369</y419>
      <x420>1424</x420>
      <y420>365</y420>
      <x421>1408</x421>
      <y421>362</y421>
      <x422>1404</x422>
      <y422>360</y422>
      <x423>1402</x423>
      <y423>357</y423>
      <x424>1402</x424>
      <y424>353</y424>
      <x425>1408</x425>
      <y425>342</y425>
      <x426>1410</x426>
      <y426>322</y426>
      <x427>1412</x427>
      <y427>317</y427>
      <x428>1412</x428>
      <y428>293</y428>
      <x429>1411</x429>
      <y429>288</y429>
      <x430>1412</x430>
      <y430>287</y430>
      <x431>1413</x431>
      <y431>275</y431>
      <x432>1418</x432>
      <y432>262</y432>
      <x433>1420</x433>
      <y433>252</y433>
      <x434>1420</x434>
      <y434>219</y434>
      <x435>1417</x435>
      <y435>207</y435>
      <x436>1415</x436>
      <y436>171</y436>
      <x437>1412</x437>
      <y437>163</y437>
      <x438>1411</x438>
      <y438>154</y438>
      <x439>1407</x439>
      <y439>143</y439>
      <x440>1403</x440>
      <y440>136</y440>
      <x441>1401</x441>
      <y441>128</y441>
    </polygon>
  </object>
</annotation>
