<?xml version="1.0" ?>
<annotation>
  <folder>VOC</folder>
  <filename>18-2.png</filename>
  <source>
    <database>roboflow.ai</database>
  </source>
  <size>
    <width>1792</width>
    <height>1024</height>
    <depth>3</depth>
  </size>
  <segmented>0</segmented>
  <object>
    <name>person</name>
    <bndbox>
      <xmin>891</xmin>
      <ymin>68</ymin>
      <xmax>1263</xmax>
      <ymax>1021</ymax>
    </bndbox>
    <polygon>
      <x1>1074</x1>
      <y1>69</y1>
      <x2>1060</x2>
      <y2>68</y2>
      <x3>1059</x3>
      <y3>69</y3>
      <x4>1051</x4>
      <y4>69</y4>
      <x5>1042</x5>
      <y5>71</y5>
      <x6>1030</x6>
      <y6>77</y6>
      <x7>1021</x7>
      <y7>86</y7>
      <x8>1018</x8>
      <y8>94</y8>
      <x9>1019</x9>
      <y9>107</y9>
      <x10>1022</x10>
      <y10>116</y10>
      <x11>1019</x11>
      <y11>121</y11>
      <x12>1019</x12>
      <y12>132</y12>
      <x13>1020</x13>
      <y13>137</y13>
      <x14>1025</x14>
      <y14>142</y14>
      <x15>1030</x15>
      <y15>143</y15>
      <x16>1033</x16>
      <y16>146</y16>
      <x17>1037</x17>
      <y17>155</y17>
      <x18>1038</x18>
      <y18>176</y18>
      <x19>1039</x19>
      <y19>177</y19>
      <x20>1038</x20>
      <y20>180</y20>
      <x21>1034</x21>
      <y21>184</y21>
      <x22>1025</x22>
      <y22>189</y22>
      <x23>1012</x23>
      <y23>201</y23>
      <x24>997</x24>
      <y24>209</y24>
      <x25>986</x25>
      <y25>212</y25>
      <x26>980</x26>
      <y26>215</y26>
      <x27>974</x27>
      <y27>220</y27>
      <x28>959</x28>
      <y28>224</y28>
      <x29>951</x29>
      <y29>229</y29>
      <x30>938</x30>
      <y30>240</y30>
      <x31>935</x31>
      <y31>247</y31>
      <x32>929</x32>
      <y32>256</y32>
      <x33>926</x33>
      <y33>265</y33>
      <x34>921</x34>
      <y34>286</y34>
      <x35>921</x35>
      <y35>291</y35>
      <x36>915</x36>
      <y36>313</y36>
      <x37>913</x37>
      <y37>333</y37>
      <x38>912</x38>
      <y38>334</y38>
      <x39>911</x39>
      <y39>353</y39>
      <x40>909</x40>
      <y40>362</y40>
      <x41>909</x41>
      <y41>374</y41>
      <x42>908</x42>
      <y42>375</y42>
      <x43>908</x43>
      <y43>411</y43>
      <x44>911</x44>
      <y44>420</y44>
      <x45>911</x45>
      <y45>426</y45>
      <x46>909</x46>
      <y46>430</y46>
      <x47>910</x47>
      <y47>458</y47>
      <x48>912</x48>
      <y48>461</y48>
      <x49>920</x49>
      <y49>465</y49>
      <x50>925</x50>
      <y50>474</y50>
      <x51>926</x51>
      <y51>483</y51>
      <x52>929</x52>
      <y52>491</y52>
      <x53>930</x53>
      <y53>499</y53>
      <x54>932</x54>
      <y54>503</y54>
      <x55>937</x55>
      <y55>526</y55>
      <x56>943</x56>
      <y56>538</y56>
      <x57>944</x57>
      <y57>544</y57>
      <x58>947</x58>
      <y58>548</y58>
      <x59>953</x59>
      <y59>564</y59>
      <x60>955</x60>
      <y60>566</y60>
      <x61>957</x61>
      <y61>566</y61>
      <x62>963</x62>
      <y62>557</y62>
      <x63>965</x63>
      <y63>557</y63>
      <x64>969</x64>
      <y64>552</y64>
      <x65>971</x65>
      <y65>554</y65>
      <x66>969</x66>
      <y66>558</y66>
      <x67>968</x67>
      <y67>571</y67>
      <x68>966</x68>
      <y68>575</y68>
      <x69>966</x69>
      <y69>586</y69>
      <x70>972</x70>
      <y70>610</y70>
      <x71>973</x71>
      <y71>630</y71>
      <x72>970</x72>
      <y72>637</y72>
      <x73>970</x73>
      <y73>653</y73>
      <x74>967</x74>
      <y74>668</y74>
      <x75>967</x75>
      <y75>688</y75>
      <x76>965</x76>
      <y76>694</y76>
      <x77>965</x77>
      <y77>707</y77>
      <x78>964</x78>
      <y78>708</y78>
      <x79>963</x79>
      <y79>753</y79>
      <x80>961</x80>
      <y80>758</y80>
      <x81>960</x81>
      <y81>793</y81>
      <x82>953</x82>
      <y82>827</y82>
      <x83>950</x83>
      <y83>834</y83>
      <x84>946</x84>
      <y84>851</y84>
      <x85>936</x85>
      <y85>877</y85>
      <x86>930</x86>
      <y86>901</y86>
      <x87>929</x87>
      <y87>912</y87>
      <x88>928</x88>
      <y88>913</y88>
      <x89>925</x89>
      <y89>952</y89>
      <x90>924</x90>
      <y90>953</y90>
      <x91>924</x91>
      <y91>960</y91>
      <x92>922</x92>
      <y92>966</y92>
      <x93>921</x93>
      <y93>976</y93>
      <x94>918</x94>
      <y94>980</y94>
      <x95>907</x95>
      <y95>981</y95>
      <x96>900</x96>
      <y96>984</y96>
      <x97>897</x97>
      <y97>991</y97>
      <x98>891</x98>
      <y98>998</y98>
      <x99>891</x99>
      <y99>1005</y99>
      <x100>895</x100>
      <y100>1012</y100>
      <x101>902</x101>
      <y101>1019</y101>
      <x102>907</x102>
      <y102>1021</y102>
      <x103>918</x103>
      <y103>1021</y103>
      <x104>919</x104>
      <y104>1020</y104>
      <x105>931</x105>
      <y105>1021</y105>
      <x106>940</x106>
      <y106>1018</y106>
      <x107>944</x107>
      <y107>1011</y107>
      <x108>943</x108>
      <y108>1008</y108>
      <x109>940</x109>
      <y109>1005</y109>
      <x110>940</x110>
      <y110>1003</y110>
      <x111>943</x111>
      <y111>1001</y111>
      <x112>946</x112>
      <y112>995</y112>
      <x113>950</x113>
      <y113>991</y113>
      <x114>959</x114>
      <y114>987</y114>
      <x115>963</x115>
      <y115>982</y115>
      <x116>967</x116>
      <y116>968</y116>
      <x117>970</x117>
      <y117>963</y117>
      <x118>971</x118>
      <y118>957</y118>
      <x119>975</x119>
      <y119>948</y119>
      <x120>975</x120>
      <y120>945</y120>
      <x121>980</x121>
      <y121>935</y121>
      <x122>981</x122>
      <y122>929</y122>
      <x123>985</x123>
      <y123>920</y123>
      <x124>987</x124>
      <y124>911</y124>
      <x125>989</x125>
      <y125>908</y125>
      <x126>989</x126>
      <y126>904</y126>
      <x127>994</x127>
      <y127>885</y127>
      <x128>995</x128>
      <y128>872</y128>
      <x129>998</x129>
      <y129>861</y129>
      <x130>1007</x130>
      <y130>840</y130>
      <x131>1010</x131>
      <y131>836</y131>
      <x132>1015</x132>
      <y132>820</y132>
      <x133>1015</x133>
      <y133>816</y133>
      <x134>1018</x134>
      <y134>809</y134>
      <x135>1019</x135>
      <y135>801</y135>
      <x136>1022</x136>
      <y136>794</y136>
      <x137>1023</x137>
      <y137>787</y137>
      <x138>1028</x138>
      <y138>772</y138>
      <x139>1032</x139>
      <y139>767</y139>
      <x140>1033</x140>
      <y140>759</y140>
      <x141>1040</x141>
      <y141>745</y141>
      <x142>1040</x142>
      <y142>740</y142>
      <x143>1042</x143>
      <y143>736</y143>
      <x144>1042</x144>
      <y144>733</y144>
      <x145>1048</x145>
      <y145>723</y145>
      <x146>1048</x146>
      <y146>719</y146>
      <x147>1054</x147>
      <y147>710</y147>
      <x148>1055</x148>
      <y148>703</y148>
      <x149>1060</x149>
      <y149>692</y149>
      <x150>1063</x150>
      <y150>689</y150>
      <x151>1077</x151>
      <y151>683</y151>
      <x152>1082</x152>
      <y152>683</y152>
      <x153>1090</x153>
      <y153>687</y153>
      <x154>1094</x154>
      <y154>691</y154>
      <x155>1098</x155>
      <y155>702</y155>
      <x156>1099</x156>
      <y156>721</y156>
      <x157>1107</x157>
      <y157>760</y157>
      <x158>1109</x158>
      <y158>789</y158>
      <x159>1110</x159>
      <y159>790</y159>
      <x160>1110</x160>
      <y160>837</y160>
      <x161>1111</x161>
      <y161>838</y161>
      <x162>1111</x162>
      <y162>859</y162>
      <x163>1112</x163>
      <y163>860</y163>
      <x164>1112</x164>
      <y164>875</y164>
      <x165>1104</x165>
      <y165>907</y165>
      <x166>1102</x166>
      <y166>946</y166>
      <x167>1101</x167>
      <y167>947</y167>
      <x168>1099</x168>
      <y168>969</y168>
      <x169>1096</x169>
      <y169>985</y169>
      <x170>1096</x170>
      <y170>993</y170>
      <x171>1098</x171>
      <y171>999</y171>
      <x172>1096</x172>
      <y172>1005</y172>
      <x173>1087</x173>
      <y173>1013</y173>
      <x174>1083</x174>
      <y174>1019</y174>
      <x175>1087</x175>
      <y175>1021</y175>
      <x176>1108</x176>
      <y176>1021</y176>
      <x177>1109</x177>
      <y177>1020</y177>
      <x178>1133</x178>
      <y178>1020</y178>
      <x179>1134</x179>
      <y179>1019</y179>
      <x180>1145</x180>
      <y180>1018</y180>
      <x181>1170</x181>
      <y181>1006</y181>
      <x182>1174</x182>
      <y182>998</y182>
      <x183>1173</x183>
      <y183>989</y183>
      <x184>1171</x184>
      <y184>987</y184>
      <x185>1166</x185>
      <y185>985</y185>
      <x186>1155</x186>
      <y186>986</y186>
      <x187>1148</x187>
      <y187>984</y187>
      <x188>1146</x188>
      <y188>982</y188>
      <x189>1146</x189>
      <y189>976</y189>
      <x190>1151</x190>
      <y190>966</y190>
      <x191>1157</x191>
      <y191>947</y191>
      <x192>1159</x192>
      <y192>944</y192>
      <x193>1165</x193>
      <y193>925</y193>
      <x194>1167</x194>
      <y194>912</y194>
      <x195>1169</x195>
      <y195>907</y195>
      <x196>1172</x196>
      <y196>874</y196>
      <x197>1173</x197>
      <y197>873</y197>
      <x198>1173</x198>
      <y198>864</y198>
      <x199>1179</x199>
      <y199>836</y199>
      <x200>1180</x200>
      <y200>805</y200>
      <x201>1184</x201>
      <y201>792</y201>
      <x202>1185</x202>
      <y202>782</y202>
      <x203>1187</x203>
      <y203>777</y203>
      <x204>1193</x204>
      <y204>743</y204>
      <x205>1195</x205>
      <y205>738</y205>
      <x206>1196</x206>
      <y206>722</y206>
      <x207>1197</x207>
      <y207>721</y207>
      <x208>1197</x208>
      <y208>714</y208>
      <x209>1198</x209>
      <y209>713</y209>
      <x210>1199</x210>
      <y210>698</y210>
      <x211>1200</x211>
      <y211>697</y211>
      <x212>1201</x212>
      <y212>651</y212>
      <x213>1204</x213>
      <y213>639</y213>
      <x214>1204</x214>
      <y214>633</y214>
      <x215>1208</x215>
      <y215>626</y215>
      <x216>1210</x216>
      <y216>618</y216>
      <x217>1215</x217>
      <y217>612</y217>
      <x218>1218</x218>
      <y218>603</y218>
      <x219>1224</x219>
      <y219>597</y219>
      <x220>1228</x220>
      <y220>589</y220>
      <x221>1231</x221>
      <y221>570</y221>
      <x222>1235</x222>
      <y222>560</y222>
      <x223>1237</x223>
      <y223>549</y223>
      <x224>1240</x224>
      <y224>543</y224>
      <x225>1241</x225>
      <y225>535</y225>
      <x226>1247</x226>
      <y226>515</y226>
      <x227>1248</x227>
      <y227>506</y227>
      <x228>1250</x228>
      <y228>501</y228>
      <x229>1250</x229>
      <y229>493</y229>
      <x230>1252</x230>
      <y230>487</y230>
      <x231>1252</x231>
      <y231>477</y231>
      <x232>1262</x232>
      <y232>466</y232>
      <x233>1263</x233>
      <y233>453</y233>
      <x234>1262</x234>
      <y234>452</y234>
      <x235>1261</x235>
      <y235>439</y235>
      <x236>1256</x236>
      <y236>429</y236>
      <x237>1256</x237>
      <y237>412</y237>
      <x238>1255</x238>
      <y238>411</y238>
      <x239>1254</x239>
      <y239>387</y239>
      <x240>1253</x240>
      <y240>386</y240>
      <x241>1250</x241>
      <y241>365</y241>
      <x242>1247</x242>
      <y242>356</y242>
      <x243>1245</x243>
      <y243>341</y243>
      <x244>1242</x244>
      <y244>331</y244>
      <x245>1239</x245>
      <y245>310</y245>
      <x246>1236</x246>
      <y246>303</y246>
      <x247>1232</x247>
      <y247>282</y247>
      <x248>1228</x248>
      <y248>274</y248>
      <x249>1225</x249>
      <y249>264</y249>
      <x250>1223</x250>
      <y250>262</y250>
      <x251>1220</x251>
      <y251>254</y251>
      <x252>1202</x252>
      <y252>235</y252>
      <x253>1194</x253>
      <y253>230</y253>
      <x254>1187</x254>
      <y254>228</y254>
      <x255>1178</x255>
      <y255>222</y255>
      <x256>1167</x256>
      <y256>220</y256>
      <x257>1156</x257>
      <y257>214</y257>
      <x258>1153</x258>
      <y258>214</y258>
      <x259>1139</x259>
      <y259>207</y259>
      <x260>1137</x260>
      <y260>207</y260>
      <x261>1130</x261>
      <y261>203</y261>
      <x262>1120</x262>
      <y262>193</y262>
      <x263>1109</x263>
      <y263>185</y263>
      <x264>1102</x264>
      <y264>177</y264>
      <x265>1103</x265>
      <y265>153</y265>
      <x266>1106</x266>
      <y266>146</y266>
      <x267>1115</x267>
      <y267>138</y267>
      <x268>1117</x268>
      <y268>134</y268>
      <x269>1117</x269>
      <y269>125</y269>
      <x270>1114</x270>
      <y270>118</y270>
      <x271>1116</x271>
      <y271>108</y271>
      <x272>1114</x272>
      <y272>94</y272>
      <x273>1111</x273>
      <y273>89</y273>
      <x274>1098</x274>
      <y274>77</y274>
      <x275>1092</x275>
      <y275>74</y275>
    </polygon>
  </object>
  <object>
    <name>person</name>
    <bndbox>
      <xmin>348</xmin>
      <ymin>224</ymin>
      <xmax>558</xmax>
      <ymax>715</ymax>
    </bndbox>
    <polygon>
      <x1>452</x1>
      <y1>224</y1>
      <x2>438</x2>
      <y2>230</y2>
      <x3>424</x3>
      <y3>240</y3>
      <x4>414</x4>
      <y4>258</y4>
      <x5>410</x5>
      <y5>269</y5>
      <x6>407</x6>
      <y6>284</y6>
      <x7>407</x7>
      <y7>308</y7>
      <x8>406</x8>
      <y8>313</y8>
      <x9>407</x9>
      <y9>314</y9>
      <x10>408</x10>
      <y10>334</y10>
      <x11>409</x11>
      <y11>335</y11>
      <x12>408</x12>
      <y12>362</y12>
      <x13>409</x13>
      <y13>363</y13>
      <x14>409</x14>
      <y14>376</y14>
      <x15>411</x15>
      <y15>380</y15>
      <x16>411</x16>
      <y16>389</y16>
      <x17>405</x17>
      <y17>395</y17>
      <x18>386</x18>
      <y18>405</y18>
      <x19>376</x19>
      <y19>413</y19>
      <x20>372</x20>
      <y20>415</y20>
      <x21>368</x21>
      <y21>415</y21>
      <x22>360</x22>
      <y22>420</y22>
      <x23>353</x23>
      <y23>430</y23>
      <x24>350</x24>
      <y24>438</y24>
      <x25>349</x25>
      <y25>448</y25>
      <x26>348</x26>
      <y26>449</y26>
      <x27>348</x27>
      <y27>468</y27>
      <x28>349</x28>
      <y28>469</y28>
      <x29>349</x29>
      <y29>481</y29>
      <x30>350</x30>
      <y30>482</y30>
      <x31>350</x31>
      <y31>492</y31>
      <x32>351</x32>
      <y32>493</y32>
      <x33>350</x33>
      <y33>532</y33>
      <x34>354</x34>
      <y34>549</y34>
      <x35>355</x35>
      <y35>572</y35>
      <x36>361</x36>
      <y36>586</y36>
      <x37>367</x37>
      <y37>591</y37>
      <x38>378</x38>
      <y38>589</y38>
      <x39>380</x39>
      <y39>587</y39>
      <x40>382</x40>
      <y40>581</y40>
      <x41>383</x41>
      <y41>567</y41>
      <x42>381</x42>
      <y42>557</y42>
      <x43>381</x43>
      <y43>539</y43>
      <x44>380</x44>
      <y44>538</y44>
      <x45>381</x45>
      <y45>534</y45>
      <x46>381</x46>
      <y46>512</y46>
      <x47>382</x47>
      <y47>511</y47>
      <x48>383</x48>
      <y48>500</y48>
      <x49>387</x49>
      <y49>493</y49>
      <x50>390</x50>
      <y50>497</y50>
      <x51>392</x51>
      <y51>507</y51>
      <x52>397</x52>
      <y52>517</y52>
      <x53>399</x53>
      <y53>525</y53>
      <x54>405</x54>
      <y54>535</y54>
      <x55>407</x55>
      <y55>541</y55>
      <x56>408</x56>
      <y56>556</y56>
      <x57>409</x57>
      <y57>557</y57>
      <x58>409</x58>
      <y58>574</y58>
      <x59>410</x59>
      <y59>575</y59>
      <x60>409</x60>
      <y60>579</y60>
      <x61>410</x61>
      <y61>639</y61>
      <x62>409</x62>
      <y62>642</y62>
      <x63>405</x63>
      <y63>646</y63>
      <x64>397</x64>
      <y64>648</y64>
      <x65>384</x65>
      <y65>655</y65>
      <x66>382</x66>
      <y66>655</y66>
      <x67>377</x67>
      <y67>660</y67>
      <x68>371</x68>
      <y68>674</y68>
      <x69>371</x69>
      <y69>677</y69>
      <x70>373</x70>
      <y70>680</y70>
      <x71>379</x71>
      <y71>683</y71>
      <x72>406</x72>
      <y72>691</y72>
      <x73>414</x73>
      <y73>695</y73>
      <x74>448</x74>
      <y74>705</y74>
      <x75>465</x75>
      <y75>712</y75>
      <x76>478</x76>
      <y76>715</y76>
      <x77>487</x77>
      <y77>715</y77>
      <x78>499</x78>
      <y78>712</y78>
      <x79>511</x79>
      <y79>707</y79>
      <x80>518</x80>
      <y80>702</y80>
      <x81>524</x81>
      <y81>696</y81>
      <x82>526</x82>
      <y82>692</y82>
      <x83>541</x83>
      <y83>679</y83>
      <x84>542</x84>
      <y84>677</y84>
      <x85>542</x85>
      <y85>659</y85>
      <x86>544</x86>
      <y86>649</y86>
      <x87>547</x87>
      <y87>644</y87>
      <x88>549</x88>
      <y88>637</y88>
      <x89>553</x89>
      <y89>633</y89>
      <x90>556</x90>
      <y90>632</y90>
      <x91>558</x91>
      <y91>626</y91>
      <x92>544</x92>
      <y92>602</y92>
      <x93>534</x93>
      <y93>591</y93>
      <x94>528</x94>
      <y94>581</y94>
      <x95>516</x95>
      <y95>568</y95>
      <x96>515</x96>
      <y96>563</y96>
      <x97>505</x97>
      <y97>555</y97>
      <x98>500</x98>
      <y98>538</y98>
      <x99>501</x99>
      <y99>527</y99>
      <x100>503</x100>
      <y100>523</y100>
      <x101>506</x101>
      <y101>521</y101>
      <x102>512</x102>
      <y102>525</y102>
      <x103>522</x103>
      <y103>528</y103>
      <x104>537</x104>
      <y104>529</y104>
      <x105>542</x105>
      <y105>527</y105>
      <x106>546</x106>
      <y106>520</y106>
      <x107>546</x107>
      <y107>497</y107>
      <x108>545</x108>
      <y108>496</y108>
      <x109>545</x109>
      <y109>491</y109>
      <x110>542</x110>
      <y110>484</y110>
      <x111>540</x111>
      <y111>468</y111>
      <x112>536</x112>
      <y112>456</y112>
      <x113>536</x113>
      <y113>452</y113>
      <x114>529</x114>
      <y114>427</y114>
      <x115>529</x115>
      <y115>421</y115>
      <x116>527</x116>
      <y116>417</y116>
      <x117>526</x117>
      <y117>410</y117>
      <x118>522</x118>
      <y118>403</y118>
      <x119>518</x119>
      <y119>388</y119>
      <x120>509</x120>
      <y120>374</y120>
      <x121>509</x121>
      <y121>354</y121>
      <x122>510</x122>
      <y122>353</y122>
      <x123>509</x123>
      <y123>351</y123>
      <x124>509</x124>
      <y124>333</y124>
      <x125>505</x125>
      <y125>321</y125>
      <x126>504</x126>
      <y126>310</y126>
      <x127>500</x127>
      <y127>294</y127>
      <x128>500</x128>
      <y128>286</y128>
      <x129>499</x129>
      <y129>285</y129>
      <x130>500</x130>
      <y130>265</y130>
      <x131>498</x131>
      <y131>256</y131>
      <x132>492</x132>
      <y132>246</y132>
      <x133>491</x133>
      <y133>240</y133>
      <x134>482</x134>
      <y134>231</y134>
      <x135>472</x135>
      <y135>226</y135>
      <x136>465</x136>
      <y136>224</y136>
    </polygon>
  </object>
</annotation>
