<?xml version="1.0" ?>
<annotation>
  <folder>VOC</folder>
  <filename>20-1.png</filename>
  <source>
    <database>roboflow.ai</database>
  </source>
  <size>
    <width>1792</width>
    <height>1024</height>
    <depth>3</depth>
  </size>
  <segmented>0</segmented>
  <object>
    <name>person</name>
    <bndbox>
      <xmin>687</xmin>
      <ymin>542</ymin>
      <xmax>789</xmax>
      <ymax>684</ymax>
    </bndbox>
    <polygon>
      <x1>721</x1>
      <y1>543</y1>
      <x2>717</x2>
      <y2>546</y2>
      <x3>713</x3>
      <y3>556</y3>
      <x4>705</x4>
      <y4>565</y4>
      <x5>699</x5>
      <y5>576</y5>
      <x6>697</x6>
      <y6>584</y6>
      <x7>695</x7>
      <y7>609</y7>
      <x8>687</x8>
      <y8>637</y8>
      <x9>688</x9>
      <y9>660</y9>
      <x10>693</x10>
      <y10>668</y10>
      <x11>703</x11>
      <y11>675</y11>
      <x12>720</x12>
      <y12>678</y12>
      <x13>728</x13>
      <y13>682</y13>
      <x14>737</x14>
      <y14>684</y14>
      <x15>747</x15>
      <y15>683</y15>
      <x16>751</x16>
      <y16>678</y16>
      <x17>758</x17>
      <y17>673</y17>
      <x18>765</x18>
      <y18>677</y18>
      <x19>787</x19>
      <y19>676</y19>
      <x20>789</x20>
      <y20>674</y20>
      <x21>788</x21>
      <y21>669</y21>
      <x22>785</x22>
      <y22>667</y22>
      <x23>780</x23>
      <y23>667</y23>
      <x24>776</x24>
      <y24>664</y24>
      <x25>774</x25>
      <y25>649</y25>
      <x26>775</x26>
      <y26>633</y26>
      <x27>783</x27>
      <y27>626</y27>
      <x28>785</x28>
      <y28>620</y28>
      <x29>784</x29>
      <y29>617</y29>
      <x30>781</x30>
      <y30>614</y30>
      <x31>753</x31>
      <y31>615</y31>
      <x32>745</x32>
      <y32>609</y32>
      <x33>737</x33>
      <y33>596</y33>
      <x34>736</x34>
      <y34>590</y34>
      <x35>729</x35>
      <y35>582</y35>
      <x36>727</x36>
      <y36>577</y36>
      <x37>728</x37>
      <y37>571</y37>
      <x38>733</x38>
      <y38>568</y38>
      <x39>737</x39>
      <y39>563</y39>
      <x40>740</x40>
      <y40>548</y40>
      <x41>737</x41>
      <y41>544</y41>
      <x42>732</x42>
      <y42>542</y42>
    </polygon>
  </object>
  <object>
    <name>person</name>
    <bndbox>
      <xmin>912</xmin>
      <ymin>541</ymin>
      <xmax>1017</xmax>
      <ymax>742</ymax>
    </bndbox>
    <polygon>
      <x1>969</x1>
      <y1>541</y1>
      <x2>961</x2>
      <y2>541</y2>
      <x3>956</x3>
      <y3>543</y3>
      <x4>952</x4>
      <y4>548</y4>
      <x5>953</x5>
      <y5>562</y5>
      <x6>957</x6>
      <y6>571</y6>
      <x7>962</x7>
      <y7>577</y7>
      <x8>962</x8>
      <y8>582</y8>
      <x9>951</x9>
      <y9>593</y9>
      <x10>940</x10>
      <y10>610</y10>
      <x11>934</x11>
      <y11>614</y11>
      <x12>926</x12>
      <y12>605</y12>
      <x13>920</x13>
      <y13>593</y13>
      <x14>915</x14>
      <y14>590</y14>
      <x15>912</x15>
      <y15>591</y15>
      <x16>913</x16>
      <y16>599</y16>
      <x17>918</x17>
      <y17>607</y17>
      <x18>919</x18>
      <y18>614</y18>
      <x19>926</x19>
      <y19>627</y19>
      <x20>932</x20>
      <y20>633</y20>
      <x21>946</x21>
      <y21>633</y21>
      <x22>947</x22>
      <y22>634</y22>
      <x23>946</x23>
      <y23>642</y23>
      <x24>943</x24>
      <y24>647</y24>
      <x25>942</x25>
      <y25>655</y25>
      <x26>937</x26>
      <y26>671</y26>
      <x27>935</x27>
      <y27>687</y27>
      <x28>932</x28>
      <y28>697</y28>
      <x29>932</x29>
      <y29>703</y29>
      <x30>929</x30>
      <y30>713</y30>
      <x31>929</x31>
      <y31>722</y31>
      <x32>938</x32>
      <y32>730</y32>
      <x33>943</x33>
      <y33>732</y33>
      <x34>953</x34>
      <y34>742</y34>
      <x35>959</x35>
      <y35>742</y35>
      <x36>965</x36>
      <y36>737</y36>
      <x37>977</x37>
      <y37>733</y37>
      <x38>988</x38>
      <y38>731</y38>
      <x39>993</x39>
      <y39>724</y39>
      <x40>998</x40>
      <y40>723</y40>
      <x41>1002</x41>
      <y41>719</y41>
      <x42>1008</x42>
      <y42>708</y42>
      <x43>1011</x43>
      <y43>698</y43>
      <x44>1017</x44>
      <y44>695</y44>
      <x45>1016</x45>
      <y45>675</y45>
      <x46>1013</x46>
      <y46>663</y46>
      <x47>1012</x47>
      <y47>650</y47>
      <x48>1010</x48>
      <y48>644</y48>
      <x49>1010</x49>
      <y49>638</y49>
      <x50>1006</x50>
      <y50>620</y50>
      <x51>1005</x51>
      <y51>609</y51>
      <x52>1003</x52>
      <y52>604</y52>
      <x53>1003</x53>
      <y53>597</y53>
      <x54>1000</x54>
      <y54>589</y54>
      <x55>1000</x55>
      <y55>584</y55>
      <x56>994</x56>
      <y56>572</y56>
      <x57>991</x57>
      <y57>569</y57>
      <x58>985</x58>
      <y58>568</y58>
      <x59>983</x59>
      <y59>566</y59>
      <x60>982</x60>
      <y60>555</y60>
      <x61>980</x61>
      <y61>550</y61>
      <x62>975</x62>
      <y62>544</y62>
    </polygon>
  </object>
  <object>
    <name>person</name>
    <bndbox>
      <xmin>834</xmin>
      <ymin>556</ymin>
      <xmax>914</xmax>
      <ymax>746</ymax>
    </bndbox>
    <polygon>
      <x1>861</x1>
      <y1>556</y1>
      <x2>860</x2>
      <y2>557</y2>
      <x3>855</x3>
      <y3>557</y3>
      <x4>853</x4>
      <y4>559</y4>
      <x5>851</x5>
      <y5>559</y5>
      <x6>847</x6>
      <y6>563</y6>
      <x7>849</x7>
      <y7>576</y7>
      <x8>856</x8>
      <y8>583</y8>
      <x9>859</x9>
      <y9>590</y9>
      <x10>854</x10>
      <y10>599</y10>
      <x11>855</x11>
      <y11>618</y11>
      <x12>850</x12>
      <y12>623</y12>
      <x13>844</x13>
      <y13>634</y13>
      <x14>839</x14>
      <y14>654</y14>
      <x15>836</x15>
      <y15>682</y15>
      <x16>835</x16>
      <y16>683</y16>
      <x17>834</x17>
      <y17>718</y17>
      <x18>837</x18>
      <y18>725</y18>
      <x19>843</x19>
      <y19>734</y19>
      <x20>849</x20>
      <y20>740</y20>
      <x21>871</x21>
      <y21>746</y21>
      <x22>879</x22>
      <y22>744</y22>
      <x23>885</x23>
      <y23>741</y23>
      <x24>888</x24>
      <y24>741</y24>
      <x25>894</x25>
      <y25>736</y25>
      <x26>904</x26>
      <y26>730</y26>
      <x27>907</x27>
      <y27>724</y27>
      <x28>914</x28>
      <y28>715</y28>
      <x29>914</x29>
      <y29>707</y29>
      <x30>912</x30>
      <y30>701</y30>
      <x31>910</x31>
      <y31>683</y31>
      <x32>903</x32>
      <y32>661</y32>
      <x33>903</x33>
      <y33>658</y33>
      <x34>898</x34>
      <y34>647</y34>
      <x35>899</x35>
      <y35>641</y35>
      <x36>902</x36>
      <y36>638</y36>
      <x37>910</x37>
      <y37>634</y37>
      <x38>912</x38>
      <y38>632</y38>
      <x39>913</x39>
      <y39>627</y39>
      <x40>899</x40>
      <y40>628</y40>
      <x41>893</x41>
      <y41>630</y41>
      <x42>887</x42>
      <y42>634</y42>
      <x43>884</x43>
      <y43>634</y43>
      <x44>882</x44>
      <y44>632</y44>
      <x45>882</x45>
      <y45>616</y45>
      <x46>880</x46>
      <y46>612</y46>
      <x47>880</x47>
      <y47>604</y47>
      <x48>877</x48>
      <y48>599</y48>
      <x49>877</x49>
      <y49>592</y49>
      <x50>882</x50>
      <y50>583</y50>
      <x51>882</x51>
      <y51>576</y51>
      <x52>880</x52>
      <y52>573</y52>
      <x53>879</x53>
      <y53>567</y53>
      <x54>876</x54>
      <y54>563</y54>
      <x55>868</x55>
      <y55>557</y55>
    </polygon>
  </object>
  <object>
    <name>person</name>
    <bndbox>
      <xmin>1040</xmin>
      <ymin>722</ymin>
      <xmax>1190</xmax>
      <ymax>889</ymax>
    </bndbox>
    <polygon>
      <x1>1115</x1>
      <y1>722</y1>
      <x2>1109</x2>
      <y2>722</y2>
      <x3>1106</x3>
      <y3>725</y3>
      <x4>1104</x4>
      <y4>730</y4>
      <x5>1104</x5>
      <y5>740</y5>
      <x6>1107</x6>
      <y6>744</y6>
      <x7>1106</x7>
      <y7>751</y7>
      <x8>1102</x8>
      <y8>755</y8>
      <x9>1093</x9>
      <y9>760</y9>
      <x10>1088</x10>
      <y10>766</y10>
      <x11>1088</x11>
      <y11>768</y11>
      <x12>1084</x12>
      <y12>772</y12>
      <x13>1080</x13>
      <y13>774</y13>
      <x14>1068</x14>
      <y14>774</y14>
      <x15>1058</x15>
      <y15>780</y15>
      <x16>1051</x16>
      <y16>787</y16>
      <x17>1049</x17>
      <y17>793</y17>
      <x18>1050</x18>
      <y18>804</y18>
      <x19>1049</x19>
      <y19>805</y19>
      <x20>1048</x20>
      <y20>815</y20>
      <x21>1044</x21>
      <y21>823</y21>
      <x22>1040</x22>
      <y22>835</y22>
      <x23>1042</x23>
      <y23>849</y23>
      <x24>1044</x24>
      <y24>855</y24>
      <x25>1048</x25>
      <y25>861</y25>
      <x26>1060</x26>
      <y26>872</y26>
      <x27>1069</x27>
      <y27>877</y27>
      <x28>1073</x28>
      <y28>881</y28>
      <x29>1087</x29>
      <y29>888</y29>
      <x30>1091</x30>
      <y30>888</y30>
      <x31>1092</x31>
      <y31>889</y31>
      <x32>1117</x32>
      <y32>887</y32>
      <x33>1122</x33>
      <y33>885</y33>
      <x34>1138</x34>
      <y34>883</y34>
      <x35>1148</x35>
      <y35>877</y35>
      <x36>1150</x36>
      <y36>877</y36>
      <x37>1165</x37>
      <y37>870</y37>
      <x38>1182</x38>
      <y38>858</y38>
      <x39>1187</x39>
      <y39>852</y39>
      <x40>1190</x40>
      <y40>845</y40>
      <x41>1190</x41>
      <y41>835</y41>
      <x42>1184</x42>
      <y42>823</y42>
      <x43>1174</x43>
      <y43>812</y43>
      <x44>1169</x44>
      <y44>811</y44>
      <x45>1161</x45>
      <y45>807</y45>
      <x46>1155</x46>
      <y46>800</y46>
      <x47>1145</x47>
      <y47>782</y47>
      <x48>1145</x48>
      <y48>778</y48>
      <x49>1148</x49>
      <y49>774</y49>
      <x50>1148</x50>
      <y50>768</y50>
      <x51>1143</x51>
      <y51>752</y51>
      <x52>1137</x52>
      <y52>745</y52>
      <x53>1127</x53>
      <y53>738</y53>
      <x54>1126</x54>
      <y54>732</y54>
      <x55>1123</x55>
      <y55>727</y55>
    </polygon>
  </object>
  <object>
    <name>person</name>
    <bndbox>
      <xmin>478</xmin>
      <ymin>474</ymin>
      <xmax>571</xmax>
      <ymax>609</ymax>
    </bndbox>
    <polygon>
      <x1>506</x1>
      <y1>474</y1>
      <x2>494</x2>
      <y2>484</y2>
      <x3>493</x3>
      <y3>486</y3>
      <x4>493</x4>
      <y4>492</y4>
      <x5>492</x5>
      <y5>494</y5>
      <x6>488</x6>
      <y6>497</y6>
      <x7>485</x7>
      <y7>502</y7>
      <x8>484</x8>
      <y8>509</y8>
      <x9>482</x9>
      <y9>514</y9>
      <x10>482</x10>
      <y10>518</y10>
      <x11>481</x11>
      <y11>519</y11>
      <x12>481</x12>
      <y12>524</y12>
      <x13>480</x13>
      <y13>525</y13>
      <x14>480</x14>
      <y14>538</y14>
      <x15>479</x15>
      <y15>539</y15>
      <x16>478</x16>
      <y16>558</y16>
      <x17>481</x17>
      <y17>566</y17>
      <x18>497</x18>
      <y18>586</y18>
      <x19>501</x19>
      <y19>593</y19>
      <x20>515</x20>
      <y20>606</y20>
      <x21>522</x21>
      <y21>609</y21>
      <x22>529</x22>
      <y22>606</y22>
      <x23>541</x23>
      <y23>605</y23>
      <x24>549</x24>
      <y24>601</y24>
      <x25>564</x25>
      <y25>591</y25>
      <x26>571</x26>
      <y26>584</y26>
      <x27>571</x27>
      <y27>582</y27>
      <x28>563</x28>
      <y28>565</y28>
      <x29>554</x29>
      <y29>555</y29>
      <x30>548</x30>
      <y30>551</y30>
      <x31>541</x31>
      <y31>544</y31>
      <x32>539</x32>
      <y32>538</y32>
      <x33>533</x33>
      <y33>534</y33>
      <x34>525</x34>
      <y34>532</y34>
      <x35>520</x35>
      <y35>527</y35>
      <x36>516</x36>
      <y36>515</y36>
      <x37>509</x37>
      <y37>502</y37>
      <x38>510</x38>
      <y38>493</y38>
      <x39>513</x39>
      <y39>488</y39>
      <x40>515</x40>
      <y40>479</y40>
      <x41>512</x41>
      <y41>475</y41>
    </polygon>
  </object>
  <object>
    <name>person</name>
    <bndbox>
      <xmin>255</xmin>
      <ymin>529</ymin>
      <xmax>342</xmax>
      <ymax>620</ymax>
    </bndbox>
    <polygon>
      <x1>256</x1>
      <y1>533</y1>
      <x2>255</x2>
      <y2>538</y2>
      <x3>260</x3>
      <y3>547</y3>
      <x4>260</x4>
      <y4>550</y4>
      <x5>255</x5>
      <y5>559</y5>
      <x6>255</x6>
      <y6>568</y6>
      <x7>260</x7>
      <y7>585</y7>
      <x8>265</x8>
      <y8>591</y8>
      <x9>270</x9>
      <y9>594</y9>
      <x10>278</x10>
      <y10>596</y10>
      <x11>291</x11>
      <y11>609</y11>
      <x12>305</x12>
      <y12>613</y12>
      <x13>316</x13>
      <y13>614</y13>
      <x14>324</x14>
      <y14>620</y14>
      <x15>328</x15>
      <y15>619</y15>
      <x16>341</x16>
      <y16>609</y16>
      <x17>342</x17>
      <y17>607</y17>
      <x18>341</x18>
      <y18>601</y18>
      <x19>336</x19>
      <y19>596</y19>
      <x20>326</x20>
      <y20>592</y20>
      <x21>316</x21>
      <y21>581</y21>
      <x22>310</x22>
      <y22>578</y22>
      <x23>302</x23>
      <y23>578</y23>
      <x24>296</x24>
      <y24>573</y24>
      <x25>294</x25>
      <y25>568</y25>
      <x26>285</x26>
      <y26>556</y26>
      <x27>282</x27>
      <y27>547</y27>
      <x28>278</x28>
      <y28>543</y28>
      <x29>276</x29>
      <y29>534</y29>
      <x30>271</x30>
      <y30>529</y30>
      <x31>262</x31>
      <y31>529</y31>
    </polygon>
  </object>
</annotation>
