<?xml version="1.0" ?>
<annotation>
  <folder>VOC</folder>
  <filename>24-1.png</filename>
  <source>
    <database>roboflow.ai</database>
  </source>
  <size>
    <width>1792</width>
    <height>1024</height>
    <depth>3</depth>
  </size>
  <segmented>0</segmented>
  <object>
    <name>person</name>
    <bndbox>
      <xmin>1064</xmin>
      <ymin>332</ymin>
      <xmax>1439</xmax>
      <ymax>733</ymax>
    </bndbox>
    <polygon>
      <x1>1383</x1>
      <y1>333</y1>
      <x2>1378</x2>
      <y2>332</y2>
      <x3>1371</x3>
      <y3>332</y3>
      <x4>1370</x4>
      <y4>333</y4>
      <x5>1355</x5>
      <y5>332</y5>
      <x6>1348</x6>
      <y6>335</y6>
      <x7>1333</x7>
      <y7>335</y7>
      <x8>1323</x8>
      <y8>340</y8>
      <x9>1319</x9>
      <y9>344</y9>
      <x10>1316</x10>
      <y10>351</y10>
      <x11>1316</x11>
      <y11>361</y11>
      <x12>1319</x12>
      <y12>366</y12>
      <x13>1319</x13>
      <y13>373</y13>
      <x14>1315</x14>
      <y14>380</y14>
      <x15>1314</x15>
      <y15>386</y15>
      <x16>1311</x16>
      <y16>390</y16>
      <x17>1310</x17>
      <y17>389</y17>
      <x18>1300</x18>
      <y18>389</y18>
      <x19>1297</x19>
      <y19>391</y19>
      <x20>1286</x20>
      <y20>393</y20>
      <x21>1275</x21>
      <y21>398</y21>
      <x22>1271</x22>
      <y22>398</y22>
      <x23>1261</x23>
      <y23>402</y23>
      <x24>1244</x24>
      <y24>406</y24>
      <x25>1237</x25>
      <y25>410</y25>
      <x26>1226</x26>
      <y26>413</y26>
      <x27>1213</x27>
      <y27>422</y27>
      <x28>1208</x28>
      <y28>424</y28>
      <x29>1195</x29>
      <y29>425</y29>
      <x30>1194</x30>
      <y30>426</y30>
      <x31>1163</x31>
      <y31>425</y31>
      <x32>1149</x32>
      <y32>428</y32>
      <x33>1143</x33>
      <y33>433</y33>
      <x34>1141</x34>
      <y34>438</y34>
      <x35>1142</x35>
      <y35>445</y35>
      <x36>1139</x36>
      <y36>451</y36>
      <x37>1117</x37>
      <y37>462</y37>
      <x38>1089</x38>
      <y38>472</y38>
      <x39>1087</x39>
      <y39>474</y39>
      <x40>1084</x40>
      <y40>488</y40>
      <x41>1080</x41>
      <y41>494</y41>
      <x42>1076</x42>
      <y42>506</y42>
      <x43>1071</x43>
      <y43>516</y43>
      <x44>1066</x44>
      <y44>521</y44>
      <x45>1064</x45>
      <y45>528</y45>
      <x46>1067</x46>
      <y46>532</y46>
      <x47>1070</x47>
      <y47>532</y47>
      <x48>1078</x48>
      <y48>528</y48>
      <x49>1085</x49>
      <y49>520</y49>
      <x50>1089</x50>
      <y50>518</y50>
      <x51>1093</x51>
      <y51>514</y51>
      <x52>1094</x52>
      <y52>510</y52>
      <x53>1097</x53>
      <y53>507</y53>
      <x54>1106</x54>
      <y54>507</y54>
      <x55>1109</x55>
      <y55>510</y55>
      <x56>1109</x56>
      <y56>521</y56>
      <x57>1110</x57>
      <y57>522</y57>
      <x58>1116</x58>
      <y58>521</y58>
      <x59>1124</x59>
      <y59>515</y59>
      <x60>1141</x60>
      <y60>497</y60>
      <x61>1143</x61>
      <y61>493</y61>
      <x62>1148</x62>
      <y62>488</y62>
      <x63>1149</x63>
      <y63>484</y63>
      <x64>1152</x64>
      <y64>480</y64>
      <x65>1155</x65>
      <y65>482</y65>
      <x66>1160</x66>
      <y66>483</y66>
      <x67>1164</x67>
      <y67>487</y67>
      <x68>1169</x68>
      <y68>489</y68>
      <x69>1181</x69>
      <y69>489</y69>
      <x70>1200</x70>
      <y70>484</y70>
      <x71>1209</x71>
      <y71>480</y71>
      <x72>1219</x72>
      <y72>478</y72>
      <x73>1245</x73>
      <y73>478</y73>
      <x74>1248</x74>
      <y74>477</y74>
      <x75>1252</x75>
      <y75>479</y75>
      <x76>1250</x76>
      <y76>482</y76>
      <x77>1243</x77>
      <y77>483</y77>
      <x78>1237</x78>
      <y78>488</y78>
      <x79>1231</x79>
      <y79>491</y79>
      <x80>1217</x80>
      <y80>495</y80>
      <x81>1216</x81>
      <y81>497</y81>
      <x82>1216</x82>
      <y82>502</y82>
      <x83>1218</x83>
      <y83>506</y83>
      <x84>1220</x84>
      <y84>522</y84>
      <x85>1222</x85>
      <y85>527</y85>
      <x86>1222</x86>
      <y86>536</y86>
      <x87>1224</x87>
      <y87>546</y87>
      <x88>1224</x88>
      <y88>576</y88>
      <x89>1223</x89>
      <y89>577</y89>
      <x90>1223</x90>
      <y90>585</y90>
      <x91>1222</x91>
      <y91>586</y91>
      <x92>1220</x92>
      <y92>606</y92>
      <x93>1218</x93>
      <y93>610</y93>
      <x94>1214</x94>
      <y94>630</y94>
      <x95>1213</x95>
      <y95>631</y95>
      <x96>1204</x96>
      <y96>628</y96>
      <x97>1202</x97>
      <y97>626</y97>
      <x98>1189</x98>
      <y98>620</y98>
      <x99>1173</x99>
      <y99>619</y99>
      <x100>1171</x100>
      <y100>620</y100>
      <x101>1171</x101>
      <y101>626</y101>
      <x102>1168</x102>
      <y102>629</y102>
      <x103>1164</x103>
      <y103>630</y103>
      <x104>1160</x104>
      <y104>634</y104>
      <x105>1156</x105>
      <y105>645</y105>
      <x106>1157</x106>
      <y106>659</y106>
      <x107>1159</x107>
      <y107>663</y107>
      <x108>1164</x108>
      <y108>668</y108>
      <x109>1162</x109>
      <y109>674</y109>
      <x110>1164</x110>
      <y110>682</y110>
      <x111>1169</x111>
      <y111>691</y111>
      <x112>1177</x112>
      <y112>700</y112>
      <x113>1178</x113>
      <y113>703</y113>
      <x114>1180</x114>
      <y114>705</y114>
      <x115>1188</x115>
      <y115>708</y115>
      <x116>1192</x116>
      <y116>712</y116>
      <x117>1198</x117>
      <y117>722</y117>
      <x118>1199</x118>
      <y118>730</y118>
      <x119>1201</x119>
      <y119>733</y119>
      <x120>1213</x120>
      <y120>733</y120>
      <x121>1222</x121>
      <y121>730</y121>
      <x122>1238</x122>
      <y122>727</y122>
      <x123>1251</x123>
      <y123>727</y123>
      <x124>1270</x124>
      <y124>719</y124>
      <x125>1284</x125>
      <y125>719</y125>
      <x126>1291</x126>
      <y126>724</y126>
      <x127>1301</x127>
      <y127>726</y127>
      <x128>1308</x128>
      <y128>726</y128>
      <x129>1363</x129>
      <y129>713</y129>
      <x130>1376</x130>
      <y130>700</y130>
      <x131>1382</x131>
      <y131>688</y131>
      <x132>1399</x132>
      <y132>664</y132>
      <x133>1408</x133>
      <y133>645</y133>
      <x134>1410</x134>
      <y134>638</y134>
      <x135>1425</x135>
      <y135>619</y135>
      <x136>1425</x136>
      <y136>614</y136>
      <x137>1431</x137>
      <y137>600</y137>
      <x138>1431</x138>
      <y138>594</y138>
      <x139>1433</x139>
      <y139>589</y139>
      <x140>1434</x140>
      <y140>577</y140>
      <x141>1437</x141>
      <y141>565</y141>
      <x142>1439</x142>
      <y142>524</y142>
      <x143>1438</x143>
      <y143>523</y143>
      <x144>1435</x144>
      <y144>495</y144>
      <x145>1430</x145>
      <y145>484</y145>
      <x146>1430</x146>
      <y146>480</y146>
      <x147>1427</x147>
      <y147>470</y147>
      <x148>1424</x148>
      <y148>466</y148>
      <x149>1423</x149>
      <y149>460</y149>
      <x150>1420</x150>
      <y150>453</y150>
      <x151>1417</x151>
      <y151>449</y151>
      <x152>1410</x152>
      <y152>444</y152>
      <x153>1410</x153>
      <y153>438</y153>
      <x154>1416</x154>
      <y154>424</y154>
      <x155>1426</x155>
      <y155>413</y155>
      <x156>1432</x156>
      <y156>402</y156>
      <x157>1432</x157>
      <y157>397</y157>
      <x158>1433</x158>
      <y158>396</y158>
      <x159>1432</x159>
      <y159>393</y159>
      <x160>1432</x160>
      <y160>380</y160>
      <x161>1426</x161>
      <y161>366</y161>
      <x162>1418</x162>
      <y162>356</y162>
    </polygon>
  </object>
  <object>
    <name>person</name>
    <bndbox>
      <xmin>363</xmin>
      <ymin>317</ymin>
      <xmax>676</xmax>
      <ymax>730</ymax>
    </bndbox>
    <polygon>
      <x1>426</x1>
      <y1>319</y1>
      <x2>416</x2>
      <y2>322</y2>
      <x3>402</x3>
      <y3>329</y3>
      <x4>393</x4>
      <y4>336</y4>
      <x5>385</x5>
      <y5>346</y5>
      <x6>375</x6>
      <y6>366</y6>
      <x7>374</x7>
      <y7>376</y7>
      <x8>373</x8>
      <y8>377</y8>
      <x9>372</x9>
      <y9>396</y9>
      <x10>370</x10>
      <y10>402</y10>
      <x11>370</x11>
      <y11>417</y11>
      <x12>371</x12>
      <y12>418</y12>
      <x13>371</x13>
      <y13>425</y13>
      <x14>377</x14>
      <y14>436</y14>
      <x15>379</x15>
      <y15>445</y15>
      <x16>376</x16>
      <y16>454</y16>
      <x17>369</x17>
      <y17>463</y17>
      <x18>365</x18>
      <y18>471</y18>
      <x19>365</x19>
      <y19>480</y19>
      <x20>363</x20>
      <y20>487</y20>
      <x21>363</x21>
      <y21>508</y21>
      <x22>365</x22>
      <y22>513</y22>
      <x23>365</x23>
      <y23>523</y23>
      <x24>368</x24>
      <y24>532</y24>
      <x25>370</x25>
      <y25>546</y25>
      <x26>376</x26>
      <y26>561</y26>
      <x27>381</x27>
      <y27>581</y27>
      <x28>385</x28>
      <y28>590</y28>
      <x29>385</x29>
      <y29>594</y29>
      <x30>392</x30>
      <y30>608</y30>
      <x31>395</x31>
      <y31>611</y31>
      <x32>395</x32>
      <y32>619</y32>
      <x33>398</x33>
      <y33>625</y33>
      <x34>402</x34>
      <y34>629</y34>
      <x35>407</x35>
      <y35>641</y35>
      <x36>407</x36>
      <y36>648</y36>
      <x37>398</x37>
      <y37>659</y37>
      <x38>399</x38>
      <y38>668</y38>
      <x39>402</x39>
      <y39>672</y39>
      <x40>406</x40>
      <y40>683</y40>
      <x41>424</x41>
      <y41>701</y41>
      <x42>429</x42>
      <y42>703</y42>
      <x43>435</x43>
      <y43>708</y43>
      <x44>441</x44>
      <y44>711</y44>
      <x45>452</x45>
      <y45>714</y45>
      <x46>464</x46>
      <y46>726</y46>
      <x47>478</x47>
      <y47>730</y47>
      <x48>508</x48>
      <y48>730</y48>
      <x49>512</x49>
      <y49>728</y49>
      <x50>518</x50>
      <y50>721</y50>
      <x51>521</x51>
      <y51>715</y51>
      <x52>521</x52>
      <y52>711</y52>
      <x53>523</x53>
      <y53>707</y53>
      <x54>529</x54>
      <y54>703</y54>
      <x55>544</x55>
      <y55>703</y55>
      <x56>554</x56>
      <y56>706</y56>
      <x57>568</x57>
      <y57>707</y57>
      <x58>575</x58>
      <y58>709</y58>
      <x59>584</x59>
      <y59>708</y59>
      <x60>586</x60>
      <y60>704</y60>
      <x61>583</x61>
      <y61>696</y61>
      <x62>580</x62>
      <y62>693</y62>
      <x63>557</x63>
      <y63>647</y63>
      <x64>558</x64>
      <y64>633</y64>
      <x65>568</x65>
      <y65>623</y65>
      <x66>579</x66>
      <y66>620</y66>
      <x67>599</x67>
      <y67>611</y67>
      <x68>615</x68>
      <y68>594</y68>
      <x69>628</x69>
      <y69>588</y69>
      <x70>642</x70>
      <y70>579</y70>
      <x71>647</x71>
      <y71>574</y71>
      <x72>648</x72>
      <y72>568</y72>
      <x73>645</x73>
      <y73>565</y73>
      <x74>638</x74>
      <y74>564</y74>
      <x75>634</x75>
      <y75>562</y75>
      <x76>618</x76>
      <y76>563</y76>
      <x77>606</x77>
      <y77>568</y77>
      <x78>591</x78>
      <y78>572</y78>
      <x79>576</x79>
      <y79>587</y79>
      <x80>567</x80>
      <y80>592</y80>
      <x81>565</x81>
      <y81>592</y81>
      <x82>560</x82>
      <y82>597</y82>
      <x83>556</x83>
      <y83>598</y83>
      <x84>551</x84>
      <y84>597</y84>
      <x85>547</x85>
      <y85>592</y85>
      <x86>548</x86>
      <y86>578</y86>
      <x87>549</x87>
      <y87>577</y87>
      <x88>549</x88>
      <y88>562</y88>
      <x89>550</x89>
      <y89>561</y89>
      <x90>551</x90>
      <y90>546</y90>
      <x91>552</x91>
      <y91>545</y91>
      <x92>553</x92>
      <y92>534</y92>
      <x93>555</x93>
      <y93>530</y93>
      <x94>556</x94>
      <y94>519</y94>
      <x95>558</x95>
      <y95>515</y95>
      <x96>560</x96>
      <y96>504</y96>
      <x97>565</x97>
      <y97>493</y97>
      <x98>561</x98>
      <y98>486</y98>
      <x99>563</x99>
      <y99>484</y99>
      <x100>584</x100>
      <y100>486</y100>
      <x101>597</x101>
      <y101>477</y101>
      <x102>605</x102>
      <y102>476</y102>
      <x103>620</x103>
      <y103>484</y103>
      <x104>626</x104>
      <y104>485</y104>
      <x105>633</x105>
      <y105>490</y105>
      <x106>641</x106>
      <y106>491</y106>
      <x107>661</x107>
      <y107>499</y107>
      <x108>668</x108>
      <y108>498</y108>
      <x109>674</x109>
      <y109>494</y109>
      <x110>671</x110>
      <y110>486</y110>
      <x111>661</x111>
      <y111>480</y111>
      <x112>653</x112>
      <y112>479</y112>
      <x113>649</x113>
      <y113>475</y113>
      <x114>645</x114>
      <y114>474</y114>
      <x115>644</x115>
      <y115>471</y115>
      <x116>655</x116>
      <y116>462</y116>
      <x117>662</x117>
      <y117>463</y117>
      <x118>667</x118>
      <y118>466</y118>
      <x119>676</x119>
      <y119>466</y119>
      <x120>676</x120>
      <y120>464</y120>
      <x121>672</x121>
      <y121>461</y121>
      <x122>672</x122>
      <y122>459</y122>
      <x123>666</x123>
      <y123>452</y123>
      <x124>646</x124>
      <y124>449</y124>
      <x125>645</x125>
      <y125>450</y125>
      <x126>637</x126>
      <y126>450</y126>
      <x127>627</x127>
      <y127>453</y127>
      <x128>621</x128>
      <y128>453</y128>
      <x129>613</x129>
      <y129>455</y129>
      <x130>608</x130>
      <y130>454</y130>
      <x131>602</x131>
      <y131>449</y131>
      <x132>602</x132>
      <y132>444</y132>
      <x133>596</x133>
      <y133>440</y133>
      <x134>584</x134>
      <y134>437</y134>
      <x135>577</x135>
      <y135>433</y135>
      <x136>554</x136>
      <y136>425</y136>
      <x137>550</x137>
      <y137>422</y137>
      <x138>534</x138>
      <y138>415</y138>
      <x139>522</x139>
      <y139>407</y139>
      <x140>507</x140>
      <y140>400</y140>
      <x141>504</x141>
      <y141>400</y141>
      <x142>502</x142>
      <y142>402</y142>
      <x143>502</x143>
      <y143>404</y143>
      <x144>499</x144>
      <y144>405</y144>
      <x145>498</x145>
      <y145>401</y145>
      <x146>501</x146>
      <y146>397</y146>
      <x147>502</x147>
      <y147>387</y147>
      <x148>495</x148>
      <y148>376</y148>
      <x149>498</x149>
      <y149>367</y149>
      <x150>499</x150>
      <y150>359</y150>
      <x151>496</x151>
      <y151>347</y151>
      <x152>492</x152>
      <y152>340</y152>
      <x153>482</x153>
      <y153>331</y153>
      <x154>456</x154>
      <y154>319</y154>
      <x155>446</x155>
      <y155>318</y155>
      <x156>445</x156>
      <y156>317</y156>
    </polygon>
  </object>
</annotation>
