<?xml version="1.0" ?>
<annotation>
  <folder>VOC</folder>
  <filename>24-2.png</filename>
  <source>
    <database>roboflow.ai</database>
  </source>
  <size>
    <width>1792</width>
    <height>1024</height>
    <depth>3</depth>
  </size>
  <segmented>0</segmented>
  <object>
    <name>person</name>
    <bndbox>
      <xmin>670</xmin>
      <ymin>286</ymin>
      <xmax>793</xmax>
      <ymax>795</ymax>
    </bndbox>
    <polygon>
      <x1>741</x1>
      <y1>286</y1>
      <x2>725</x2>
      <y2>290</y2>
      <x3>713</x3>
      <y3>300</y3>
      <x4>709</x4>
      <y4>308</y4>
      <x5>709</x5>
      <y5>323</y5>
      <x6>712</x6>
      <y6>333</y6>
      <x7>711</x7>
      <y7>338</y7>
      <x8>703</x8>
      <y8>339</y8>
      <x9>695</x9>
      <y9>342</y9>
      <x10>687</x10>
      <y10>363</y10>
      <x11>677</x11>
      <y11>374</y11>
      <x12>671</x12>
      <y12>389</y12>
      <x13>670</x13>
      <y13>409</y13>
      <x14>674</x14>
      <y14>438</y14>
      <x15>676</x15>
      <y15>443</y15>
      <x16>680</x16>
      <y16>498</y16>
      <x17>681</x17>
      <y17>499</y17>
      <x18>681</x18>
      <y18>508</y18>
      <x19>678</x19>
      <y19>525</y19>
      <x20>676</x20>
      <y20>579</y20>
      <x21>674</x21>
      <y21>596</y21>
      <x22>673</x22>
      <y22>656</y22>
      <x23>674</x23>
      <y23>659</y23>
      <x24>681</x24>
      <y24>660</y24>
      <x25>685</x25>
      <y25>663</y25>
      <x26>686</x26>
      <y26>674</y26>
      <x27>688</x27>
      <y27>680</y27>
      <x28>691</x28>
      <y28>680</y28>
      <x29>696</x29>
      <y29>676</y29>
      <x30>698</x30>
      <y30>676</y30>
      <x31>701</x31>
      <y31>679</y31>
      <x32>702</x32>
      <y32>701</y32>
      <x33>704</x33>
      <y33>710</y33>
      <x34>707</x34>
      <y34>746</y34>
      <x35>711</x35>
      <y35>758</y35>
      <x36>717</x36>
      <y36>765</y36>
      <x37>719</x37>
      <y37>786</y37>
      <x38>724</x38>
      <y38>790</y38>
      <x39>732</x39>
      <y39>792</y39>
      <x40>740</x40>
      <y40>792</y40>
      <x41>758</x41>
      <y41>795</y41>
      <x42>775</x42>
      <y42>795</y42>
      <x43>791</x43>
      <y43>788</y43>
      <x44>791</x44>
      <y44>785</y44>
      <x45>789</x45>
      <y45>782</y45>
      <x46>783</x46>
      <y46>778</y46>
      <x47>772</x47>
      <y47>773</y47>
      <x48>766</x48>
      <y48>767</y48>
      <x49>770</x49>
      <y49>764</y49>
      <x50>780</x50>
      <y50>764</y50>
      <x51>788</x51>
      <y51>760</y51>
      <x52>787</x52>
      <y52>754</y52>
      <x53>782</x53>
      <y53>751</y53>
      <x54>777</x54>
      <y54>752</y54>
      <x55>766</x55>
      <y55>751</y55>
      <x56>756</x56>
      <y56>746</y56>
      <x57>752</x57>
      <y57>742</y57>
      <x58>748</x58>
      <y58>725</y58>
      <x59>748</x59>
      <y59>702</y59>
      <x60>752</x60>
      <y60>696</y60>
      <x61>768</x61>
      <y61>696</y61>
      <x62>779</x62>
      <y62>692</y62>
      <x63>781</x63>
      <y63>690</y63>
      <x64>782</x64>
      <y64>683</y64>
      <x65>786</x65>
      <y65>679</y65>
      <x66>790</x66>
      <y66>678</y66>
      <x67>793</x67>
      <y67>674</y67>
      <x68>787</x68>
      <y68>624</y68>
      <x69>786</x69>
      <y69>597</y69>
      <x70>777</x70>
      <y70>513</y70>
      <x71>778</x71>
      <y71>502</y71>
      <x72>785</x72>
      <y72>497</y72>
      <x73>788</x73>
      <y73>493</y73>
      <x74>788</x74>
      <y74>479</y74>
      <x75>772</x75>
      <y75>465</y75>
      <x76>767</x76>
      <y76>436</y76>
      <x77>760</x77>
      <y77>418</y77>
      <x78>758</x78>
      <y78>401</y78>
      <x79>755</x79>
      <y79>390</y79>
      <x80>746</x80>
      <y80>370</y80>
      <x81>739</x81>
      <y81>361</y81>
      <x82>739</x82>
      <y82>359</y82>
      <x83>744</x83>
      <y83>355</y83>
      <x84>753</x84>
      <y84>356</y84>
      <x85>758</x85>
      <y85>354</y85>
      <x86>766</x86>
      <y86>343</y86>
      <x87>772</x87>
      <y87>338</y87>
      <x88>773</x88>
      <y88>331</y88>
      <x89>772</x89>
      <y89>330</y89>
      <x90>771</x90>
      <y90>309</y90>
      <x91>774</x91>
      <y91>303</y91>
      <x92>774</x92>
      <y92>298</y92>
      <x93>766</x93>
      <y93>291</y93>
      <x94>753</x94>
      <y94>287</y94>
    </polygon>
  </object>
  <object>
    <name>person</name>
    <bndbox>
      <xmin>862</xmin>
      <ymin>258</ymin>
      <xmax>988</xmax>
      <ymax>728</ymax>
    </bndbox>
    <polygon>
      <x1>909</x1>
      <y1>258</y1>
      <x2>893</x2>
      <y2>261</y2>
      <x3>889</x3>
      <y3>263</y3>
      <x4>885</x4>
      <y4>268</y4>
      <x5>886</x5>
      <y5>283</y5>
      <x6>884</x6>
      <y6>293</y6>
      <x7>886</x7>
      <y7>298</y7>
      <x8>886</x8>
      <y8>306</y8>
      <x9>896</x9>
      <y9>326</y9>
      <x10>892</x10>
      <y10>331</y10>
      <x11>890</x11>
      <y11>330</y11>
      <x12>879</x12>
      <y12>331</y12>
      <x13>874</x13>
      <y13>339</y13>
      <x14>869</x14>
      <y14>382</y14>
      <x15>862</x15>
      <y15>400</y15>
      <x16>862</x16>
      <y16>411</y16>
      <x17>868</x17>
      <y17>433</y17>
      <x18>873</x18>
      <y18>441</y18>
      <x19>878</x19>
      <y19>445</y19>
      <x20>872</x20>
      <y20>474</y20>
      <x21>869</x21>
      <y21>569</y21>
      <x22>870</x22>
      <y22>574</y22>
      <x23>872</x23>
      <y23>575</y23>
      <x24>876</x24>
      <y24>569</y24>
      <x25>883</x25>
      <y25>564</y25>
      <x26>887</x26>
      <y26>568</y26>
      <x27>890</x27>
      <y27>614</y27>
      <x28>889</x28>
      <y28>632</y28>
      <x29>890</x29>
      <y29>671</y29>
      <x30>888</x30>
      <y30>676</y30>
      <x31>889</x31>
      <y31>684</y31>
      <x32>891</x32>
      <y32>689</y32>
      <x33>906</x33>
      <y33>687</y33>
      <x34>915</x34>
      <y34>683</y34>
      <x35>917</x35>
      <y35>602</y35>
      <x36>919</x36>
      <y36>597</y36>
      <x37>921</x37>
      <y37>599</y37>
      <x38>923</x38>
      <y38>608</y38>
      <x39>923</x39>
      <y39>623</y39>
      <x40>925</x40>
      <y40>637</y40>
      <x41>924</x41>
      <y41>678</y41>
      <x42>926</x42>
      <y42>683</y42>
      <x43>926</x43>
      <y43>691</y43>
      <x44>923</x44>
      <y44>704</y44>
      <x45>916</x45>
      <y45>717</y45>
      <x46>916</x46>
      <y46>725</y46>
      <x47>919</x47>
      <y47>728</y47>
      <x48>928</x48>
      <y48>728</y48>
      <x49>937</x49>
      <y49>723</y49>
      <x50>942</x50>
      <y50>718</y50>
      <x51>947</x51>
      <y51>705</y51>
      <x52>945</x52>
      <y52>698</y52>
      <x53>945</x53>
      <y53>687</y53>
      <x54>947</x54>
      <y54>684</y54>
      <x55>950</x55>
      <y55>671</y55>
      <x56>952</x56>
      <y56>618</y56>
      <x57>950</x57>
      <y57>587</y57>
      <x58>952</x58>
      <y58>584</y58>
      <x59>960</x59>
      <y59>582</y59>
      <x60>967</x60>
      <y60>578</y60>
      <x61>970</x61>
      <y61>573</y61>
      <x62>970</x62>
      <y62>550</y62>
      <x63>964</x63>
      <y63>444</y63>
      <x64>970</x64>
      <y64>440</y64>
      <x65>978</x65>
      <y65>438</y65>
      <x66>984</x66>
      <y66>434</y66>
      <x67>987</x67>
      <y67>429</y67>
      <x68>988</x68>
      <y68>395</y68>
      <x69>985</x69>
      <y69>362</y69>
      <x70>981</x70>
      <y70>345</y70>
      <x71>972</x71>
      <y71>336</y71>
      <x72>960</x72>
      <y72>329</y72>
      <x73>948</x73>
      <y73>318</y73>
      <x74>941</x74>
      <y74>319</y74>
      <x75>939</x75>
      <y75>317</y75>
      <x76>938</x76>
      <y76>300</y76>
      <x77>944</x77>
      <y77>284</y77>
      <x78>943</x78>
      <y78>272</y78>
      <x79>936</x79>
      <y79>264</y79>
      <x80>920</x80>
      <y80>258</y80>
    </polygon>
  </object>
  <object>
    <name>person</name>
    <bndbox>
      <xmin>1012</xmin>
      <ymin>275</ymin>
      <xmax>1140</xmax>
      <ymax>772</ymax>
    </bndbox>
    <polygon>
      <x1>1073</x1>
      <y1>275</y1>
      <x2>1054</x2>
      <y2>276</y2>
      <x3>1050</x3>
      <y3>279</y3>
      <x4>1048</x4>
      <y4>283</y4>
      <x5>1048</x5>
      <y5>291</y5>
      <x6>1051</x6>
      <y6>298</y6>
      <x7>1049</x7>
      <y7>305</y7>
      <x8>1049</x8>
      <y8>317</y8>
      <x9>1046</x9>
      <y9>325</y9>
      <x10>1046</x10>
      <y10>331</y10>
      <x11>1052</x11>
      <y11>337</y11>
      <x12>1055</x12>
      <y12>345</y12>
      <x13>1067</x13>
      <y13>353</y13>
      <x14>1067</x14>
      <y14>357</y14>
      <x15>1065</x15>
      <y15>363</y15>
      <x16>1060</x16>
      <y16>368</y16>
      <x17>1052</x17>
      <y17>384</y17>
      <x18>1050</x18>
      <y18>393</y18>
      <x19>1044</x19>
      <y19>407</y19>
      <x20>1043</x20>
      <y20>415</y20>
      <x21>1038</x21>
      <y21>423</y21>
      <x22>1034</x22>
      <y22>437</y22>
      <x23>1031</x23>
      <y23>441</y23>
      <x24>1023</x24>
      <y24>473</y24>
      <x25>1019</x25>
      <y25>482</y25>
      <x26>1018</x26>
      <y26>494</y26>
      <x27>1015</x27>
      <y27>501</y27>
      <x28>1016</x28>
      <y28>513</y28>
      <x29>1024</x29>
      <y29>524</y29>
      <x30>1029</x30>
      <y30>534</y30>
      <x31>1027</x31>
      <y31>541</y31>
      <x32>1026</x32>
      <y32>562</y32>
      <x33>1024</x33>
      <y33>571</y33>
      <x34>1024</x34>
      <y34>583</y34>
      <x35>1020</x35>
      <y35>623</y35>
      <x36>1020</x36>
      <y36>646</y36>
      <x37>1024</x37>
      <y37>647</y37>
      <x38>1032</x38>
      <y38>642</y38>
      <x39>1037</x39>
      <y39>642</y39>
      <x40>1040</x40>
      <y40>646</y40>
      <x41>1040</x41>
      <y41>650</y41>
      <x42>1043</x42>
      <y42>655</y42>
      <x43>1057</x43>
      <y43>657</y43>
      <x44>1061</x44>
      <y44>662</y44>
      <x45>1059</x45>
      <y45>667</y45>
      <x46>1059</x46>
      <y46>677</y46>
      <x47>1056</x47>
      <y47>687</y47>
      <x48>1055</x48>
      <y48>698</y48>
      <x49>1051</x49>
      <y49>708</y49>
      <x50>1045</x50>
      <y50>714</y50>
      <x51>1033</x51>
      <y51>722</y51>
      <x52>1012</x52>
      <y52>725</y52>
      <x53>1012</x53>
      <y53>730</y53>
      <x54>1017</x54>
      <y54>734</y54>
      <x55>1023</x55>
      <y55>736</y55>
      <x56>1032</x56>
      <y56>736</y56>
      <x57>1039</x57>
      <y57>739</y57>
      <x58>1055</x58>
      <y58>736</y58>
      <x59>1062</x59>
      <y59>737</y59>
      <x60>1060</x60>
      <y60>746</y60>
      <x61>1051</x61>
      <y61>754</y61>
      <x62>1039</x62>
      <y62>760</y62>
      <x63>1037</x63>
      <y63>766</y63>
      <x64>1041</x64>
      <y64>770</y64>
      <x65>1047</x65>
      <y65>772</y65>
      <x66>1071</x66>
      <y66>767</y66>
      <x67>1095</x67>
      <y67>755</y67>
      <x68>1097</x68>
      <y68>734</y68>
      <x69>1103</x69>
      <y69>703</y69>
      <x70>1104</x70>
      <y70>686</y70>
      <x71>1107</x71>
      <y71>671</y71>
      <x72>1107</x72>
      <y72>659</y72>
      <x73>1111</x73>
      <y73>654</y73>
      <x74>1121</x74>
      <y74>649</y74>
      <x75>1125</x75>
      <y75>643</y75>
      <x76>1127</x76>
      <y76>630</y76>
      <x77>1127</x77>
      <y77>575</y77>
      <x78>1126</x78>
      <y78>574</y78>
      <x79>1127</x79>
      <y79>556</y79>
      <x80>1126</x80>
      <y80>555</y80>
      <x81>1126</x81>
      <y81>529</y81>
      <x82>1125</x82>
      <y82>528</y82>
      <x83>1125</x83>
      <y83>490</y83>
      <x84>1130</x84>
      <y84>476</y84>
      <x85>1140</x85>
      <y85>416</y85>
      <x86>1140</x86>
      <y86>401</y86>
      <x87>1136</x87>
      <y87>388</y87>
      <x88>1130</x88>
      <y88>379</y88>
      <x89>1127</x89>
      <y89>371</y89>
      <x90>1124</x90>
      <y90>368</y90>
      <x91>1121</x91>
      <y91>359</y91>
      <x92>1115</x92>
      <y92>349</y92>
      <x93>1109</x93>
      <y93>342</y93>
      <x94>1105</x94>
      <y94>340</y94>
      <x95>1103</x95>
      <y95>334</y95>
      <x96>1113</x96>
      <y96>311</y96>
      <x97>1113</x97>
      <y97>303</y97>
      <x98>1111</x98>
      <y98>297</y98>
      <x99>1101</x99>
      <y99>288</y99>
      <x100>1089</x100>
      <y100>284</y100>
      <x101>1086</x101>
      <y101>280</y101>
      <x102>1081</x102>
      <y102>277</y102>
    </polygon>
  </object>
</annotation>
