<?xml version="1.0" ?>
<annotation>
  <folder>VOC</folder>
  <filename>25-2.png</filename>
  <source>
    <database>roboflow.ai</database>
  </source>
  <size>
    <width>1792</width>
    <height>1024</height>
    <depth>3</depth>
  </size>
  <segmented>0</segmented>
  <object>
    <name>person</name>
    <bndbox>
      <xmin>68</xmin>
      <ymin>407</ymin>
      <xmax>1666</xmax>
      <ymax>1007</ymax>
    </bndbox>
    <polygon>
      <x1>74</x1>
      <y1>476</y1>
      <x2>71</x2>
      <y2>496</y2>
      <x3>68</x3>
      <y3>506</y3>
      <x4>68</x4>
      <y4>519</y4>
      <x5>70</x5>
      <y5>529</y5>
      <x6>76</x6>
      <y6>542</y6>
      <x7>83</x7>
      <y7>548</y7>
      <x8>86</x8>
      <y8>556</y8>
      <x9>96</x9>
      <y9>565</y9>
      <x10>98</x10>
      <y10>571</y10>
      <x11>108</x11>
      <y11>580</y11>
      <x12>111</x12>
      <y12>586</y12>
      <x13>126</x13>
      <y13>605</y13>
      <x14>141</x14>
      <y14>619</y14>
      <x15>144</x15>
      <y15>625</y15>
      <x16>154</x16>
      <y16>630</y16>
      <x17>157</x17>
      <y17>633</y17>
      <x18>160</x18>
      <y18>641</y18>
      <x19>165</x19>
      <y19>645</y19>
      <x20>168</x20>
      <y20>653</y20>
      <x21>178</x21>
      <y21>662</y21>
      <x22>179</x22>
      <y22>666</y22>
      <x23>182</x23>
      <y23>669</y23>
      <x24>183</x24>
      <y24>677</y24>
      <x25>179</x25>
      <y25>689</y25>
      <x26>179</x26>
      <y26>699</y26>
      <x27>182</x27>
      <y27>721</y27>
      <x28>187</x28>
      <y28>738</y28>
      <x29>201</x29>
      <y29>768</y29>
      <x30>207</x30>
      <y30>775</y30>
      <x31>211</x31>
      <y31>784</y31>
      <x32>220</x32>
      <y32>790</y32>
      <x33>230</x33>
      <y33>810</y33>
      <x34>235</x34>
      <y34>815</y34>
      <x35>237</x35>
      <y35>824</y35>
      <x36>244</x36>
      <y36>837</y36>
      <x37>263</x37>
      <y37>859</y37>
      <x38>271</x38>
      <y38>873</y38>
      <x39>284</x39>
      <y39>887</y39>
      <x40>291</x40>
      <y40>891</y40>
      <x41>298</x41>
      <y41>890</y41>
      <x42>306</x42>
      <y42>891</y42>
      <x43>328</x43>
      <y43>907</y43>
      <x44>334</x44>
      <y44>909</y44>
      <x45>346</x45>
      <y45>917</y45>
      <x46>375</x46>
      <y46>942</y46>
      <x47>395</x47>
      <y47>951</y47>
      <x48>410</x48>
      <y48>954</y48>
      <x49>414</x49>
      <y49>956</y49>
      <x50>432</x50>
      <y50>958</y50>
      <x51>450</x51>
      <y51>951</y51>
      <x52>473</x52>
      <y52>952</y52>
      <x53>478</x53>
      <y53>949</y53>
      <x54>495</x54>
      <y54>950</y54>
      <x55>501</x55>
      <y55>956</y55>
      <x56>499</x56>
      <y56>961</y56>
      <x57>510</x57>
      <y57>965</y57>
      <x58>537</x58>
      <y58>964</y58>
      <x59>548</x59>
      <y59>971</y59>
      <x60>558</x60>
      <y60>971</y60>
      <x61>562</x61>
      <y61>969</y61>
      <x62>573</x62>
      <y62>968</y62>
      <x63>576</x63>
      <y63>965</y63>
      <x64>582</x64>
      <y64>970</y64>
      <x65>585</x65>
      <y65>970</y65>
      <x66>590</x66>
      <y66>966</y66>
      <x67>592</x67>
      <y67>966</y67>
      <x68>599</x68>
      <y68>972</y68>
      <x69>605</x69>
      <y69>972</y69>
      <x70>610</x70>
      <y70>976</y70>
      <x71>613</x71>
      <y71>976</y71>
      <x72>614</x72>
      <y72>969</y72>
      <x73>617</x73>
      <y73>963</y73>
      <x74>613</x74>
      <y74>958</y74>
      <x75>606</x75>
      <y75>957</y75>
      <x76>605</x76>
      <y76>956</y76>
      <x77>606</x77>
      <y77>955</y77>
      <x78>616</x78>
      <y78>953</y78>
      <x79>640</x79>
      <y79>954</y79>
      <x80>641</x80>
      <y80>955</y80>
      <x81>642</x81>
      <y81>954</y81>
      <x82>663</x82>
      <y82>953</y82>
      <x83>669</x83>
      <y83>954</y83>
      <x84>675</x84>
      <y84>960</y84>
      <x85>690</x85>
      <y85>962</y85>
      <x86>693</x86>
      <y86>964</y86>
      <x87>703</x87>
      <y87>964</y87>
      <x88>708</x88>
      <y88>967</y88>
      <x89>719</x89>
      <y89>967</y89>
      <x90>725</x90>
      <y90>969</y90>
      <x91>726</x91>
      <y91>968</y91>
      <x92>737</x92>
      <y92>969</y92>
      <x93>740</x93>
      <y93>974</y93>
      <x94>748</x94>
      <y94>975</y94>
      <x95>752</x95>
      <y95>977</y95>
      <x96>747</x96>
      <y96>982</y96>
      <x97>748</x97>
      <y97>985</y97>
      <x98>754</x98>
      <y98>991</y98>
      <x99>749</x99>
      <y99>996</y99>
      <x100>752</x100>
      <y100>1003</y100>
      <x101>760</x101>
      <y101>1000</y101>
      <x102>762</x102>
      <y102>1003</y102>
      <x103>766</x103>
      <y103>1005</y103>
      <x104>779</x104>
      <y104>1007</y104>
      <x105>785</x105>
      <y105>1004</y105>
      <x106>782</x106>
      <y106>994</y106>
      <x107>776</x107>
      <y107>988</y107>
      <x108>770</x108>
      <y108>988</y108>
      <x109>766</x109>
      <y109>990</y109>
      <x110>757</x110>
      <y110>989</y110>
      <x111>756</x111>
      <y111>983</y111>
      <x112>758</x112>
      <y112>981</y112>
      <x113>779</x113>
      <y113>983</y113>
      <x114>785</x114>
      <y114>989</y114>
      <x115>795</x115>
      <y115>990</y115>
      <x116>798</x116>
      <y116>992</y116>
      <x117>823</x117>
      <y117>994</y117>
      <x118>824</x118>
      <y118>993</y118>
      <x119>857</x119>
      <y119>993</y119>
      <x120>866</x120>
      <y120>991</y120>
      <x121>877</x121>
      <y121>991</y121>
      <x122>888</x122>
      <y122>988</y122>
      <x123>895</x123>
      <y123>983</y123>
      <x124>908</x124>
      <y124>978</y124>
      <x125>912</x125>
      <y125>982</y125>
      <x126>912</x126>
      <y126>992</y126>
      <x127>914</x127>
      <y127>994</y127>
      <x128>919</x128>
      <y128>995</y128>
      <x129>921</x129>
      <y129>992</y129>
      <x130>923</x130>
      <y130>975</y130>
      <x131>919</x131>
      <y131>970</y131>
      <x132>928</x132>
      <y132>965</y132>
      <x133>934</x133>
      <y133>965</y133>
      <x134>939</x134>
      <y134>962</y134>
      <x135>942</x135>
      <y135>955</y135>
      <x136>966</x136>
      <y136>952</y136>
      <x137>977</x137>
      <y137>954</y137>
      <x138>984</x138>
      <y138>952</y138>
      <x139>993</x139>
      <y139>955</y139>
      <x140>1003</x140>
      <y140>955</y140>
      <x141>1004</x141>
      <y141>956</y141>
      <x142>1004</x142>
      <y142>968</y142>
      <x143>1006</x143>
      <y143>973</y143>
      <x144>1011</x144>
      <y144>977</y144>
      <x145>1012</x145>
      <y145>984</y145>
      <x146>1020</x146>
      <y146>989</y146>
      <x147>1033</x147>
      <y147>994</y147>
      <x148>1062</x148>
      <y148>994</y148>
      <x149>1066</x149>
      <y149>992</y149>
      <x150>1075</x150>
      <y150>992</y150>
      <x151>1081</x151>
      <y151>995</y151>
      <x152>1089</x152>
      <y152>996</y152>
      <x153>1091</x153>
      <y153>995</y153>
      <x154>1092</x154>
      <y154>992</y154>
      <x155>1092</x155>
      <y155>980</y155>
      <x156>1091</x156>
      <y156>979</y156>
      <x157>1092</x157>
      <y157>976</y157>
      <x158>1102</x158>
      <y158>975</y158>
      <x159>1107</x159>
      <y159>973</y159>
      <x160>1118</x160>
      <y160>973</y160>
      <x161>1123</x161>
      <y161>975</y161>
      <x162>1136</x162>
      <y162>976</y162>
      <x163>1140</x163>
      <y163>979</y163>
      <x164>1150</x164>
      <y164>982</y164>
      <x165>1166</x165>
      <y165>983</y165>
      <x166>1168</x166>
      <y166>985</y166>
      <x167>1162</x167>
      <y167>991</y167>
      <x168>1164</x168>
      <y168>998</y168>
      <x169>1170</x169>
      <y169>1003</y169>
      <x170>1172</x170>
      <y170>1003</y170>
      <x171>1178</x171>
      <y171>996</y171>
      <x172>1185</x172>
      <y172>998</y172>
      <x173>1189</x173>
      <y173>1003</y173>
      <x174>1194</x174>
      <y174>1003</y174>
      <x175>1208</x175>
      <y175>991</y175>
      <x176>1216</x176>
      <y176>990</y176>
      <x177>1244</x177>
      <y177>982</y177>
      <x178>1259</x178>
      <y178>980</y178>
      <x179>1263</x179>
      <y179>978</y179>
      <x180>1270</x180>
      <y180>978</y180>
      <x181>1277</x181>
      <y181>975</y181>
      <x182>1284</x182>
      <y182>975</y182>
      <x183>1292</x183>
      <y183>972</y183>
      <x184>1309</x184>
      <y184>970</y184>
      <x185>1316</x185>
      <y185>965</y185>
      <x186>1317</x186>
      <y186>960</y186>
      <x187>1319</x187>
      <y187>958</y187>
      <x188>1322</x188>
      <y188>960</y188>
      <x189>1325</x189>
      <y189>965</y189>
      <x190>1330</x190>
      <y190>968</y190>
      <x191>1331</x191>
      <y191>975</y191>
      <x192>1333</x192>
      <y192>977</y192>
      <x193>1339</x193>
      <y193>976</y193>
      <x194>1348</x194>
      <y194>981</y194>
      <x195>1388</x195>
      <y195>981</y195>
      <x196>1389</x196>
      <y196>980</y196>
      <x197>1395</x197>
      <y197>981</y197>
      <x198>1401</x198>
      <y198>979</y198>
      <x199>1434</x199>
      <y199>978</y199>
      <x200>1444</x200>
      <y200>975</y200>
      <x201>1453</x201>
      <y201>977</y201>
      <x202>1480</x202>
      <y202>971</y202>
      <x203>1501</x203>
      <y203>970</y203>
      <x204>1515</x204>
      <y204>967</y204>
      <x205>1532</x205>
      <y205>967</y205>
      <x206>1550</x206>
      <y206>963</y206>
      <x207>1563</x207>
      <y207>962</y207>
      <x208>1571</x208>
      <y208>959</y208>
      <x209>1584</x209>
      <y209>958</y209>
      <x210>1593</x210>
      <y210>954</y210>
      <x211>1598</x211>
      <y211>949</y211>
      <x212>1606</x212>
      <y212>947</y212>
      <x213>1609</x213>
      <y213>943</y213>
      <x214>1614</x214>
      <y214>941</y214>
      <x215>1617</x215>
      <y215>937</y215>
      <x216>1621</x216>
      <y216>936</y216>
      <x217>1631</x217>
      <y217>924</y217>
      <x218>1635</x218>
      <y218>923</y218>
      <x219>1640</x219>
      <y219>919</y219>
      <x220>1643</x220>
      <y220>913</y220>
      <x221>1652</x221>
      <y221>905</y221>
      <x222>1651</x222>
      <y222>898</y222>
      <x223>1653</x223>
      <y223>890</y223>
      <x224>1662</x224>
      <y224>881</y224>
      <x225>1665</x225>
      <y225>880</y225>
      <x226>1666</x226>
      <y226>874</y226>
      <x227>1665</x227>
      <y227>870</y227>
      <x228>1656</x228>
      <y228>866</y228>
      <x229>1635</x229>
      <y229>883</y229>
      <x230>1624</x230>
      <y230>895</y230>
      <x231>1616</x231>
      <y231>898</y231>
      <x232>1608</x232>
      <y232>905</y232>
      <x233>1601</x233>
      <y233>907</y233>
      <x234>1587</x234>
      <y234>915</y234>
      <x235>1579</x235>
      <y235>916</y235>
      <x236>1577</x236>
      <y236>914</y236>
      <x237>1582</x237>
      <y237>908</y237>
      <x238>1584</x238>
      <y238>899</y238>
      <x239>1592</x239>
      <y239>883</y239>
      <x240>1603</x240>
      <y240>869</y240>
      <x241>1610</x241>
      <y241>857</y241>
      <x242>1629</x242>
      <y242>838</y242>
      <x243>1641</x243>
      <y243>820</y243>
      <x244>1644</x244>
      <y244>809</y244>
      <x245>1644</x245>
      <y245>793</y245>
      <x246>1645</x246>
      <y246>792</y246>
      <x247>1645</x247>
      <y247>785</y247>
      <x248>1644</x248>
      <y248>782</y248>
      <x249>1642</x249>
      <y249>781</y249>
      <x250>1633</x250>
      <y250>788</y250>
      <x251>1622</x251>
      <y251>814</y251>
      <x252>1596</x252>
      <y252>841</y252>
      <x253>1587</x253>
      <y253>845</y253>
      <x254>1577</x254>
      <y254>854</y254>
      <x255>1565</x255>
      <y255>860</y255>
      <x256>1552</x256>
      <y256>869</y256>
      <x257>1544</x257>
      <y257>871</y257>
      <x258>1541</x258>
      <y258>874</y258>
      <x259>1525</x259>
      <y259>881</y259>
      <x260>1506</x260>
      <y260>886</y260>
      <x261>1489</x261>
      <y261>888</y261>
      <x262>1480</x262>
      <y262>892</y262>
      <x263>1472</x263>
      <y263>892</y263>
      <x264>1466</x264>
      <y264>895</y264>
      <x265>1403</x265>
      <y265>898</y265>
      <x266>1400</x266>
      <y266>901</y266>
      <x267>1400</x267>
      <y267>905</y267>
      <x268>1395</x268>
      <y268>912</y268>
      <x269>1385</x269>
      <y269>914</y269>
      <x270>1380</x270>
      <y270>921</y270>
      <x271>1376</x271>
      <y271>922</y271>
      <x272>1373</x272>
      <y272>920</y272>
      <x273>1372</x273>
      <y273>913</y273>
      <x274>1375</x274>
      <y274>909</y274>
      <x275>1378</x275>
      <y275>909</y275>
      <x276>1381</x276>
      <y276>911</y276>
      <x277>1384</x277>
      <y277>910</y277>
      <x278>1384</x278>
      <y278>900</y278>
      <x279>1381</x279>
      <y279>898</y279>
      <x280>1346</x280>
      <y280>897</y280>
      <x281>1332</x281>
      <y281>893</y281>
      <x282>1325</x282>
      <y282>893</y282>
      <x283>1317</x283>
      <y283>890</y283>
      <x284>1292</x284>
      <y284>888</y284>
      <x285>1283</x285>
      <y285>884</y285>
      <x286>1263</x286>
      <y286>881</y286>
      <x287>1236</x287>
      <y287>872</y287>
      <x288>1224</x288>
      <y288>871</y288>
      <x289>1220</x289>
      <y289>869</y289>
      <x290>1216</x290>
      <y290>864</y290>
      <x291>1211</x291>
      <y291>862</y291>
      <x292>1184</x292>
      <y292>862</y292>
      <x293>1150</x293>
      <y293>858</y293>
      <x294>1137</x294>
      <y294>859</y294>
      <x295>1106</x295>
      <y295>856</y295>
      <x296>1024</x296>
      <y296>854</y296>
      <x297>1011</x297>
      <y297>852</y297>
      <x298>997</x298>
      <y298>852</y298>
      <x299>987</x299>
      <y299>850</y299>
      <x300>978</x300>
      <y300>834</y300>
      <x301>953</x301>
      <y301>810</y301>
      <x302>949</x302>
      <y302>802</y302>
      <x303>940</x303>
      <y303>795</y303>
      <x304>910</x304>
      <y304>797</y304>
      <x305>901</x305>
      <y305>794</y305>
      <x306>894</x306>
      <y306>794</y306>
      <x307>886</x307>
      <y307>798</y307>
      <x308>877</x308>
      <y308>799</y308>
      <x309>868</x309>
      <y309>802</y309>
      <x310>863</x310>
      <y310>805</y310>
      <x311>852</x311>
      <y311>806</y311>
      <x312>830</x312>
      <y312>813</y312>
      <x313>821</x313>
      <y313>813</y313>
      <x314>816</x314>
      <y314>815</y314>
      <x315>782</x315>
      <y315>814</y315>
      <x316>770</x316>
      <y316>810</y316>
      <x317>760</x317>
      <y317>805</y317>
      <x318>753</x318>
      <y318>798</y318>
      <x319>737</x319>
      <y319>792</y319>
      <x320>690</x320>
      <y320>788</y320>
      <x321>662</x321>
      <y321>780</y321>
      <x322>653</x322>
      <y322>774</y322>
      <x323>624</x323>
      <y323>768</y323>
      <x324>586</x324>
      <y324>767</y324>
      <x325>548</x325>
      <y325>743</y325>
      <x326>540</x326>
      <y326>735</y326>
      <x327>529</x327>
      <y327>727</y327>
      <x328>511</x328>
      <y328>722</y328>
      <x329>498</x329>
      <y329>704</y329>
      <x330>490</x330>
      <y330>697</y330>
      <x331>485</x331>
      <y331>688</y331>
      <x332>477</x332>
      <y332>682</y332>
      <x333>474</x333>
      <y333>676</y333>
      <x334>467</x334>
      <y334>671</y334>
      <x335>461</x335>
      <y335>664</y335>
      <x336>454</x336>
      <y336>660</y336>
      <x337>434</x337>
      <y337>653</y337>
      <x338>402</x338>
      <y338>646</y338>
      <x339>364</x339>
      <y339>645</y339>
      <x340>363</x340>
      <y340>644</y340>
      <x341>340</x341>
      <y341>645</y341>
      <x342>333</x342>
      <y342>643</y342>
      <x343>320</x343>
      <y343>642</y343>
      <x344>291</x344>
      <y344>633</y344>
      <x345>279</x345>
      <y345>622</y345>
      <x346>275</x346>
      <y346>616</y346>
      <x347>269</x347>
      <y347>612</y347>
      <x348>264</x348>
      <y348>615</y348>
      <x349>254</x349>
      <y349>613</y349>
      <x350>250</x350>
      <y350>606</y350>
      <x351>250</x351>
      <y351>603</y351>
      <x352>253</x352>
      <y352>599</y352>
      <x353>247</x353>
      <y353>583</y353>
      <x354>242</x354>
      <y354>582</y354>
      <x355>237</x355>
      <y355>575</y355>
      <x356>234</x356>
      <y356>562</y356>
      <x357>239</x357>
      <y357>551</y357>
      <x358>248</x358>
      <y358>543</y358>
      <x359>255</x359>
      <y359>528</y359>
      <x360>255</x360>
      <y360>519</y360>
      <x361>252</x361>
      <y361>511</y361>
      <x362>244</x362>
      <y362>501</y362>
      <x363>237</x363>
      <y363>485</y363>
      <x364>227</x364>
      <y364>472</y364>
      <x365>229</x365>
      <y365>456</y365>
      <x366>228</x366>
      <y366>453</y366>
      <x367>224</x367>
      <y367>449</y367>
      <x368>220</x368>
      <y368>447</y368>
      <x369>212</x369>
      <y369>447</y369>
      <x370>205</x370>
      <y370>443</y370>
      <x371>195</x371>
      <y371>441</y371>
      <x372>189</x372>
      <y372>438</y372>
      <x373>177</x373>
      <y373>424</y373>
      <x374>169</x374>
      <y374>422</y374>
      <x375>163</x375>
      <y375>416</y375>
      <x376>149</x376>
      <y376>408</y376>
      <x377>137</x377>
      <y377>407</y377>
      <x378>120</x378>
      <y378>413</y378>
      <x379>99</x379>
      <y379>430</y379>
      <x380>86</x380>
      <y380>448</y380>
    </polygon>
  </object>
  <object>
    <name>person</name>
    <bndbox>
      <xmin>426</xmin>
      <ymin>198</ymin>
      <xmax>809</xmax>
      <ymax>810</ymax>
    </bndbox>
    <polygon>
      <x1>580</x1>
      <y1>203</y1>
      <x2>577</x2>
      <y2>205</y2>
      <x3>570</x3>
      <y3>207</y3>
      <x4>559</x4>
      <y4>214</y4>
      <x5>553</x5>
      <y5>219</y5>
      <x6>546</x6>
      <y6>228</y6>
      <x7>539</x7>
      <y7>242</y7>
      <x8>540</x8>
      <y8>262</y8>
      <x9>535</x9>
      <y9>265</y9>
      <x10>529</x10>
      <y10>271</y10>
      <x11>523</x11>
      <y11>281</y11>
      <x12>523</x12>
      <y12>287</y12>
      <x13>524</x13>
      <y13>290</y13>
      <x14>527</x14>
      <y14>293</y14>
      <x15>534</x15>
      <y15>295</y15>
      <x16>539</x16>
      <y16>295</y16>
      <x17>541</x17>
      <y17>294</y17>
      <x18>543</x18>
      <y18>296</y18>
      <x19>547</x19>
      <y19>316</y19>
      <x20>554</x20>
      <y20>323</y20>
      <x21>556</x21>
      <y21>327</y21>
      <x22>556</x22>
      <y22>341</y22>
      <x23>548</x23>
      <y23>358</y23>
      <x24>536</x24>
      <y24>371</y24>
      <x25>528</x25>
      <y25>371</y25>
      <x26>522</x26>
      <y26>373</y26>
      <x27>506</x27>
      <y27>381</y27>
      <x28>504</x28>
      <y28>381</y28>
      <x29>471</x29>
      <y29>395</y29>
      <x30>462</x30>
      <y30>403</y30>
      <x31>457</x31>
      <y31>412</y31>
      <x32>449</x32>
      <y32>441</y32>
      <x33>444</x33>
      <y33>471</y33>
      <x34>443</x34>
      <y34>472</y34>
      <x35>441</x35>
      <y35>483</y35>
      <x36>439</x36>
      <y36>487</y36>
      <x37>439</x37>
      <y37>491</y37>
      <x38>437</x38>
      <y38>496</y38>
      <x39>437</x39>
      <y39>500</y39>
      <x40>436</x40>
      <y40>501</y40>
      <x41>436</x41>
      <y41>505</y41>
      <x42>435</x42>
      <y42>506</y42>
      <x43>435</x43>
      <y43>510</y43>
      <x44>434</x44>
      <y44>511</y44>
      <x45>434</x45>
      <y45>515</y45>
      <x46>432</x46>
      <y46>521</y46>
      <x47>430</x47>
      <y47>540</y47>
      <x48>429</x48>
      <y48>541</y48>
      <x49>429</x49>
      <y49>546</y49>
      <x50>428</x50>
      <y50>547</y50>
      <x51>427</x51>
      <y51>558</y51>
      <x52>426</x52>
      <y52>559</y52>
      <x53>426</x53>
      <y53>573</y53>
      <x54>428</x54>
      <y54>577</y54>
      <x55>437</x55>
      <y55>586</y55>
      <x56>443</x56>
      <y56>589</y56>
      <x57>450</x57>
      <y57>589</y57>
      <x58>454</x58>
      <y58>593</y58>
      <x59>458</x59>
      <y59>601</y59>
      <x60>460</x60>
      <y60>611</y60>
      <x61>463</x61>
      <y61>617</y61>
      <x62>465</x62>
      <y62>625</y62>
      <x63>469</x63>
      <y63>632</y63>
      <x64>472</x64>
      <y64>642</y64>
      <x65>474</x65>
      <y65>644</y65>
      <x66>479</x66>
      <y66>654</y66>
      <x67>486</x67>
      <y67>661</y67>
      <x68>491</x68>
      <y68>664</y68>
      <x69>506</x69>
      <y69>667</y69>
      <x70>509</x70>
      <y70>670</y70>
      <x71>509</x71>
      <y71>678</y71>
      <x72>504</x72>
      <y72>695</y72>
      <x73>504</x73>
      <y73>701</y73>
      <x74>509</x74>
      <y74>712</y74>
      <x75>517</x75>
      <y75>719</y75>
      <x76>521</x76>
      <y76>720</y76>
      <x77>528</x77>
      <y77>724</y77>
      <x78>530</x78>
      <y78>724</y78>
      <x79>541</x79>
      <y79>730</y79>
      <x80>556</x80>
      <y80>744</y80>
      <x81>575</x81>
      <y81>757</y81>
      <x82>579</x82>
      <y82>758</y82>
      <x83>590</x83>
      <y83>764</y83>
      <x84>625</x84>
      <y84>765</y84>
      <x85>626</x85>
      <y85>766</y85>
      <x86>641</x86>
      <y86>768</y86>
      <x87>648</x87>
      <y87>771</y87>
      <x88>651</x88>
      <y88>771</y88>
      <x89>660</x89>
      <y89>774</y89>
      <x90>668</x90>
      <y90>779</y90>
      <x91>671</x91>
      <y91>779</y91>
      <x92>692</x92>
      <y92>785</y92>
      <x93>698</x93>
      <y93>785</y93>
      <x94>699</x94>
      <y94>786</y94>
      <x95>716</x95>
      <y95>786</y95>
      <x96>717</x96>
      <y96>787</y96>
      <x97>732</x97>
      <y97>787</y97>
      <x98>733</x98>
      <y98>788</y98>
      <x99>737</x99>
      <y99>788</y99>
      <x100>745</x100>
      <y100>791</y100>
      <x101>748</x101>
      <y101>791</y101>
      <x102>751</x102>
      <y102>793</y102>
      <x103>754</x103>
      <y103>793</y103>
      <x104>758</x104>
      <y104>795</y104>
      <x105>764</x105>
      <y105>795</y105>
      <x106>765</x106>
      <y106>794</y106>
      <x107>774</x107>
      <y107>805</y107>
      <x108>780</x108>
      <y108>809</y108>
      <x109>799</x109>
      <y109>809</y109>
      <x110>800</x110>
      <y110>810</y110>
      <x111>808</x111>
      <y111>809</y111>
      <x112>809</x112>
      <y112>807</y112>
      <x113>808</x113>
      <y113>806</y113>
      <x114>808</x114>
      <y114>801</y114>
      <x115>806</x115>
      <y115>794</y115>
      <x116>802</x116>
      <y116>785</y116>
      <x117>795</x117>
      <y117>777</y117>
      <x118>795</x118>
      <y118>773</y118>
      <x119>790</x119>
      <y119>761</y119>
      <x120>787</x120>
      <y120>744</y120>
      <x121>784</x121>
      <y121>738</y121>
      <x122>783</x122>
      <y122>732</y122>
      <x123>781</x123>
      <y123>729</y123>
      <x124>781</x124>
      <y124>725</y124>
      <x125>778</x125>
      <y125>718</y125>
      <x126>775</x126>
      <y126>702</y126>
      <x127>770</x127>
      <y127>695</y127>
      <x128>769</x128>
      <y128>683</y128>
      <x129>765</x129>
      <y129>674</y129>
      <x130>765</x130>
      <y130>669</y130>
      <x131>763</x131>
      <y131>662</y131>
      <x132>760</x132>
      <y132>658</y132>
      <x133>752</x133>
      <y133>642</y133>
      <x134>747</x134>
      <y134>628</y134>
      <x135>747</x135>
      <y135>620</y135>
      <x136>756</x136>
      <y136>615</y136>
      <x137>760</x137>
      <y137>611</y137>
      <x138>765</x138>
      <y138>610</y138>
      <x139>768</x139>
      <y139>606</y139>
      <x140>770</x140>
      <y140>599</y140>
      <x141>769</x141>
      <y141>590</y141>
      <x142>766</x142>
      <y142>584</y142>
      <x143>765</x143>
      <y143>576</y143>
      <x144>764</x144>
      <y144>575</y144>
      <x145>764</x145>
      <y145>570</y145>
      <x146>763</x146>
      <y146>569</y146>
      <x147>764</x147>
      <y147>549</y147>
      <x148>757</x148>
      <y148>536</y148>
      <x149>752</x149>
      <y149>532</y149>
      <x150>747</x150>
      <y150>530</y150>
      <x151>743</x151>
      <y151>525</y151>
      <x152>743</x152>
      <y152>520</y152>
      <x153>740</x153>
      <y153>511</y153>
      <x154>737</x154>
      <y154>506</y154>
      <x155>737</x155>
      <y155>503</y155>
      <x156>734</x156>
      <y156>497</y156>
      <x157>734</x157>
      <y157>494</y157>
      <x158>731</x158>
      <y158>488</y158>
      <x159>728</x159>
      <y159>476</y159>
      <x160>721</x160>
      <y160>461</y160>
      <x161>715</x161>
      <y161>442</y161>
      <x162>699</x162>
      <y162>415</y162>
      <x163>690</x163>
      <y163>406</y163>
      <x164>685</x164>
      <y164>404</y164>
      <x165>683</x165>
      <y165>402</y165>
      <x166>647</x166>
      <y166>385</y166>
      <x167>643</x167>
      <y167>385</y167>
      <x168>636</x168>
      <y168>382</y168>
      <x169>630</x169>
      <y169>377</y169>
      <x170>628</x170>
      <y170>373</y170>
      <x171>629</x171>
      <y171>369</y171>
      <x172>631</x172>
      <y172>367</y172>
      <x173>633</x173>
      <y173>367</y173>
      <x174>639</x174>
      <y174>364</y174>
      <x175>651</x175>
      <y175>354</y175>
      <x176>658</x176>
      <y176>345</y176>
      <x177>661</x177>
      <y177>338</y177>
      <x178>667</x178>
      <y178>332</y178>
      <x179>667</x179>
      <y179>327</y179>
      <x180>668</x180>
      <y180>326</y180>
      <x181>669</x181>
      <y181>318</y181>
      <x182>670</x182>
      <y182>317</y182>
      <x183>670</x183>
      <y183>312</y183>
      <x184>671</x184>
      <y184>311</y184>
      <x185>672</x185>
      <y185>299</y185>
      <x186>677</x186>
      <y186>291</y186>
      <x187>677</x187>
      <y187>289</y187>
      <x188>683</x188>
      <y188>275</y188>
      <x189>684</x189>
      <y189>258</y189>
      <x190>679</x190>
      <y190>240</y190>
      <x191>670</x191>
      <y191>225</y191>
      <x192>662</x192>
      <y192>216</y192>
      <x193>648</x193>
      <y193>206</y193>
      <x194>635</x194>
      <y194>200</y194>
      <x195>626</x195>
      <y195>199</y195>
      <x196>625</x196>
      <y196>198</y196>
      <x197>604</x197>
      <y197>198</y197>
      <x198>603</x198>
      <y198>199</y198>
      <x199>590</x199>
      <y199>200</y199>
    </polygon>
  </object>
  <object>
    <name>person</name>
    <bndbox>
      <xmin>649</xmin>
      <ymin>647</ymin>
      <xmax>767</xmax>
      <ymax>752</ymax>
    </bndbox>
    <polygon>
      <x1>715</x1>
      <y1>647</y1>
      <x2>723</x2>
      <y2>647</y2>
      <x3>736</x3>
      <y3>659</y3>
      <x4>742</x4>
      <y4>666</y4>
      <x5>746</x5>
      <y5>668</y5>
      <x6>754</x6>
      <y6>677</y6>
      <x7>758</x7>
      <y7>685</y7>
      <x8>758</x8>
      <y8>688</y8>
      <x9>760</x9>
      <y9>691</y9>
      <x10>760</x10>
      <y10>693</y10>
      <x11>765</x11>
      <y11>700</y11>
      <x12>766</x12>
      <y12>708</y12>
      <x13>767</x13>
      <y13>709</y13>
      <x14>766</x14>
      <y14>718</y14>
      <x15>761</x15>
      <y15>726</y15>
      <x16>757</x16>
      <y16>730</y16>
      <x17>753</x17>
      <y17>732</y17>
      <x18>752</x18>
      <y18>738</y18>
      <x19>747</x19>
      <y19>740</y19>
      <x20>744</x20>
      <y20>745</y20>
      <x21>742</x21>
      <y21>746</y21>
      <x22>737</x22>
      <y22>746</y22>
      <x23>732</x23>
      <y23>752</y23>
      <x24>729</x24>
      <y24>752</y24>
      <x25>712</x25>
      <y25>744</y25>
      <x26>695</x26>
      <y26>743</y26>
      <x27>688</x27>
      <y27>740</y27>
      <x28>681</x28>
      <y28>735</y28>
      <x29>675</x29>
      <y29>734</y29>
      <x30>660</x30>
      <y30>726</y30>
      <x31>649</x31>
      <y31>713</y31>
      <x32>649</x32>
      <y32>709</y32>
      <x33>654</x33>
      <y33>701</y33>
      <x34>659</x34>
      <y34>687</y34>
      <x35>661</x35>
      <y35>685</y35>
      <x36>665</x36>
      <y36>676</y36>
      <x37>680</x37>
      <y37>660</y37>
      <x38>689</x38>
      <y38>655</y38>
      <x39>692</x39>
      <y39>655</y39>
      <x40>701</x40>
      <y40>652</y40>
      <x41>706</x41>
      <y41>652</y41>
    </polygon>
  </object>
  <object>
    <name>person</name>
    <bndbox>
      <xmin>827</xmin>
      <ymin>560</ymin>
      <xmax>943</xmax>
      <ymax>660</ymax>
    </bndbox>
    <polygon>
      <x1>830</x1>
      <y1>565</y1>
      <x2>827</x2>
      <y2>573</y2>
      <x3>827</x3>
      <y3>597</y3>
      <x4>831</x4>
      <y4>612</y4>
      <x5>837</x5>
      <y5>620</y5>
      <x6>838</x6>
      <y6>626</y6>
      <x7>846</x7>
      <y7>637</y7>
      <x8>853</x8>
      <y8>644</y8>
      <x9>871</x9>
      <y9>655</y9>
      <x10>883</x10>
      <y10>658</y10>
      <x11>901</x11>
      <y11>657</y11>
      <x12>906</x12>
      <y12>660</y12>
      <x13>917</x13>
      <y13>660</y13>
      <x14>925</x14>
      <y14>658</y14>
      <x15>935</x15>
      <y15>653</y15>
      <x16>942</x16>
      <y16>639</y16>
      <x17>943</x17>
      <y17>632</y17>
      <x18>936</x18>
      <y18>625</y18>
      <x19>933</x19>
      <y19>620</y19>
      <x20>927</x20>
      <y20>620</y20>
      <x21>920</x21>
      <y21>613</y21>
      <x22>919</x22>
      <y22>611</y22>
      <x23>920</x23>
      <y23>606</y23>
      <x24>919</x24>
      <y24>605</y24>
      <x25>912</x25>
      <y25>606</y25>
      <x26>907</x26>
      <y26>603</y26>
      <x27>898</x27>
      <y27>603</y27>
      <x28>891</x28>
      <y28>594</y28>
      <x29>886</x29>
      <y29>593</y29>
      <x30>880</x30>
      <y30>586</y30>
      <x31>872</x31>
      <y31>585</y31>
      <x32>867</x32>
      <y32>578</y32>
      <x33>852</x33>
      <y33>571</y33>
      <x34>849</x34>
      <y34>567</y34>
      <x35>842</x35>
      <y35>566</y35>
      <x36>836</x36>
      <y36>560</y36>
    </polygon>
  </object>
  <object>
    <name>person</name>
    <bndbox>
      <xmin>859</xmin>
      <ymin>19</ymin>
      <xmax>1482</xmax>
      <ymax>887</ymax>
    </bndbox>
    <polygon>
      <x1>991</x1>
      <y1>27</y1>
      <x2>980</x2>
      <y2>32</y2>
      <x3>961</x3>
      <y3>46</y3>
      <x4>948</x4>
      <y4>67</y4>
      <x5>947</x5>
      <y5>75</y5>
      <x6>949</x6>
      <y6>80</y6>
      <x7>954</x7>
      <y7>85</y7>
      <x8>958</x8>
      <y8>86</y8>
      <x9>975</x9>
      <y9>95</y9>
      <x10>983</x10>
      <y10>107</y10>
      <x11>985</x11>
      <y11>123</y11>
      <x12>982</x12>
      <y12>134</y12>
      <x13>977</x13>
      <y13>142</y13>
      <x14>977</x14>
      <y14>147</y14>
      <x15>981</x15>
      <y15>153</y15>
      <x16>983</x16>
      <y16>163</y16>
      <x17>990</x17>
      <y17>164</y17>
      <x18>998</x18>
      <y18>167</y18>
      <x19>999</x19>
      <y19>166</y19>
      <x20>1004</x20>
      <y20>166</y20>
      <x21>1012</x21>
      <y21>174</y21>
      <x22>1014</x22>
      <y22>174</y22>
      <x23>1023</x23>
      <y23>179</y23>
      <x24>1037</x24>
      <y24>195</y24>
      <x25>1047</x25>
      <y25>212</y25>
      <x26>1047</x26>
      <y26>219</y26>
      <x27>1045</x27>
      <y27>222</y27>
      <x28>1038</x28>
      <y28>226</y28>
      <x29>1035</x29>
      <y29>226</y29>
      <x30>1032</x30>
      <y30>228</y30>
      <x31>1028</x31>
      <y31>228</y31>
      <x32>1023</x32>
      <y32>231</y32>
      <x33>1017</x33>
      <y33>232</y33>
      <x34>1008</x34>
      <y34>237</y34>
      <x35>1004</x35>
      <y35>237</y35>
      <x36>995</x36>
      <y36>242</y36>
      <x37>990</x37>
      <y37>243</y37>
      <x38>979</x38>
      <y38>249</y38>
      <x39>974</x39>
      <y39>250</y39>
      <x40>966</x40>
      <y40>254</y40>
      <x41>947</x41>
      <y41>266</y41>
      <x42>936</x42>
      <y42>277</y42>
      <x43>920</x43>
      <y43>304</y43>
      <x44>914</x44>
      <y44>323</y44>
      <x45>909</x45>
      <y45>333</y45>
      <x46>904</x46>
      <y46>355</y46>
      <x47>902</x47>
      <y47>359</y47>
      <x48>900</x48>
      <y48>372</y48>
      <x49>895</x49>
      <y49>387</y49>
      <x50>895</x50>
      <y50>396</y50>
      <x51>893</x51>
      <y51>405</y51>
      <x52>896</x52>
      <y52>410</y52>
      <x53>899</x53>
      <y53>411</y53>
      <x54>906</x54>
      <y54>417</y54>
      <x55>908</x55>
      <y55>422</y55>
      <x56>913</x56>
      <y56>423</y56>
      <x57>919</x57>
      <y57>427</y57>
      <x58>924</x58>
      <y58>435</y58>
      <x59>932</x59>
      <y59>439</y59>
      <x60>936</x60>
      <y60>443</y60>
      <x61>938</x61>
      <y61>450</y61>
      <x62>929</x62>
      <y62>453</y62>
      <x63>926</x63>
      <y63>453</y63>
      <x64>920</x64>
      <y64>450</y64>
      <x65>914</x65>
      <y65>452</y65>
      <x66>910</x66>
      <y66>447</y66>
      <x67>906</x67>
      <y67>446</y67>
      <x68>902</x68>
      <y68>441</y68>
      <x69>900</x69>
      <y69>441</y69>
      <x70>894</x70>
      <y70>434</y70>
      <x71>886</x71>
      <y71>432</y71>
      <x72>884</x72>
      <y72>434</y72>
      <x73>878</x73>
      <y73>448</y73>
      <x74>873</x74>
      <y74>468</y74>
      <x75>868</x75>
      <y75>481</y75>
      <x76>868</x76>
      <y76>484</y76>
      <x77>861</x77>
      <y77>499</y77>
      <x78>861</x78>
      <y78>503</y78>
      <x79>859</x79>
      <y79>508</y79>
      <x80>865</x80>
      <y80>514</y80>
      <x81>871</x81>
      <y81>514</y81>
      <x82>879</x82>
      <y82>517</y82>
      <x83>902</x83>
      <y83>517</y83>
      <x84>903</x84>
      <y84>518</y84>
      <x85>920</x85>
      <y85>519</y85>
      <x86>925</x86>
      <y86>521</y86>
      <x87>931</x87>
      <y87>521</y87>
      <x88>939</x88>
      <y88>523</y88>
      <x89>956</x89>
      <y89>522</y89>
      <x90>961</x90>
      <y90>524</y90>
      <x91>970</x91>
      <y91>525</y91>
      <x92>974</x92>
      <y92>527</y92>
      <x93>987</x93>
      <y93>527</y93>
      <x94>988</x94>
      <y94>528</y94>
      <x95>1005</x95>
      <y95>524</y95>
      <x96>1009</x96>
      <y96>527</y96>
      <x97>1018</x97>
      <y97>530</y97>
      <x98>1048</x98>
      <y98>532</y98>
      <x99>1055</x99>
      <y99>535</y99>
      <x100>1064</x100>
      <y100>543</y100>
      <x101>1068</x101>
      <y101>545</y101>
      <x102>1075</x102>
      <y102>545</y102>
      <x103>1079</x103>
      <y103>547</y103>
      <x104>1085</x104>
      <y104>555</y104>
      <x105>1101</x105>
      <y105>569</y105>
      <x106>1105</x106>
      <y106>575</y106>
      <x107>1112</x107>
      <y107>582</y107>
      <x108>1114</x108>
      <y108>586</y108>
      <x109>1122</x109>
      <y109>592</y109>
      <x110>1127</x110>
      <y110>603</y110>
      <x111>1130</x111>
      <y111>606</y111>
      <x112>1125</x112>
      <y112>609</y112>
      <x113>1117</x113>
      <y113>609</y113>
      <x114>1101</x114>
      <y114>605</y114>
      <x115>1089</x115>
      <y115>600</y115>
      <x116>1081</x116>
      <y116>600</y116>
      <x117>1073</x117>
      <y117>594</y117>
      <x118>1068</x118>
      <y118>595</y118>
      <x119>1063</x119>
      <y119>592</y119>
      <x120>1052</x120>
      <y120>591</y120>
      <x121>1042</x121>
      <y121>588</y121>
      <x122>1024</x122>
      <y122>587</y122>
      <x123>1018</x123>
      <y123>591</y123>
      <x124>1010</x124>
      <y124>609</y124>
      <x125>1010</x125>
      <y125>615</y125>
      <x126>1015</x126>
      <y126>626</y126>
      <x127>1033</x127>
      <y127>638</y127>
      <x128>1038</x128>
      <y128>640</y128>
      <x129>1041</x129>
      <y129>643</y129>
      <x130>1052</x130>
      <y130>647</y130>
      <x131>1058</x131>
      <y131>653</y131>
      <x132>1069</x132>
      <y132>659</y132>
      <x133>1078</x133>
      <y133>676</y133>
      <x134>1073</x134>
      <y134>681</y134>
      <x135>1065</x135>
      <y135>681</y135>
      <x136>1064</x136>
      <y136>682</y136>
      <x137>1037</x137>
      <y137>681</y137>
      <x138>1033</x138>
      <y138>679</y138>
      <x139>1025</x139>
      <y139>680</y139>
      <x140>1018</x140>
      <y140>677</y140>
      <x141>1011</x141>
      <y141>677</y141>
      <x142>1003</x142>
      <y142>670</y142>
      <x143>997</x143>
      <y143>669</y143>
      <x144>992</x144>
      <y144>662</y144>
      <x145>986</x145>
      <y145>660</y145>
      <x146>980</x146>
      <y146>661</y146>
      <x147>977</x147>
      <y147>664</y147>
      <x148>975</x148>
      <y148>670</y148>
      <x149>970</x149>
      <y149>712</y149>
      <x150>965</x150>
      <y150>730</y150>
      <x151>962</x151>
      <y151>749</y151>
      <x152>960</x152>
      <y152>754</y152>
      <x153>956</x153>
      <y153>756</y153>
      <x154>953</x154>
      <y154>759</y154>
      <x155>952</x155>
      <y155>762</y155>
      <x156>951</x156>
      <y156>773</y156>
      <x157>950</x157>
      <y157>774</y157>
      <x158>949</x158>
      <y158>795</y158>
      <x159>956</x159>
      <y159>803</y159>
      <x160>959</x160>
      <y160>810</y160>
      <x161>985</x161>
      <y161>833</y161>
      <x162>990</x162>
      <y162>842</y162>
      <x163>995</x163>
      <y163>845</y163>
      <x164>1006</x164>
      <y164>848</y164>
      <x165>1022</x165>
      <y165>849</y165>
      <x166>1023</x166>
      <y166>850</y166>
      <x167>1053</x167>
      <y167>850</y167>
      <x168>1054</x168>
      <y168>851</y168>
      <x169>1055</x169>
      <y169>850</y169>
      <x170>1070</x170>
      <y170>850</y170>
      <x171>1078</x171>
      <y171>852</y171>
      <x172>1108</x172>
      <y172>852</y172>
      <x173>1109</x173>
      <y173>853</y173>
      <x174>1123</x174>
      <y174>853</y174>
      <x175>1124</x175>
      <y175>854</y175>
      <x176>1167</x176>
      <y176>855</y176>
      <x177>1168</x177>
      <y177>856</y177>
      <x178>1179</x178>
      <y178>856</y178>
      <x179>1180</x179>
      <y179>857</y179>
      <x180>1215</x180>
      <y180>856</y180>
      <x181>1229</x181>
      <y181>860</y181>
      <x182>1231</x182>
      <y182>862</y182>
      <x183>1233</x183>
      <y183>862</y183>
      <x184>1239</x184>
      <y184>868</y184>
      <x185>1248</x185>
      <y185>872</y185>
      <x186>1265</x186>
      <y186>875</y186>
      <x187>1272</x187>
      <y187>878</y187>
      <x188>1297</x188>
      <y188>884</y188>
      <x189>1312</x189>
      <y189>885</y189>
      <x190>1319</x190>
      <y190>887</y190>
      <x191>1332</x191>
      <y191>887</y191>
      <x192>1336</x192>
      <y192>884</y192>
      <x193>1339</x193>
      <y193>875</y193>
      <x194>1343</x194>
      <y194>870</y194>
      <x195>1346</x195>
      <y195>843</y195>
      <x196>1351</x196>
      <y196>822</y196>
      <x197>1354</x197>
      <y197>779</y197>
      <x198>1355</x198>
      <y198>778</y198>
      <x199>1355</x199>
      <y199>758</y199>
      <x200>1353</x200>
      <y200>753</y200>
      <x201>1353</x201>
      <y201>737</y201>
      <x202>1357</x202>
      <y202>731</y202>
      <x203>1371</x203>
      <y203>724</y203>
      <x204>1381</x204>
      <y204>716</y204>
      <x205>1398</x205>
      <y205>711</y205>
      <x206>1399</x206>
      <y206>705</y206>
      <x207>1402</x207>
      <y207>702</y207>
      <x208>1433</x208>
      <y208>700</y208>
      <x209>1449</x209>
      <y209>691</y209>
      <x210>1456</x210>
      <y210>684</y210>
      <x211>1457</x211>
      <y211>676</y211>
      <x212>1460</x212>
      <y212>673</y212>
      <x213>1465</x213>
      <y213>671</y213>
      <x214>1469</x214>
      <y214>667</y214>
      <x215>1471</x215>
      <y215>660</y215>
      <x216>1475</x216>
      <y216>654</y216>
      <x217>1476</x217>
      <y217>647</y217>
      <x218>1479</x218>
      <y218>642</y218>
      <x219>1482</x219>
      <y219>632</y219>
      <x220>1481</x220>
      <y220>600</y220>
      <x221>1479</x221>
      <y221>593</y221>
      <x222>1480</x222>
      <y222>576</y222>
      <x223>1478</x223>
      <y223>568</y223>
      <x224>1478</x224>
      <y224>557</y224>
      <x225>1471</x225>
      <y225>529</y225>
      <x226>1470</x226>
      <y226>520</y226>
      <x227>1464</x227>
      <y227>503</y227>
      <x228>1463</x228>
      <y228>493</y228>
      <x229>1459</x229>
      <y229>484</y229>
      <x230>1457</x230>
      <y230>466</y230>
      <x231>1454</x231>
      <y231>453</y231>
      <x232>1454</x232>
      <y232>445</y232>
      <x233>1450</x233>
      <y233>430</y233>
      <x234>1449</x234>
      <y234>421</y234>
      <x235>1445</x235>
      <y235>411</y235>
      <x236>1439</x236>
      <y236>387</y236>
      <x237>1433</x237>
      <y237>373</y237>
      <x238>1432</x238>
      <y238>367</y238>
      <x239>1426</x239>
      <y239>355</y239>
      <x240>1420</x240>
      <y240>334</y240>
      <x241>1416</x241>
      <y241>326</y241>
      <x242>1413</x242>
      <y242>313</y242>
      <x243>1403</x243>
      <y243>301</y243>
      <x244>1399</x244>
      <y244>291</y244>
      <x245>1388</x245>
      <y245>279</y245>
      <x246>1376</x246>
      <y246>272</y246>
      <x247>1373</x247>
      <y247>268</y247>
      <x248>1325</x248>
      <y248>243</y248>
      <x249>1322</x249>
      <y249>243</y249>
      <x250>1312</x250>
      <y250>237</y250>
      <x251>1303</x251>
      <y251>235</y251>
      <x252>1299</x252>
      <y252>232</y252>
      <x253>1293</x253>
      <y253>230</y253>
      <x254>1288</x254>
      <y254>230</y254>
      <x255>1283</x255>
      <y255>235</y255>
      <x256>1272</x256>
      <y256>222</y256>
      <x257>1265</x257>
      <y257>216</y257>
      <x258>1264</x258>
      <y258>213</y258>
      <x259>1260</x259>
      <y259>212</y259>
      <x260>1257</x260>
      <y260>209</y260>
      <x261>1257</x261>
      <y261>207</y261>
      <x262>1255</x262>
      <y262>205</y262>
      <x263>1252</x263>
      <y263>204</y263>
      <x264>1249</x264>
      <y264>200</y264>
      <x265>1246</x265>
      <y265>200</y265>
      <x266>1239</x266>
      <y266>197</y266>
      <x267>1238</x267>
      <y267>193</y267>
      <x268>1233</x268>
      <y268>189</y268>
      <x269>1232</x269>
      <y269>185</y269>
      <x270>1227</x270>
      <y270>180</y270>
      <x271>1222</x271>
      <y271>179</y271>
      <x272>1213</x272>
      <y272>173</y272>
      <x273>1207</x273>
      <y273>172</y273>
      <x274>1202</x274>
      <y274>167</y274>
      <x275>1200</x275>
      <y275>163</y275>
      <x276>1186</x276>
      <y276>154</y276>
      <x277>1181</x277>
      <y277>154</y277>
      <x278>1172</x278>
      <y278>145</y278>
      <x279>1169</x279>
      <y279>137</y279>
      <x280>1173</x280>
      <y280>119</y280>
      <x281>1173</x281>
      <y281>99</y281>
      <x282>1171</x282>
      <y282>92</y282>
      <x283>1159</x283>
      <y283>81</y283>
      <x284>1159</x284>
      <y284>72</y284>
      <x285>1154</x285>
      <y285>60</y285>
      <x286>1149</x286>
      <y286>55</y286>
      <x287>1145</x287>
      <y287>47</y287>
      <x288>1138</x288>
      <y288>41</y288>
      <x289>1135</x289>
      <y289>40</y289>
      <x290>1129</x290>
      <y290>35</y290>
      <x291>1116</x291>
      <y291>29</y291>
      <x292>1108</x292>
      <y292>28</y292>
      <x293>1103</x293>
      <y293>26</y293>
      <x294>1095</x294>
      <y294>26</y294>
      <x295>1081</x295>
      <y295>22</y295>
      <x296>1077</x296>
      <y296>22</y296>
      <x297>1072</x297>
      <y297>20</y297>
      <x298>1065</x298>
      <y298>20</y298>
      <x299>1064</x299>
      <y299>19</y299>
      <x300>1031</x300>
      <y300>19</y300>
    </polygon>
  </object>
</annotation>
