<?xml version="1.0" ?>
<annotation>
  <folder>VOC</folder>
  <filename>28-1.png</filename>
  <source>
    <database>roboflow.ai</database>
  </source>
  <size>
    <width>1792</width>
    <height>1024</height>
    <depth>3</depth>
  </size>
  <segmented>0</segmented>
  <object>
    <name>person</name>
    <bndbox>
      <xmin>297</xmin>
      <ymin>117</ymin>
      <xmax>758</xmax>
      <ymax>980</ymax>
    </bndbox>
    <polygon>
      <x1>596</x1>
      <y1>117</y1>
      <x2>584</x2>
      <y2>121</y2>
      <x3>564</x3>
      <y3>130</y3>
      <x4>558</x4>
      <y4>138</y4>
      <x5>549</x5>
      <y5>142</y5>
      <x6>536</x6>
      <y6>159</y6>
      <x7>533</x7>
      <y7>167</y7>
      <x8>532</x8>
      <y8>176</y8>
      <x9>531</x9>
      <y9>177</y9>
      <x10>531</x10>
      <y10>196</y10>
      <x11>532</x11>
      <y11>197</y11>
      <x12>532</x12>
      <y12>203</y12>
      <x13>533</x13>
      <y13>204</y13>
      <x14>533</x14>
      <y14>210</y14>
      <x15>534</x15>
      <y15>211</y15>
      <x16>534</x16>
      <y16>222</y16>
      <x17>532</x17>
      <y17>226</y17>
      <x18>531</x18>
      <y18>235</y18>
      <x19>527</x19>
      <y19>245</y19>
      <x20>507</x20>
      <y20>264</y20>
      <x21>503</x21>
      <y21>265</y21>
      <x22>499</x22>
      <y22>268</y22>
      <x23>479</x23>
      <y23>278</y23>
      <x24>475</x24>
      <y24>279</y24>
      <x25>467</x25>
      <y25>285</y25>
      <x26>462</x26>
      <y26>287</y26>
      <x27>458</x27>
      <y27>291</y27>
      <x28>448</x28>
      <y28>295</y28>
      <x29>429</x29>
      <y29>312</y29>
      <x30>415</x30>
      <y30>331</y30>
      <x31>399</x31>
      <y31>338</y31>
      <x32>392</x32>
      <y32>343</y32>
      <x33>373</x33>
      <y33>363</y33>
      <x34>362</x34>
      <y34>382</y34>
      <x35>362</x35>
      <y35>385</y35>
      <x36>358</x36>
      <y36>396</y36>
      <x37>355</x37>
      <y37>400</y37>
      <x38>346</x38>
      <y38>406</y38>
      <x39>336</x39>
      <y39>416</y39>
      <x40>331</x40>
      <y40>423</y40>
      <x41>318</x41>
      <y41>447</y41>
      <x42>314</x42>
      <y42>459</y42>
      <x43>310</x43>
      <y43>466</y43>
      <x44>307</x44>
      <y44>476</y44>
      <x45>305</x45>
      <y45>479</y45>
      <x46>305</x46>
      <y46>482</y46>
      <x47>302</x47>
      <y47>491</y47>
      <x48>300</x48>
      <y48>494</y48>
      <x49>299</x49>
      <y49>503</y49>
      <x50>298</x50>
      <y50>504</y50>
      <x51>298</x51>
      <y51>510</y51>
      <x52>297</x52>
      <y52>511</y52>
      <x53>297</x53>
      <y53>523</y53>
      <x54>298</x54>
      <y54>524</y54>
      <x55>298</x55>
      <y55>528</y55>
      <x56>302</x56>
      <y56>537</y56>
      <x57>309</x57>
      <y57>545</y57>
      <x58>329</x58>
      <y58>557</y58>
      <x59>342</x59>
      <y59>563</y59>
      <x60>353</x60>
      <y60>571</y60>
      <x61>355</x61>
      <y61>571</y61>
      <x62>366</x62>
      <y62>576</y62>
      <x63>373</x63>
      <y63>577</y63>
      <x64>385</x64>
      <y64>582</y64>
      <x65>394</x65>
      <y65>583</y65>
      <x66>407</x66>
      <y66>588</y66>
      <x67>418</x67>
      <y67>590</y67>
      <x68>421</x68>
      <y68>592</y68>
      <x69>421</x69>
      <y69>607</y69>
      <x70>420</x70>
      <y70>608</y70>
      <x71>421</x71>
      <y71>628</y71>
      <x72>422</x72>
      <y72>629</y72>
      <x73>423</x73>
      <y73>642</y73>
      <x74>425</x74>
      <y74>648</y74>
      <x75>425</x75>
      <y75>655</y75>
      <x76>427</x76>
      <y76>659</y76>
      <x77>429</x77>
      <y77>670</y77>
      <x78>431</x78>
      <y78>674</y78>
      <x79>431</x79>
      <y79>679</y79>
      <x80>429</x80>
      <y80>682</y80>
      <x81>424</x81>
      <y81>681</y81>
      <x82>416</x82>
      <y82>677</y82>
      <x83>412</x83>
      <y83>677</y83>
      <x84>407</x84>
      <y84>675</y84>
      <x85>399</x85>
      <y85>668</y85>
      <x86>401</x86>
      <y86>664</y86>
      <x87>401</x87>
      <y87>661</y87>
      <x88>398</x88>
      <y88>660</y88>
      <x89>393</x89>
      <y89>660</y89>
      <x90>388</x90>
      <y90>663</y90>
      <x91>382</x91>
      <y91>661</y91>
      <x92>380</x92>
      <y92>663</y92>
      <x93>379</x93>
      <y93>669</y93>
      <x94>381</x94>
      <y94>671</y94>
      <x95>384</x95>
      <y95>671</y95>
      <x96>387</x96>
      <y96>669</y96>
      <x97>390</x97>
      <y97>671</y97>
      <x98>392</x98>
      <y98>684</y98>
      <x99>396</x99>
      <y99>690</y99>
      <x100>396</x100>
      <y100>697</y100>
      <x101>401</x101>
      <y101>700</y101>
      <x102>405</x102>
      <y102>704</y102>
      <x103>406</x103>
      <y103>708</y103>
      <x104>414</x104>
      <y104>716</y104>
      <x105>418</x105>
      <y105>724</y105>
      <x106>425</x106>
      <y106>732</y106>
      <x107>428</x107>
      <y107>739</y107>
      <x108>434</x108>
      <y108>745</y108>
      <x109>438</x109>
      <y109>752</y109>
      <x110>476</x110>
      <y110>788</y110>
      <x111>488</x111>
      <y111>795</y111>
      <x112>494</x112>
      <y112>797</y112>
      <x113>508</x113>
      <y113>799</y113>
      <x114>521</x114>
      <y114>793</y114>
      <x115>525</x115>
      <y115>789</y115>
      <x116>532</x116>
      <y116>778</y116>
      <x117>534</x117>
      <y117>772</y117>
      <x118>534</x118>
      <y118>745</y118>
      <x119>535</x119>
      <y119>744</y119>
      <x120>536</x120>
      <y120>728</y120>
      <x121>537</x121>
      <y121>727</y121>
      <x122>538</x122>
      <y122>719</y122>
      <x123>541</x123>
      <y123>716</y123>
      <x124>546</x124>
      <y124>715</y124>
      <x125>549</x125>
      <y125>713</y125>
      <x126>555</x126>
      <y126>715</y126>
      <x127>570</x127>
      <y127>729</y127>
      <x128>581</x128>
      <y128>741</y128>
      <x129>588</x129>
      <y129>746</y129>
      <x130>589</x130>
      <y130>748</y130>
      <x131>597</x131>
      <y131>755</y131>
      <x132>601</x132>
      <y132>761</y132>
      <x133>602</x133>
      <y133>765</y133>
      <x134>608</x134>
      <y134>771</y134>
      <x135>613</x135>
      <y135>778</y135>
      <x136>616</x136>
      <y136>785</y136>
      <x137>621</x137>
      <y137>792</y137>
      <x138>622</x138>
      <y138>795</y138>
      <x139>621</x139>
      <y139>824</y139>
      <x140>622</x140>
      <y140>825</y140>
      <x141>622</x141>
      <y141>836</y141>
      <x142>623</x142>
      <y142>837</y142>
      <x143>624</x143>
      <y143>847</y143>
      <x144>626</x144>
      <y144>852</y144>
      <x145>636</x145>
      <y145>864</y145>
      <x146>640</x146>
      <y146>872</y146>
      <x147>646</x147>
      <y147>891</y147>
      <x148>646</x148>
      <y148>895</y148>
      <x149>644</x149>
      <y149>902</y149>
      <x150>635</x150>
      <y150>917</y150>
      <x151>636</x151>
      <y151>927</y151>
      <x152>639</x152>
      <y152>933</y152>
      <x153>646</x153>
      <y153>938</y153>
      <x154>668</x154>
      <y154>944</y154>
      <x155>693</x155>
      <y155>955</y155>
      <x156>702</x156>
      <y156>962</y156>
      <x157>710</x157>
      <y157>970</y157>
      <x158>717</x158>
      <y158>974</y158>
      <x159>735</x159>
      <y159>980</y159>
      <x160>748</x160>
      <y160>980</y160>
      <x161>755</x161>
      <y161>977</y161>
      <x162>758</x162>
      <y162>972</y162>
      <x163>758</x163>
      <y163>969</y163>
      <x164>749</x164>
      <y164>952</y164>
      <x165>737</x165>
      <y165>940</y165>
      <x166>720</x166>
      <y166>931</y166>
      <x167>717</x167>
      <y167>928</y167>
      <x168>702</x168>
      <y168>921</y168>
      <x169>692</x169>
      <y169>910</y169>
      <x170>690</x170>
      <y170>906</y170>
      <x171>690</x171>
      <y171>903</y171>
      <x172>688</x172>
      <y172>900</y172>
      <x173>687</x173>
      <y173>886</y173>
      <x174>688</x174>
      <y174>885</y174>
      <x175>688</x175>
      <y175>876</y175>
      <x176>689</x176>
      <y176>875</y176>
      <x177>690</x177>
      <y177>859</y177>
      <x178>691</x178>
      <y178>858</y178>
      <x179>691</x179>
      <y179>852</y179>
      <x180>692</x180>
      <y180>851</y180>
      <x181>691</x181>
      <y181>793</y181>
      <x182>690</x182>
      <y182>792</y182>
      <x183>690</x183>
      <y183>788</y183>
      <x184>687</x184>
      <y184>780</y184>
      <x185>687</x185>
      <y185>777</y185>
      <x186>683</x186>
      <y186>766</y186>
      <x187>683</x187>
      <y187>759</y187>
      <x188>682</x188>
      <y188>758</y188>
      <x189>683</x189>
      <y189>756</y189>
      <x190>683</x190>
      <y190>752</y190>
      <x191>682</x191>
      <y191>751</y191>
      <x192>682</x192>
      <y192>723</y192>
      <x193>681</x193>
      <y193>722</y193>
      <x194>680</x194>
      <y194>710</y194>
      <x195>678</x195>
      <y195>706</y195>
      <x196>675</x196>
      <y196>690</y196>
      <x197>670</x197>
      <y197>679</y197>
      <x198>670</x198>
      <y198>677</y198>
      <x199>659</x199>
      <y199>655</y199>
      <x200>659</x200>
      <y200>653</y200>
      <x201>654</x201>
      <y201>643</y201>
      <x202>652</x202>
      <y202>641</y202>
      <x203>641</x203>
      <y203>618</y203>
      <x204>642</x204>
      <y204>593</y204>
      <x205>641</x205>
      <y205>592</y205>
      <x206>641</x206>
      <y206>588</y206>
      <x207>639</x207>
      <y207>582</y207>
      <x208>629</x208>
      <y208>562</y208>
      <x209>625</x209>
      <y209>558</y209>
      <x210>620</x210>
      <y210>556</y210>
      <x211>614</x211>
      <y211>550</y211>
      <x212>611</x212>
      <y212>544</y212>
      <x213>611</x213>
      <y213>542</y213>
      <x214>608</x214>
      <y214>538</y214>
      <x215>607</x215>
      <y215>518</y215>
      <x216>606</x216>
      <y216>517</y216>
      <x217>606</x217>
      <y217>500</y217>
      <x218>607</x218>
      <y218>499</y218>
      <x219>608</x219>
      <y219>491</y219>
      <x220>610</x220>
      <y220>487</y220>
      <x221>610</x221>
      <y221>479</y221>
      <x222>614</x222>
      <y222>465</y222>
      <x223>617</x223>
      <y223>460</y223>
      <x224>620</x224>
      <y224>459</y224>
      <x225>621</x225>
      <y225>461</y225>
      <x226>626</x226>
      <y226>464</y226>
      <x227>639</x227>
      <y227>477</y227>
      <x228>648</x228>
      <y228>483</y228>
      <x229>656</x229>
      <y229>491</y229>
      <x230>660</x230>
      <y230>493</y230>
      <x231>670</x231>
      <y231>503</y231>
      <x232>676</x232>
      <y232>507</y232>
      <x233>681</x233>
      <y233>513</y233>
      <x234>686</x234>
      <y234>530</y234>
      <x235>690</x235>
      <y235>537</y235>
      <x236>692</x236>
      <y236>545</y236>
      <x237>696</x237>
      <y237>554</y237>
      <x238>694</x238>
      <y238>572</y238>
      <x239>697</x239>
      <y239>576</y239>
      <x240>705</x240>
      <y240>576</y240>
      <x241>706</x241>
      <y241>575</y241>
      <x242>715</x242>
      <y242>575</y242>
      <x243>718</x243>
      <y243>574</y243>
      <x244>722</x244>
      <y244>569</y244>
      <x245>726</x245>
      <y245>557</y245>
      <x246>728</x246>
      <y246>535</y246>
      <x247>730</x247>
      <y247>530</y247>
      <x248>729</x248>
      <y248>522</y248>
      <x249>712</x249>
      <y249>500</y249>
      <x250>707</x250>
      <y250>488</y250>
      <x251>694</x251>
      <y251>468</y251>
      <x252>690</x252>
      <y252>459</y252>
      <x253>688</x253>
      <y253>451</y253>
      <x254>686</x254>
      <y254>448</y254>
      <x255>683</x255>
      <y255>439</y255>
      <x256>683</x256>
      <y256>436</y256>
      <x257>681</x257>
      <y257>433</y257>
      <x258>672</x258>
      <y258>407</y258>
      <x259>664</x259>
      <y259>392</y259>
      <x260>659</x260>
      <y260>386</y260>
      <x261>656</x261>
      <y261>377</y261>
      <x262>655</x262>
      <y262>354</y262>
      <x263>659</x263>
      <y263>341</y263>
      <x264>665</x264>
      <y264>331</y264>
      <x265>666</x265>
      <y265>323</y265>
      <x266>667</x266>
      <y266>322</y266>
      <x267>668</x267>
      <y267>302</y267>
      <x268>667</x268>
      <y268>301</y268>
      <x269>666</x269>
      <y269>290</y269>
      <x270>661</x270>
      <y270>279</y270>
      <x271>655</x271>
      <y271>272</y271>
      <x272>651</x272>
      <y272>270</y272>
      <x273>647</x273>
      <y273>266</y273>
      <x274>646</x274>
      <y274>262</y274>
      <x275>651</x275>
      <y275>250</y275>
      <x276>663</x276>
      <y276>234</y276>
      <x277>664</x277>
      <y277>226</y277>
      <x278>665</x278>
      <y278>225</y278>
      <x279>665</x279>
      <y279>214</y279>
      <x280>666</x280>
      <y280>212</y280>
      <x281>671</x281>
      <y281>207</y281>
      <x282>674</x282>
      <y282>206</y282>
      <x283>682</x283>
      <y283>199</y283>
      <x284>686</x284>
      <y284>193</y284>
      <x285>686</x285>
      <y285>188</y285>
      <x286>687</x286>
      <y286>186</y286>
      <x287>681</x287>
      <y287>170</y287>
      <x288>672</x288>
      <y288>162</y288>
      <x289>669</x289>
      <y289>157</y289>
      <x290>663</x290>
      <y290>151</y290>
      <x291>661</x291>
      <y291>146</y291>
      <x292>656</x292>
      <y292>139</y292>
      <x293>652</x293>
      <y293>137</y293>
      <x294>644</x294>
      <y294>128</y294>
      <x295>627</x295>
      <y295>120</y295>
      <x296>614</x296>
      <y296>119</y296>
      <x297>608</x297>
      <y297>117</y297>
    </polygon>
  </object>
  <object>
    <name>person</name>
    <bndbox>
      <xmin>813</xmin>
      <ymin>100</ymin>
      <xmax>1152</xmax>
      <ymax>874</ymax>
    </bndbox>
    <polygon>
      <x1>1016</x1>
      <y1>100</y1>
      <x2>1015</x2>
      <y2>101</y2>
      <x3>1005</x3>
      <y3>102</y3>
      <x4>1001</x4>
      <y4>104</y4>
      <x5>998</x5>
      <y5>104</y5>
      <x6>984</x6>
      <y6>112</y6>
      <x7>977</x7>
      <y7>120</y7>
      <x8>976</x8>
      <y8>123</y8>
      <x9>976</x9>
      <y9>130</y9>
      <x10>981</x10>
      <y10>139</y10>
      <x11>981</x11>
      <y11>142</y11>
      <x12>984</x12>
      <y12>151</y12>
      <x13>996</x13>
      <y13>167</y13>
      <x14>1005</x14>
      <y14>185</y14>
      <x15>1006</x15>
      <y15>194</y15>
      <x16>1003</x16>
      <y16>202</y16>
      <x17>996</x17>
      <y17>210</y17>
      <x18>989</x18>
      <y18>215</y18>
      <x19>983</x19>
      <y19>218</y19>
      <x20>977</x20>
      <y20>219</y20>
      <x21>969</x21>
      <y21>225</y21>
      <x22>966</x22>
      <y22>226</y22>
      <x23>943</x23>
      <y23>247</y23>
      <x24>931</x24>
      <y24>259</y24>
      <x25>927</x25>
      <y25>265</y25>
      <x26>920</x26>
      <y26>272</y26>
      <x27>914</x27>
      <y27>276</y27>
      <x28>905</x28>
      <y28>285</y28>
      <x29>898</x29>
      <y29>296</y29>
      <x30>896</x30>
      <y30>304</y30>
      <x31>891</x31>
      <y31>315</y31>
      <x32>880</x32>
      <y32>325</y32>
      <x33>874</x33>
      <y33>334</y33>
      <x34>865</x34>
      <y34>344</y34>
      <x35>864</x35>
      <y35>347</y35>
      <x36>860</x36>
      <y36>352</y36>
      <x37>851</x37>
      <y37>369</y37>
      <x38>851</x38>
      <y38>371</y38>
      <x39>845</x39>
      <y39>383</y39>
      <x40>842</x40>
      <y40>394</y40>
      <x41>838</x41>
      <y41>401</y41>
      <x42>838</x42>
      <y42>410</y42>
      <x43>847</x43>
      <y43>420</y43>
      <x44>860</x44>
      <y44>427</y44>
      <x45>866</x45>
      <y45>432</y45>
      <x46>872</x46>
      <y46>435</y46>
      <x47>874</x47>
      <y47>435</y47>
      <x48>891</x48>
      <y48>447</y48>
      <x49>900</x49>
      <y49>450</y49>
      <x50>913</x50>
      <y50>457</y50>
      <x51>920</x51>
      <y51>459</y51>
      <x52>934</x52>
      <y52>466</y52>
      <x53>938</x53>
      <y53>472</y53>
      <x54>938</x54>
      <y54>476</y54>
      <x55>937</x55>
      <y55>477</y55>
      <x56>937</x56>
      <y56>480</y56>
      <x57>938</x57>
      <y57>481</y57>
      <x58>938</x58>
      <y58>505</y58>
      <x59>939</x59>
      <y59>506</y59>
      <x60>940</x60>
      <y60>518</y60>
      <x61>945</x61>
      <y61>530</y61>
      <x62>950</x62>
      <y62>536</y62>
      <x63>953</x63>
      <y63>550</y63>
      <x64>950</x64>
      <y64>552</y64>
      <x65>936</x65>
      <y65>552</y65>
      <x66>935</x66>
      <y66>553</y66>
      <x67>931</x67>
      <y67>553</y67>
      <x68>918</x68>
      <y68>558</y68>
      <x69>906</x69>
      <y69>567</y69>
      <x70>893</x70>
      <y70>579</y70>
      <x71>879</x71>
      <y71>586</y71>
      <x72>861</x72>
      <y72>598</y72>
      <x73>849</x73>
      <y73>602</y73>
      <x74>847</x74>
      <y74>601</y74>
      <x75>828</x75>
      <y75>601</y75>
      <x76>821</x76>
      <y76>603</y76>
      <x77>816</x77>
      <y77>607</y77>
      <x78>814</x78>
      <y78>611</y78>
      <x79>813</x79>
      <y79>621</y79>
      <x80>815</x80>
      <y80>627</y80>
      <x81>819</x81>
      <y81>631</y81>
      <x82>830</x82>
      <y82>647</y82>
      <x83>832</x83>
      <y83>648</y83>
      <x84>834</x84>
      <y84>654</y84>
      <x85>838</x85>
      <y85>659</y85>
      <x86>842</x86>
      <y86>668</y86>
      <x87>850</x87>
      <y87>674</y87>
      <x88>856</x88>
      <y88>677</y88>
      <x89>863</x89>
      <y89>678</y89>
      <x90>865</x90>
      <y90>677</y90>
      <x91>869</x91>
      <y91>672</y91>
      <x92>869</x92>
      <y92>665</y92>
      <x93>866</x93>
      <y93>656</y93>
      <x94>867</x94>
      <y94>648</y94>
      <x95>871</x95>
      <y95>642</y95>
      <x96>877</x96>
      <y96>642</y96>
      <x97>879</x97>
      <y97>641</y97>
      <x98>879</x98>
      <y98>637</y98>
      <x99>877</x99>
      <y99>634</y99>
      <x100>877</x100>
      <y100>632</y100>
      <x101>878</x101>
      <y101>631</y101>
      <x102>879</x102>
      <y102>624</y102>
      <x103>883</x103>
      <y103>619</y103>
      <x104>911</x104>
      <y104>611</y104>
      <x105>915</x105>
      <y105>611</y105>
      <x106>920</x106>
      <y106>609</y106>
      <x107>925</x107>
      <y107>609</y107>
      <x108>926</x108>
      <y108>608</y108>
      <x109>933</x109>
      <y109>607</y109>
      <x110>957</x110>
      <y110>598</y110>
      <x111>985</x111>
      <y111>599</y111>
      <x112>993</x112>
      <y112>608</y112>
      <x113>996</x113>
      <y113>615</y113>
      <x114>1006</x114>
      <y114>629</y114>
      <x115>1011</x115>
      <y115>640</y115>
      <x116>1015</x116>
      <y116>645</y116>
      <x117>1019</x117>
      <y117>653</y117>
      <x118>1031</x118>
      <y118>666</y118>
      <x119>1031</x119>
      <y119>668</y119>
      <x120>1033</x120>
      <y120>670</y120>
      <x121>1035</x121>
      <y121>679</y121>
      <x122>1037</x122>
      <y122>682</y122>
      <x123>1038</x123>
      <y123>690</y123>
      <x124>1037</x124>
      <y124>691</y124>
      <x125>1037</x125>
      <y125>702</y125>
      <x126>1036</x126>
      <y126>703</y126>
      <x127>1036</x127>
      <y127>709</y127>
      <x128>1035</x128>
      <y128>710</y128>
      <x129>1035</x129>
      <y129>716</y129>
      <x130>1034</x130>
      <y130>717</y130>
      <x131>1034</x131>
      <y131>726</y131>
      <x132>1033</x132>
      <y132>727</y132>
      <x133>1033</x133>
      <y133>741</y133>
      <x134>1034</x134>
      <y134>742</y134>
      <x135>1034</x135>
      <y135>746</y135>
      <x136>1036</x136>
      <y136>753</y136>
      <x137>1054</x137>
      <y137>786</y137>
      <x138>1054</x138>
      <y138>789</y138>
      <x139>1043</x139>
      <y139>808</y139>
      <x140>1043</x140>
      <y140>823</y140>
      <x141>1052</x141>
      <y141>837</y141>
      <x142>1056</x142>
      <y142>839</y142>
      <x143>1069</x143>
      <y143>851</y143>
      <x144>1083</x144>
      <y144>859</y144>
      <x145>1089</x145>
      <y145>865</y145>
      <x146>1109</x146>
      <y146>872</y146>
      <x147>1130</x147>
      <y147>874</y147>
      <x148>1137</x148>
      <y148>872</y148>
      <x149>1145</x149>
      <y149>865</y149>
      <x150>1145</x150>
      <y150>857</y150>
      <x151>1139</x151>
      <y151>847</y151>
      <x152>1106</x152>
      <y152>817</y152>
      <x153>1102</x153>
      <y153>808</y153>
      <x154>1098</x154>
      <y154>806</y154>
      <x155>1091</x155>
      <y155>798</y155>
      <x156>1088</x156>
      <y156>791</y156>
      <x157>1087</x157>
      <y157>783</y157>
      <x158>1086</x158>
      <y158>782</y158>
      <x159>1085</x159>
      <y159>724</y159>
      <x160>1086</x160>
      <y160>723</y160>
      <x161>1087</x161>
      <y161>712</y161>
      <x162>1095</x162>
      <y162>696</y162>
      <x163>1098</x163>
      <y163>686</y163>
      <x164>1098</x164>
      <y164>664</y164>
      <x165>1097</x165>
      <y165>663</y165>
      <x166>1096</x166>
      <y166>654</y166>
      <x167>1092</x167>
      <y167>646</y167>
      <x168>1090</x168>
      <y168>631</y168>
      <x169>1082</x169>
      <y169>612</y169>
      <x170>1079</x170>
      <y170>599</y170>
      <x171>1075</x171>
      <y171>587</y171>
      <x172>1073</x172>
      <y172>584</y172>
      <x173>1072</x173>
      <y173>576</y173>
      <x174>1068</x174>
      <y174>569</y174>
      <x175>1066</x175>
      <y175>560</y175>
      <x176>1060</x176>
      <y176>548</y176>
      <x177>1059</x177>
      <y177>518</y177>
      <x178>1060</x178>
      <y178>517</y178>
      <x179>1060</x179>
      <y179>513</y179>
      <x180>1062</x180>
      <y180>507</y180>
      <x181>1062</x181>
      <y181>501</y181>
      <x182>1063</x182>
      <y182>500</y182>
      <x183>1065</x183>
      <y183>482</y183>
      <x184>1068</x184>
      <y184>472</y184>
      <x185>1069</x185>
      <y185>463</y185>
      <x186>1072</x186>
      <y186>455</y186>
      <x187>1079</x187>
      <y187>415</y187>
      <x188>1083</x188>
      <y188>401</y188>
      <x189>1083</x189>
      <y189>393</y189>
      <x190>1084</x190>
      <y190>392</y190>
      <x191>1087</x191>
      <y191>374</y191>
      <x192>1088</x192>
      <y192>373</y192>
      <x193>1089</x193>
      <y193>362</y193>
      <x194>1094</x194>
      <y194>345</y194>
      <x195>1095</x195>
      <y195>335</y195>
      <x196>1096</x196>
      <y196>334</y196>
      <x197>1113</x197>
      <y197>352</y197>
      <x198>1119</x198>
      <y198>365</y198>
      <x199>1120</x199>
      <y199>371</y199>
      <x200>1123</x200>
      <y200>378</y200>
      <x201>1128</x201>
      <y201>385</y201>
      <x202>1134</x202>
      <y202>389</y202>
      <x203>1138</x203>
      <y203>390</y203>
      <x204>1143</x204>
      <y204>388</y204>
      <x205>1149</x205>
      <y205>381</y205>
      <x206>1152</x206>
      <y206>375</y206>
      <x207>1152</x207>
      <y207>357</y207>
      <x208>1148</x208>
      <y208>345</y208>
      <x209>1143</x209>
      <y209>338</y209>
      <x210>1142</x210>
      <y210>338</y210>
      <x211>1133</x211>
      <y211>328</y211>
      <x212>1132</x212>
      <y212>325</y212>
      <x213>1126</x213>
      <y213>317</y213>
      <x214>1125</x214>
      <y214>313</y214>
      <x215>1119</x215>
      <y215>305</y215>
      <x216>1116</x216>
      <y216>299</y216>
      <x217>1112</x217>
      <y217>296</y217>
      <x218>1110</x218>
      <y218>291</y218>
      <x219>1110</x219>
      <y219>288</y219>
      <x220>1109</x220>
      <y220>287</y220>
      <x221>1109</x221>
      <y221>229</y221>
      <x222>1108</x222>
      <y222>228</y222>
      <x223>1108</x223>
      <y223>223</y223>
      <x224>1104</x224>
      <y224>215</y224>
      <x225>1097</x225>
      <y225>209</y225>
      <x226>1096</x226>
      <y226>206</y226>
      <x227>1097</x227>
      <y227>203</y227>
      <x228>1097</x228>
      <y228>194</y228>
      <x229>1098</x229>
      <y229>193</y229>
      <x230>1098</x230>
      <y230>184</y230>
      <x231>1090</x231>
      <y231>170</y231>
      <x232>1090</x232>
      <y232>157</y232>
      <x233>1085</x233>
      <y233>144</y233>
      <x234>1085</x234>
      <y234>140</y234>
      <x235>1083</x235>
      <y235>137</y235>
      <x236>1088</x236>
      <y236>123</y236>
      <x237>1087</x237>
      <y237>119</y237>
      <x238>1081</x238>
      <y238>112</y238>
      <x239>1068</x239>
      <y239>107</y239>
      <x240>1059</x240>
      <y240>106</y240>
      <x241>1052</x241>
      <y241>103</y241>
      <x242>1037</x242>
      <y242>101</y242>
      <x243>1036</x243>
      <y243>100</y243>
    </polygon>
  </object>
</annotation>
