<?xml version="1.0" ?>
<annotation>
  <folder>VOC</folder>
  <filename>29-2.png</filename>
  <source>
    <database>roboflow.ai</database>
  </source>
  <size>
    <width>1792</width>
    <height>1024</height>
    <depth>3</depth>
  </size>
  <segmented>0</segmented>
  <object>
    <name>person</name>
    <bndbox>
      <xmin>625</xmin>
      <ymin>917</ymin>
      <xmax>651</xmax>
      <ymax>966</ymax>
    </bndbox>
    <polygon>
      <x1>629</x1>
      <y1>917</y1>
      <x2>625</x2>
      <y2>925</y2>
      <x3>625</x3>
      <y3>935</y3>
      <x4>628</x4>
      <y4>942</y4>
      <x5>626</x5>
      <y5>962</y5>
      <x6>628</x6>
      <y6>964</y6>
      <x7>636</x7>
      <y7>964</y7>
      <x8>640</x8>
      <y8>962</y8>
      <x9>643</x9>
      <y9>965</y9>
      <x10>648</x10>
      <y10>966</y10>
      <x11>651</x11>
      <y11>964</y11>
      <x12>646</x12>
      <y12>945</y12>
      <x13>647</x13>
      <y13>934</y13>
      <x14>637</x14>
      <y14>918</y14>
    </polygon>
  </object>
  <object>
    <name>person</name>
    <bndbox>
      <xmin>660</xmin>
      <ymin>837</ymin>
      <xmax>685</xmax>
      <ymax>896</ymax>
    </bndbox>
    <polygon>
      <x1>662</x1>
      <y1>837</y1>
      <x2>660</x2>
      <y2>839</y2>
      <x3>660</x3>
      <y3>864</y3>
      <x4>667</x4>
      <y4>877</y4>
      <x5>670</x5>
      <y5>893</y5>
      <x6>674</x6>
      <y6>896</y6>
      <x7>681</x7>
      <y7>896</y7>
      <x8>685</x8>
      <y8>891</y8>
      <x9>678</x9>
      <y9>867</y9>
      <x10>678</x10>
      <y10>853</y10>
      <x11>674</x11>
      <y11>845</y11>
      <x12>669</x12>
      <y12>841</y12>
      <x13>667</x13>
      <y13>837</y13>
    </polygon>
  </object>
</annotation>
