<?xml version="1.0" ?>
<annotation>
  <folder>VOC</folder>
  <filename>3-2.png</filename>
  <source>
    <database>roboflow.ai</database>
  </source>
  <size>
    <width>1792</width>
    <height>1024</height>
    <depth>3</depth>
  </size>
  <segmented>0</segmented>
  <object>
    <name>person</name>
    <bndbox>
      <xmin>849</xmin>
      <ymin>827</ymin>
      <xmax>1172</xmax>
      <ymax>1000</ymax>
    </bndbox>
    <polygon>
      <x1>1172</x1>
      <y1>954</y1>
      <x2>1169</x2>
      <y2>952</y2>
      <x3>1159</x3>
      <y3>953</y3>
      <x4>1154</x4>
      <y4>957</y4>
      <x5>1153</x5>
      <y5>961</y5>
      <x6>1150</x6>
      <y6>964</y6>
      <x7>1144</x7>
      <y7>965</y7>
      <x8>1141</x8>
      <y8>968</y8>
      <x9>1138</x9>
      <y9>969</y9>
      <x10>1128</x10>
      <y10>980</y10>
      <x11>1123</x11>
      <y11>981</y11>
      <x12>1117</x12>
      <y12>977</y12>
      <x13>1107</x13>
      <y13>966</y13>
      <x14>1098</x14>
      <y14>951</y14>
      <x15>1087</x15>
      <y15>943</y15>
      <x16>1067</x16>
      <y16>935</y16>
      <x17>1041</x17>
      <y17>929</y17>
      <x18>1030</x18>
      <y18>916</y18>
      <x19>1030</x19>
      <y19>908</y19>
      <x20>1033</x20>
      <y20>898</y20>
      <x21>1039</x21>
      <y21>891</y21>
      <x22>1039</x22>
      <y22>889</y22>
      <x23>1044</x23>
      <y23>881</y23>
      <x24>1044</x24>
      <y24>875</y24>
      <x25>1043</x25>
      <y25>874</y25>
      <x26>1044</x26>
      <y26>855</y26>
      <x27>1041</x27>
      <y27>845</y27>
      <x28>1037</x28>
      <y28>839</y28>
      <x29>1029</x29>
      <y29>831</y29>
      <x30>1025</x30>
      <y30>829</y30>
      <x31>1017</x31>
      <y31>827</y31>
      <x32>1002</x32>
      <y32>827</y32>
      <x33>991</x33>
      <y33>832</y33>
      <x34>978</x34>
      <y34>844</y34>
      <x35>973</x35>
      <y35>857</y35>
      <x36>971</x36>
      <y36>871</y36>
      <x37>968</x37>
      <y37>877</y37>
      <x38>968</x38>
      <y38>883</y38>
      <x39>967</x39>
      <y39>884</y39>
      <x40>970</x40>
      <y40>895</y40>
      <x41>975</x41>
      <y41>900</y41>
      <x42>976</x42>
      <y42>905</y42>
      <x43>976</x43>
      <y43>916</y43>
      <x44>971</x44>
      <y44>922</y44>
      <x45>968</x45>
      <y45>923</y45>
      <x46>964</x46>
      <y46>928</y46>
      <x47>960</x47>
      <y47>930</y47>
      <x48>940</x48>
      <y48>936</y48>
      <x49>926</x49>
      <y49>938</y49>
      <x50>905</x50>
      <y50>948</y50>
      <x51>888</x51>
      <y51>966</y51>
      <x52>881</x52>
      <y52>970</y52>
      <x53>874</x53>
      <y53>977</y53>
      <x54>864</x54>
      <y54>982</y54>
      <x55>856</x55>
      <y55>991</y55>
      <x56>850</x56>
      <y56>991</y56>
      <x57>849</x57>
      <y57>996</y57>
      <x58>852</x58>
      <y58>998</y58>
      <x59>858</x59>
      <y59>998</y59>
      <x60>859</x60>
      <y60>999</y60>
      <x61>885</x61>
      <y61>1000</y61>
      <x62>903</x62>
      <y62>990</y62>
      <x63>915</x63>
      <y63>979</y63>
      <x64>921</x64>
      <y64>977</y64>
      <x65>923</x65>
      <y65>978</y65>
      <x66>940</x66>
      <y66>978</y66>
      <x67>941</x67>
      <y67>979</y67>
      <x68>1040</x68>
      <y68>979</y68>
      <x69>1041</x69>
      <y69>978</y69>
      <x70>1063</x70>
      <y70>978</y70>
      <x71>1067</x71>
      <y71>981</y71>
      <x72>1069</x72>
      <y72>986</y72>
      <x73>1073</x73>
      <y73>990</y73>
      <x74>1088</x74>
      <y74>999</y74>
      <x75>1106</x75>
      <y75>1000</y75>
      <x76>1120</x76>
      <y76>996</y76>
      <x77>1127</x77>
      <y77>992</y77>
      <x78>1134</x78>
      <y78>986</y78>
      <x79>1137</x79>
      <y79>985</y79>
      <x80>1144</x80>
      <y80>977</y80>
      <x81>1155</x81>
      <y81>970</y81>
      <x82>1157</x82>
      <y82>967</y82>
      <x83>1166</x83>
      <y83>963</y83>
      <x84>1171</x84>
      <y84>958</y84>
    </polygon>
  </object>
</annotation>
