<?xml version="1.0" ?>
<annotation>
  <folder>VOC</folder>
  <filename>32-1.png</filename>
  <source>
    <database>roboflow.ai</database>
  </source>
  <size>
    <width>1792</width>
    <height>1024</height>
    <depth>3</depth>
  </size>
  <segmented>0</segmented>
  <object>
    <name>person</name>
    <bndbox>
      <xmin>927</xmin>
      <ymin>903</ymin>
      <xmax>1189</xmax>
      <ymax>1016</ymax>
    </bndbox>
    <polygon>
      <x1>1189</x1>
      <y1>1001</y1>
      <x2>1187</x2>
      <y2>996</y2>
      <x3>1168</x3>
      <y3>990</y3>
      <x4>1163</x4>
      <y4>985</y4>
      <x5>1158</x5>
      <y5>971</y5>
      <x6>1151</x6>
      <y6>974</y6>
      <x7>1148</x7>
      <y7>969</y7>
      <x8>1139</x8>
      <y8>962</y8>
      <x9>1130</x9>
      <y9>934</y9>
      <x10>1133</x10>
      <y10>914</y10>
      <x11>1130</x11>
      <y11>911</y11>
      <x12>1115</x12>
      <y12>909</y12>
      <x13>1108</x13>
      <y13>903</y13>
      <x14>1103</x14>
      <y14>905</y14>
      <x15>1066</x15>
      <y15>905</y15>
      <x16>1044</x16>
      <y16>912</y16>
      <x17>1012</x17>
      <y17>912</y17>
      <x18>998</x18>
      <y18>910</y18>
      <x19>956</x19>
      <y19>911</y19>
      <x20>952</x20>
      <y20>913</y20>
      <x21>952</x21>
      <y21>920</y21>
      <x22>948</x22>
      <y22>924</y22>
      <x23>942</x23>
      <y23>924</y23>
      <x24>936</x24>
      <y24>928</y24>
      <x25>938</x25>
      <y25>935</y25>
      <x26>930</x26>
      <y26>942</y26>
      <x27>933</x27>
      <y27>958</y27>
      <x28>935</x28>
      <y28>960</y28>
      <x29>941</x29>
      <y29>958</y29>
      <x30>944</x30>
      <y30>961</y30>
      <x31>942</x31>
      <y31>964</y31>
      <x32>934</x32>
      <y32>964</y32>
      <x33>930</x33>
      <y33>968</y33>
      <x34>931</x34>
      <y34>977</y34>
      <x35>928</x35>
      <y35>981</y35>
      <x36>928</x36>
      <y36>985</y36>
      <x37>932</x37>
      <y37>991</y37>
      <x38>927</x38>
      <y38>996</y38>
      <x39>927</x39>
      <y39>1005</y39>
      <x40>933</x40>
      <y40>1011</y40>
      <x41>941</x41>
      <y41>1009</y41>
      <x42>949</x42>
      <y42>1014</y42>
      <x43>957</x43>
      <y43>1013</y43>
      <x44>961</x44>
      <y44>1015</y44>
      <x45>969</x45>
      <y45>1012</y45>
      <x46>975</x46>
      <y46>1016</y46>
      <x47>981</x47>
      <y47>1014</y47>
      <x48>989</x48>
      <y48>1016</y48>
      <x49>1005</x49>
      <y49>1016</y49>
      <x50>1008</x50>
      <y50>1014</y50>
      <x51>1019</x51>
      <y51>1016</y51>
      <x52>1026</x52>
      <y52>1014</y52>
      <x53>1033</x53>
      <y53>1016</y53>
      <x54>1038</x54>
      <y54>1012</y54>
      <x55>1046</x55>
      <y55>1014</y55>
      <x56>1052</x56>
      <y56>1010</y56>
      <x57>1059</x57>
      <y57>1014</y57>
      <x58>1066</x58>
      <y58>1011</y58>
      <x59>1073</x59>
      <y59>1015</y59>
      <x60>1080</x60>
      <y60>1011</y60>
      <x61>1086</x61>
      <y61>1014</y61>
      <x62>1094</x62>
      <y62>1011</y62>
      <x63>1103</x63>
      <y63>1014</y63>
      <x64>1109</x64>
      <y64>1007</y64>
      <x65>1116</x65>
      <y65>1015</y65>
      <x66>1122</x66>
      <y66>1009</y66>
      <x67>1129</x67>
      <y67>1013</y67>
      <x68>1133</x68>
      <y68>1011</y68>
      <x69>1134</x69>
      <y69>996</y69>
      <x70>1137</x70>
      <y70>992</y70>
      <x71>1140</x71>
      <y71>995</y71>
      <x72>1142</x72>
      <y72>1012</y72>
      <x73>1144</x73>
      <y73>1014</y73>
      <x74>1148</x74>
      <y74>1010</y74>
      <x75>1152</x75>
      <y75>1009</y75>
      <x76>1159</x76>
      <y76>1014</y76>
      <x77>1164</x77>
      <y77>1007</y77>
      <x78>1166</x78>
      <y78>1007</y78>
      <x79>1171</x79>
      <y79>1013</y79>
      <x80>1178</x80>
      <y80>1006</y80>
      <x81>1188</x81>
      <y81>1006</y81>
    </polygon>
  </object>
  <object>
    <name>person</name>
    <bndbox>
      <xmin>386</xmin>
      <ymin>47</ymin>
      <xmax>1235</xmax>
      <ymax>1019</ymax>
    </bndbox>
    <polygon>
      <x1>1076</x1>
      <y1>60</y1>
      <x2>1065</x2>
      <y2>54</y2>
      <x3>1045</x3>
      <y3>47</y3>
      <x4>1004</x4>
      <y4>48</y4>
      <x5>977</x5>
      <y5>52</y5>
      <x6>971</x6>
      <y6>55</y6>
      <x7>953</x7>
      <y7>60</y7>
      <x8>934</x8>
      <y8>70</y8>
      <x9>930</x9>
      <y9>75</y9>
      <x10>929</x10>
      <y10>93</y10>
      <x11>934</x11>
      <y11>102</y11>
      <x12>936</x12>
      <y12>109</y12>
      <x13>940</x13>
      <y13>114</y13>
      <x14>941</x14>
      <y14>129</y14>
      <x15>937</x15>
      <y15>137</y15>
      <x16>929</x16>
      <y16>143</y16>
      <x17>914</x17>
      <y17>158</y17>
      <x18>912</x18>
      <y18>165</y18>
      <x19>907</x19>
      <y19>171</y19>
      <x20>905</x20>
      <y20>179</y20>
      <x21>905</x21>
      <y21>194</y21>
      <x22>908</x22>
      <y22>205</y22>
      <x23>913</x23>
      <y23>212</y23>
      <x24>926</x24>
      <y24>225</y24>
      <x25>931</x25>
      <y25>233</y25>
      <x26>939</x26>
      <y26>240</y26>
      <x27>940</x27>
      <y27>248</y27>
      <x28>931</x28>
      <y28>257</y28>
      <x29>918</x29>
      <y29>262</y29>
      <x30>904</x30>
      <y30>272</y30>
      <x31>897</x31>
      <y31>282</y31>
      <x32>893</x32>
      <y32>297</y32>
      <x33>893</x33>
      <y33>305</y33>
      <x34>895</x34>
      <y34>309</y34>
      <x35>895</x35>
      <y35>321</y35>
      <x36>896</x36>
      <y36>322</y36>
      <x37>898</x37>
      <y37>364</y37>
      <x38>903</x38>
      <y38>396</y38>
      <x39>904</x39>
      <y39>419</y39>
      <x40>906</x40>
      <y40>429</y40>
      <x41>908</x41>
      <y41>473</y41>
      <x42>910</x42>
      <y42>478</y42>
      <x43>910</x43>
      <y43>506</y43>
      <x44>908</x44>
      <y44>512</y44>
      <x45>905</x45>
      <y45>514</y45>
      <x46>893</x46>
      <y46>513</y46>
      <x47>884</x47>
      <y47>508</y47>
      <x48>871</x48>
      <y48>504</y48>
      <x49>867</x49>
      <y49>500</y49>
      <x50>865</x50>
      <y50>495</y50>
      <x51>857</x51>
      <y51>490</y51>
      <x52>847</x52>
      <y52>477</y52>
      <x53>839</x53>
      <y53>474</y53>
      <x54>826</x54>
      <y54>465</y54>
      <x55>800</x55>
      <y55>430</y55>
      <x56>787</x56>
      <y56>422</y56>
      <x57>774</x57>
      <y57>424</y57>
      <x58>760</x58>
      <y58>429</y58>
      <x59>758</x59>
      <y59>431</y59>
      <x60>759</x60>
      <y60>436</y60>
      <x61>753</x61>
      <y61>442</y61>
      <x62>760</x62>
      <y62>469</y62>
      <x63>777</x63>
      <y63>476</y63>
      <x64>789</x64>
      <y64>478</y64>
      <x65>797</x65>
      <y65>486</y65>
      <x66>808</x66>
      <y66>490</y66>
      <x67>856</x67>
      <y67>540</y67>
      <x68>881</x68>
      <y68>559</y68>
      <x69>891</x69>
      <y69>563</y69>
      <x70>893</x70>
      <y70>570</y70>
      <x71>884</x71>
      <y71>576</y71>
      <x72>871</x72>
      <y72>578</y72>
      <x73>862</x73>
      <y73>583</y73>
      <x74>840</x74>
      <y74>589</y74>
      <x75>828</x75>
      <y75>594</y75>
      <x76>821</x76>
      <y76>599</y76>
      <x77>815</x77>
      <y77>600</y77>
      <x78>808</x78>
      <y78>605</y78>
      <x79>800</x79>
      <y79>607</y79>
      <x80>793</x80>
      <y80>613</y80>
      <x81>771</x81>
      <y81>623</y81>
      <x82>765</x82>
      <y82>628</y82>
      <x83>756</x83>
      <y83>632</y83>
      <x84>750</x84>
      <y84>638</y84>
      <x85>745</x85>
      <y85>640</y85>
      <x86>737</x86>
      <y86>647</y86>
      <x87>729</x87>
      <y87>651</y87>
      <x88>723</x88>
      <y88>656</y88>
      <x89>718</x89>
      <y89>657</y89>
      <x90>706</x90>
      <y90>663</y90>
      <x91>697</x91>
      <y91>673</y91>
      <x92>676</x92>
      <y92>688</y92>
      <x93>671</x93>
      <y93>690</y93>
      <x94>669</x94>
      <y94>695</y94>
      <x95>661</x95>
      <y95>701</y95>
      <x96>644</x96>
      <y96>719</y96>
      <x97>643</x97>
      <y97>724</y97>
      <x98>640</x98>
      <y98>727</y98>
      <x99>636</x99>
      <y99>728</y99>
      <x100>628</x100>
      <y100>736</y100>
      <x101>615</x101>
      <y101>745</y101>
      <x102>581</x102>
      <y102>777</y102>
      <x103>563</x103>
      <y103>791</y103>
      <x104>555</x104>
      <y104>799</y104>
      <x105>550</x105>
      <y105>801</y105>
      <x106>543</x106>
      <y106>810</y106>
      <x107>538</x107>
      <y107>812</y107>
      <x108>524</x108>
      <y108>824</y108>
      <x109>516</x109>
      <y109>828</y109>
      <x110>508</x110>
      <y110>830</y110>
      <x111>485</x111>
      <y111>830</y111>
      <x112>478</x112>
      <y112>832</y112>
      <x113>471</x113>
      <y113>837</y113>
      <x114>465</x114>
      <y114>838</y114>
      <x115>460</x115>
      <y115>841</y115>
      <x116>450</x116>
      <y116>844</y116>
      <x117>443</x117>
      <y117>854</y117>
      <x118>436</x118>
      <y118>857</y118>
      <x119>436</x119>
      <y119>865</y119>
      <x120>434</x120>
      <y120>870</y120>
      <x121>431</x121>
      <y121>873</y121>
      <x122>424</x122>
      <y122>875</y122>
      <x123>399</x123>
      <y123>873</y123>
      <x124>391</x124>
      <y124>876</y124>
      <x125>390</x125>
      <y125>878</y125>
      <x126>391</x126>
      <y126>885</y126>
      <x127>393</x127>
      <y127>888</y127>
      <x128>401</x128>
      <y128>916</y128>
      <x129>401</x129>
      <y129>921</y129>
      <x130>392</x130>
      <y130>928</y130>
      <x131>390</x131>
      <y131>948</y131>
      <x132>386</x132>
      <y132>955</y132>
      <x133>386</x133>
      <y133>963</y133>
      <x134>392</x134>
      <y134>975</y134>
      <x135>406</x135>
      <y135>981</y135>
      <x136>416</x136>
      <y136>991</y136>
      <x137>440</x137>
      <y137>1004</y137>
      <x138>473</x138>
      <y138>1013</y138>
      <x139>482</x139>
      <y139>1014</y139>
      <x140>486</x140>
      <y140>1016</y140>
      <x141>490</x141>
      <y141>1015</y141>
      <x142>511</x142>
      <y142>1016</y142>
      <x143>512</x143>
      <y143>1017</y143>
      <x144>533</x144>
      <y144>1016</y144>
      <x145>534</x145>
      <y145>1015</y145>
      <x146>537</x146>
      <y146>1016</y146>
      <x147>558</x147>
      <y147>1016</y147>
      <x148>559</x148>
      <y148>1015</y148>
      <x149>568</x149>
      <y149>1016</y149>
      <x150>575</x150>
      <y150>1015</y150>
      <x151>579</x151>
      <y151>1016</y151>
      <x152>651</x152>
      <y152>1015</y152>
      <x153>657</x153>
      <y153>1016</y153>
      <x154>674</x154>
      <y154>1013</y154>
      <x155>679</x155>
      <y155>1014</y155>
      <x156>705</x156>
      <y156>1013</y156>
      <x157>711</x157>
      <y157>1015</y157>
      <x158>718</x158>
      <y158>1014</y158>
      <x159>722</x159>
      <y159>1016</y159>
      <x160>733</x160>
      <y160>1015</y160>
      <x161>738</x161>
      <y161>1017</y161>
      <x162>766</x162>
      <y162>1017</y162>
      <x163>767</x163>
      <y163>1018</y163>
      <x164>791</x164>
      <y164>1019</y164>
      <x165>804</x165>
      <y165>1017</y165>
      <x166>827</x166>
      <y166>1007</y166>
      <x167>832</x167>
      <y167>1007</y167>
      <x168>836</x168>
      <y168>1010</y168>
      <x169>842</x169>
      <y169>1010</y169>
      <x170>848</x170>
      <y170>1012</y170>
      <x171>857</x171>
      <y171>1008</y171>
      <x172>863</x172>
      <y172>1010</y172>
      <x173>868</x173>
      <y173>1004</y173>
      <x174>868</x174>
      <y174>995</y174>
      <x175>866</x175>
      <y175>991</y175>
      <x176>868</x176>
      <y176>969</y176>
      <x177>864</x177>
      <y177>962</y177>
      <x178>865</x178>
      <y178>953</y178>
      <x179>867</x179>
      <y179>951</y179>
      <x180>879</x180>
      <y180>950</y180>
      <x181>880</x181>
      <y181>945</y181>
      <x182>877</x182>
      <y182>935</y182>
      <x183>879</x183>
      <y183>928</y183>
      <x184>879</x184>
      <y184>915</y184>
      <x185>877</x185>
      <y185>912</y185>
      <x186>870</x186>
      <y186>912</y186>
      <x187>865</x187>
      <y187>908</y187>
      <x188>863</x188>
      <y188>908</y188>
      <x189>859</x189>
      <y189>913</y189>
      <x190>859</x190>
      <y190>918</y190>
      <x191>858</x191>
      <y191>919</y191>
      <x192>854</x192>
      <y192>908</y192>
      <x193>856</x193>
      <y193>898</y193>
      <x194>853</x194>
      <y194>894</y194>
      <x195>852</x195>
      <y195>885</y195>
      <x196>846</x196>
      <y196>879</y196>
      <x197>846</x197>
      <y197>871</y197>
      <x198>841</x198>
      <y198>865</y198>
      <x199>841</x199>
      <y199>856</y199>
      <x200>834</x200>
      <y200>842</y200>
      <x201>827</x201>
      <y201>837</y201>
      <x202>825</x202>
      <y202>829</y202>
      <x203>819</x203>
      <y203>819</y203>
      <x204>819</x204>
      <y204>816</y204>
      <x205>813</x205>
      <y205>810</y205>
      <x206>807</x206>
      <y206>791</y206>
      <x207>804</x207>
      <y207>786</y207>
      <x208>799</x208>
      <y208>782</y208>
      <x209>797</x209>
      <y209>774</y209>
      <x210>797</x210>
      <y210>755</y210>
      <x211>798</x211>
      <y211>754</y211>
      <x212>799</x212>
      <y212>732</y212>
      <x213>803</x213>
      <y213>725</y213>
      <x214>804</x214>
      <y214>719</y214>
      <x215>816</x215>
      <y215>703</y215>
      <x216>835</x216>
      <y216>701</y216>
      <x217>839</x217>
      <y217>697</y217>
      <x218>849</x218>
      <y218>669</y218>
      <x219>855</x219>
      <y219>646</y219>
      <x220>861</x220>
      <y220>637</y220>
      <x221>868</x221>
      <y221>631</y221>
      <x222>882</x222>
      <y222>628</y222>
      <x223>896</x223>
      <y223>628</y223>
      <x224>910</x224>
      <y224>631</y224>
      <x225>923</x225>
      <y225>631</y225>
      <x226>924</x226>
      <y226>632</y226>
      <x227>967</x227>
      <y227>632</y227>
      <x228>968</x228>
      <y228>633</y228>
      <x229>977</x229>
      <y229>632</y229>
      <x230>978</x230>
      <y230>633</y230>
      <x231>996</x231>
      <y231>633</y231>
      <x232>997</x232>
      <y232>634</y232>
      <x233>1007</x233>
      <y233>633</y233>
      <x234>1025</x234>
      <y234>635</y234>
      <x235>1027</x235>
      <y235>634</y235>
      <x236>1099</x236>
      <y236>635</y236>
      <x237>1100</x237>
      <y237>634</y237>
      <x238>1172</x238>
      <y238>631</y238>
      <x239>1185</x239>
      <y239>629</y239>
      <x240>1194</x240>
      <y240>625</y240>
      <x241>1195</x241>
      <y241>619</y241>
      <x242>1191</x242>
      <y242>615</y242>
      <x243>1187</x243>
      <y243>604</y243>
      <x244>1179</x244>
      <y244>601</y244>
      <x245>1175</x245>
      <y245>597</y245>
      <x246>1173</x246>
      <y246>592</y246>
      <x247>1169</x247>
      <y247>590</y247>
      <x248>1163</x248>
      <y248>584</y248>
      <x249>1161</x249>
      <y249>579</y249>
      <x250>1158</x250>
      <y250>576</y250>
      <x251>1149</x251>
      <y251>572</y251>
      <x252>1143</x252>
      <y252>564</y252>
      <x253>1135</x253>
      <y253>558</y253>
      <x254>1131</x254>
      <y254>544</y254>
      <x255>1132</x255>
      <y255>527</y255>
      <x256>1136</x256>
      <y256>522</y256>
      <x257>1141</x257>
      <y257>522</y257>
      <x258>1157</x258>
      <y258>532</y258>
      <x259>1166</x259>
      <y259>535</y259>
      <x260>1172</x260>
      <y260>540</y260>
      <x261>1187</x261>
      <y261>543</y261>
      <x262>1193</x262>
      <y262>546</y262>
      <x263>1221</x263>
      <y263>546</y263>
      <x264>1228</x264>
      <y264>541</y264>
      <x265>1234</x265>
      <y265>529</y265>
      <x266>1235</x266>
      <y266>464</y266>
      <x267>1233</x267>
      <y267>452</y267>
      <x268>1233</x268>
      <y268>431</y268>
      <x269>1231</x269>
      <y269>421</y269>
      <x270>1231</x270>
      <y270>408</y270>
      <x271>1229</x271>
      <y271>398</y271>
      <x272>1227</x272>
      <y272>365</y272>
      <x273>1224</x273>
      <y273>348</y273>
      <x274>1222</x274>
      <y274>324</y274>
      <x275>1207</x275>
      <y275>270</y275>
      <x276>1192</x276>
      <y276>256</y276>
      <x277>1177</x277>
      <y277>252</y277>
      <x278>1171</x278>
      <y278>257</y278>
      <x279>1166</x279>
      <y279>252</y279>
      <x280>1156</x280>
      <y280>247</y280>
      <x281>1151</x281>
      <y281>242</y281>
      <x282>1156</x282>
      <y282>228</y282>
      <x283>1156</x283>
      <y283>215</y283>
      <x284>1154</x284>
      <y284>211</y284>
      <x285>1150</x285>
      <y285>207</y285>
      <x286>1142</x286>
      <y286>203</y286>
      <x287>1136</x287>
      <y287>195</y287>
      <x288>1137</x288>
      <y288>186</y288>
      <x289>1144</x289>
      <y289>175</y289>
      <x290>1143</x290>
      <y290>158</y290>
      <x291>1132</x291>
      <y291>144</y291>
      <x292>1124</x292>
      <y292>137</y292>
      <x293>1119</x293>
      <y293>125</y293>
      <x294>1117</x294>
      <y294>113</y294>
      <x295>1113</x295>
      <y295>106</y295>
      <x296>1113</x296>
      <y296>103</y296>
      <x297>1103</x297>
      <y297>86</y297>
      <x298>1093</x298>
      <y298>74</y298>
      <x299>1085</x299>
      <y299>69</y299>
    </polygon>
  </object>
</annotation>
