<?xml version="1.0" ?>
<annotation>
  <folder>VOC</folder>
  <filename>32-2.png</filename>
  <source>
    <database>roboflow.ai</database>
  </source>
  <size>
    <width>1792</width>
    <height>1024</height>
    <depth>3</depth>
  </size>
  <segmented>0</segmented>
  <object>
    <name>person</name>
    <bndbox>
      <xmin>451</xmin>
      <ymin>33</ymin>
      <xmax>1274</xmax>
      <ymax>916</ymax>
    </bndbox>
    <polygon>
      <x1>1146</x1>
      <y1>101</y1>
      <x2>1137</x2>
      <y2>96</y2>
      <x3>1131</x3>
      <y3>90</y3>
      <x4>1111</x4>
      <y4>78</y4>
      <x5>1097</x5>
      <y5>71</y5>
      <x6>1092</x6>
      <y6>70</y6>
      <x7>1082</x7>
      <y7>65</y7>
      <x8>1062</x8>
      <y8>58</y8>
      <x9>1054</x9>
      <y9>57</y9>
      <x10>1038</x10>
      <y10>51</y10>
      <x11>1034</x11>
      <y11>51</y11>
      <x12>1005</x12>
      <y12>43</y12>
      <x13>1000</x13>
      <y13>43</y13>
      <x14>991</x14>
      <y14>40</y14>
      <x15>985</x15>
      <y15>40</y15>
      <x16>966</x16>
      <y16>36</y16>
      <x17>956</x17>
      <y17>36</y17>
      <x18>955</x18>
      <y18>35</y18>
      <x19>945</x19>
      <y19>35</y19>
      <x20>944</x20>
      <y20>34</y20>
      <x21>934</x21>
      <y21>34</y21>
      <x22>933</x22>
      <y22>33</y22>
      <x23>884</x23>
      <y23>33</y23>
      <x24>874</x24>
      <y24>35</y24>
      <x25>862</x25>
      <y25>35</y25>
      <x26>861</x26>
      <y26>36</y26>
      <x27>854</x27>
      <y27>36</y27>
      <x28>845</x28>
      <y28>38</y28>
      <x29>837</x29>
      <y29>38</y29>
      <x30>830</x30>
      <y30>40</y30>
      <x31>822</x31>
      <y31>40</y31>
      <x32>821</x32>
      <y32>41</y32>
      <x33>781</x33>
      <y33>47</y33>
      <x34>723</x34>
      <y34>63</y34>
      <x35>714</x35>
      <y35>68</y35>
      <x36>704</x36>
      <y36>71</y36>
      <x37>692</x37>
      <y37>77</y37>
      <x38>673</x38>
      <y38>91</y38>
      <x39>661</x39>
      <y39>107</y39>
      <x40>656</x40>
      <y40>121</y40>
      <x41>656</x41>
      <y41>136</y41>
      <x42>660</x42>
      <y42>148</y42>
      <x43>669</x43>
      <y43>164</y43>
      <x44>679</x44>
      <y44>176</y44>
      <x45>685</x45>
      <y45>180</y45>
      <x46>702</x46>
      <y46>196</y46>
      <x47>711</x47>
      <y47>198</y47>
      <x48>718</x48>
      <y48>206</y48>
      <x49>723</x49>
      <y49>207</y49>
      <x50>737</x50>
      <y50>217</y50>
      <x51>740</x51>
      <y51>217</y51>
      <x52>745</x52>
      <y52>220</y52>
      <x53>752</x53>
      <y53>221</y53>
      <x54>757</x54>
      <y54>226</y54>
      <x55>761</x55>
      <y55>242</y55>
      <x56>761</x56>
      <y56>249</y56>
      <x57>772</x57>
      <y57>279</y57>
      <x58>780</x58>
      <y58>284</y58>
      <x59>782</x59>
      <y59>290</y59>
      <x60>786</x60>
      <y60>295</y60>
      <x61>796</x61>
      <y61>296</y61>
      <x62>798</x62>
      <y62>298</y62>
      <x63>797</x63>
      <y63>303</y63>
      <x64>799</x64>
      <y64>305</y64>
      <x65>802</x65>
      <y65>306</y65>
      <x66>805</x66>
      <y66>303</y66>
      <x67>802</x67>
      <y67>299</y67>
      <x68>800</x68>
      <y68>285</y68>
      <x69>797</x69>
      <y69>279</y69>
      <x70>797</x70>
      <y70>275</y70>
      <x71>795</x71>
      <y71>270</y71>
      <x72>790</x72>
      <y72>264</y72>
      <x73>789</x73>
      <y73>251</y73>
      <x74>793</x74>
      <y74>245</y74>
      <x75>799</x75>
      <y75>246</y75>
      <x76>807</x76>
      <y76>251</y76>
      <x77>810</x77>
      <y77>254</y77>
      <x78>813</x78>
      <y78>261</y78>
      <x79>821</x79>
      <y79>270</y79>
      <x80>826</x80>
      <y80>279</y80>
      <x81>837</x81>
      <y81>291</y81>
      <x82>838</x82>
      <y82>294</y82>
      <x83>851</x83>
      <y83>312</y83>
      <x84>855</x84>
      <y84>320</y84>
      <x85>862</x85>
      <y85>326</y85>
      <x86>864</x86>
      <y86>331</y86>
      <x87>847</x87>
      <y87>340</y87>
      <x88>836</x88>
      <y88>343</y88>
      <x89>828</x89>
      <y89>343</y89>
      <x90>820</x90>
      <y90>349</y90>
      <x91>816</x91>
      <y91>354</y91>
      <x92>810</x92>
      <y92>356</y92>
      <x93>783</x93>
      <y93>356</y93>
      <x94>782</x94>
      <y94>355</y94>
      <x95>761</x95>
      <y95>355</y95>
      <x96>760</x96>
      <y96>354</y96>
      <x97>731</x97>
      <y97>355</y97>
      <x98>722</x98>
      <y98>360</y98>
      <x99>719</x99>
      <y99>360</y99>
      <x100>707</x100>
      <y100>365</y100>
      <x101>701</x101>
      <y101>371</y101>
      <x102>695</x102>
      <y102>383</y102>
      <x103>690</x103>
      <y103>383</y103>
      <x104>687</x104>
      <y104>388</y104>
      <x105>679</x105>
      <y105>395</y105>
      <x106>673</x106>
      <y106>407</y106>
      <x107>671</x107>
      <y107>430</y107>
      <x108>667</x108>
      <y108>438</y108>
      <x109>667</x109>
      <y109>443</y109>
      <x110>664</x110>
      <y110>450</y110>
      <x111>664</x111>
      <y111>457</y111>
      <x112>661</x112>
      <y112>467</y112>
      <x113>659</x113>
      <y113>490</y113>
      <x114>656</x114>
      <y114>504</y114>
      <x115>655</x115>
      <y115>527</y115>
      <x116>651</x116>
      <y116>535</y116>
      <x117>648</x117>
      <y117>554</y117>
      <x118>645</x118>
      <y118>563</y118>
      <x119>645</x119>
      <y119>570</y119>
      <x120>641</x120>
      <y120>578</y120>
      <x121>638</x121>
      <y121>592</y121>
      <x122>634</x122>
      <y122>599</y122>
      <x123>634</x123>
      <y123>601</y123>
      <x124>620</x124>
      <y124>620</y124>
      <x125>611</x125>
      <y125>650</y125>
      <x126>608</x126>
      <y126>669</y126>
      <x127>606</x127>
      <y127>673</y127>
      <x128>601</x128>
      <y128>678</y128>
      <x129>591</x129>
      <y129>681</y129>
      <x130>575</x130>
      <y130>695</y130>
      <x131>568</x131>
      <y131>706</y131>
      <x132>561</x132>
      <y132>713</y132>
      <x133>555</x133>
      <y133>716</y133>
      <x134>533</x134>
      <y134>722</y134>
      <x135>528</x135>
      <y135>726</y135>
      <x136>521</x136>
      <y136>729</y136>
      <x137>513</x137>
      <y137>738</y137>
      <x138>506</x138>
      <y138>750</y138>
      <x139>503</x139>
      <y139>760</y139>
      <x140>502</x140>
      <y140>769</y140>
      <x141>500</x141>
      <y141>772</y141>
      <x142>500</x142>
      <y142>781</y142>
      <x143>506</x143>
      <y143>789</y143>
      <x144>510</x144>
      <y144>800</y144>
      <x145>507</x145>
      <y145>803</y145>
      <x146>496</x146>
      <y146>809</y146>
      <x147>488</x147>
      <y147>809</y147>
      <x148>487</x148>
      <y148>808</y148>
      <x149>479</x149>
      <y149>809</y149>
      <x150>459</x150>
      <y150>829</y150>
      <x151>456</x151>
      <y151>840</y151>
      <x152>453</x152>
      <y152>844</y152>
      <x153>451</x153>
      <y153>850</y153>
      <x154>452</x154>
      <y154>860</y154>
      <x155>454</x155>
      <y155>864</y155>
      <x156>456</x156>
      <y156>875</y156>
      <x157>461</x157>
      <y157>881</y157>
      <x158>467</x158>
      <y158>886</y158>
      <x159>485</x159>
      <y159>896</y159>
      <x160>507</x160>
      <y160>902</y160>
      <x161>522</x161>
      <y161>910</y161>
      <x162>528</x162>
      <y162>910</y162>
      <x163>531</x163>
      <y163>914</y163>
      <x164>536</x164>
      <y164>916</y164>
      <x165>538</x165>
      <y165>914</y165>
      <x166>538</x166>
      <y166>912</y166>
      <x167>536</x167>
      <y167>910</y167>
      <x168>532</x168>
      <y168>909</y168>
      <x169>530</x169>
      <y169>907</y169>
      <x170>535</x170>
      <y170>901</y170>
      <x171>544</x171>
      <y171>902</y171>
      <x172>550</x172>
      <y172>900</y172>
      <x173>572</x173>
      <y173>879</y173>
      <x174>575</x174>
      <y174>873</y174>
      <x175>581</x175>
      <y175>868</y175>
      <x176>583</x176>
      <y176>864</y176>
      <x177>583</x177>
      <y177>858</y177>
      <x178>586</x178>
      <y178>846</y178>
      <x179>590</x179>
      <y179>840</y179>
      <x180>613</x180>
      <y180>837</y180>
      <x181>619</x181>
      <y181>831</y181>
      <x182>634</x182>
      <y182>828</y182>
      <x183>646</x183>
      <y183>823</y183>
      <x184>648</x184>
      <y184>821</y184>
      <x185>646</x185>
      <y185>817</y185>
      <x186>648</x186>
      <y186>814</y186>
      <x187>660</x187>
      <y187>817</y187>
      <x188>665</x188>
      <y188>812</y188>
      <x189>670</x189>
      <y189>810</y189>
      <x190>674</x190>
      <y190>806</y190>
      <x191>677</x191>
      <y191>797</y191>
      <x192>688</x192>
      <y192>787</y192>
      <x193>696</x193>
      <y193>785</y193>
      <x194>700</x194>
      <y194>783</y194>
      <x195>704</x195>
      <y195>778</y195>
      <x196>711</x196>
      <y196>777</y196>
      <x197>715</x197>
      <y197>774</y197>
      <x198>716</x198>
      <y198>767</y198>
      <x199>715</x199>
      <y199>768</y199>
      <x200>704</x200>
      <y200>768</y200>
      <x201>703</x201>
      <y201>767</y201>
      <x202>702</x202>
      <y202>760</y202>
      <x203>704</x203>
      <y203>758</y203>
      <x204>725</x204>
      <y204>757</y204>
      <x205>730</x205>
      <y205>764</y205>
      <x206>732</x206>
      <y206>764</y206>
      <x207>742</x207>
      <y207>749</y207>
      <x208>743</x208>
      <y208>746</y208>
      <x209>742</x209>
      <y209>733</y209>
      <x210>743</x210>
      <y210>732</y210>
      <x211>739</x211>
      <y211>726</y211>
      <x212>731</x212>
      <y212>724</y212>
      <x213>733</x213>
      <y213>718</y213>
      <x214>729</x214>
      <y214>715</y214>
      <x215>724</x215>
      <y215>709</y215>
      <x216>723</x216>
      <y216>706</y216>
      <x217>717</x217>
      <y217>700</y217>
      <x218>716</x218>
      <y218>696</y218>
      <x219>718</x219>
      <y219>689</y219>
      <x220>723</x220>
      <y220>683</y220>
      <x221>724</x221>
      <y221>675</y221>
      <x222>729</x222>
      <y222>668</y222>
      <x223>731</x223>
      <y223>653</y223>
      <x224>737</x224>
      <y224>649</y224>
      <x225>741</x225>
      <y225>658</y225>
      <x226>743</x226>
      <y226>669</y226>
      <x227>748</x227>
      <y227>677</y227>
      <x228>750</x228>
      <y228>685</y228>
      <x229>752</x229>
      <y229>688</y229>
      <x230>756</x230>
      <y230>710</y230>
      <x231>761</x231>
      <y231>721</y231>
      <x232>763</x232>
      <y232>733</y232>
      <x233>768</x233>
      <y233>744</y233>
      <x234>769</x234>
      <y234>752</y234>
      <x235>778</x235>
      <y235>773</y235>
      <x236>778</x236>
      <y236>781</y236>
      <x237>774</x237>
      <y237>783</y237>
      <x238>765</x238>
      <y238>795</y238>
      <x239>757</x239>
      <y239>802</y239>
      <x240>754</x240>
      <y240>808</y240>
      <x241>744</x241>
      <y241>818</y241>
      <x242>743</x242>
      <y242>821</y242>
      <x243>722</x243>
      <y243>846</y243>
      <x244>716</x244>
      <y244>850</y244>
      <x245>714</x245>
      <y245>855</y245>
      <x246>711</x246>
      <y246>857</y246>
      <x247>712</x247>
      <y247>865</y247>
      <x248>722</x248>
      <y248>872</y248>
      <x249>725</x249>
      <y249>872</y249>
      <x250>728</x250>
      <y250>870</y250>
      <x251>739</x251>
      <y251>870</y251>
      <x252>745</x252>
      <y252>868</y252>
      <x253>753</x253>
      <y253>868</y253>
      <x254>761</x254>
      <y254>865</y254>
      <x255>766</x255>
      <y255>865</y255>
      <x256>776</x256>
      <y256>862</y256>
      <x257>786</x257>
      <y257>862</y257>
      <x258>787</x258>
      <y258>861</y258>
      <x259>840</x259>
      <y259>858</y259>
      <x260>841</x260>
      <y260>857</y260>
      <x261>889</x261>
      <y261>857</y261>
      <x262>890</x262>
      <y262>858</y262>
      <x263>906</x263>
      <y263>858</y263>
      <x264>907</x264>
      <y264>859</y264>
      <x265>927</x265>
      <y265>859</y265>
      <x266>936</x266>
      <y266>861</y266>
      <x267>947</x267>
      <y267>861</y267>
      <x268>948</x268>
      <y268>862</y268>
      <x269>959</x269>
      <y269>862</y269>
      <x270>960</x270>
      <y270>863</y270>
      <x271>975</x271>
      <y271>864</y271>
      <x272>1000</x272>
      <y272>870</y272>
      <x273>1007</x273>
      <y273>870</y273>
      <x274>1024</x274>
      <y274>874</y274>
      <x275>1029</x275>
      <y275>874</y275>
      <x276>1037</x276>
      <y276>879</y276>
      <x277>1047</x277>
      <y277>880</y277>
      <x278>1052</x278>
      <y278>882</y278>
      <x279>1062</x279>
      <y279>879</y279>
      <x280>1074</x280>
      <y280>877</y280>
      <x281>1077</x281>
      <y281>874</y281>
      <x282>1083</x282>
      <y282>865</y282>
      <x283>1083</x283>
      <y283>856</y283>
      <x284>1080</x284>
      <y284>851</y284>
      <x285>1080</x285>
      <y285>846</y285>
      <x286>1076</x286>
      <y286>838</y286>
      <x287>1074</x287>
      <y287>829</y287>
      <x288>1068</x288>
      <y288>823</y288>
      <x289>1066</x289>
      <y289>819</y289>
      <x290>1066</x290>
      <y290>816</y290>
      <x291>1060</x291>
      <y291>803</y291>
      <x292>1060</x292>
      <y292>798</y292>
      <x293>1064</x293>
      <y293>786</y293>
      <x294>1072</x294>
      <y294>772</y294>
      <x295>1075</x295>
      <y295>770</y295>
      <x296>1087</x296>
      <y296>772</y296>
      <x297>1089</x297>
      <y297>774</y297>
      <x298>1092</x298>
      <y298>784</y298>
      <x299>1096</x299>
      <y299>788</y299>
      <x300>1099</x300>
      <y300>794</y300>
      <x301>1104</x301>
      <y301>798</y301>
      <x302>1108</x302>
      <y302>808</y302>
      <x303>1117</x303>
      <y303>815</y303>
      <x304>1120</x304>
      <y304>823</y304>
      <x305>1129</x305>
      <y305>828</y305>
      <x306>1136</x306>
      <y306>837</y306>
      <x307>1146</x307>
      <y307>845</y307>
      <x308>1147</x308>
      <y308>849</y308>
      <x309>1154</x309>
      <y309>856</y309>
      <x310>1161</x310>
      <y310>868</y310>
      <x311>1170</x311>
      <y311>873</y311>
      <x312>1172</x312>
      <y312>876</y312>
      <x313>1178</x313>
      <y313>877</y313>
      <x314>1192</x314>
      <y314>885</y314>
      <x315>1205</x315>
      <y315>886</y315>
      <x316>1206</x316>
      <y316>887</y316>
      <x317>1210</x317>
      <y317>886</y317>
      <x318>1213</x318>
      <y318>883</y318>
      <x319>1217</x319>
      <y319>871</y319>
      <x320>1221</x320>
      <y320>869</y320>
      <x321>1229</x321>
      <y321>869</y321>
      <x322>1243</x322>
      <y322>878</y322>
      <x323>1250</x323>
      <y323>886</y323>
      <x324>1254</x324>
      <y324>885</y324>
      <x325>1258</x325>
      <y325>886</y325>
      <x326>1264</x326>
      <y326>892</y326>
      <x327>1269</x327>
      <y327>892</y327>
      <x328>1271</x328>
      <y328>890</y328>
      <x329>1273</x329>
      <y329>884</y329>
      <x330>1273</x330>
      <y330>875</y330>
      <x331>1274</x331>
      <y331>874</y331>
      <x332>1274</x332>
      <y332>843</y332>
      <x333>1272</x333>
      <y333>839</y333>
      <x334>1269</x334>
      <y334>837</y334>
      <x335>1256</x335>
      <y335>836</y335>
      <x336>1248</x336>
      <y336>832</y336>
      <x337>1235</x337>
      <y337>820</y337>
      <x338>1231</x338>
      <y338>818</y338>
      <x339>1228</x339>
      <y339>818</y339>
      <x340>1221</x340>
      <y340>814</y340>
      <x341>1208</x341>
      <y341>814</y341>
      <x342>1202</x342>
      <y342>817</y342>
      <x343>1195</x343>
      <y343>817</y343>
      <x344>1194</x344>
      <y344>816</y344>
      <x345>1186</x345>
      <y345>817</y345>
      <x346>1178</x346>
      <y346>808</y346>
      <x347>1178</x347>
      <y347>803</y347>
      <x348>1174</x348>
      <y348>795</y348>
      <x349>1173</x349>
      <y349>786</y349>
      <x350>1165</x350>
      <y350>780</y350>
      <x351>1161</x351>
      <y351>759</y351>
      <x352>1158</x352>
      <y352>753</y352>
      <x353>1160</x353>
      <y353>746</y353>
      <x354>1161</x354>
      <y354>730</y354>
      <x355>1163</x355>
      <y355>725</y355>
      <x356>1163</x356>
      <y356>715</y356>
      <x357>1162</x357>
      <y357>714</y357>
      <x358>1161</x358>
      <y358>703</y358>
      <x359>1163</x359>
      <y359>697</y359>
      <x360>1163</x360>
      <y360>684</y360>
      <x361>1164</x361>
      <y361>683</y361>
      <x362>1165</x362>
      <y362>670</y362>
      <x363>1179</x363>
      <y363>617</y363>
      <x364>1182</x364>
      <y364>597</y364>
      <x365>1190</x365>
      <y365>562</y365>
      <x366>1193</x366>
      <y366>537</y366>
      <x367>1196</x367>
      <y367>529</y367>
      <x368>1201</x368>
      <y368>504</y368>
      <x369>1205</x369>
      <y369>494</y369>
      <x370>1207</x370>
      <y370>449</y370>
      <x371>1206</x371>
      <y371>448</y371>
      <x372>1206</x372>
      <y372>439</y372>
      <x373>1201</x373>
      <y373>426</y373>
      <x374>1183</x374>
      <y374>401</y374>
      <x375>1173</x375>
      <y375>394</y375>
      <x376>1161</x376>
      <y376>388</y376>
      <x377>1147</x377>
      <y377>384</y377>
      <x378>1107</x378>
      <y378>380</y378>
      <x379>1089</x379>
      <y379>373</y379>
      <x380>1082</x380>
      <y380>368</y380>
      <x381>1053</x381>
      <y381>353</y381>
      <x382>1046</x382>
      <y382>348</y382>
      <x383>1029</x383>
      <y383>331</y383>
      <x384>1023</x384>
      <y384>321</y384>
      <x385>1016</x385>
      <y385>298</y385>
      <x386>1018</x386>
      <y386>291</y386>
      <x387>1025</x387>
      <y387>284</y387>
      <x388>1031</x388>
      <y388>286</y388>
      <x389>1035</x389>
      <y389>285</y389>
      <x390>1048</x390>
      <y390>286</y390>
      <x391>1054</x391>
      <y391>284</y391>
      <x392>1074</x392>
      <y392>282</y392>
      <x393>1082</x393>
      <y393>278</y393>
      <x394>1086</x394>
      <y394>274</y394>
      <x395>1088</x395>
      <y395>269</y395>
      <x396>1093</x396>
      <y396>263</y396>
      <x397>1095</x397>
      <y397>257</y397>
      <x398>1098</x398>
      <y398>254</y398>
      <x399>1106</x399>
      <y399>251</y399>
      <x400>1115</x400>
      <y400>251</y400>
      <x401>1121</x401>
      <y401>249</y401>
      <x402>1135</x402>
      <y402>240</y402>
      <x403>1142</x403>
      <y403>237</y403>
      <x404>1148</x404>
      <y404>232</y404>
      <x405>1149</x405>
      <y405>229</y405>
      <x406>1152</x406>
      <y406>226</y406>
      <x407>1157</x407>
      <y407>224</y407>
      <x408>1173</x408>
      <y408>206</y408>
      <x409>1176</x409>
      <y409>196</y409>
      <x410>1179</x410>
      <y410>191</y410>
      <x411>1183</x411>
      <y411>176</y411>
      <x412>1183</x412>
      <y412>156</y412>
      <x413>1181</x413>
      <y413>148</y413>
      <x414>1173</x414>
      <y414>129</y414>
      <x415>1162</x415>
      <y415>116</y415>
    </polygon>
  </object>
</annotation>
