<?xml version="1.0" ?>
<annotation>
  <folder>VOC</folder>
  <filename>35-2.png</filename>
  <source>
    <database>roboflow.ai</database>
  </source>
  <size>
    <width>1792</width>
    <height>1024</height>
    <depth>3</depth>
  </size>
  <segmented>0</segmented>
  <object>
    <name>person</name>
    <bndbox>
      <xmin>1113</xmin>
      <ymin>150</ymin>
      <xmax>1372</xmax>
      <ymax>830</ymax>
    </bndbox>
    <polygon>
      <x1>1206</x1>
      <y1>150</y1>
      <x2>1201</x2>
      <y2>151</y2>
      <x3>1197</x3>
      <y3>188</y3>
      <x4>1192</x4>
      <y4>196</y4>
      <x5>1180</x5>
      <y5>203</y5>
      <x6>1159</x6>
      <y6>212</y6>
      <x7>1142</x7>
      <y7>221</y7>
      <x8>1116</x8>
      <y8>237</y8>
      <x9>1113</x9>
      <y9>241</y9>
      <x10>1122</x10>
      <y10>298</y10>
      <x11>1126</x11>
      <y11>306</y11>
      <x12>1126</x12>
      <y12>314</y12>
      <x13>1124</x13>
      <y13>317</y13>
      <x14>1125</x14>
      <y14>325</y14>
      <x15>1140</x15>
      <y15>343</y15>
      <x16>1151</x16>
      <y16>372</y16>
      <x17>1157</x17>
      <y17>396</y17>
      <x18>1157</x18>
      <y18>478</y18>
      <x19>1156</x19>
      <y19>479</y19>
      <x20>1155</x20>
      <y20>525</y20>
      <x21>1156</x21>
      <y21>527</y21>
      <x22>1162</x22>
      <y22>529</y22>
      <x23>1166</x23>
      <y23>535</y23>
      <x24>1165</x24>
      <y24>547</y24>
      <x25>1164</x25>
      <y25>548</y25>
      <x26>1164</x26>
      <y26>562</y26>
      <x27>1163</x27>
      <y27>563</y27>
      <x28>1164</x28>
      <y28>657</y28>
      <x29>1165</x29>
      <y29>658</y29>
      <x30>1166</x30>
      <y30>715</y30>
      <x31>1167</x31>
      <y31>716</y31>
      <x32>1168</x32>
      <y32>732</y32>
      <x33>1169</x33>
      <y33>733</y33>
      <x34>1170</x34>
      <y34>746</y34>
      <x35>1173</x35>
      <y35>761</y35>
      <x36>1176</x36>
      <y36>768</y36>
      <x37>1190</x37>
      <y37>780</y37>
      <x38>1194</x38>
      <y38>795</y38>
      <x39>1193</x39>
      <y39>796</y39>
      <x40>1193</x40>
      <y40>805</y40>
      <x41>1186</x41>
      <y41>818</y41>
      <x42>1185</x42>
      <y42>824</y42>
      <x43>1192</x43>
      <y43>829</y43>
      <x44>1196</x44>
      <y44>830</y44>
      <x45>1202</x45>
      <y45>830</y45>
      <x46>1207</x46>
      <y46>828</y46>
      <x47>1213</x47>
      <y47>821</y47>
      <x48>1214</x48>
      <y48>808</y48>
      <x49>1210</x49>
      <y49>796</y49>
      <x50>1209</x50>
      <y50>778</y50>
      <x51>1210</x51>
      <y51>774</y51>
      <x52>1215</x52>
      <y52>768</y52>
      <x53>1219</x53>
      <y53>755</y53>
      <x54>1218</x54>
      <y54>716</y54>
      <x55>1219</x55>
      <y55>715</y55>
      <x56>1220</x56>
      <y56>689</y56>
      <x57>1221</x57>
      <y57>686</y57>
      <x58>1229</x58>
      <y58>680</y58>
      <x59>1231</x59>
      <y59>672</y59>
      <x60>1232</x60>
      <y60>656</y60>
      <x61>1237</x61>
      <y61>635</y61>
      <x62>1244</x62>
      <y62>622</y62>
      <x63>1251</x63>
      <y63>616</y63>
      <x64>1259</x64>
      <y64>615</y64>
      <x65>1262</x65>
      <y65>616</y65>
      <x66>1265</x66>
      <y66>619</y66>
      <x67>1265</x67>
      <y67>625</y67>
      <x68>1270</x68>
      <y68>634</y68>
      <x69>1282</x69>
      <y69>642</y69>
      <x70>1315</x70>
      <y70>642</y70>
      <x71>1331</x71>
      <y71>638</y71>
      <x72>1352</x72>
      <y72>631</y72>
      <x73>1363</x73>
      <y73>626</y73>
      <x74>1369</x74>
      <y74>620</y74>
      <x75>1372</x75>
      <y75>613</y75>
      <x76>1371</x76>
      <y76>600</y76>
      <x77>1366</x77>
      <y77>590</y77>
      <x78>1345</x78>
      <y78>568</y78>
      <x79>1320</x79>
      <y79>549</y79>
      <x80>1295</x80>
      <y80>534</y80>
      <x81>1292</x81>
      <y81>531</y81>
      <x82>1286</x82>
      <y82>530</y82>
      <x83>1281</x83>
      <y83>527</y83>
      <x84>1278</x84>
      <y84>524</y84>
      <x85>1269</x85>
      <y85>507</y85>
      <x86>1269</x86>
      <y86>503</y86>
      <x87>1263</x87>
      <y87>479</y87>
      <x88>1264</x88>
      <y88>478</y88>
      <x89>1265</x89>
      <y89>467</y89>
      <x90>1268</x90>
      <y90>458</y90>
      <x91>1269</x91>
      <y91>444</y91>
      <x92>1275</x92>
      <y92>416</y92>
      <x93>1276</x93>
      <y93>395</y93>
      <x94>1280</x94>
      <y94>381</y94>
      <x95>1285</x95>
      <y95>372</y95>
      <x96>1285</x96>
      <y96>370</y96>
      <x97>1296</x97>
      <y97>348</y97>
      <x98>1305</x98>
      <y98>334</y98>
      <x99>1303</x99>
      <y99>316</y99>
      <x100>1305</x100>
      <y100>312</y100>
      <x101>1306</x101>
      <y101>301</y101>
      <x102>1308</x102>
      <y102>294</y102>
      <x103>1311</x103>
      <y103>263</y103>
      <x104>1308</x104>
      <y104>257</y104>
      <x105>1296</x105>
      <y105>246</y105>
      <x106>1263</x106>
      <y106>223</y106>
      <x107>1240</x107>
      <y107>209</y107>
      <x108>1223</x108>
      <y108>194</y108>
      <x109>1218</x109>
      <y109>180</y109>
      <x110>1218</x110>
      <y110>177</y110>
      <x111>1214</x111>
      <y111>170</y111>
      <x112>1210</x112>
      <y112>157</y112>
    </polygon>
  </object>
  <object>
    <name>person</name>
    <bndbox>
      <xmin>1143</xmin>
      <ymin>202</ymin>
      <xmax>1287</xmax>
      <ymax>338</ymax>
    </bndbox>
    <polygon>
      <x1>1208</x1>
      <y1>202</y1>
      <x2>1215</x2>
      <y2>203</y2>
      <x3>1221</x3>
      <y3>209</y3>
      <x4>1246</x4>
      <y4>227</y4>
      <x5>1255</x5>
      <y5>236</y5>
      <x6>1269</x6>
      <y6>247</y6>
      <x7>1285</x7>
      <y7>264</y7>
      <x8>1287</x8>
      <y8>268</y8>
      <x9>1286</x9>
      <y9>278</y9>
      <x10>1280</x10>
      <y10>290</y10>
      <x11>1280</x11>
      <y11>293</y11>
      <x12>1275</x12>
      <y12>307</y12>
      <x13>1271</x13>
      <y13>314</y13>
      <x14>1256</x14>
      <y14>329</y14>
      <x15>1244</x15>
      <y15>338</y15>
      <x16>1238</x16>
      <y16>338</y16>
      <x17>1233</x17>
      <y17>333</y17>
      <x18>1233</x18>
      <y18>327</y18>
      <x19>1232</x19>
      <y19>326</y19>
      <x20>1233</x20>
      <y20>308</y20>
      <x21>1236</x21>
      <y21>301</y21>
      <x22>1241</x22>
      <y22>297</y22>
      <x23>1243</x23>
      <y23>292</y23>
      <x24>1243</x24>
      <y24>287</y24>
      <x25>1240</x25>
      <y25>280</y25>
      <x26>1238</x26>
      <y26>262</y26>
      <x27>1235</x27>
      <y27>256</y27>
      <x28>1230</x28>
      <y28>251</y28>
      <x29>1218</x29>
      <y29>244</y29>
      <x30>1208</x30>
      <y30>244</y30>
      <x31>1200</x31>
      <y31>247</y31>
      <x32>1191</x32>
      <y32>255</y32>
      <x33>1189</x33>
      <y33>261</y33>
      <x34>1189</x34>
      <y34>287</y34>
      <x35>1190</x35>
      <y35>291</y35>
      <x36>1197</x36>
      <y36>299</y36>
      <x37>1200</x37>
      <y37>309</y37>
      <x38>1200</x38>
      <y38>325</y38>
      <x39>1199</x39>
      <y39>329</y39>
      <x40>1195</x40>
      <y40>333</y40>
      <x41>1185</x41>
      <y41>334</y41>
      <x42>1181</x42>
      <y42>330</y42>
      <x43>1175</x43>
      <y43>327</y43>
      <x44>1157</x44>
      <y44>308</y44>
      <x45>1151</x45>
      <y45>294</y45>
      <x46>1149</x46>
      <y46>276</y46>
      <x47>1143</x47>
      <y47>262</y47>
      <x48>1143</x48>
      <y48>253</y48>
      <x49>1144</x49>
      <y49>251</y49>
      <x50>1171</x50>
      <y50>225</y50>
    </polygon>
  </object>
</annotation>
