<?xml version="1.0" ?>
<annotation>
  <folder>VOC</folder>
  <filename>36-2.png</filename>
  <source>
    <database>roboflow.ai</database>
  </source>
  <size>
    <width>1792</width>
    <height>1024</height>
    <depth>3</depth>
  </size>
  <segmented>0</segmented>
  <object>
    <name>person</name>
    <bndbox>
      <xmin>884</xmin>
      <ymin>758</ymin>
      <xmax>1059</xmax>
      <ymax>963</ymax>
    </bndbox>
    <polygon>
      <x1>1016</x1>
      <y1>761</y1>
      <x2>1012</x2>
      <y2>759</y2>
      <x3>999</x3>
      <y3>758</y3>
      <x4>991</x4>
      <y4>760</y4>
      <x5>985</x5>
      <y5>765</y5>
      <x6>985</x6>
      <y6>780</y6>
      <x7>989</x7>
      <y7>793</y7>
      <x8>993</x8>
      <y8>800</y8>
      <x9>995</x9>
      <y9>810</y9>
      <x10>981</x10>
      <y10>839</y10>
      <x11>976</x11>
      <y11>842</y11>
      <x12>969</x12>
      <y12>837</y12>
      <x13>957</x13>
      <y13>836</y13>
      <x14>954</x14>
      <y14>838</y14>
      <x15>953</x15>
      <y15>842</y15>
      <x16>954</x16>
      <y16>845</y16>
      <x17>959</x17>
      <y17>850</y17>
      <x18>959</x18>
      <y18>852</y18>
      <x19>956</x19>
      <y19>855</y19>
      <x20>950</x20>
      <y20>857</y20>
      <x21>948</x21>
      <y21>859</y21>
      <x22>947</x22>
      <y22>864</y22>
      <x23>942</x23>
      <y23>866</y23>
      <x24>925</x24>
      <y24>865</y24>
      <x25>919</x25>
      <y25>867</y25>
      <x26>916</x26>
      <y26>870</y26>
      <x27>914</x27>
      <y27>877</y27>
      <x28>914</x28>
      <y28>889</y28>
      <x29>921</x29>
      <y29>911</y29>
      <x30>920</x30>
      <y30>919</y30>
      <x31>917</x31>
      <y31>924</y31>
      <x32>899</x32>
      <y32>942</y32>
      <x33>897</x33>
      <y33>946</y33>
      <x34>884</x34>
      <y34>956</y34>
      <x35>885</x35>
      <y35>961</y35>
      <x36>892</x36>
      <y36>962</y36>
      <x37>899</x37>
      <y37>959</y37>
      <x38>908</x38>
      <y38>958</y38>
      <x39>910</x39>
      <y39>961</y39>
      <x40>925</x40>
      <y40>963</y40>
      <x41>947</x41>
      <y41>962</y41>
      <x42>948</x42>
      <y42>955</y42>
      <x43>946</x43>
      <y43>950</y43>
      <x44>946</x44>
      <y44>939</y44>
      <x45>949</x45>
      <y45>909</y45>
      <x46>961</x46>
      <y46>899</y46>
      <x47>967</x47>
      <y47>897</y47>
      <x48>982</x48>
      <y48>897</y48>
      <x49>987</x49>
      <y49>898</y49>
      <x50>998</x50>
      <y50>904</y50>
      <x51>1015</x51>
      <y51>906</y51>
      <x52>1032</x52>
      <y52>906</y52>
      <x53>1041</x53>
      <y53>901</y53>
      <x54>1044</x54>
      <y54>891</y54>
      <x55>1046</x55>
      <y55>872</y55>
      <x56>1053</x56>
      <y56>855</y56>
      <x57>1055</x57>
      <y57>844</y57>
      <x58>1059</x58>
      <y58>837</y58>
      <x59>1058</x59>
      <y59>820</y59>
      <x60>1056</x60>
      <y60>810</y60>
      <x61>1052</x61>
      <y61>800</y61>
      <x62>1048</x62>
      <y62>796</y62>
      <x63>1035</x63>
      <y63>791</y63>
      <x64>1026</x64>
      <y64>785</y64>
      <x65>1024</x65>
      <y65>780</y65>
      <x66>1023</x66>
      <y66>771</y66>
      <x67>1020</x67>
      <y67>765</y67>
    </polygon>
  </object>
</annotation>
