<?xml version="1.0" ?>
<annotation>
  <folder>VOC</folder>
  <filename>37-1.png</filename>
  <source>
    <database>roboflow.ai</database>
  </source>
  <size>
    <width>1792</width>
    <height>1024</height>
    <depth>3</depth>
  </size>
  <segmented>0</segmented>
  <object>
    <name>person</name>
    <bndbox>
      <xmin>836</xmin>
      <ymin>356</ymin>
      <xmax>1138</xmax>
      <ymax>962</ymax>
    </bndbox>
    <polygon>
      <x1>1013</x1>
      <y1>356</y1>
      <x2>987</x2>
      <y2>357</y2>
      <x3>976</x3>
      <y3>363</y3>
      <x4>969</x4>
      <y4>369</y4>
      <x5>962</x5>
      <y5>379</y5>
      <x6>960</x6>
      <y6>387</y6>
      <x7>954</x7>
      <y7>401</y7>
      <x8>954</x8>
      <y8>410</y8>
      <x9>951</x9>
      <y9>414</y9>
      <x10>942</x10>
      <y10>422</y10>
      <x11>934</x11>
      <y11>423</y11>
      <x12>928</x12>
      <y12>429</y12>
      <x13>923</x13>
      <y13>432</y13>
      <x14>921</x14>
      <y14>432</y14>
      <x15>912</x15>
      <y15>437</y15>
      <x16>906</x16>
      <y16>438</y16>
      <x17>905</x17>
      <y17>440</y17>
      <x18>900</x18>
      <y18>441</y18>
      <x19>891</x19>
      <y19>447</y19>
      <x20>882</x20>
      <y20>448</y20>
      <x21>868</x21>
      <y21>462</y21>
      <x22>861</x22>
      <y22>472</y22>
      <x23>855</x23>
      <y23>484</y23>
      <x24>854</x24>
      <y24>497</y24>
      <x25>848</x25>
      <y25>515</y25>
      <x26>844</x26>
      <y26>523</y26>
      <x27>842</x27>
      <y27>534</y27>
      <x28>839</x28>
      <y28>541</y28>
      <x29>838</x29>
      <y29>550</y29>
      <x30>836</x30>
      <y30>554</y30>
      <x31>836</x31>
      <y31>563</y31>
      <x32>843</x32>
      <y32>571</y32>
      <x33>852</x33>
      <y33>577</y33>
      <x34>866</x34>
      <y34>581</y34>
      <x35>868</x35>
      <y35>583</y35>
      <x36>870</x36>
      <y36>592</y36>
      <x37>869</x37>
      <y37>593</y37>
      <x38>870</x38>
      <y38>608</y38>
      <x39>873</x39>
      <y39>612</y39>
      <x40>875</x40>
      <y40>612</y40>
      <x41>878</x41>
      <y41>615</y41>
      <x42>879</x42>
      <y42>618</y42>
      <x43>878</x43>
      <y43>639</y43>
      <x44>873</x44>
      <y44>663</y44>
      <x45>873</x45>
      <y45>677</y45>
      <x46>874</x46>
      <y46>678</y46>
      <x47>874</x47>
      <y47>686</y47>
      <x48>879</x48>
      <y48>712</y48>
      <x49>879</x49>
      <y49>724</y49>
      <x50>880</x50>
      <y50>725</y50>
      <x51>880</x51>
      <y51>732</y51>
      <x52>879</x52>
      <y52>733</y52>
      <x53>879</x53>
      <y53>766</y53>
      <x54>880</x54>
      <y54>767</y54>
      <x55>880</x55>
      <y55>783</y55>
      <x56>882</x56>
      <y56>788</y56>
      <x57>882</x57>
      <y57>797</y57>
      <x58>872</x58>
      <y58>818</y58>
      <x59>872</x59>
      <y59>823</y59>
      <x60>871</x60>
      <y60>824</y60>
      <x61>871</x61>
      <y61>866</y61>
      <x62>870</x62>
      <y62>867</y62>
      <x63>870</x63>
      <y63>879</y63>
      <x64>878</x64>
      <y64>911</y64>
      <x65>876</x65>
      <y65>929</y65>
      <x66>878</x66>
      <y66>933</y66>
      <x67>892</x67>
      <y67>935</y67>
      <x68>898</x68>
      <y68>933</y68>
      <x69>901</x69>
      <y69>928</y69>
      <x70>905</x70>
      <y70>924</y70>
      <x71>907</x71>
      <y71>924</y71>
      <x72>911</x72>
      <y72>929</y72>
      <x73>914</x73>
      <y73>940</y73>
      <x74>913</x74>
      <y74>957</y74>
      <x75>916</x75>
      <y75>961</y75>
      <x76>919</x76>
      <y76>962</y76>
      <x77>937</x77>
      <y77>962</y77>
      <x78>946</x78>
      <y78>960</y78>
      <x79>957</x79>
      <y79>960</y79>
      <x80>958</x80>
      <y80>959</y80>
      <x81>968</x81>
      <y81>959</y81>
      <x82>969</x82>
      <y82>958</y82>
      <x83>978</x83>
      <y83>958</y83>
      <x84>979</x84>
      <y84>957</y84>
      <x85>990</x85>
      <y85>956</y85>
      <x86>1007</x86>
      <y86>949</y86>
      <x87>1010</x87>
      <y87>946</y87>
      <x88>1011</x88>
      <y88>942</y88>
      <x89>1009</x89>
      <y89>937</y89>
      <x90>1004</x90>
      <y90>932</y90>
      <x91>995</x91>
      <y91>932</y91>
      <x92>984</x92>
      <y92>935</y92>
      <x93>975</x93>
      <y93>935</y93>
      <x94>968</x94>
      <y94>933</y94>
      <x95>964</x95>
      <y95>929</y95>
      <x96>965</x96>
      <y96>918</y96>
      <x97>964</x97>
      <y97>917</y97>
      <x98>964</x98>
      <y98>912</y98>
      <x99>961</x99>
      <y99>907</y99>
      <x100>961</x100>
      <y100>894</y100>
      <x101>962</x101>
      <y101>893</y101>
      <x102>964</x102>
      <y102>868</y102>
      <x103>966</x103>
      <y103>862</y103>
      <x104>966</x104>
      <y104>857</y104>
      <x105>968</x105>
      <y105>853</y105>
      <x106>968</x106>
      <y106>847</y106>
      <x107>973</x107>
      <y107>831</y107>
      <x108>973</x108>
      <y108>827</y108>
      <x109>975</x109>
      <y109>821</y109>
      <x110>982</x110>
      <y110>809</y110>
      <x111>985</x111>
      <y111>788</y111>
      <x112>987</x112>
      <y112>782</y112>
      <x113>996</x113>
      <y113>769</y113>
      <x114>995</x114>
      <y114>726</y114>
      <x115>996</x115>
      <y115>725</y115>
      <x116>996</x116>
      <y116>711</y116>
      <x117>999</x117>
      <y117>701</y117>
      <x118>999</x118>
      <y118>690</y118>
      <x119>995</x119>
      <y119>673</y119>
      <x120>993</x120>
      <y120>657</y120>
      <x121>989</x121>
      <y121>648</y121>
      <x122>990</x122>
      <y122>639</y122>
      <x123>991</x123>
      <y123>638</y123>
      <x124>993</x124>
      <y124>640</y124>
      <x125>996</x125>
      <y125>640</y125>
      <x126>1010</x126>
      <y126>650</y126>
      <x127>1012</x127>
      <y127>650</y127>
      <x128>1024</x128>
      <y128>658</y128>
      <x129>1040</x129>
      <y129>666</y129>
      <x130>1049</x130>
      <y130>669</y130>
      <x131>1059</x131>
      <y131>669</y131>
      <x132>1078</x132>
      <y132>664</y132>
      <x133>1090</x133>
      <y133>663</y133>
      <x134>1095</x134>
      <y134>666</y134>
      <x135>1103</x135>
      <y135>665</y135>
      <x136>1108</x136>
      <y136>668</y136>
      <x137>1124</x137>
      <y137>669</y137>
      <x138>1130</x138>
      <y138>672</y138>
      <x139>1136</x139>
      <y139>668</y139>
      <x140>1138</x140>
      <y140>663</y140>
      <x141>1136</x141>
      <y141>648</y141>
      <x142>1134</x142>
      <y142>643</y142>
      <x143>1129</x143>
      <y143>639</y143>
      <x144>1119</x144>
      <y144>639</y144>
      <x145>1118</x145>
      <y145>640</y145>
      <x146>1107</x146>
      <y146>640</y146>
      <x147>1095</x147>
      <y147>643</y147>
      <x148>1079</x148>
      <y148>634</y148>
      <x149>1069</x149>
      <y149>631</y149>
      <x150>1048</x150>
      <y150>616</y150>
      <x151>1040</x151>
      <y151>613</y151>
      <x152>1037</x152>
      <y152>610</y152>
      <x153>1033</x153>
      <y153>600</y153>
      <x154>1031</x154>
      <y154>590</y154>
      <x155>1027</x155>
      <y155>582</y155>
      <x156>1026</x156>
      <y156>575</y156>
      <x157>1020</x157>
      <y157>558</y157>
      <x158>1019</x158>
      <y158>550</y158>
      <x159>1016</x159>
      <y159>541</y159>
      <x160>1011</x160>
      <y160>533</y160>
      <x161>1006</x161>
      <y161>514</y161>
      <x162>1003</x162>
      <y162>510</y162>
      <x163>1002</x163>
      <y163>506</y163>
      <x164>985</x164>
      <y164>488</y164>
      <x165>984</x165>
      <y165>485</y165>
      <x166>977</x166>
      <y166>477</y166>
      <x167>975</x167>
      <y167>473</y167>
      <x168>976</x168>
      <y168>468</y168>
      <x169>979</x169>
      <y169>465</y169>
      <x170>989</x170>
      <y170>464</y170>
      <x171>998</x171>
      <y171>458</y171>
      <x172>1009</x172>
      <y172>454</y172>
      <x173>1014</x173>
      <y173>454</y173>
      <x174>1019</x174>
      <y174>452</y174>
      <x175>1024</x175>
      <y175>440</y175>
      <x176>1033</x176>
      <y176>433</y176>
      <x177>1036</x177>
      <y177>425</y177>
      <x178>1039</x178>
      <y178>422</y178>
      <x179>1043</x179>
      <y179>414</y179>
      <x180>1051</x180>
      <y180>407</y180>
      <x181>1051</x181>
      <y181>400</y181>
      <x182>1047</x182>
      <y182>391</y182>
      <x183>1046</x183>
      <y183>382</y183>
      <x184>1044</x184>
      <y184>378</y184>
      <x185>1034</x185>
      <y185>366</y185>
      <x186>1023</x186>
      <y186>359</y186>
    </polygon>
  </object>
</annotation>
