<?xml version="1.0" ?>
<annotation>
  <folder>VOC</folder>
  <filename>39-1.png</filename>
  <source>
    <database>roboflow.ai</database>
  </source>
  <size>
    <width>1792</width>
    <height>1024</height>
    <depth>3</depth>
  </size>
  <segmented>0</segmented>
  <object>
    <name>person</name>
    <bndbox>
      <xmin>817</xmin>
      <ymin>741</ymin>
      <xmax>1007</xmax>
      <ymax>914</ymax>
    </bndbox>
    <polygon>
      <x1>820</x1>
      <y1>741</y1>
      <x2>823</x2>
      <y2>741</y2>
      <x3>829</x3>
      <y3>745</y3>
      <x4>832</x4>
      <y4>753</y4>
      <x5>836</x5>
      <y5>756</y5>
      <x6>859</x6>
      <y6>756</y6>
      <x7>865</x7>
      <y7>758</y7>
      <x8>873</x8>
      <y8>755</y8>
      <x9>877</x9>
      <y9>757</y9>
      <x10>887</x10>
      <y10>756</y10>
      <x11>899</x11>
      <y11>760</y11>
      <x12>912</x12>
      <y12>757</y12>
      <x13>921</x13>
      <y13>759</y13>
      <x14>926</x14>
      <y14>755</y14>
      <x15>933</x15>
      <y15>757</y15>
      <x16>939</x16>
      <y16>755</y16>
      <x17>949</x17>
      <y17>755</y17>
      <x18>956</x18>
      <y18>751</y18>
      <x19>965</x19>
      <y19>753</y19>
      <x20>974</x20>
      <y20>751</y20>
      <x21>977</x21>
      <y21>747</y21>
      <x22>985</x22>
      <y22>748</y22>
      <x23>990</x23>
      <y23>752</y23>
      <x24>993</x24>
      <y24>760</y24>
      <x25>1000</x25>
      <y25>766</y25>
      <x26>1001</x26>
      <y26>771</y26>
      <x27>1006</x27>
      <y27>776</y27>
      <x28>1007</x28>
      <y28>781</y28>
      <x29>1004</x29>
      <y29>783</y29>
      <x30>982</x30>
      <y30>787</y30>
      <x31>983</x31>
      <y31>802</y31>
      <x32>979</x32>
      <y32>810</y32>
      <x33>973</x33>
      <y33>812</y33>
      <x34>959</x34>
      <y34>811</y34>
      <x35>951</x35>
      <y35>813</y35>
      <x36>937</x36>
      <y36>824</y36>
      <x37>925</x37>
      <y37>827</y37>
      <x38>916</x38>
      <y38>839</y38>
      <x39>908</x39>
      <y39>843</y39>
      <x40>904</x40>
      <y40>867</y40>
      <x41>901</x41>
      <y41>870</y41>
      <x42>888</x42>
      <y42>870</y42>
      <x43>884</x43>
      <y43>872</y43>
      <x44>887</x44>
      <y44>878</y44>
      <x45>886</x45>
      <y45>887</y45>
      <x46>891</x46>
      <y46>888</y46>
      <x47>899</x47>
      <y47>879</y47>
      <x48>901</x48>
      <y48>879</y48>
      <x49>903</x49>
      <y49>886</y49>
      <x50>912</x50>
      <y50>891</y50>
      <x51>916</x51>
      <y51>898</y51>
      <x52>923</x52>
      <y52>901</y52>
      <x53>925</x53>
      <y53>907</y53>
      <x54>919</x54>
      <y54>914</y54>
      <x55>914</x55>
      <y55>908</y55>
      <x56>911</x56>
      <y56>897</y56>
      <x57>908</x57>
      <y57>895</y57>
      <x58>897</x58>
      <y58>898</y58>
      <x59>898</x59>
      <y59>903</y59>
      <x60>903</x60>
      <y60>907</y60>
      <x61>893</x61>
      <y61>912</y61>
      <x62>888</x62>
      <y62>906</y62>
      <x63>887</x63>
      <y63>897</y63>
      <x64>885</x64>
      <y64>895</y64>
      <x65>872</x65>
      <y65>895</y65>
      <x66>869</x66>
      <y66>891</y66>
      <x67>872</x67>
      <y67>886</y67>
      <x68>869</x68>
      <y68>881</y68>
      <x69>869</x69>
      <y69>870</y69>
      <x70>864</x70>
      <y70>863</y70>
      <x71>863</x71>
      <y71>848</y71>
      <x72>865</x72>
      <y72>842</y72>
      <x73>858</x73>
      <y73>844</y73>
      <x74>841</x74>
      <y74>821</y74>
      <x75>841</x75>
      <y75>815</y75>
      <x76>836</x76>
      <y76>804</y76>
      <x77>837</x77>
      <y77>787</y77>
      <x78>835</x78>
      <y78>785</y78>
      <x79>829</x79>
      <y79>786</y79>
      <x80>823</x80>
      <y80>780</y80>
      <x81>824</x81>
      <y81>772</y81>
      <x82>818</x82>
      <y82>766</y82>
      <x83>821</x83>
      <y83>757</y83>
      <x84>817</x84>
      <y84>745</y84>
    </polygon>
  </object>
  <object>
    <name>person</name>
    <bndbox>
      <xmin>1161</xmin>
      <ymin>691</ymin>
      <xmax>1272</xmax>
      <ymax>797</ymax>
    </bndbox>
    <polygon>
      <x1>1178</x1>
      <y1>691</y1>
      <x2>1188</x2>
      <y2>700</y2>
      <x3>1190</x3>
      <y3>704</y3>
      <x4>1189</x4>
      <y4>713</y4>
      <x5>1196</x5>
      <y5>716</y5>
      <x6>1199</x6>
      <y6>720</y6>
      <x7>1207</x7>
      <y7>715</y7>
      <x8>1228</x8>
      <y8>718</y8>
      <x9>1220</x9>
      <y9>725</y9>
      <x10>1217</x10>
      <y10>731</y10>
      <x11>1245</x11>
      <y11>728</y11>
      <x12>1246</x12>
      <y12>731</y12>
      <x13>1253</x13>
      <y13>736</y13>
      <x14>1259</x14>
      <y14>745</y14>
      <x15>1256</x15>
      <y15>753</y15>
      <x16>1259</x16>
      <y16>756</y16>
      <x17>1260</x17>
      <y17>762</y17>
      <x18>1272</x18>
      <y18>772</y18>
      <x19>1269</x19>
      <y19>793</y19>
      <x20>1266</x20>
      <y20>796</y20>
      <x21>1261</x21>
      <y21>795</y21>
      <x22>1261</x22>
      <y22>787</y22>
      <x23>1257</x23>
      <y23>783</y23>
      <x24>1248</x24>
      <y24>782</y24>
      <x25>1242</x25>
      <y25>785</y25>
      <x26>1226</x26>
      <y26>783</y26>
      <x27>1213</x27>
      <y27>787</y27>
      <x28>1208</x28>
      <y28>786</y28>
      <x29>1203</x29>
      <y29>788</y29>
      <x30>1202</x30>
      <y30>793</y30>
      <x31>1199</x31>
      <y31>796</y31>
      <x32>1194</x32>
      <y32>797</y32>
      <x33>1189</x33>
      <y33>793</y33>
      <x34>1189</x34>
      <y34>787</y34>
      <x35>1181</x35>
      <y35>784</y35>
      <x36>1164</x36>
      <y36>782</y36>
      <x37>1161</x37>
      <y37>779</y37>
      <x38>1166</x38>
      <y38>773</y38>
      <x39>1175</x39>
      <y39>772</y39>
      <x40>1180</x40>
      <y40>762</y40>
      <x41>1185</x41>
      <y41>766</y41>
      <x42>1192</x42>
      <y42>763</y42>
      <x43>1198</x43>
      <y43>767</y43>
      <x44>1201</x44>
      <y44>766</y44>
      <x45>1200</x45>
      <y45>758</y45>
      <x46>1180</x46>
      <y46>759</y46>
      <x47>1175</x47>
      <y47>754</y47>
      <x48>1178</x48>
      <y48>745</y48>
      <x49>1177</x49>
      <y49>737</y49>
      <x50>1182</x50>
      <y50>733</y50>
      <x51>1178</x51>
      <y51>724</y51>
      <x52>1185</x52>
      <y52>717</y52>
      <x53>1176</x53>
      <y53>697</y53>
    </polygon>
  </object>
  <object>
    <name>person</name>
    <bndbox>
      <xmin>1264</xmin>
      <ymin>685</ymin>
      <xmax>1370</xmax>
      <ymax>819</ymax>
    </bndbox>
    <polygon>
      <x1>1333</x1>
      <y1>685</y1>
      <x2>1337</x2>
      <y2>687</y2>
      <x3>1348</x3>
      <y3>686</y3>
      <x4>1353</x4>
      <y4>688</y4>
      <x5>1355</x5>
      <y5>693</y5>
      <x6>1363</x6>
      <y6>693</y6>
      <x7>1366</x7>
      <y7>695</y7>
      <x8>1362</x8>
      <y8>700</y8>
      <x9>1355</x9>
      <y9>696</y9>
      <x10>1348</x10>
      <y10>702</y10>
      <x11>1339</x11>
      <y11>705</y11>
      <x12>1336</x12>
      <y12>709</y12>
      <x13>1335</x13>
      <y13>719</y13>
      <x14>1339</x14>
      <y14>727</y14>
      <x15>1340</x15>
      <y15>735</y15>
      <x16>1338</x16>
      <y16>742</y16>
      <x17>1334</x17>
      <y17>746</y17>
      <x18>1335</x18>
      <y18>749</y18>
      <x19>1341</x19>
      <y19>753</y19>
      <x20>1364</x20>
      <y20>752</y20>
      <x21>1370</x21>
      <y21>757</y21>
      <x22>1370</x22>
      <y22>765</y22>
      <x23>1364</x23>
      <y23>771</y23>
      <x24>1362</x24>
      <y24>779</y24>
      <x25>1356</x25>
      <y25>784</y25>
      <x26>1354</x26>
      <y26>793</y26>
      <x27>1343</x27>
      <y27>802</y27>
      <x28>1347</x28>
      <y28>808</y28>
      <x29>1343</x29>
      <y29>811</y29>
      <x30>1339</x30>
      <y30>819</y30>
      <x31>1331</x31>
      <y31>810</y31>
      <x32>1330</x32>
      <y32>802</y32>
      <x33>1327</x33>
      <y33>800</y33>
      <x34>1329</x34>
      <y34>788</y34>
      <x35>1324</x35>
      <y35>781</y35>
      <x36>1326</x36>
      <y36>775</y36>
      <x37>1324</x37>
      <y37>757</y37>
      <x38>1327</x38>
      <y38>751</y38>
      <x39>1324</x39>
      <y39>745</y39>
      <x40>1314</x40>
      <y40>739</y40>
      <x41>1313</x41>
      <y41>731</y41>
      <x42>1305</x42>
      <y42>731</y42>
      <x43>1298</x43>
      <y43>727</y43>
      <x44>1290</x44>
      <y44>728</y44>
      <x45>1286</x45>
      <y45>731</y45>
      <x46>1279</x46>
      <y46>753</y46>
      <x47>1273</x47>
      <y47>754</y47>
      <x48>1269</x48>
      <y48>746</y48>
      <x49>1274</x49>
      <y49>730</y49>
      <x50>1269</x50>
      <y50>724</y50>
      <x51>1264</x51>
      <y51>723</y51>
      <x52>1269</x52>
      <y52>721</y52>
      <x53>1269</x53>
      <y53>716</y53>
      <x54>1265</x54>
      <y54>712</y54>
      <x55>1267</x55>
      <y55>708</y55>
      <x56>1273</x56>
      <y56>706</y56>
      <x57>1290</x57>
      <y57>706</y57>
      <x58>1294</x58>
      <y58>711</y58>
      <x59>1299</x59>
      <y59>712</y59>
      <x60>1306</x60>
      <y60>705</y60>
      <x61>1313</x61>
      <y61>709</y61>
      <x62>1313</x62>
      <y62>702</y62>
      <x63>1306</x63>
      <y63>700</y63>
      <x64>1304</x64>
      <y64>697</y64>
      <x65>1311</x65>
      <y65>689</y65>
      <x66>1324</x66>
      <y66>689</y66>
    </polygon>
  </object>
  <object>
    <name>person</name>
    <bndbox>
      <xmin>119</xmin>
      <ymin>402</ymin>
      <xmax>435</xmax>
      <ymax>805</ymax>
    </bndbox>
    <polygon>
      <x1>401</x1>
      <y1>402</y1>
      <x2>410</x2>
      <y2>409</y2>
      <x3>416</x3>
      <y3>408</y3>
      <x4>418</x4>
      <y4>410</y4>
      <x5>421</x5>
      <y5>430</y5>
      <x6>429</x6>
      <y6>432</y6>
      <x7>435</x7>
      <y7>438</y7>
      <x8>432</x8>
      <y8>471</y8>
      <x9>427</x9>
      <y9>480</y9>
      <x10>430</x10>
      <y10>487</y10>
      <x11>422</x11>
      <y11>486</y11>
      <x12>419</x12>
      <y12>478</y12>
      <x13>410</x13>
      <y13>472</y13>
      <x14>398</x14>
      <y14>480</y14>
      <x15>401</x15>
      <y15>487</y15>
      <x16>406</x16>
      <y16>492</y16>
      <x17>408</x17>
      <y17>499</y17>
      <x18>402</x18>
      <y18>506</y18>
      <x19>402</x19>
      <y19>524</y19>
      <x20>404</x20>
      <y20>531</y20>
      <x21>402</x21>
      <y21>556</y21>
      <x22>406</x22>
      <y22>563</y22>
      <x23>405</x23>
      <y23>573</y23>
      <x24>414</x24>
      <y24>583</y24>
      <x25>414</x25>
      <y25>585</y25>
      <x26>407</x26>
      <y26>591</y26>
      <x27>409</x27>
      <y27>599</y27>
      <x28>403</x28>
      <y28>633</y28>
      <x29>406</x29>
      <y29>664</y29>
      <x30>401</x30>
      <y30>672</y30>
      <x31>394</x31>
      <y31>673</y31>
      <x32>388</x32>
      <y32>682</y32>
      <x33>372</x33>
      <y33>690</y33>
      <x34>363</x34>
      <y34>701</y34>
      <x35>363</x35>
      <y35>706</y35>
      <x36>367</x36>
      <y36>711</y36>
      <x37>364</x37>
      <y37>713</y37>
      <x38>363</x38>
      <y38>720</y38>
      <x39>352</x39>
      <y39>738</y39>
      <x40>359</x40>
      <y40>741</y40>
      <x41>366</x41>
      <y41>737</y41>
      <x42>373</x42>
      <y42>741</y42>
      <x43>384</x43>
      <y43>741</y43>
      <x44>395</x44>
      <y44>745</y44>
      <x45>410</x45>
      <y45>744</y45>
      <x46>415</x46>
      <y46>748</y46>
      <x47>419</x47>
      <y47>744</y47>
      <x48>425</x48>
      <y48>743</y48>
      <x49>429</x49>
      <y49>748</y49>
      <x50>427</x50>
      <y50>757</y50>
      <x51>424</x51>
      <y51>759</y51>
      <x52>417</x52>
      <y52>755</y52>
      <x53>384</x53>
      <y53>757</y53>
      <x54>371</x54>
      <y54>755</y54>
      <x55>359</x55>
      <y55>759</y55>
      <x56>352</x56>
      <y56>758</y56>
      <x57>350</x57>
      <y57>760</y57>
      <x58>356</x58>
      <y58>765</y58>
      <x59>356</x59>
      <y59>767</y59>
      <x60>351</x60>
      <y60>771</y60>
      <x61>354</x61>
      <y61>780</y61>
      <x62>349</x62>
      <y62>786</y62>
      <x63>348</x63>
      <y63>803</y63>
      <x64>345</x64>
      <y64>805</y64>
      <x65>343</x65>
      <y65>799</y65>
      <x66>339</x66>
      <y66>795</y66>
      <x67>339</x67>
      <y67>786</y67>
      <x68>337</x68>
      <y68>783</y68>
      <x69>337</x69>
      <y69>777</y69>
      <x70>339</x70>
      <y70>774</y70>
      <x71>337</x71>
      <y71>768</y71>
      <x72>338</x72>
      <y72>759</y72>
      <x73>333</x73>
      <y73>753</y73>
      <x74>333</x74>
      <y74>750</y74>
      <x75>336</x75>
      <y75>746</y75>
      <x76>337</x76>
      <y76>731</y76>
      <x77>340</x77>
      <y77>728</y77>
      <x78>345</x78>
      <y78>732</y78>
      <x79>348</x79>
      <y79>732</y79>
      <x80>351</x80>
      <y80>723</y80>
      <x81>356</x81>
      <y81>718</y81>
      <x82>357</x82>
      <y82>708</y82>
      <x83>350</x83>
      <y83>696</y83>
      <x84>350</x84>
      <y84>679</y84>
      <x85>354</x85>
      <y85>675</y85>
      <x86>359</x86>
      <y86>676</y86>
      <x87>361</x87>
      <y87>674</y87>
      <x88>365</x88>
      <y88>662</y88>
      <x89>362</x89>
      <y89>653</y89>
      <x90>369</x90>
      <y90>647</y90>
      <x91>360</x91>
      <y91>643</y91>
      <x92>352</x92>
      <y92>644</y92>
      <x93>347</x93>
      <y93>640</y93>
      <x94>342</x94>
      <y94>646</y94>
      <x95>344</x95>
      <y95>654</y95>
      <x96>352</x96>
      <y96>656</y96>
      <x97>356</x97>
      <y97>662</y97>
      <x98>355</x98>
      <y98>672</y98>
      <x99>348</x99>
      <y99>672</y99>
      <x100>343</x100>
      <y100>669</y100>
      <x101>338</x101>
      <y101>657</y101>
      <x102>337</x102>
      <y102>619</y102>
      <x103>333</x103>
      <y103>610</y103>
      <x104>318</x104>
      <y104>609</y104>
      <x105>312</x105>
      <y105>616</y105>
      <x106>282</x106>
      <y106>616</y106>
      <x107>270</x107>
      <y107>614</y107>
      <x108>261</x108>
      <y108>619</y108>
      <x109>251</x109>
      <y109>613</y109>
      <x110>254</x110>
      <y110>604</y110>
      <x111>251</x111>
      <y111>599</y111>
      <x112>253</x112>
      <y112>590</y112>
      <x113>251</x113>
      <y113>587</y113>
      <x114>252</x114>
      <y114>576</y114>
      <x115>249</x115>
      <y115>572</y115>
      <x116>249</x116>
      <y116>559</y116>
      <x117>247</x117>
      <y117>557</y117>
      <x118>246</x118>
      <y118>563</y118>
      <x119>243</x119>
      <y119>566</y119>
      <x120>239</x120>
      <y120>566</y120>
      <x121>235</x121>
      <y121>557</y121>
      <x122>237</x122>
      <y122>550</y122>
      <x123>233</x123>
      <y123>546</y123>
      <x124>225</x124>
      <y124>547</y124>
      <x125>224</x125>
      <y125>564</y125>
      <x126>227</x126>
      <y126>576</y126>
      <x127>233</x127>
      <y127>579</y127>
      <x128>234</x128>
      <y128>584</y128>
      <x129>229</x129>
      <y129>588</y129>
      <x130>223</x130>
      <y130>589</y130>
      <x131>214</x131>
      <y131>588</y131>
      <x132>205</x132>
      <y132>584</y132>
      <x133>201</x133>
      <y133>591</y133>
      <x134>205</x134>
      <y134>596</y134>
      <x135>220</x135>
      <y135>594</y135>
      <x136>224</x136>
      <y136>599</y136>
      <x137>220</x137>
      <y137>610</y137>
      <x138>217</x138>
      <y138>610</y138>
      <x139>215</x139>
      <y139>605</y139>
      <x140>212</x140>
      <y140>604</y140>
      <x141>211</x141>
      <y141>609</y141>
      <x142>205</x142>
      <y142>611</y142>
      <x143>207</x143>
      <y143>621</y143>
      <x144>217</x144>
      <y144>624</y144>
      <x145>219</x145>
      <y145>628</y145>
      <x146>209</x146>
      <y146>632</y146>
      <x147>200</x147>
      <y147>644</y147>
      <x148>197</x148>
      <y148>641</y148>
      <x149>198</x149>
      <y149>628</y149>
      <x150>196</x150>
      <y150>613</y150>
      <x151>198</x151>
      <y151>603</y151>
      <x152>197</x152>
      <y152>591</y152>
      <x153>194</x153>
      <y153>588</y153>
      <x154>183</x154>
      <y154>588</y154>
      <x155>176</x155>
      <y155>585</y155>
      <x156>156</x156>
      <y156>589</y156>
      <x157>156</x157>
      <y157>600</y157>
      <x158>162</x158>
      <y158>611</y158>
      <x159>160</x159>
      <y159>617</y159>
      <x160>148</x160>
      <y160>613</y160>
      <x161>146</x161>
      <y161>611</y161>
      <x162>146</x162>
      <y162>604</y162>
      <x163>142</x163>
      <y163>599</y163>
      <x164>143</x164>
      <y164>590</y164>
      <x165>140</x165>
      <y165>584</y165>
      <x166>142</x166>
      <y166>568</y166>
      <x167>144</x167>
      <y167>567</y167>
      <x168>148</x168>
      <y168>571</y168>
      <x169>151</x169>
      <y169>571</y169>
      <x170>155</x170>
      <y170>567</y170>
      <x171>159</x171>
      <y171>567</y171>
      <x172>163</x172>
      <y172>570</y172>
      <x173>173</x173>
      <y173>567</y173>
      <x174>177</x174>
      <y174>572</y174>
      <x175>184</x175>
      <y175>564</y175>
      <x176>183</x176>
      <y176>562</y176>
      <x177>177</x177>
      <y177>560</y177>
      <x178>149</x178>
      <y178>560</y178>
      <x179>142</x179>
      <y179>562</y179>
      <x180>135</x180>
      <y180>555</y180>
      <x181>135</x181>
      <y181>541</y181>
      <x182>137</x182>
      <y182>535</y182>
      <x183>127</x183>
      <y183>533</y183>
      <x184>119</x184>
      <y184>525</y184>
      <x185>119</x185>
      <y185>519</y185>
      <x186>122</x186>
      <y186>516</y186>
      <x187>152</x187>
      <y187>515</y187>
      <x188>156</x188>
      <y188>507</y188>
      <x189>164</x189>
      <y189>505</y189>
      <x190>184</x190>
      <y190>507</y190>
      <x191>190</x191>
      <y191>503</y191>
      <x192>198</x192>
      <y192>501</y192>
      <x193>203</x193>
      <y193>503</y193>
      <x194>221</x194>
      <y194>504</y194>
      <x195>226</x195>
      <y195>500</y195>
      <x196>235</x196>
      <y196>503</y196>
      <x197>245</x197>
      <y197>492</y197>
      <x198>263</x198>
      <y198>489</y198>
      <x199>270</x199>
      <y199>478</y199>
      <x200>278</x200>
      <y200>476</y200>
      <x201>284</x201>
      <y201>472</y201>
      <x202>290</x202>
      <y202>473</y202>
      <x203>289</x203>
      <y203>466</y203>
      <x204>293</x204>
      <y204>463</y204>
      <x205>310</x205>
      <y205>459</y205>
      <x206>318</x206>
      <y206>461</y206>
      <x207>321</x207>
      <y207>456</y207>
      <x208>317</x208>
      <y208>452</y208>
      <x209>334</x209>
      <y209>448</y209>
      <x210>337</x210>
      <y210>445</y210>
      <x211>335</x211>
      <y211>438</y211>
      <x212>338</x212>
      <y212>435</y212>
      <x213>347</x213>
      <y213>435</y213>
      <x214>354</x214>
      <y214>430</y214>
      <x215>361</x215>
      <y215>431</y215>
      <x216>361</x216>
      <y216>427</y216>
      <x217>357</x217>
      <y217>424</y217>
      <x218>368</x218>
      <y218>418</y218>
      <x219>375</x219>
      <y219>418</y219>
      <x220>376</x220>
      <y220>410</y220>
      <x221>379</x221>
      <y221>407</y221>
    </polygon>
  </object>
</annotation>
