<?xml version="1.0" ?>
<annotation>
  <folder>VOC</folder>
  <filename>40-2.png</filename>
  <source>
    <database>roboflow.ai</database>
  </source>
  <size>
    <width>1792</width>
    <height>1024</height>
    <depth>3</depth>
  </size>
  <segmented>0</segmented>
  <object>
    <name>person</name>
    <bndbox>
      <xmin>1066</xmin>
      <ymin>136</ymin>
      <xmax>1283</xmax>
      <ymax>641</ymax>
    </bndbox>
    <polygon>
      <x1>1105</x1>
      <y1>136</y1>
      <x2>1094</x2>
      <y2>144</y2>
      <x3>1092</x3>
      <y3>151</y3>
      <x4>1094</x4>
      <y4>167</y4>
      <x5>1096</x5>
      <y5>171</y5>
      <x6>1108</x6>
      <y6>184</y6>
      <x7>1108</x7>
      <y7>186</y7>
      <x8>1094</x8>
      <y8>206</y8>
      <x9>1091</x9>
      <y9>213</y9>
      <x10>1089</x10>
      <y10>232</y10>
      <x11>1090</x11>
      <y11>240</y11>
      <x12>1089</x12>
      <y12>256</y12>
      <x13>1087</x13>
      <y13>262</y13>
      <x14>1087</x14>
      <y14>281</y14>
      <x15>1085</x15>
      <y15>293</y15>
      <x16>1075</x16>
      <y16>326</y16>
      <x17>1069</x17>
      <y17>354</y17>
      <x18>1070</x18>
      <y18>355</y18>
      <x19>1070</x19>
      <y19>369</y19>
      <x20>1066</x20>
      <y20>382</y20>
      <x21>1066</x21>
      <y21>392</y21>
      <x22>1073</x22>
      <y22>404</y22>
      <x23>1079</x23>
      <y23>407</y23>
      <x24>1083</x24>
      <y24>407</y24>
      <x25>1087</x25>
      <y25>403</y25>
      <x26>1087</x26>
      <y26>385</y26>
      <x27>1089</x27>
      <y27>376</y27>
      <x28>1088</x28>
      <y28>367</y28>
      <x29>1095</x29>
      <y29>360</y29>
      <x30>1108</x30>
      <y30>366</y30>
      <x31>1118</x31>
      <y31>365</y31>
      <x32>1121</x32>
      <y32>362</y32>
      <x33>1123</x33>
      <y33>350</y33>
      <x34>1136</x34>
      <y34>348</y34>
      <x35>1141</x35>
      <y35>345</y35>
      <x36>1143</x36>
      <y36>340</y36>
      <x37>1150</x37>
      <y37>332</y37>
      <x38>1151</x38>
      <y38>326</y38>
      <x39>1156</x39>
      <y39>322</y39>
      <x40>1160</x40>
      <y40>312</y40>
      <x41>1166</x41>
      <y41>306</y41>
      <x42>1171</x42>
      <y42>307</y42>
      <x43>1174</x43>
      <y43>310</y43>
      <x44>1172</x44>
      <y44>317</y44>
      <x45>1162</x45>
      <y45>325</y45>
      <x46>1162</x46>
      <y46>331</y46>
      <x47>1158</x47>
      <y47>341</y47>
      <x48>1149</x48>
      <y48>353</y48>
      <x49>1147</x49>
      <y49>359</y49>
      <x50>1132</x50>
      <y50>370</y50>
      <x51>1124</x51>
      <y51>383</y51>
      <x52>1114</x52>
      <y52>395</y52>
      <x53>1114</x53>
      <y53>402</y53>
      <x54>1109</x54>
      <y54>408</y54>
      <x55>1107</x55>
      <y55>433</y55>
      <x56>1109</x56>
      <y56>441</y56>
      <x57>1116</x57>
      <y57>449</y57>
      <x58>1115</x58>
      <y58>460</y58>
      <x59>1117</x59>
      <y59>470</y59>
      <x60>1115</x60>
      <y60>488</y60>
      <x61>1113</x61>
      <y61>493</y61>
      <x62>1113</x62>
      <y62>500</y62>
      <x63>1116</x63>
      <y63>509</y63>
      <x64>1121</x64>
      <y64>515</y64>
      <x65>1120</x65>
      <y65>523</y65>
      <x66>1127</x66>
      <y66>542</y66>
      <x67>1127</x67>
      <y67>548</y67>
      <x68>1132</x68>
      <y68>573</y68>
      <x69>1133</x69>
      <y69>592</y69>
      <x70>1130</x70>
      <y70>603</y70>
      <x71>1124</x71>
      <y71>609</y71>
      <x72>1116</x72>
      <y72>613</y72>
      <x73>1101</x73>
      <y73>617</y73>
      <x74>1097</x74>
      <y74>625</y74>
      <x75>1097</x75>
      <y75>633</y75>
      <x76>1099</x76>
      <y76>637</y76>
      <x77>1102</x77>
      <y77>640</y77>
      <x78>1106</x78>
      <y78>641</y78>
      <x79>1121</x79>
      <y79>641</y79>
      <x80>1138</x80>
      <y80>637</y80>
      <x81>1161</x81>
      <y81>639</y81>
      <x82>1166</x82>
      <y82>638</y82>
      <x83>1170</x83>
      <y83>632</y83>
      <x84>1168</x84>
      <y84>616</y84>
      <x85>1168</x85>
      <y85>592</y85>
      <x86>1172</x86>
      <y86>556</y86>
      <x87>1172</x87>
      <y87>542</y87>
      <x88>1175</x88>
      <y88>535</y88>
      <x89>1175</x89>
      <y89>527</y89>
      <x90>1171</x90>
      <y90>515</y90>
      <x91>1170</x91>
      <y91>499</y91>
      <x92>1166</x92>
      <y92>478</y92>
      <x93>1166</x93>
      <y93>461</y93>
      <x94>1168</x94>
      <y94>445</y94>
      <x95>1171</x95>
      <y95>439</y95>
      <x96>1175</x96>
      <y96>443</y96>
      <x97>1175</x97>
      <y97>450</y97>
      <x98>1179</x98>
      <y98>461</y98>
      <x99>1180</x99>
      <y99>474</y99>
      <x100>1185</x100>
      <y100>484</y100>
      <x101>1187</x101>
      <y101>493</y101>
      <x102>1194</x102>
      <y102>506</y102>
      <x103>1197</x103>
      <y103>524</y103>
      <x104>1202</x104>
      <y104>534</y104>
      <x105>1209</x105>
      <y105>556</y105>
      <x106>1212</x106>
      <y106>573</y106>
      <x107>1212</x107>
      <y107>589</y107>
      <x108>1211</x108>
      <y108>592</y108>
      <x109>1204</x109>
      <y109>597</y109>
      <x110>1202</x110>
      <y110>605</y110>
      <x111>1212</x111>
      <y111>613</y111>
      <x112>1221</x112>
      <y112>618</y112>
      <x113>1232</x113>
      <y113>621</y113>
      <x114>1242</x114>
      <y114>621</y114>
      <x115>1248</x115>
      <y115>615</y115>
      <x116>1247</x116>
      <y116>591</y116>
      <x117>1246</x117>
      <y117>590</y117>
      <x118>1246</x118>
      <y118>576</y118>
      <x119>1247</x119>
      <y119>575</y119>
      <x120>1246</x120>
      <y120>528</y120>
      <x121>1243</x121>
      <y121>521</y121>
      <x122>1243</x122>
      <y122>509</y122>
      <x123>1241</x123>
      <y123>503</y123>
      <x124>1228</x124>
      <y124>481</y124>
      <x125>1225</x125>
      <y125>469</y125>
      <x126>1221</x126>
      <y126>461</y126>
      <x127>1221</x127>
      <y127>456</y127>
      <x128>1224</x128>
      <y128>453</y128>
      <x129>1228</x129>
      <y129>452</y129>
      <x130>1230</x130>
      <y130>449</y130>
      <x131>1230</x131>
      <y131>442</y131>
      <x132>1228</x132>
      <y132>437</y132>
      <x133>1226</x133>
      <y133>418</y133>
      <x134>1219</x134>
      <y134>404</y134>
      <x135>1216</x135>
      <y135>394</y135>
      <x136>1220</x136>
      <y136>388</y136>
      <x137>1230</x137>
      <y137>387</y137>
      <x138>1233</x138>
      <y138>381</y138>
      <x139>1236</x139>
      <y139>378</y139>
      <x140>1241</x140>
      <y140>376</y140>
      <x141>1243</x141>
      <y141>350</y141>
      <x142>1252</x142>
      <y142>345</y142>
      <x143>1255</x143>
      <y143>339</y143>
      <x144>1262</x144>
      <y144>332</y144>
      <x145>1261</x145>
      <y145>328</y145>
      <x146>1262</x146>
      <y146>324</y146>
      <x147>1271</x147>
      <y147>322</y147>
      <x148>1279</x148>
      <y148>317</y148>
      <x149>1283</x149>
      <y149>309</y149>
      <x150>1283</x150>
      <y150>301</y150>
      <x151>1280</x151>
      <y151>294</y151>
      <x152>1275</x152>
      <y152>288</y152>
      <x153>1269</x153>
      <y153>274</y153>
      <x154>1269</x154>
      <y154>267</y154>
      <x155>1273</x155>
      <y155>256</y155>
      <x156>1271</x156>
      <y156>252</y156>
      <x157>1260</x157>
      <y157>243</y157>
      <x158>1257</x158>
      <y158>233</y158>
      <x159>1249</x159>
      <y159>221</y159>
      <x160>1248</x160>
      <y160>216</y160>
      <x161>1242</x161>
      <y161>207</y161>
      <x162>1239</x162>
      <y162>199</y162>
      <x163>1229</x163>
      <y163>188</y163>
      <x164>1222</x164>
      <y164>184</y164>
      <x165>1211</x165>
      <y165>183</y165>
      <x166>1200</x166>
      <y166>179</y166>
      <x167>1190</x167>
      <y167>179</y167>
      <x168>1181</x168>
      <y168>181</y168>
      <x169>1170</x169>
      <y169>187</y169>
      <x170>1160</x170>
      <y170>195</y170>
      <x171>1158</x171>
      <y171>195</y171>
      <x172>1149</x172>
      <y172>182</y172>
      <x173>1144</x173>
      <y173>177</y173>
      <x174>1141</x174>
      <y174>177</y174>
      <x175>1136</x175>
      <y175>173</y175>
      <x176>1137</x176>
      <y176>161</y176>
      <x177>1135</x177>
      <y177>150</y177>
      <x178>1132</x178>
      <y178>144</y178>
      <x179>1128</x179>
      <y179>140</y179>
      <x180>1122</x180>
      <y180>137</y180>
    </polygon>
  </object>
</annotation>
