<?xml version="1.0" ?>
<annotation>
  <folder>VOC</folder>
  <filename>41-1.png</filename>
  <source>
    <database>roboflow.ai</database>
  </source>
  <size>
    <width>1792</width>
    <height>1024</height>
    <depth>3</depth>
  </size>
  <segmented>0</segmented>
  <object>
    <name>person</name>
    <bndbox>
      <xmin>367</xmin>
      <ymin>463</ymin>
      <xmax>859</xmax>
      <ymax>991</ymax>
    </bndbox>
    <polygon>
      <x1>630</x1>
      <y1>463</y1>
      <x2>629</x2>
      <y2>464</y2>
      <x3>619</x3>
      <y3>465</y3>
      <x4>615</x4>
      <y4>467</y4>
      <x5>611</x5>
      <y5>467</y5>
      <x6>579</x6>
      <y6>478</y6>
      <x7>566</x7>
      <y7>485</y7>
      <x8>556</x8>
      <y8>494</y8>
      <x9>552</x9>
      <y9>501</y9>
      <x10>548</x10>
      <y10>518</y10>
      <x11>548</x11>
      <y11>540</y11>
      <x12>544</x12>
      <y12>555</y12>
      <x13>544</x13>
      <y13>569</y13>
      <x14>543</x14>
      <y14>572</y14>
      <x15>536</x15>
      <y15>579</y15>
      <x16>530</x16>
      <y16>572</y16>
      <x17>513</x17>
      <y17>570</y17>
      <x18>510</x18>
      <y18>572</y18>
      <x19>505</x19>
      <y19>573</y19>
      <x20>493</x20>
      <y20>584</y20>
      <x21>488</x21>
      <y21>587</y21>
      <x22>485</x22>
      <y22>591</y22>
      <x23>473</x23>
      <y23>598</y23>
      <x24>465</x24>
      <y24>598</y24>
      <x25>457</x25>
      <y25>593</y25>
      <x26>452</x26>
      <y26>593</y26>
      <x27>446</x27>
      <y27>591</y27>
      <x28>433</x28>
      <y28>591</y28>
      <x29>426</x29>
      <y29>593</y29>
      <x30>417</x30>
      <y30>593</y30>
      <x31>412</x31>
      <y31>595</y31>
      <x32>389</x32>
      <y32>618</y32>
      <x33>378</x33>
      <y33>640</y33>
      <x34>369</x34>
      <y34>669</y34>
      <x35>367</x35>
      <y35>710</y35>
      <x36>369</x36>
      <y36>717</y36>
      <x37>371</x37>
      <y37>719</y37>
      <x38>377</x38>
      <y38>733</y38>
      <x39>378</x39>
      <y39>740</y39>
      <x40>380</x40>
      <y40>744</y40>
      <x41>381</x41>
      <y41>755</y41>
      <x42>382</x42>
      <y42>756</y42>
      <x43>382</x43>
      <y43>765</y43>
      <x44>383</x44>
      <y44>766</y44>
      <x45>383</x45>
      <y45>775</y45>
      <x46>387</x46>
      <y46>789</y46>
      <x47>387</x47>
      <y47>794</y47>
      <x48>389</x48>
      <y48>800</y48>
      <x49>389</x49>
      <y49>808</y49>
      <x50>401</x50>
      <y50>849</y50>
      <x51>410</x51>
      <y51>866</y51>
      <x52>413</x52>
      <y52>869</y52>
      <x53>420</x53>
      <y53>881</y53>
      <x54>424</x54>
      <y54>892</y54>
      <x55>432</x55>
      <y55>900</y55>
      <x56>433</x56>
      <y56>907</y56>
      <x57>438</x57>
      <y57>914</y57>
      <x58>438</x58>
      <y58>917</y58>
      <x59>444</x59>
      <y59>920</y59>
      <x60>448</x60>
      <y60>929</y60>
      <x61>452</x61>
      <y61>931</y61>
      <x62>475</x62>
      <y62>953</y62>
      <x63>483</x63>
      <y63>956</y63>
      <x64>495</x64>
      <y64>964</y64>
      <x65>504</x65>
      <y65>967</y65>
      <x66>512</x66>
      <y66>968</y66>
      <x67>544</x67>
      <y67>979</y67>
      <x68>574</x68>
      <y68>983</y68>
      <x69>584</x69>
      <y69>986</y69>
      <x70>607</x70>
      <y70>988</y70>
      <x71>608</x71>
      <y71>989</y71>
      <x72>621</x72>
      <y72>989</y72>
      <x73>630</x73>
      <y73>991</y73>
      <x74>659</x74>
      <y74>991</y74>
      <x75>660</x75>
      <y75>990</y75>
      <x76>670</x76>
      <y76>990</y76>
      <x77>671</x77>
      <y77>989</y77>
      <x78>687</x78>
      <y78>987</y78>
      <x79>696</x79>
      <y79>984</y79>
      <x80>709</x80>
      <y80>976</y80>
      <x81>720</x81>
      <y81>964</y81>
      <x82>726</x82>
      <y82>950</y82>
      <x83>728</x83>
      <y83>942</y83>
      <x84>729</x84>
      <y84>927</y84>
      <x85>727</x85>
      <y85>917</y85>
      <x86>725</x86>
      <y86>913</y86>
      <x87>728</x87>
      <y87>911</y87>
      <x88>745</x88>
      <y88>908</y88>
      <x89>754</x89>
      <y89>903</y89>
      <x90>768</x90>
      <y90>890</y90>
      <x91>770</x91>
      <y91>886</y91>
      <x92>777</x92>
      <y92>879</y92>
      <x93>789</x93>
      <y93>862</y93>
      <x94>796</x94>
      <y94>844</y94>
      <x95>799</x95>
      <y95>827</y95>
      <x96>807</x96>
      <y96>810</y96>
      <x97>807</x97>
      <y97>802</y97>
      <x98>806</x98>
      <y98>801</y98>
      <x99>806</x99>
      <y99>794</y99>
      <x100>804</x100>
      <y100>789</y100>
      <x101>804</x101>
      <y101>781</y101>
      <x102>810</x102>
      <y102>766</y102>
      <x103>813</x103>
      <y103>746</y103>
      <x104>810</x104>
      <y104>735</y104>
      <x105>806</x105>
      <y105>732</y105>
      <x106>810</x106>
      <y106>731</y106>
      <x107>812</x107>
      <y107>733</y107>
      <x108>815</x108>
      <y108>733</y108>
      <x109>828</x109>
      <y109>724</y109>
      <x110>836</x110>
      <y110>720</y110>
      <x111>840</x111>
      <y111>716</y111>
      <x112>842</x112>
      <y112>711</y112>
      <x113>843</x113>
      <y113>703</y113>
      <x114>854</x114>
      <y114>681</y114>
      <x115>855</x115>
      <y115>676</y115>
      <x116>859</x116>
      <y116>670</y116>
      <x117>859</x117>
      <y117>662</y117>
      <x118>851</x118>
      <y118>641</y118>
      <x119>843</x119>
      <y119>631</y119>
      <x120>825</x120>
      <y120>631</y120>
      <x121>822</x121>
      <y121>632</y121>
      <x122>812</x122>
      <y122>627</y122>
      <x123>810</x123>
      <y123>625</y123>
      <x124>809</x124>
      <y124>619</y124>
      <x125>797</x125>
      <y125>616</y125>
      <x126>794</x126>
      <y126>611</y126>
      <x127>789</x127>
      <y127>608</y127>
      <x128>778</x128>
      <y128>608</y128>
      <x129>766</x129>
      <y129>611</y129>
      <x130>760</x130>
      <y130>605</y130>
      <x131>755</x131>
      <y131>606</y131>
      <x132>740</x132>
      <y132>605</y132>
      <x133>728</x133>
      <y133>609</y133>
      <x134>718</x134>
      <y134>621</y134>
      <x135>712</x135>
      <y135>623</y135>
      <x136>706</x136>
      <y136>629</y136>
      <x137>700</x137>
      <y137>640</y137>
      <x138>698</x138>
      <y138>649</y138>
      <x139>695</x139>
      <y139>652</y139>
      <x140>689</x140>
      <y140>648</y140>
      <x141>691</x141>
      <y141>640</y141>
      <x142>694</x142>
      <y142>633</y142>
      <x143>699</x143>
      <y143>626</y143>
      <x144>699</x144>
      <y144>619</y144>
      <x145>702</x145>
      <y145>613</y145>
      <x146>703</x146>
      <y146>606</y146>
      <x147>707</x147>
      <y147>600</y147>
      <x148>709</x148>
      <y148>591</y148>
      <x149>716</x149>
      <y149>579</y149>
      <x150>717</x150>
      <y150>574</y150>
      <x151>729</x151>
      <y151>563</y151>
      <x152>736</x152>
      <y152>560</y152>
      <x153>746</x153>
      <y153>550</y153>
      <x154>751</x154>
      <y154>541</y154>
      <x155>754</x155>
      <y155>529</y155>
      <x156>752</x156>
      <y156>513</y156>
      <x157>748</x157>
      <y157>504</y157>
      <x158>739</x158>
      <y158>493</y158>
      <x159>732</x159>
      <y159>489</y159>
      <x160>730</x160>
      <y160>489</y160>
      <x161>719</x161>
      <y161>482</y161>
      <x162>704</x162>
      <y162>477</y162>
      <x163>701</x163>
      <y163>477</y163>
      <x164>695</x164>
      <y164>474</y164>
      <x165>690</x165>
      <y165>474</y165>
      <x166>681</x166>
      <y166>470</y166>
      <x167>677</x167>
      <y167>470</y167>
      <x168>669</x168>
      <y168>467</y168>
      <x169>659</x169>
      <y169>466</y169>
      <x170>655</x170>
      <y170>464</y170>
    </polygon>
  </object>
  <object>
    <name>person</name>
    <bndbox>
      <xmin>677</xmin>
      <ymin>673</ymin>
      <xmax>782</xmax>
      <ymax>764</ymax>
    </bndbox>
    <polygon>
      <x1>782</x1>
      <y1>674</y1>
      <x2>781</x2>
      <y2>682</y2>
      <x3>775</x3>
      <y3>688</y3>
      <x4>773</x4>
      <y4>696</y4>
      <x5>770</x5>
      <y5>700</y5>
      <x6>768</x6>
      <y6>706</y6>
      <x7>768</x7>
      <y7>716</y7>
      <x8>766</x8>
      <y8>722</y8>
      <x9>757</x9>
      <y9>727</y9>
      <x10>749</x10>
      <y10>736</y10>
      <x11>742</x11>
      <y11>752</y11>
      <x12>731</x12>
      <y12>762</y12>
      <x13>723</x13>
      <y13>764</y13>
      <x14>718</x14>
      <y14>761</y14>
      <x15>711</x15>
      <y15>754</y15>
      <x16>705</x16>
      <y16>751</y16>
      <x17>695</x17>
      <y17>742</y17>
      <x18>689</x18>
      <y18>739</y18>
      <x19>677</x19>
      <y19>730</y19>
      <x20>678</x20>
      <y20>723</y20>
      <x21>687</x21>
      <y21>717</y21>
      <x22>697</x22>
      <y22>716</y22>
      <x23>709</x23>
      <y23>713</y23>
      <x24>712</x24>
      <y24>710</y24>
      <x25>714</x25>
      <y25>703</y25>
      <x26>718</x26>
      <y26>701</y26>
      <x27>723</x27>
      <y27>701</y27>
      <x28>740</x28>
      <y28>696</y28>
      <x29>757</x29>
      <y29>685</y29>
      <x30>763</x30>
      <y30>683</y30>
      <x31>772</x31>
      <y31>675</y31>
      <x32>777</x32>
      <y32>673</y32>
    </polygon>
  </object>
</annotation>
