<?xml version="1.0" ?>
<annotation>
  <folder>VOC</folder>
  <filename>43-2.png</filename>
  <source>
    <database>roboflow.ai</database>
  </source>
  <size>
    <width>1792</width>
    <height>1024</height>
    <depth>3</depth>
  </size>
  <segmented>0</segmented>
  <object>
    <name>person</name>
    <bndbox>
      <xmin>1016</xmin>
      <ymin>620</ymin>
      <xmax>1131</xmax>
      <ymax>879</ymax>
    </bndbox>
    <polygon>
      <x1>1077</x1>
      <y1>620</y1>
      <x2>1068</x2>
      <y2>620</y2>
      <x3>1060</x3>
      <y3>628</y3>
      <x4>1058</x4>
      <y4>632</y4>
      <x5>1058</x5>
      <y5>642</y5>
      <x6>1061</x6>
      <y6>653</y6>
      <x7>1053</x7>
      <y7>664</y7>
      <x8>1043</x8>
      <y8>669</y8>
      <x9>1034</x9>
      <y9>679</y9>
      <x10>1027</x10>
      <y10>694</y10>
      <x11>1025</x11>
      <y11>704</y11>
      <x12>1021</x12>
      <y12>711</y12>
      <x13>1016</x13>
      <y13>732</y13>
      <x14>1016</x14>
      <y14>758</y14>
      <x15>1017</x15>
      <y15>759</y15>
      <x16>1016</x16>
      <y16>774</y16>
      <x17>1018</x17>
      <y17>793</y17>
      <x18>1022</x18>
      <y18>805</y18>
      <x19>1027</x19>
      <y19>809</y19>
      <x20>1029</x20>
      <y20>813</y20>
      <x21>1028</x21>
      <y21>825</y21>
      <x22>1026</x22>
      <y22>831</y22>
      <x23>1026</x23>
      <y23>840</y23>
      <x24>1023</x24>
      <y24>849</y24>
      <x25>1023</x25>
      <y25>858</y25>
      <x26>1025</x26>
      <y26>861</y26>
      <x27>1040</x27>
      <y27>863</y27>
      <x28>1042</x28>
      <y28>866</y28>
      <x29>1043</x29>
      <y29>876</y29>
      <x30>1046</x30>
      <y30>879</y30>
      <x31>1063</x31>
      <y31>879</y31>
      <x32>1068</x32>
      <y32>877</y32>
      <x33>1071</x33>
      <y33>866</y33>
      <x34>1079</x34>
      <y34>862</y34>
      <x35>1082</x35>
      <y35>858</y35>
      <x36>1085</x36>
      <y36>847</y36>
      <x37>1087</x37>
      <y37>829</y37>
      <x38>1096</x38>
      <y38>821</y38>
      <x39>1102</x39>
      <y39>806</y39>
      <x40>1106</x40>
      <y40>780</y40>
      <x41>1109</x41>
      <y41>772</y41>
      <x42>1109</x42>
      <y42>766</y42>
      <x43>1111</x43>
      <y43>763</y43>
      <x44>1114</x44>
      <y44>744</y44>
      <x45>1116</x45>
      <y45>741</y45>
      <x46>1119</x46>
      <y46>728</y46>
      <x47>1124</x47>
      <y47>722</y47>
      <x48>1129</x48>
      <y48>719</y48>
      <x49>1131</x49>
      <y49>714</y49>
      <x50>1131</x50>
      <y50>709</y50>
      <x51>1129</x51>
      <y51>707</y51>
      <x52>1124</x52>
      <y52>709</y52>
      <x53>1115</x53>
      <y53>717</y53>
      <x54>1110</x54>
      <y54>718</y54>
      <x55>1107</x55>
      <y55>716</y55>
      <x56>1103</x56>
      <y56>704</y56>
      <x57>1103</x57>
      <y57>697</y57>
      <x58>1099</x58>
      <y58>684</y58>
      <x59>1092</x59>
      <y59>672</y59>
      <x60>1085</x60>
      <y60>668</y60>
      <x61>1081</x61>
      <y61>662</y61>
      <x62>1087</x62>
      <y62>654</y62>
      <x63>1089</x63>
      <y63>645</y63>
      <x64>1089</x64>
      <y64>637</y64>
      <x65>1086</x65>
      <y65>625</y65>
      <x66>1083</x66>
      <y66>622</y66>
    </polygon>
  </object>
</annotation>
