<?xml version="1.0" ?>
<annotation>
  <folder>VOC</folder>
  <filename>45-1.png</filename>
  <source>
    <database>roboflow.ai</database>
  </source>
  <size>
    <width>1792</width>
    <height>1024</height>
    <depth>3</depth>
  </size>
  <segmented>0</segmented>
  <object>
    <name>person</name>
    <bndbox>
      <xmin>915</xmin>
      <ymin>313</ymin>
      <xmax>1151</xmax>
      <ymax>686</ymax>
    </bndbox>
    <polygon>
      <x1>983</x1>
      <y1>315</y1>
      <x2>977</x2>
      <y2>319</y2>
      <x3>972</x3>
      <y3>330</y3>
      <x4>971</x4>
      <y4>347</y4>
      <x5>976</x5>
      <y5>359</y5>
      <x6>975</x6>
      <y6>367</y6>
      <x7>957</x7>
      <y7>376</y7>
      <x8>932</x8>
      <y8>378</y8>
      <x9>929</x9>
      <y9>388</y9>
      <x10>929</x10>
      <y10>395</y10>
      <x11>924</x11>
      <y11>402</y11>
      <x12>920</x12>
      <y12>421</y12>
      <x13>917</x13>
      <y13>427</y13>
      <x14>915</x14>
      <y14>443</y14>
      <x15>915</x15>
      <y15>452</y15>
      <x16>917</x16>
      <y16>457</y16>
      <x17>921</x17>
      <y17>461</y17>
      <x18>925</x18>
      <y18>463</y18>
      <x19>935</x19>
      <y19>463</y19>
      <x20>941</x20>
      <y20>458</y20>
      <x21>943</x21>
      <y21>458</y21>
      <x22>946</x22>
      <y22>460</y22>
      <x23>947</x23>
      <y23>463</y23>
      <x24>947</x24>
      <y24>474</y24>
      <x25>943</x25>
      <y25>493</y25>
      <x26>941</x26>
      <y26>519</y26>
      <x27>942</x27>
      <y27>547</y27>
      <x28>945</x28>
      <y28>561</y28>
      <x29>948</x29>
      <y29>563</y29>
      <x30>949</x30>
      <y30>569</y30>
      <x31>954</x31>
      <y31>569</y31>
      <x32>958</x32>
      <y32>575</y32>
      <x33>960</x33>
      <y33>668</y33>
      <x34>969</x34>
      <y34>682</y34>
      <x35>977</x35>
      <y35>681</y35>
      <x36>983</x36>
      <y36>665</y36>
      <x37>983</x37>
      <y37>644</y37>
      <x38>988</x38>
      <y38>620</y38>
      <x39>988</x39>
      <y39>613</y39>
      <x40>992</x40>
      <y40>609</y40>
      <x41>996</x41>
      <y41>609</y41>
      <x42>998</x42>
      <y42>614</y42>
      <x43>997</x43>
      <y43>656</y43>
      <x44>995</x44>
      <y44>661</y44>
      <x45>995</x45>
      <y45>676</y45>
      <x46>997</x46>
      <y46>680</y46>
      <x47>1004</x47>
      <y47>686</y47>
      <x48>1016</x48>
      <y48>680</y48>
      <x49>1027</x49>
      <y49>670</y49>
      <x50>1036</x50>
      <y50>667</y50>
      <x51>1043</x51>
      <y51>667</y51>
      <x52>1049</x52>
      <y52>669</y52>
      <x53>1103</x53>
      <y53>670</y53>
      <x54>1110</x54>
      <y54>673</y54>
      <x55>1118</x55>
      <y55>681</y55>
      <x56>1122</x56>
      <y56>682</y56>
      <x57>1124</x57>
      <y57>676</y57>
      <x58>1126</x58>
      <y58>638</y58>
      <x59>1129</x59>
      <y59>633</y59>
      <x60>1133</x60>
      <y60>600</y60>
      <x61>1136</x61>
      <y61>589</y61>
      <x62>1138</x62>
      <y62>563</y62>
      <x63>1145</x63>
      <y63>528</y63>
      <x64>1147</x64>
      <y64>503</y64>
      <x65>1151</x65>
      <y65>493</y65>
      <x66>1151</x66>
      <y66>489</y66>
      <x67>1149</x67>
      <y67>486</y67>
      <x68>1141</x68>
      <y68>485</y68>
      <x69>1137</x69>
      <y69>482</y69>
      <x70>1130</x70>
      <y70>482</y70>
      <x71>1124</x71>
      <y71>485</y71>
      <x72>1115</x72>
      <y72>482</y72>
      <x73>1112</x73>
      <y73>484</y73>
      <x74>1101</x74>
      <y74>483</y74>
      <x75>1097</x75>
      <y75>485</y75>
      <x76>1092</x76>
      <y76>485</y76>
      <x77>1087</x77>
      <y77>488</y77>
      <x78>1081</x78>
      <y78>488</y78>
      <x79>1076</x79>
      <y79>491</y79>
      <x80>1061</x80>
      <y80>488</y80>
      <x81>1056</x81>
      <y81>490</y81>
      <x82>1054</x82>
      <y82>493</y82>
      <x83>1045</x83>
      <y83>491</y83>
      <x84>1043</x84>
      <y84>496</y84>
      <x85>1046</x85>
      <y85>499</y85>
      <x86>1040</x86>
      <y86>501</y86>
      <x87>1036</x87>
      <y87>496</y87>
      <x88>1032</x88>
      <y88>494</y88>
      <x89>1030</x89>
      <y89>490</y89>
      <x90>1026</x90>
      <y90>471</y90>
      <x91>1027</x91>
      <y91>468</y91>
      <x92>1030</x92>
      <y92>465</y92>
      <x93>1032</x93>
      <y93>465</y93>
      <x94>1044</x94>
      <y94>477</y94>
      <x95>1047</x95>
      <y95>483</y95>
      <x96>1060</x96>
      <y96>486</y96>
      <x97>1069</x97>
      <y97>484</y97>
      <x98>1075</x98>
      <y98>479</y98>
      <x99>1085</x99>
      <y99>475</y99>
      <x100>1089</x100>
      <y100>471</y100>
      <x101>1100</x101>
      <y101>469</y101>
      <x102>1106</x102>
      <y102>466</y102>
      <x103>1124</x103>
      <y103>468</y103>
      <x104>1129</x104>
      <y104>473</y104>
      <x105>1133</x105>
      <y105>471</y105>
      <x106>1136</x106>
      <y106>466</y106>
      <x107>1130</x107>
      <y107>463</y107>
      <x108>1127</x108>
      <y108>459</y108>
      <x109>1146</x109>
      <y109>445</y109>
      <x110>1146</x110>
      <y110>437</y110>
      <x111>1134</x111>
      <y111>432</y111>
      <x112>1131</x112>
      <y112>428</y112>
      <x113>1126</x113>
      <y113>434</y113>
      <x114>1120</x114>
      <y114>436</y114>
      <x115>1115</x115>
      <y115>440</y115>
      <x116>1110</x116>
      <y116>440</y116>
      <x117>1094</x117>
      <y117>445</y117>
      <x118>1090</x118>
      <y118>440</y118>
      <x119>1090</x119>
      <y119>425</y119>
      <x120>1094</x120>
      <y120>419</y120>
      <x121>1103</x121>
      <y121>420</y121>
      <x122>1111</x122>
      <y122>418</y122>
      <x123>1116</x123>
      <y123>421</y123>
      <x124>1122</x124>
      <y124>417</y124>
      <x125>1130</x125>
      <y125>421</y125>
      <x126>1134</x126>
      <y126>421</y126>
      <x127>1143</x127>
      <y127>417</y127>
      <x128>1144</x128>
      <y128>406</y128>
      <x129>1139</x129>
      <y129>401</y129>
      <x130>1139</x130>
      <y130>395</y130>
      <x131>1134</x131>
      <y131>388</y131>
      <x132>1138</x132>
      <y132>372</y132>
      <x133>1138</x133>
      <y133>364</y133>
      <x134>1136</x134>
      <y134>361</y134>
      <x135>1138</x135>
      <y135>354</y135>
      <x136>1129</x136>
      <y136>347</y136>
      <x137>1118</x137>
      <y137>349</y137>
      <x138>1115</x138>
      <y138>351</y138>
      <x139>1092</x139>
      <y139>352</y139>
      <x140>1087</x140>
      <y140>348</y140>
      <x141>1081</x141>
      <y141>349</y141>
      <x142>1075</x142>
      <y142>345</y142>
      <x143>1052</x143>
      <y143>346</y143>
      <x144>1047</x144>
      <y144>352</y144>
      <x145>1040</x145>
      <y145>347</y145>
      <x146>1023</x146>
      <y146>349</y146>
      <x147>1019</x147>
      <y147>346</y147>
      <x148>1017</x148>
      <y148>342</y148>
      <x149>1017</x149>
      <y149>331</y149>
      <x150>1010</x150>
      <y150>318</y150>
      <x151>999</x151>
      <y151>313</y151>
      <x152>989</x152>
      <y152>313</y152>
    </polygon>
  </object>
</annotation>
