<?xml version="1.0" ?>
<annotation>
  <folder>VOC</folder>
  <filename>46-1.png</filename>
  <source>
    <database>roboflow.ai</database>
  </source>
  <size>
    <width>1792</width>
    <height>1024</height>
    <depth>3</depth>
  </size>
  <segmented>0</segmented>
  <object>
    <name>person</name>
    <bndbox>
      <xmin>1016</xmin>
      <ymin>251</ymin>
      <xmax>1584</xmax>
      <ymax>1017</ymax>
    </bndbox>
    <polygon>
      <x1>1510</x1>
      <y1>266</y1>
      <x2>1503</x2>
      <y2>264</y2>
      <x3>1494</x3>
      <y3>258</y3>
      <x4>1475</x4>
      <y4>253</y4>
      <x5>1471</x5>
      <y5>253</y5>
      <x6>1466</x6>
      <y6>251</y6>
      <x7>1449</x7>
      <y7>252</y7>
      <x8>1441</x8>
      <y8>254</y8>
      <x9>1439</x9>
      <y9>256</y9>
      <x10>1433</x10>
      <y10>258</y10>
      <x11>1432</x11>
      <y11>261</y11>
      <x12>1426</x12>
      <y12>266</y12>
      <x13>1424</x13>
      <y13>270</y13>
      <x14>1424</x14>
      <y14>273</y14>
      <x15>1416</x15>
      <y15>278</y15>
      <x16>1411</x16>
      <y16>283</y16>
      <x17>1410</x17>
      <y17>292</y17>
      <x18>1407</x18>
      <y18>295</y18>
      <x19>1404</x19>
      <y19>296</y19>
      <x20>1404</x20>
      <y20>303</y20>
      <x21>1405</x21>
      <y21>304</y21>
      <x22>1404</x22>
      <y22>312</y22>
      <x23>1407</x23>
      <y23>315</y23>
      <x24>1408</x24>
      <y24>319</y24>
      <x25>1403</x25>
      <y25>324</y25>
      <x26>1403</x26>
      <y26>328</y26>
      <x27>1404</x27>
      <y27>329</y27>
      <x28>1405</x28>
      <y28>339</y28>
      <x29>1408</x29>
      <y29>344</y29>
      <x30>1408</x30>
      <y30>347</y30>
      <x31>1401</x31>
      <y31>353</y31>
      <x32>1402</x32>
      <y32>367</y32>
      <x33>1406</x33>
      <y33>372</y33>
      <x34>1406</x34>
      <y34>375</y34>
      <x35>1402</x35>
      <y35>378</y35>
      <x36>1400</x36>
      <y36>382</y36>
      <x37>1402</x37>
      <y37>389</y37>
      <x38>1399</x38>
      <y38>396</y38>
      <x39>1400</x39>
      <y39>397</y39>
      <x40>1400</x40>
      <y40>403</y40>
      <x41>1398</x41>
      <y41>409</y41>
      <x42>1395</x42>
      <y42>414</y42>
      <x43>1380</x43>
      <y43>416</y43>
      <x44>1372</x44>
      <y44>411</y44>
      <x45>1371</x45>
      <y45>403</y45>
      <x46>1369</x46>
      <y46>400</y46>
      <x47>1360</x47>
      <y47>399</y47>
      <x48>1357</x48>
      <y48>400</y48>
      <x49>1354</x49>
      <y49>403</y49>
      <x50>1357</x50>
      <y50>407</y50>
      <x51>1359</x51>
      <y51>415</y51>
      <x52>1368</x52>
      <y52>425</y52>
      <x53>1368</x53>
      <y53>431</y53>
      <x54>1371</x54>
      <y54>438</y54>
      <x55>1371</x55>
      <y55>445</y55>
      <x56>1368</x56>
      <y56>450</y56>
      <x57>1371</x57>
      <y57>464</y57>
      <x58>1369</x58>
      <y58>474</y58>
      <x59>1366</x59>
      <y59>474</y59>
      <x60>1363</x60>
      <y60>471</y60>
      <x61>1363</x61>
      <y61>465</y61>
      <x62>1361</x62>
      <y62>463</y62>
      <x63>1359</x63>
      <y63>465</y63>
      <x64>1359</x64>
      <y64>470</y64>
      <x65>1360</x65>
      <y65>471</y65>
      <x66>1358</x66>
      <y66>473</y66>
      <x67>1353</x67>
      <y67>475</y67>
      <x68>1346</x68>
      <y68>475</y68>
      <x69>1343</x69>
      <y69>471</y69>
      <x70>1344</x70>
      <y70>465</y70>
      <x71>1333</x71>
      <y71>464</y71>
      <x72>1331</x72>
      <y72>461</y72>
      <x73>1330</x73>
      <y73>455</y73>
      <x74>1322</x74>
      <y74>442</y74>
      <x75>1314</x75>
      <y75>433</y75>
      <x76>1309</x76>
      <y76>433</y76>
      <x77>1301</x77>
      <y77>440</y77>
      <x78>1299</x78>
      <y78>450</y78>
      <x79>1297</x79>
      <y79>452</y79>
      <x80>1291</x80>
      <y80>451</y80>
      <x81>1291</x81>
      <y81>453</y81>
      <x82>1293</x82>
      <y82>455</y82>
      <x83>1293</x83>
      <y83>458</y83>
      <x84>1284</x84>
      <y84>464</y84>
      <x85>1275</x85>
      <y85>468</y85>
      <x86>1265</x86>
      <y86>478</y86>
      <x87>1263</x87>
      <y87>487</y87>
      <x88>1267</x88>
      <y88>499</y88>
      <x89>1281</x89>
      <y89>507</y89>
      <x90>1285</x90>
      <y90>514</y90>
      <x91>1294</x91>
      <y91>522</y91>
      <x92>1291</x92>
      <y92>526</y92>
      <x93>1292</x93>
      <y93>529</y93>
      <x94>1298</x94>
      <y94>527</y94>
      <x95>1300</x95>
      <y95>522</y95>
      <x96>1306</x96>
      <y96>515</y96>
      <x97>1306</x97>
      <y97>507</y97>
      <x98>1308</x98>
      <y98>503</y98>
      <x99>1309</x99>
      <y99>491</y99>
      <x100>1310</x100>
      <y100>488</y100>
      <x101>1313</x101>
      <y101>486</y101>
      <x102>1315</x102>
      <y102>490</y102>
      <x103>1315</x103>
      <y103>501</y103>
      <x104>1318</x104>
      <y104>510</y104>
      <x105>1318</x105>
      <y105>517</y105>
      <x106>1317</x106>
      <y106>518</y106>
      <x107>1318</x107>
      <y107>527</y107>
      <x108>1320</x108>
      <y108>529</y108>
      <x109>1324</x109>
      <y109>529</y109>
      <x110>1329</x110>
      <y110>531</y110>
      <x111>1332</x111>
      <y111>534</y111>
      <x112>1332</x112>
      <y112>536</y112>
      <x113>1330</x113>
      <y113>538</y113>
      <x114>1325</x114>
      <y114>550</y114>
      <x115>1322</x115>
      <y115>553</y115>
      <x116>1320</x116>
      <y116>558</y116>
      <x117>1317</x117>
      <y117>561</y117>
      <x118>1312</x118>
      <y118>570</y118>
      <x119>1297</x119>
      <y119>585</y119>
      <x120>1291</x120>
      <y120>588</y120>
      <x121>1280</x121>
      <y121>598</y121>
      <x122>1274</x122>
      <y122>601</y122>
      <x123>1269</x123>
      <y123>608</y123>
      <x124>1257</x124>
      <y124>617</y124>
      <x125>1255</x125>
      <y125>622</y125>
      <x126>1252</x126>
      <y126>625</y126>
      <x127>1251</x127>
      <y127>633</y127>
      <x128>1257</x128>
      <y128>640</y128>
      <x129>1263</x129>
      <y129>644</y129>
      <x130>1267</x130>
      <y130>645</y130>
      <x131>1269</x131>
      <y131>648</y131>
      <x132>1261</x132>
      <y132>655</y132>
      <x133>1254</x133>
      <y133>658</y133>
      <x134>1238</x134>
      <y134>670</y134>
      <x135>1232</x135>
      <y135>673</y135>
      <x136>1187</x136>
      <y136>707</y136>
      <x137>1170</x137>
      <y137>718</y137>
      <x138>1161</x138>
      <y138>722</y138>
      <x139>1135</x139>
      <y139>739</y139>
      <x140>1123</x140>
      <y140>750</y140>
      <x141>1108</x141>
      <y141>759</y141>
      <x142>1095</x142>
      <y142>774</y142>
      <x143>1089</x143>
      <y143>789</y143>
      <x144>1089</x144>
      <y144>793</y144>
      <x145>1085</x145>
      <y145>807</y145>
      <x146>1085</x146>
      <y146>816</y146>
      <x147>1082</x147>
      <y147>829</y147>
      <x148>1082</x148>
      <y148>858</y148>
      <x149>1087</x149>
      <y149>877</y149>
      <x150>1100</x150>
      <y150>900</y150>
      <x151>1102</x151>
      <y151>908</y151>
      <x152>1101</x152>
      <y152>935</y152>
      <x153>1104</x153>
      <y153>944</y153>
      <x154>1102</x154>
      <y154>963</y154>
      <x155>1100</x155>
      <y155>968</y155>
      <x156>1095</x156>
      <y156>972</y156>
      <x157>1081</x157>
      <y157>971</y157>
      <x158>1080</x158>
      <y158>970</y158>
      <x159>1068</x159>
      <y159>970</y159>
      <x160>1061</x160>
      <y160>968</y160>
      <x161>1043</x161>
      <y161>967</y161>
      <x162>1042</x162>
      <y162>966</y162>
      <x163>1028</x163>
      <y163>970</y163>
      <x164>1021</x164>
      <y164>976</y164>
      <x165>1017</x165>
      <y165>982</y165>
      <x166>1016</x166>
      <y166>990</y166>
      <x167>1018</x167>
      <y167>993</y167>
      <x168>1027</x168>
      <y168>997</y168>
      <x169>1036</x169>
      <y169>1005</y169>
      <x170>1046</x170>
      <y170>1008</y170>
      <x171>1060</x171>
      <y171>1008</y171>
      <x172>1061</x172>
      <y172>1009</y172>
      <x173>1099</x173>
      <y173>1009</y173>
      <x174>1100</x174>
      <y174>1010</y174>
      <x175>1114</x175>
      <y175>1010</y175>
      <x176>1115</x176>
      <y176>1011</y176>
      <x177>1119</x177>
      <y177>1010</y177>
      <x178>1131</x178>
      <y178>1011</y178>
      <x179>1132</x179>
      <y179>1010</y179>
      <x180>1144</x180>
      <y180>1009</y180>
      <x181>1156</x181>
      <y181>1003</y181>
      <x182>1164</x182>
      <y182>989</y182>
      <x183>1164</x183>
      <y183>984</y183>
      <x184>1171</x184>
      <y184>973</y184>
      <x185>1176</x185>
      <y185>960</y185>
      <x186>1178</x186>
      <y186>950</y186>
      <x187>1182</x187>
      <y187>944</y187>
      <x188>1194</x188>
      <y188>932</y188>
      <x189>1201</x189>
      <y189>921</y189>
      <x190>1205</x190>
      <y190>875</y190>
      <x191>1206</x191>
      <y191>871</y191>
      <x192>1213</x192>
      <y192>864</y192>
      <x193>1214</x193>
      <y193>858</y193>
      <x194>1218</x194>
      <y194>854</y194>
      <x195>1227</x195>
      <y195>850</y195>
      <x196>1231</x196>
      <y196>843</y196>
      <x197>1235</x197>
      <y197>839</y197>
      <x198>1243</x198>
      <y198>837</y198>
      <x199>1253</x199>
      <y199>827</y199>
      <x200>1266</x200>
      <y200>821</y200>
      <x201>1270</x201>
      <y201>815</y201>
      <x202>1277</x202>
      <y202>812</y202>
      <x203>1292</x203>
      <y203>800</y203>
      <x204>1305</x204>
      <y204>793</y204>
      <x205>1313</x205>
      <y205>786</y205>
      <x206>1333</x206>
      <y206>779</y206>
      <x207>1340</x207>
      <y207>775</y207>
      <x208>1345</x208>
      <y208>775</y208>
      <x209>1348</x209>
      <y209>779</y209>
      <x210>1348</x210>
      <y210>789</y210>
      <x211>1344</x211>
      <y211>797</y211>
      <x212>1342</x212>
      <y212>806</y212>
      <x213>1334</x213>
      <y213>827</y213>
      <x214>1332</x214>
      <y214>842</y214>
      <x215>1330</x215>
      <y215>848</y215>
      <x216>1330</x216>
      <y216>860</y216>
      <x217>1333</x217>
      <y217>872</y217>
      <x218>1333</x218>
      <y218>892</y218>
      <x219>1331</x219>
      <y219>898</y219>
      <x220>1328</x220>
      <y220>902</y220>
      <x221>1318</x221>
      <y221>909</y221>
      <x222>1311</x222>
      <y222>916</y222>
      <x223>1303</x223>
      <y223>928</y223>
      <x224>1301</x224>
      <y224>937</y224>
      <x225>1295</x225>
      <y225>949</y225>
      <x226>1286</x226>
      <y226>957</y226>
      <x227>1286</x227>
      <y227>959</y227>
      <x228>1281</x228>
      <y228>964</y228>
      <x229>1270</x229>
      <y229>968</y229>
      <x230>1255</x230>
      <y230>969</y230>
      <x231>1243</x231>
      <y231>975</y231>
      <x232>1228</x232>
      <y232>978</y232>
      <x233>1219</x233>
      <y233>984</y233>
      <x234>1216</x234>
      <y234>990</y234>
      <x235>1216</x235>
      <y235>996</y235>
      <x236>1218</x236>
      <y236>1003</y236>
      <x237>1222</x237>
      <y237>1006</y237>
      <x238>1229</x238>
      <y238>1008</y238>
      <x239>1239</x239>
      <y239>1009</y239>
      <x240>1240</x240>
      <y240>1010</y240>
      <x241>1251</x241>
      <y241>1010</y241>
      <x242>1268</x242>
      <y242>1016</y242>
      <x243>1277</x243>
      <y243>1015</y243>
      <x244>1283</x244>
      <y244>1017</y244>
      <x245>1291</x245>
      <y245>1011</y245>
      <x246>1298</x246>
      <y246>1011</y246>
      <x247>1311</x247>
      <y247>1005</y247>
      <x248>1321</x248>
      <y248>991</y248>
      <x249>1326</x249>
      <y249>990</y249>
      <x250>1331</x250>
      <y250>983</y250>
      <x251>1348</x251>
      <y251>975</y251>
      <x252>1351</x252>
      <y252>972</y252>
      <x253>1353</x253>
      <y253>967</y253>
      <x254>1358</x254>
      <y254>962</y254>
      <x255>1361</x255>
      <y255>961</y255>
      <x256>1366</x256>
      <y256>955</y256>
      <x257>1393</x257>
      <y257>933</y257>
      <x258>1395</x258>
      <y258>928</y258>
      <x259>1401</x259>
      <y259>921</y259>
      <x260>1404</x260>
      <y260>914</y260>
      <x261>1411</x261>
      <y261>907</y261>
      <x262>1415</x262>
      <y262>897</y262>
      <x263>1419</x263>
      <y263>893</y263>
      <x264>1421</x264>
      <y264>888</y264>
      <x265>1429</x265>
      <y265>880</y265>
      <x266>1431</x266>
      <y266>873</y266>
      <x267>1435</x267>
      <y267>868</y267>
      <x268>1440</x268>
      <y268>852</y268>
      <x269>1441</x269>
      <y269>843</y269>
      <x270>1443</x270>
      <y270>838</y270>
      <x271>1444</x271>
      <y271>813</y271>
      <x272>1446</x272>
      <y272>809</y272>
      <x273>1447</x273>
      <y273>800</y273>
      <x274>1451</x274>
      <y274>794</y274>
      <x275>1453</x275>
      <y275>788</y275>
      <x276>1458</x276>
      <y276>783</y276>
      <x277>1463</x277>
      <y277>781</y277>
      <x278>1465</x278>
      <y278>774</y278>
      <x279>1469</x279>
      <y279>767</y279>
      <x280>1470</x280>
      <y280>759</y280>
      <x281>1476</x281>
      <y281>750</y281>
      <x282>1477</x282>
      <y282>744</y282>
      <x283>1481</x283>
      <y283>739</y283>
      <x284>1484</x284>
      <y284>730</y284>
      <x285>1489</x285>
      <y285>723</y285>
      <x286>1497</x286>
      <y286>716</y286>
      <x287>1502</x287>
      <y287>709</y287>
      <x288>1510</x288>
      <y288>702</y288>
      <x289>1513</x289>
      <y289>697</y289>
      <x290>1521</x290>
      <y290>689</y290>
      <x291>1532</x291>
      <y291>682</y291>
      <x292>1544</x292>
      <y292>670</y292>
      <x293>1548</x293>
      <y293>670</y293>
      <x294>1554</x294>
      <y294>667</y294>
      <x295>1554</x295>
      <y295>660</y295>
      <x296>1556</x296>
      <y296>656</y296>
      <x297>1554</x297>
      <y297>646</y297>
      <x298>1557</x298>
      <y298>643</y298>
      <x299>1560</x299>
      <y299>644</y299>
      <x300>1565</x300>
      <y300>643</y300>
      <x301>1565</x301>
      <y301>639</y301>
      <x302>1557</x302>
      <y302>632</y302>
      <x303>1553</x303>
      <y303>633</y303>
      <x304>1550</x304>
      <y304>632</y304>
      <x305>1549</x305>
      <y305>616</y305>
      <x306>1548</x306>
      <y306>615</y306>
      <x307>1548</x307>
      <y307>590</y307>
      <x308>1550</x308>
      <y308>586</y308>
      <x309>1550</x309>
      <y309>582</y309>
      <x310>1548</x310>
      <y310>578</y310>
      <x311>1548</x311>
      <y311>575</y311>
      <x312>1552</x312>
      <y312>568</y312>
      <x313>1554</x313>
      <y313>560</y313>
      <x314>1558</x314>
      <y314>523</y314>
      <x315>1562</x315>
      <y315>502</y315>
      <x316>1562</x316>
      <y316>494</y316>
      <x317>1566</x317>
      <y317>482</y317>
      <x318>1567</x318>
      <y318>464</y318>
      <x319>1569</x319>
      <y319>460</y319>
      <x320>1573</x320>
      <y320>440</y320>
      <x321>1578</x321>
      <y321>429</y321>
      <x322>1579</x322>
      <y322>411</y322>
      <x323>1580</x323>
      <y323>410</y323>
      <x324>1581</x324>
      <y324>395</y324>
      <x325>1584</x325>
      <y325>380</y325>
      <x326>1584</x326>
      <y326>361</y326>
      <x327>1583</x327>
      <y327>360</y327>
      <x328>1582</x328>
      <y328>341</y328>
      <x329>1581</x329>
      <y329>338</y329>
      <x330>1576</x330>
      <y330>333</y330>
      <x331>1570</x331>
      <y331>323</y331>
      <x332>1562</x332>
      <y332>317</y332>
      <x333>1560</x333>
      <y333>313</y333>
      <x334>1542</x334>
      <y334>293</y334>
      <x335>1521</x335>
      <y335>274</y335>
      <x336>1516</x336>
      <y336>272</y336>
    </polygon>
  </object>
  <object>
    <name>person</name>
    <bndbox>
      <xmin>1252</xmin>
      <ymin>36</ymin>
      <xmax>1553</xmax>
      <ymax>241</ymax>
    </bndbox>
    <polygon>
      <x1>1267</x1>
      <y1>56</y1>
      <x2>1266</x2>
      <y2>69</y2>
      <x3>1270</x3>
      <y3>84</y3>
      <x4>1270</x4>
      <y4>102</y4>
      <x5>1252</x5>
      <y5>129</y5>
      <x6>1253</x6>
      <y6>135</y6>
      <x7>1267</x7>
      <y7>141</y7>
      <x8>1284</x8>
      <y8>140</y8>
      <x9>1292</x9>
      <y9>134</y9>
      <x10>1298</x10>
      <y10>135</y10>
      <x11>1305</x11>
      <y11>139</y11>
      <x12>1311</x12>
      <y12>139</y12>
      <x13>1315</x13>
      <y13>144</y13>
      <x14>1315</x14>
      <y14>149</y14>
      <x15>1318</x15>
      <y15>159</y15>
      <x16>1324</x16>
      <y16>167</y16>
      <x17>1335</x17>
      <y17>170</y17>
      <x18>1342</x18>
      <y18>178</y18>
      <x19>1352</x19>
      <y19>183</y19>
      <x20>1356</x20>
      <y20>187</y20>
      <x21>1359</x21>
      <y21>194</y21>
      <x22>1375</x22>
      <y22>210</y22>
      <x23>1386</x23>
      <y23>211</y23>
      <x24>1391</x24>
      <y24>213</y24>
      <x25>1397</x25>
      <y25>218</y25>
      <x26>1397</x26>
      <y26>220</y26>
      <x27>1393</x27>
      <y27>225</y27>
      <x28>1393</x28>
      <y28>228</y28>
      <x29>1397</x29>
      <y29>237</y29>
      <x30>1401</x30>
      <y30>241</y30>
      <x31>1405</x31>
      <y31>241</y31>
      <x32>1414</x32>
      <y32>236</y32>
      <x33>1419</x33>
      <y33>235</y33>
      <x34>1429</x34>
      <y34>225</y34>
      <x35>1439</x35>
      <y35>220</y35>
      <x36>1441</x36>
      <y36>215</y36>
      <x37>1445</x37>
      <y37>211</y37>
      <x38>1460</x38>
      <y38>212</y38>
      <x39>1472</x39>
      <y39>206</y39>
      <x40>1477</x40>
      <y40>207</y40>
      <x41>1488</x41>
      <y41>206</y41>
      <x42>1494</x42>
      <y42>208</y42>
      <x43>1500</x43>
      <y43>214</y43>
      <x44>1499</x44>
      <y44>219</y44>
      <x45>1501</x45>
      <y45>221</y45>
      <x46>1508</x46>
      <y46>221</y46>
      <x47>1511</x47>
      <y47>216</y47>
      <x48>1515</x48>
      <y48>216</y48>
      <x49>1524</x49>
      <y49>224</y49>
      <x50>1536</x50>
      <y50>226</y50>
      <x51>1541</x51>
      <y51>234</y51>
      <x52>1549</x52>
      <y52>236</y52>
      <x53>1553</x53>
      <y53>235</y53>
      <x54>1553</x54>
      <y54>227</y54>
      <x55>1547</x55>
      <y55>213</y55>
      <x56>1529</x56>
      <y56>192</y56>
      <x57>1525</x57>
      <y57>185</y57>
      <x58>1521</x58>
      <y58>181</y58>
      <x59>1514</x59>
      <y59>178</y59>
      <x60>1510</x60>
      <y60>173</y60>
      <x61>1499</x61>
      <y61>164</y61>
      <x62>1497</x62>
      <y62>156</y62>
      <x63>1490</x63>
      <y63>144</y63>
      <x64>1478</x64>
      <y64>136</y64>
      <x65>1458</x65>
      <y65>130</y65>
      <x66>1454</x66>
      <y66>125</y66>
      <x67>1453</x67>
      <y67>121</y67>
      <x68>1451</x68>
      <y68>119</y68>
      <x69>1447</x69>
      <y69>119</y69>
      <x70>1437</x70>
      <y70>110</y70>
      <x71>1431</x71>
      <y71>111</y71>
      <x72>1429</x72>
      <y72>109</y72>
      <x73>1429</x73>
      <y73>100</y73>
      <x74>1424</x74>
      <y74>94</y74>
      <x75>1423</x75>
      <y75>89</y75>
      <x76>1415</x76>
      <y76>82</y76>
      <x77>1411</x77>
      <y77>73</y77>
      <x78>1405</x78>
      <y78>69</y78>
      <x79>1400</x79>
      <y79>61</y79>
      <x80>1395</x80>
      <y80>57</y80>
      <x81>1388</x81>
      <y81>54</y81>
      <x82>1380</x82>
      <y82>53</y82>
      <x83>1365</x83>
      <y83>45</y83>
      <x84>1335</x84>
      <y84>38</y84>
      <x85>1315</x85>
      <y85>37</y85>
      <x86>1314</x86>
      <y86>36</y86>
      <x87>1300</x87>
      <y87>37</y87>
      <x88>1277</x88>
      <y88>46</y88>
    </polygon>
  </object>
</annotation>
