<?xml version="1.0" ?>
<annotation>
  <folder>VOC</folder>
  <filename>47-1.png</filename>
  <source>
    <database>roboflow.ai</database>
  </source>
  <size>
    <width>1792</width>
    <height>1024</height>
    <depth>3</depth>
  </size>
  <segmented>0</segmented>
  <object>
    <name>person</name>
    <bndbox>
      <xmin>329</xmin>
      <ymin>298</ymin>
      <xmax>1240</xmax>
      <ymax>1020</ymax>
    </bndbox>
    <polygon>
      <x1>499</x1>
      <y1>483</y1>
      <x2>490</x2>
      <y2>496</y2>
      <x3>481</x3>
      <y3>515</y3>
      <x4>480</x4>
      <y4>525</y4>
      <x5>479</x5>
      <y5>526</y5>
      <x6>479</x6>
      <y6>534</y6>
      <x7>478</x7>
      <y7>535</y7>
      <x8>480</x8>
      <y8>554</y8>
      <x9>493</x9>
      <y9>582</y9>
      <x10>502</x10>
      <y10>592</y10>
      <x11>504</x11>
      <y11>598</y11>
      <x12>504</x12>
      <y12>606</y12>
      <x13>499</x13>
      <y13>612</y13>
      <x14>495</x14>
      <y14>620</y14>
      <x15>494</x15>
      <y15>627</y15>
      <x16>495</x16>
      <y16>628</y16>
      <x17>496</x17>
      <y17>642</y17>
      <x18>503</x18>
      <y18>656</y18>
      <x19>521</x19>
      <y19>673</y19>
      <x20>526</x20>
      <y20>674</y20>
      <x21>529</x21>
      <y21>676</y21>
      <x22>520</x22>
      <y22>684</y22>
      <x23>512</x23>
      <y23>696</y23>
      <x24>505</x24>
      <y24>703</y24>
      <x25>494</x25>
      <y25>711</y25>
      <x26>476</x26>
      <y26>719</y26>
      <x27>471</x27>
      <y27>723</y27>
      <x28>469</x28>
      <y28>728</y28>
      <x29>469</x29>
      <y29>737</y29>
      <x30>472</x30>
      <y30>744</y30>
      <x31>470</x31>
      <y31>747</y31>
      <x32>459</x32>
      <y32>750</y32>
      <x33>446</x33>
      <y33>750</y33>
      <x34>445</x34>
      <y34>751</y34>
      <x35>406</x35>
      <y35>751</y35>
      <x36>396</x36>
      <y36>754</y36>
      <x37>387</x37>
      <y37>754</y37>
      <x38>377</x38>
      <y38>758</y38>
      <x39>361</x39>
      <y39>774</y39>
      <x40>358</x40>
      <y40>781</y40>
      <x41>352</x41>
      <y41>789</y41>
      <x42>343</x42>
      <y42>807</y42>
      <x43>332</x43>
      <y43>839</y43>
      <x44>332</x44>
      <y44>845</y44>
      <x45>329</x45>
      <y45>858</y45>
      <x46>329</x46>
      <y46>868</y46>
      <x47>330</x47>
      <y47>869</y47>
      <x48>330</x48>
      <y48>880</y48>
      <x49>332</x49>
      <y49>886</y49>
      <x50>332</x50>
      <y50>891</y50>
      <x51>336</x51>
      <y51>899</y51>
      <x52>337</x52>
      <y52>905</y52>
      <x53>346</x53>
      <y53>922</y53>
      <x54>359</x54>
      <y54>940</y54>
      <x55>362</x55>
      <y55>948</y55>
      <x56>371</x56>
      <y56>956</y56>
      <x57>377</x57>
      <y57>965</y57>
      <x58>383</x58>
      <y58>970</y58>
      <x59>394</x59>
      <y59>985</y59>
      <x60>404</x60>
      <y60>995</y60>
      <x61>417</x61>
      <y61>1004</y61>
      <x62>427</x62>
      <y62>1009</y62>
      <x63>441</x63>
      <y63>1011</y63>
      <x64>464</x64>
      <y64>1017</y64>
      <x65>486</x65>
      <y65>1018</y65>
      <x66>487</x66>
      <y66>1019</y66>
      <x67>518</x67>
      <y67>1019</y67>
      <x68>519</x68>
      <y68>1020</y68>
      <x69>574</x69>
      <y69>1020</y69>
      <x70>575</x70>
      <y70>1019</y70>
      <x71>597</x71>
      <y71>1019</y71>
      <x72>598</x72>
      <y72>1020</y72>
      <x73>670</x73>
      <y73>1020</y73>
      <x74>671</x74>
      <y74>1019</y74>
      <x75>680</x75>
      <y75>1019</y75>
      <x76>681</x76>
      <y76>1020</y76>
      <x77>690</x77>
      <y77>1020</y77>
      <x78>691</x78>
      <y78>1019</y78>
      <x79>738</x79>
      <y79>1019</y79>
      <x80>739</x80>
      <y80>1020</y80>
      <x81>747</x81>
      <y81>1020</y81>
      <x82>748</x82>
      <y82>1019</y82>
      <x83>763</x83>
      <y83>1019</y83>
      <x84>764</x84>
      <y84>1020</y84>
      <x85>910</x85>
      <y85>1020</y85>
      <x86>911</x86>
      <y86>1019</y86>
      <x87>916</x87>
      <y87>1020</y87>
      <x88>925</x88>
      <y88>1020</y88>
      <x89>926</x89>
      <y89>1019</y89>
      <x90>929</x90>
      <y90>1020</y90>
      <x91>953</x91>
      <y91>1020</y91>
      <x92>954</x92>
      <y92>1019</y92>
      <x93>955</x93>
      <y93>1020</y93>
      <x94>972</x94>
      <y94>1020</y94>
      <x95>973</x95>
      <y95>1019</y95>
      <x96>978</x96>
      <y96>1020</y96>
      <x97>992</x97>
      <y97>1020</y97>
      <x98>993</x98>
      <y98>1019</y98>
      <x99>1008</x99>
      <y99>1019</y99>
      <x100>1009</x100>
      <y100>1020</y100>
      <x101>1119</x101>
      <y101>1020</y101>
      <x102>1125</x102>
      <y102>1018</y102>
      <x103>1135</x103>
      <y103>1017</y103>
      <x104>1142</x104>
      <y104>1014</y104>
      <x105>1145</x105>
      <y105>1011</y105>
      <x106>1159</x106>
      <y106>1004</y106>
      <x107>1168</x107>
      <y107>995</y107>
      <x108>1175</x108>
      <y108>991</y108>
      <x109>1177</x109>
      <y109>983</y109>
      <x110>1186</x110>
      <y110>972</y110>
      <x111>1190</x111>
      <y111>964</y111>
      <x112>1191</x112>
      <y112>941</y112>
      <x113>1187</x113>
      <y113>929</y113>
      <x114>1187</x114>
      <y114>925</y114>
      <x115>1190</x115>
      <y115>922</y115>
      <x116>1200</x116>
      <y116>918</y116>
      <x117>1206</x117>
      <y117>913</y117>
      <x118>1214</x118>
      <y118>909</y118>
      <x119>1229</x119>
      <y119>894</y119>
      <x120>1235</x120>
      <y120>881</y120>
      <x121>1236</x121>
      <y121>877</y121>
      <x122>1235</x122>
      <y122>872</y122>
      <x123>1239</x123>
      <y123>863</y123>
      <x124>1240</x124>
      <y124>841</y124>
      <x125>1237</x125>
      <y125>831</y125>
      <x126>1232</x126>
      <y126>825</y126>
      <x127>1228</x127>
      <y127>813</y127>
      <x128>1222</x128>
      <y128>807</y128>
      <x129>1215</x129>
      <y129>803</y129>
      <x130>1205</x130>
      <y130>802</y130>
      <x131>1193</x131>
      <y131>814</y131>
      <x132>1179</x132>
      <y132>813</y132>
      <x133>1175</x133>
      <y133>816</y133>
      <x134>1161</x134>
      <y134>819</y134>
      <x135>1152</x135>
      <y135>827</y135>
      <x136>1147</x136>
      <y136>837</y136>
      <x137>1144</x137>
      <y137>840</y137>
      <x138>1141</x138>
      <y138>840</y138>
      <x139>1131</x139>
      <y139>844</y139>
      <x140>1127</x140>
      <y140>854</y140>
      <x141>1127</x141>
      <y141>858</y141>
      <x142>1125</x142>
      <y142>862</y142>
      <x143>1124</x143>
      <y143>877</y143>
      <x144>1121</x144>
      <y144>883</y144>
      <x145>1119</x145>
      <y145>895</y145>
      <x146>1116</x146>
      <y146>900</y146>
      <x147>1116</x147>
      <y147>907</y147>
      <x148>1114</x148>
      <y148>912</y148>
      <x149>1109</x149>
      <y149>916</y149>
      <x150>1107</x150>
      <y150>916</y150>
      <x151>1092</x151>
      <y151>924</y151>
      <x152>1084</x152>
      <y152>931</y152>
      <x153>1083</x153>
      <y153>934</y153>
      <x154>1074</x154>
      <y154>943</y154>
      <x155>1061</x155>
      <y155>967</y155>
      <x156>1050</x156>
      <y156>978</y156>
      <x157>1046</x157>
      <y157>980</y157>
      <x158>1038</x158>
      <y158>989</y158>
      <x159>1023</x159>
      <y159>994</y159>
      <x160>1013</x160>
      <y160>999</y160>
      <x161>1006</x161>
      <y161>1000</y161>
      <x162>1006</x162>
      <y162>1003</y162>
      <x163>1003</x163>
      <y163>1006</y163>
      <x164>1002</x164>
      <y164>1002</y164>
      <x165>1004</x165>
      <y165>997</y165>
      <x166>1001</x166>
      <y166>990</y166>
      <x167>995</x167>
      <y167>983</y167>
      <x168>995</x168>
      <y168>975</y168>
      <x169>998</x169>
      <y169>971</y169>
      <x170>998</x170>
      <y170>968</y170>
      <x171>993</x171>
      <y171>962</y171>
      <x172>984</x172>
      <y172>958</y172>
      <x173>977</x173>
      <y173>950</y173>
      <x174>971</x174>
      <y174>948</y174>
      <x175>962</x175>
      <y175>940</y175>
      <x176>949</x176>
      <y176>935</y176>
      <x177>942</x177>
      <y177>929</y177>
      <x178>930</x178>
      <y178>924</y178>
      <x179>904</x179>
      <y179>918</y179>
      <x180>896</x180>
      <y180>911</y180>
      <x181>892</x181>
      <y181>909</y181>
      <x182>884</x182>
      <y182>909</y182>
      <x183>879</x183>
      <y183>907</y183>
      <x184>857</x184>
      <y184>888</y184>
      <x185>847</x185>
      <y185>868</y185>
      <x186>841</x186>
      <y186>863</y186>
      <x187>839</x187>
      <y187>858</y187>
      <x188>829</x188>
      <y188>849</y188>
      <x189>828</x189>
      <y189>845</y189>
      <x190>822</x190>
      <y190>837</y190>
      <x191>819</x191>
      <y191>829</y191>
      <x192>815</x192>
      <y192>825</y192>
      <x193>812</x193>
      <y193>815</y193>
      <x194>806</x194>
      <y194>803</y194>
      <x195>799</x195>
      <y195>795</y195>
      <x196>795</x196>
      <y196>785</y196>
      <x197>791</x197>
      <y197>781</y197>
      <x198>788</x198>
      <y198>780</y198>
      <x199>785</x199>
      <y199>775</y199>
      <x200>785</x200>
      <y200>772</y200>
      <x201>788</x201>
      <y201>768</y201>
      <x202>794</x202>
      <y202>766</y202>
      <x203>801</x203>
      <y203>760</y203>
      <x204>808</x204>
      <y204>759</y204>
      <x205>810</x205>
      <y205>757</y205>
      <x206>825</x206>
      <y206>752</y206>
      <x207>832</x207>
      <y207>745</y207>
      <x208>837</x208>
      <y208>736</y208>
      <x209>839</x209>
      <y209>729</y209>
      <x210>845</x210>
      <y210>722</y210>
      <x211>851</x211>
      <y211>709</y211>
      <x212>851</x212>
      <y212>706</y212>
      <x213>858</x213>
      <y213>686</y213>
      <x214>866</x214>
      <y214>679</y214>
      <x215>868</x215>
      <y215>675</y215>
      <x216>869</x216>
      <y216>665</y216>
      <x217>867</x217>
      <y217>662</y217>
      <x218>870</x218>
      <y218>658</y218>
      <x219>881</x219>
      <y219>653</y219>
      <x220>888</x220>
      <y220>652</y220>
      <x221>897</x221>
      <y221>646</y221>
      <x222>910</x222>
      <y222>645</y222>
      <x223>921</x223>
      <y223>639</y223>
      <x224>931</x224>
      <y224>641</y224>
      <x225>946</x225>
      <y225>641</y225>
      <x226>947</x226>
      <y226>642</y226>
      <x227>950</x227>
      <y227>641</y227>
      <x228>949</x228>
      <y228>632</y228>
      <x229>951</x229>
      <y229>630</y229>
      <x230>955</x230>
      <y230>620</y230>
      <x231>969</x231>
      <y231>617</y231>
      <x232>979</x232>
      <y232>611</y232>
      <x233>985</x233>
      <y233>604</y233>
      <x234>989</x234>
      <y234>603</y234>
      <x235>993</x235>
      <y235>599</y235>
      <x236>995</x236>
      <y236>592</y236>
      <x237>998</x237>
      <y237>589</y237>
      <x238>1002</x238>
      <y238>588</y238>
      <x239>1008</x239>
      <y239>580</y239>
      <x240>1011</x240>
      <y240>572</y240>
      <x241>1011</x241>
      <y241>564</y241>
      <x242>1017</x242>
      <y242>561</y242>
      <x243>1021</x243>
      <y243>557</y243>
      <x244>1023</x244>
      <y244>551</y244>
      <x245>1023</x245>
      <y245>530</y245>
      <x246>1022</x246>
      <y246>529</y246>
      <x247>1022</x247>
      <y247>521</y247>
      <x248>1019</x248>
      <y248>508</y248>
      <x249>1017</x249>
      <y249>505</y249>
      <x250>1010</x250>
      <y250>501</y250>
      <x251>1009</x251>
      <y251>493</y251>
      <x252>1003</x252>
      <y252>479</y252>
      <x253>993</x253>
      <y253>471</y253>
      <x254>989</x254>
      <y254>464</y254>
      <x255>986</x255>
      <y255>463</y255>
      <x256>976</x256>
      <y256>452</y256>
      <x257>967</x257>
      <y257>446</y257>
      <x258>962</x258>
      <y258>441</y258>
      <x259>949</x259>
      <y259>433</y259>
      <x260>943</x260>
      <y260>431</y260>
      <x261>937</x261>
      <y261>426</y261>
      <x262>920</x262>
      <y262>418</y262>
      <x263>911</x263>
      <y263>416</y263>
      <x264>906</x264>
      <y264>412</y264>
      <x265>901</x265>
      <y265>393</y265>
      <x266>901</x266>
      <y266>384</y266>
      <x267>897</x267>
      <y267>369</y267>
      <x268>897</x268>
      <y268>362</y268>
      <x269>895</x269>
      <y269>352</y269>
      <x270>891</x270>
      <y270>340</y270>
      <x271>886</x271>
      <y271>334</y271>
      <x272>881</x272>
      <y272>332</y272>
      <x273>875</x273>
      <y273>332</y273>
      <x274>858</x274>
      <y274>338</y274>
      <x275>850</x275>
      <y275>338</y275>
      <x276>849</x276>
      <y276>339</y276>
      <x277>814</x277>
      <y277>334</y277>
      <x278>810</x278>
      <y278>332</y278>
      <x279>805</x279>
      <y279>327</y279>
      <x280>800</x280>
      <y280>320</y280>
      <x281>796</x281>
      <y281>309</y281>
      <x282>789</x282>
      <y282>301</y282>
      <x283>782</x283>
      <y283>298</y283>
      <x284>763</x284>
      <y284>298</y284>
      <x285>750</x285>
      <y285>302</y285>
      <x286>735</x286>
      <y286>310</y286>
      <x287>724</x287>
      <y287>314</y287>
      <x288>716</x288>
      <y288>319</y288>
      <x289>695</x289>
      <y289>328</y289>
      <x290>654</x290>
      <y290>353</y290>
      <x291>646</x291>
      <y291>360</y291>
      <x292>639</x292>
      <y292>364</y292>
      <x293>626</x293>
      <y293>378</y293>
      <x294>617</x294>
      <y294>392</y294>
      <x295>606</x295>
      <y295>418</y295>
      <x296>599</x296>
      <y296>424</y296>
      <x297>589</x297>
      <y297>424</y297>
      <x298>583</x298>
      <y298>426</y298>
      <x299>575</x299>
      <y299>431</y299>
      <x300>568</x300>
      <y300>433</y300>
      <x301>554</x301>
      <y301>440</y301>
      <x302>532</x302>
      <y302>454</y302>
      <x303>516</x303>
      <y303>466</y303>
    </polygon>
  </object>
</annotation>
