<?xml version="1.0" ?>
<annotation>
  <folder>VOC</folder>
  <filename>48-2.png</filename>
  <source>
    <database>roboflow.ai</database>
  </source>
  <size>
    <width>1792</width>
    <height>1024</height>
    <depth>3</depth>
  </size>
  <segmented>0</segmented>
  <object>
    <name>person</name>
    <bndbox>
      <xmin>289</xmin>
      <ymin>449</ymin>
      <xmax>607</xmax>
      <ymax>908</ymax>
    </bndbox>
    <polygon>
      <x1>366</x1>
      <y1>452</y1>
      <x2>358</x2>
      <y2>459</y2>
      <x3>352</x3>
      <y3>471</y3>
      <x4>345</x4>
      <y4>480</y4>
      <x5>341</x5>
      <y5>489</y5>
      <x6>337</x6>
      <y6>511</y6>
      <x7>334</x7>
      <y7>520</y7>
      <x8>334</x8>
      <y8>535</y8>
      <x9>322</x9>
      <y9>545</y9>
      <x10>317</x10>
      <y10>547</y10>
      <x11>312</x11>
      <y11>552</y11>
      <x12>309</x12>
      <y12>558</y12>
      <x13>303</x13>
      <y13>565</y13>
      <x14>297</x14>
      <y14>580</y14>
      <x15>296</x15>
      <y15>587</y15>
      <x16>290</x16>
      <y16>605</y16>
      <x17>289</x17>
      <y17>637</y17>
      <x18>294</x18>
      <y18>659</y18>
      <x19>295</x19>
      <y19>681</y19>
      <x20>296</x20>
      <y20>685</y20>
      <x21>299</x21>
      <y21>689</y21>
      <x22>301</x22>
      <y22>695</y22>
      <x23>318</x23>
      <y23>727</y23>
      <x24>319</x24>
      <y24>731</y24>
      <x25>325</x25>
      <y25>741</y25>
      <x26>332</x26>
      <y26>749</y26>
      <x27>335</x27>
      <y27>755</y27>
      <x28>350</x28>
      <y28>762</y28>
      <x29>361</x29>
      <y29>762</y29>
      <x30>366</x30>
      <y30>764</y30>
      <x31>372</x31>
      <y31>764</y31>
      <x32>380</x32>
      <y32>766</y32>
      <x33>395</x33>
      <y33>766</y33>
      <x34>402</x34>
      <y34>763</y34>
      <x35>412</x35>
      <y35>762</y35>
      <x36>422</x36>
      <y36>758</y36>
      <x37>429</x37>
      <y37>758</y37>
      <x38>432</x38>
      <y38>760</y38>
      <x39>435</x39>
      <y39>766</y39>
      <x40>436</x40>
      <y40>782</y40>
      <x41>439</x41>
      <y41>795</y41>
      <x42>457</x42>
      <y42>856</y42>
      <x43>463</x43>
      <y43>865</y43>
      <x44>467</x44>
      <y44>878</y44>
      <x45>473</x45>
      <y45>883</y45>
      <x46>478</x46>
      <y46>895</y46>
      <x47>482</x47>
      <y47>899</y47>
      <x48>507</x48>
      <y48>907</y48>
      <x49>547</x49>
      <y49>908</y49>
      <x50>553</x50>
      <y50>906</y50>
      <x51>553</x51>
      <y51>899</y51>
      <x52>557</x52>
      <y52>895</y52>
      <x53>560</x53>
      <y53>894</y53>
      <x54>594</x54>
      <y54>895</y54>
      <x55>604</x55>
      <y55>893</y55>
      <x56>607</x56>
      <y56>888</y56>
      <x57>607</x57>
      <y57>886</y57>
      <x58>604</x58>
      <y58>883</y58>
      <x59>598</x59>
      <y59>880</y59>
      <x60>590</x60>
      <y60>879</y60>
      <x61>568</x61>
      <y61>869</y61>
      <x62>561</x62>
      <y62>863</y62>
      <x63>544</x63>
      <y63>856</y63>
      <x64>539</x64>
      <y64>850</y64>
      <x65>535</x65>
      <y65>837</y65>
      <x66>534</x66>
      <y66>804</y66>
      <x67>533</x67>
      <y67>803</y67>
      <x68>533</x68>
      <y68>788</y68>
      <x69>532</x69>
      <y69>787</y69>
      <x70>533</x70>
      <y70>762</y70>
      <x71>535</x71>
      <y71>752</y71>
      <x72>534</x72>
      <y72>716</y72>
      <x73>531</x73>
      <y73>710</y73>
      <x74>526</x74>
      <y74>705</y74>
      <x75>514</x75>
      <y75>698</y75>
      <x76>510</x76>
      <y76>698</y76>
      <x77>506</x77>
      <y77>695</y77>
      <x78>511</x78>
      <y78>684</y78>
      <x79>511</x79>
      <y79>676</y79>
      <x80>509</x80>
      <y80>666</y80>
      <x81>512</x81>
      <y81>654</y81>
      <x82>507</x82>
      <y82>649</y82>
      <x83>499</x83>
      <y83>649</y83>
      <x84>498</x84>
      <y84>650</y84>
      <x85>493</x85>
      <y85>650</y85>
      <x86>486</x86>
      <y86>653</y86>
      <x87>480</x87>
      <y87>653</y87>
      <x88>479</x88>
      <y88>652</y88>
      <x89>469</x89>
      <y89>651</y89>
      <x90>462</x90>
      <y90>647</y90>
      <x91>446</x91>
      <y91>643</y91>
      <x92>440</x92>
      <y92>639</y92>
      <x93>421</x93>
      <y93>615</y93>
      <x94>408</x94>
      <y94>587</y94>
      <x95>407</x95>
      <y95>576</y95>
      <x96>405</x96>
      <y96>572</y96>
      <x97>405</x97>
      <y97>563</y97>
      <x98>403</x98>
      <y98>558</y98>
      <x99>403</x99>
      <y99>554</y99>
      <x100>401</x100>
      <y100>551</y100>
      <x101>401</x101>
      <y101>548</y101>
      <x102>406</x102>
      <y102>541</y102>
      <x103>410</x103>
      <y103>531</y103>
      <x104>411</x104>
      <y104>521</y104>
      <x105>414</x105>
      <y105>509</y105>
      <x106>415</x106>
      <y106>489</y106>
      <x107>416</x107>
      <y107>488</y107>
      <x108>415</x108>
      <y108>483</y108>
      <x109>416</x109>
      <y109>470</y109>
      <x110>415</x110>
      <y110>466</y110>
      <x111>404</x111>
      <y111>453</y111>
      <x112>396</x112>
      <y112>450</y112>
      <x113>373</x113>
      <y113>449</y113>
    </polygon>
  </object>
  <object>
    <name>person</name>
    <bndbox>
      <xmin>1264</xmin>
      <ymin>466</ymin>
      <xmax>1615</xmax>
      <ymax>904</ymax>
    </bndbox>
    <polygon>
      <x1>1561</x1>
      <y1>479</y1>
      <x2>1537</x2>
      <y2>466</y2>
      <x3>1525</x3>
      <y3>466</y3>
      <x4>1508</x4>
      <y4>473</y4>
      <x5>1505</x5>
      <y5>475</y5>
      <x6>1501</x6>
      <y6>480</y6>
      <x7>1496</x7>
      <y7>489</y7>
      <x8>1496</x8>
      <y8>499</y8>
      <x9>1500</x9>
      <y9>512</y9>
      <x10>1502</x10>
      <y10>515</y10>
      <x11>1502</x11>
      <y11>532</y11>
      <x12>1506</x12>
      <y12>544</y12>
      <x13>1506</x13>
      <y13>554</y13>
      <x14>1503</x14>
      <y14>558</y14>
      <x15>1494</x15>
      <y15>562</y15>
      <x16>1489</x16>
      <y16>567</y16>
      <x17>1486</x17>
      <y17>572</y17>
      <x18>1486</x18>
      <y18>574</y18>
      <x19>1484</x19>
      <y19>576</y19>
      <x20>1482</x20>
      <y20>584</y20>
      <x21>1476</x21>
      <y21>596</y21>
      <x22>1474</x22>
      <y22>616</y22>
      <x23>1470</x23>
      <y23>627</y23>
      <x24>1470</x24>
      <y24>630</y24>
      <x25>1465</x25>
      <y25>641</y25>
      <x26>1456</x26>
      <y26>654</y26>
      <x27>1441</x27>
      <y27>667</y27>
      <x28>1440</x28>
      <y28>671</y28>
      <x29>1436</x29>
      <y29>677</y29>
      <x30>1427</x30>
      <y30>687</y30>
      <x31>1416</x31>
      <y31>696</y31>
      <x32>1409</x32>
      <y32>698</y32>
      <x33>1399</x33>
      <y33>705</y33>
      <x34>1395</x34>
      <y34>718</y34>
      <x35>1395</x35>
      <y35>723</y35>
      <x36>1393</x36>
      <y36>726</y36>
      <x37>1391</x37>
      <y37>734</y37>
      <x38>1378</x38>
      <y38>759</y38>
      <x39>1376</x39>
      <y39>766</y39>
      <x40>1373</x40>
      <y40>771</y40>
      <x41>1371</x41>
      <y41>780</y41>
      <x42>1367</x42>
      <y42>789</y42>
      <x43>1366</x43>
      <y43>794</y43>
      <x44>1359</x44>
      <y44>806</y44>
      <x45>1359</x45>
      <y45>808</y45>
      <x46>1356</x46>
      <y46>813</y46>
      <x47>1356</x47>
      <y47>815</y47>
      <x48>1352</x48>
      <y48>822</y48>
      <x49>1351</x49>
      <y49>826</y49>
      <x50>1330</x50>
      <y50>850</y50>
      <x51>1328</x51>
      <y51>850</y51>
      <x52>1323</x52>
      <y52>854</y52>
      <x53>1318</x53>
      <y53>856</y53>
      <x54>1309</x54>
      <y54>864</y54>
      <x55>1305</x55>
      <y55>865</y55>
      <x56>1301</x56>
      <y56>869</y56>
      <x57>1298</x57>
      <y57>870</y57>
      <x58>1292</x58>
      <y58>875</y58>
      <x59>1284</x59>
      <y59>879</y59>
      <x60>1279</x60>
      <y60>883</y60>
      <x61>1268</x61>
      <y61>887</y61>
      <x62>1264</x62>
      <y62>892</y62>
      <x63>1264</x63>
      <y63>894</y63>
      <x64>1266</x64>
      <y64>897</y64>
      <x65>1271</x65>
      <y65>899</y65>
      <x66>1296</x66>
      <y66>899</y66>
      <x67>1297</x67>
      <y67>898</y67>
      <x68>1309</x68>
      <y68>896</y68>
      <x69>1319</x69>
      <y69>892</y69>
      <x70>1324</x70>
      <y70>892</y70>
      <x71>1330</x71>
      <y71>890</y71>
      <x72>1340</x72>
      <y72>889</y72>
      <x73>1347</x73>
      <y73>886</y73>
      <x74>1350</x74>
      <y74>883</y74>
      <x75>1353</x75>
      <y75>877</y75>
      <x76>1354</x76>
      <y76>866</y76>
      <x77>1362</x77>
      <y77>842</y77>
      <x78>1367</x78>
      <y78>837</y78>
      <x79>1369</x79>
      <y79>831</y79>
      <x80>1373</x80>
      <y80>827</y80>
      <x81>1376</x81>
      <y81>821</y81>
      <x82>1381</x82>
      <y82>816</y82>
      <x83>1387</x83>
      <y83>805</y83>
      <x84>1393</x84>
      <y84>799</y84>
      <x85>1400</x85>
      <y85>794</y85>
      <x86>1403</x86>
      <y86>787</y86>
      <x87>1405</x87>
      <y87>786</y87>
      <x88>1408</x88>
      <y88>782</y88>
      <x89>1409</x89>
      <y89>776</y89>
      <x90>1411</x90>
      <y90>773</y90>
      <x91>1413</x91>
      <y91>764</y91>
      <x92>1417</x92>
      <y92>754</y92>
      <x93>1423</x93>
      <y93>748</y93>
      <x94>1426</x94>
      <y94>748</y94>
      <x95>1430</x95>
      <y95>751</y95>
      <x96>1434</x96>
      <y96>750</y96>
      <x97>1437</x97>
      <y97>746</y97>
      <x98>1439</x98>
      <y98>746</y98>
      <x99>1442</x99>
      <y99>748</y99>
      <x100>1450</x100>
      <y100>756</y100>
      <x101>1452</x101>
      <y101>760</y101>
      <x102>1458</x102>
      <y102>759</y102>
      <x103>1467</x103>
      <y103>754</y103>
      <x104>1474</x104>
      <y104>754</y104>
      <x105>1476</x105>
      <y105>757</y105>
      <x106>1476</x106>
      <y106>762</y106>
      <x107>1473</x107>
      <y107>771</y107>
      <x108>1472</x108>
      <y108>784</y108>
      <x109>1470</x109>
      <y109>788</y109>
      <x110>1470</x110>
      <y110>795</y110>
      <x111>1464</x111>
      <y111>806</y111>
      <x112>1463</x112>
      <y112>811</y112>
      <x113>1456</x113>
      <y113>816</y113>
      <x114>1452</x114>
      <y114>835</y114>
      <x115>1450</x115>
      <y115>838</y115>
      <x116>1450</x116>
      <y116>840</y116>
      <x117>1447</x117>
      <y117>843</y117>
      <x118>1444</x118>
      <y118>849</y118>
      <x119>1431</x119>
      <y119>855</y119>
      <x120>1423</x120>
      <y120>866</y120>
      <x121>1417</x121>
      <y121>869</y121>
      <x122>1403</x122>
      <y122>882</y122>
      <x123>1393</x123>
      <y123>888</y123>
      <x124>1386</x124>
      <y124>895</y124>
      <x125>1385</x125>
      <y125>898</y125>
      <x126>1388</x126>
      <y126>902</y126>
      <x127>1394</x127>
      <y127>903</y127>
      <x128>1395</x128>
      <y128>904</y128>
      <x129>1406</x129>
      <y129>904</y129>
      <x130>1407</x130>
      <y130>903</y130>
      <x131>1412</x131>
      <y131>903</y131>
      <x132>1413</x132>
      <y132>902</y132>
      <x133>1417</x133>
      <y133>902</y133>
      <x134>1421</x134>
      <y134>900</y134>
      <x135>1424</x135>
      <y135>900</y135>
      <x136>1435</x136>
      <y136>895</y136>
      <x137>1440</x137>
      <y137>891</y137>
      <x138>1449</x138>
      <y138>887</y138>
      <x139>1453</x139>
      <y139>884</y139>
      <x140>1458</x140>
      <y140>878</y140>
      <x141>1460</x141>
      <y141>872</y141>
      <x142>1461</x142>
      <y142>857</y142>
      <x143>1462</x143>
      <y143>854</y143>
      <x144>1466</x144>
      <y144>849</y144>
      <x145>1467</x145>
      <y145>843</y145>
      <x146>1473</x146>
      <y146>835</y146>
      <x147>1486</x147>
      <y147>811</y147>
      <x148>1493</x148>
      <y148>802</y148>
      <x149>1496</x149>
      <y149>795</y149>
      <x150>1505</x150>
      <y150>785</y150>
      <x151>1510</x151>
      <y151>777</y151>
      <x152>1510</x152>
      <y152>775</y152>
      <x153>1517</x153>
      <y153>763</y153>
      <x154>1518</x154>
      <y154>758</y154>
      <x155>1522</x155>
      <y155>750</y155>
      <x156>1528</x156>
      <y156>746</y156>
      <x157>1537</x157>
      <y157>746</y157>
      <x158>1541</x158>
      <y158>748</y158>
      <x159>1557</x159>
      <y159>748</y159>
      <x160>1560</x160>
      <y160>746</y160>
      <x161>1563</x161>
      <y161>741</y161>
      <x162>1568</x162>
      <y162>737</y162>
      <x163>1570</x163>
      <y163>731</y163>
      <x164>1579</x164>
      <y164>722</y164>
      <x165>1587</x165>
      <y165>716</y165>
      <x166>1593</x166>
      <y166>714</y166>
      <x167>1599</x167>
      <y167>710</y167>
      <x168>1603</x168>
      <y168>702</y168>
      <x169>1607</x169>
      <y169>697</y169>
      <x170>1609</x170>
      <y170>684</y170>
      <x171>1614</x171>
      <y171>668</y171>
      <x172>1615</x172>
      <y172>636</y172>
      <x173>1614</x173>
      <y173>635</y173>
      <x174>1614</x174>
      <y174>627</y174>
      <x175>1612</x175>
      <y175>621</y175>
      <x176>1611</x176>
      <y176>608</y176>
      <x177>1607</x177>
      <y177>594</y177>
      <x178>1607</x178>
      <y178>590</y178>
      <x179>1604</x179>
      <y179>584</y179>
      <x180>1603</x180>
      <y180>577</y180>
      <x181>1597</x181>
      <y181>567</y181>
      <x182>1596</x182>
      <y182>562</y182>
      <x183>1585</x183>
      <y183>553</y183>
      <x184>1581</x184>
      <y184>551</y184>
      <x185>1572</x185>
      <y185>540</y185>
      <x186>1572</x186>
      <y186>536</y186>
      <x187>1567</x187>
      <y187>524</y187>
      <x188>1567</x188>
      <y188>512</y188>
      <x189>1568</x189>
      <y189>511</y189>
      <x190>1569</x190>
      <y190>491</y190>
      <x191>1566</x191>
      <y191>485</y191>
    </polygon>
  </object>
  <object>
    <name>person</name>
    <bndbox>
      <xmin>501</xmin>
      <ymin>435</ymin>
      <xmax>761</xmax>
      <ymax>858</ymax>
    </bndbox>
    <polygon>
      <x1>635</x1>
      <y1>436</y1>
      <x2>616</x2>
      <y2>448</y2>
      <x3>608</x3>
      <y3>458</y3>
      <x4>608</x4>
      <y4>463</y4>
      <x5>606</x5>
      <y5>467</y5>
      <x6>603</x6>
      <y6>483</y6>
      <x7>604</x7>
      <y7>504</y7>
      <x8>601</x8>
      <y8>519</y8>
      <x9>603</x9>
      <y9>538</y9>
      <x10>599</x10>
      <y10>546</y10>
      <x11>597</x11>
      <y11>555</y11>
      <x12>594</x12>
      <y12>558</y12>
      <x13>585</x13>
      <y13>563</y13>
      <x14>575</x14>
      <y14>563</y14>
      <x15>571</x15>
      <y15>565</y15>
      <x16>556</x16>
      <y16>563</y16>
      <x17>548</x17>
      <y17>561</y17>
      <x18>546</x18>
      <y18>559</y18>
      <x19>536</x19>
      <y19>555</y19>
      <x20>531</x20>
      <y20>549</y20>
      <x21>525</x21>
      <y21>546</y21>
      <x22>515</x22>
      <y22>537</y22>
      <x23>504</x23>
      <y23>536</y23>
      <x24>501</x24>
      <y24>540</y24>
      <x25>501</x25>
      <y25>550</y25>
      <x26>506</x26>
      <y26>559</y26>
      <x27>520</x27>
      <y27>565</y27>
      <x28>535</x28>
      <y28>566</y28>
      <x29>541</x29>
      <y29>568</y29>
      <x30>546</x30>
      <y30>572</y30>
      <x31>556</x31>
      <y31>577</y31>
      <x32>563</x32>
      <y32>584</y32>
      <x33>567</x33>
      <y33>591</y33>
      <x34>582</x34>
      <y34>597</y34>
      <x35>590</x35>
      <y35>597</y35>
      <x36>593</x36>
      <y36>599</y36>
      <x37>591</x37>
      <y37>616</y37>
      <x38>589</x38>
      <y38>618</y38>
      <x39>576</x39>
      <y39>620</y39>
      <x40>563</x40>
      <y40>626</y40>
      <x41>557</x41>
      <y41>630</y41>
      <x42>548</x42>
      <y42>639</y42>
      <x43>546</x43>
      <y43>646</y43>
      <x44>547</x44>
      <y44>651</y44>
      <x45>549</x45>
      <y45>653</y45>
      <x46>557</x46>
      <y46>654</y46>
      <x47>567</x47>
      <y47>661</y47>
      <x48>564</x48>
      <y48>669</y48>
      <x49>557</x49>
      <y49>674</y49>
      <x50>534</x50>
      <y50>673</y50>
      <x51>529</x51>
      <y51>671</y51>
      <x52>522</x52>
      <y52>673</y52>
      <x53>518</x53>
      <y53>678</y53>
      <x54>517</x54>
      <y54>683</y54>
      <x55>514</x55>
      <y55>687</y55>
      <x56>514</x56>
      <y56>690</y56>
      <x57>518</x57>
      <y57>693</y57>
      <x58>520</x58>
      <y58>697</y58>
      <x59>529</x59>
      <y59>702</y59>
      <x60>540</x60>
      <y60>714</y60>
      <x61>541</x61>
      <y61>721</y61>
      <x62>543</x62>
      <y62>725</y62>
      <x63>546</x63>
      <y63>723</y63>
      <x64>546</x64>
      <y64>717</y64>
      <x65>548</x65>
      <y65>715</y65>
      <x66>551</x66>
      <y66>716</y66>
      <x67>551</x67>
      <y67>726</y67>
      <x68>553</x68>
      <y68>731</y68>
      <x69>555</x69>
      <y69>745</y69>
      <x70>558</x70>
      <y70>753</y70>
      <x71>562</x71>
      <y71>759</y71>
      <x72>564</x72>
      <y72>760</y72>
      <x73>572</x73>
      <y73>752</y73>
      <x74>573</x74>
      <y74>744</y74>
      <x75>576</x75>
      <y75>740</y75>
      <x76>585</x76>
      <y76>740</y76>
      <x77>591</x77>
      <y77>731</y77>
      <x78>593</x78>
      <y78>723</y78>
      <x79>597</x79>
      <y79>719</y79>
      <x80>605</x80>
      <y80>722</y80>
      <x81>617</x81>
      <y81>723</y81>
      <x82>618</x82>
      <y82>724</y82>
      <x83>669</x83>
      <y83>729</y83>
      <x84>672</x84>
      <y84>732</y84>
      <x85>676</x85>
      <y85>751</y85>
      <x86>694</x86>
      <y86>761</y86>
      <x87>704</x87>
      <y87>773</y87>
      <x88>710</x88>
      <y88>791</y88>
      <x89>727</x89>
      <y89>821</y89>
      <x90>728</x90>
      <y90>831</y90>
      <x91>732</x91>
      <y91>842</y91>
      <x92>746</x92>
      <y92>858</y92>
      <x93>751</x93>
      <y93>858</y93>
      <x94>756</x94>
      <y94>856</y94>
      <x95>761</x95>
      <y95>851</y95>
      <x96>761</x96>
      <y96>834</y96>
      <x97>754</x97>
      <y97>822</y97>
      <x98>742</x98>
      <y98>811</y98>
      <x99>738</x99>
      <y99>797</y99>
      <x100>734</x100>
      <y100>791</y100>
      <x101>730</x101>
      <y101>776</y101>
      <x102>726</x102>
      <y102>770</y102>
      <x103>723</x103>
      <y103>761</y103>
      <x104>723</x104>
      <y104>756</y104>
      <x105>719</x105>
      <y105>742</y105>
      <x106>716</x106>
      <y106>721</y106>
      <x107>711</x107>
      <y107>705</y107>
      <x108>707</x108>
      <y108>697</y108>
      <x109>701</x109>
      <y109>691</y109>
      <x110>698</x110>
      <y110>690</y110>
      <x111>694</x111>
      <y111>686</y111>
      <x112>683</x112>
      <y112>682</y112>
      <x113>673</x113>
      <y113>670</y113>
      <x114>671</x114>
      <y114>663</y114>
      <x115>675</x115>
      <y115>644</y115>
      <x116>678</x116>
      <y116>638</y116>
      <x117>678</x117>
      <y117>633</y117>
      <x118>681</x118>
      <y118>626</y118>
      <x119>682</x119>
      <y119>620</y119>
      <x120>686</x120>
      <y120>612</y120>
      <x121>687</x121>
      <y121>605</y121>
      <x122>691</x122>
      <y122>596</y122>
      <x123>697</x123>
      <y123>574</y123>
      <x124>698</x124>
      <y124>556</y124>
      <x125>697</x125>
      <y125>555</y125>
      <x126>696</x126>
      <y126>536</y126>
      <x127>692</x127>
      <y127>526</y127>
      <x128>667</x128>
      <y128>492</y128>
      <x129>667</x129>
      <y129>487</y129>
      <x130>673</x130>
      <y130>470</y130>
      <x131>673</x131>
      <y131>463</y131>
      <x132>668</x132>
      <y132>450</y132>
      <x133>659</x133>
      <y133>441</y133>
      <x134>653</x134>
      <y134>437</y134>
      <x135>643</x135>
      <y135>435</y135>
    </polygon>
  </object>
  <object>
    <name>person</name>
    <bndbox>
      <xmin>1023</xmin>
      <ymin>546</ymin>
      <xmax>1139</xmax>
      <ymax>701</ymax>
    </bndbox>
    <polygon>
      <x1>1129</x1>
      <y1>546</y1>
      <x2>1122</x2>
      <y2>547</y2>
      <x3>1120</x3>
      <y3>552</y3>
      <x4>1119</x4>
      <y4>563</y4>
      <x5>1108</x5>
      <y5>574</y5>
      <x6>1102</x6>
      <y6>576</y6>
      <x7>1093</x7>
      <y7>576</y7>
      <x8>1088</x8>
      <y8>579</y8>
      <x9>1080</x9>
      <y9>581</y9>
      <x10>1072</x10>
      <y10>586</y10>
      <x11>1068</x11>
      <y11>609</y11>
      <x12>1066</x12>
      <y12>613</y12>
      <x13>1062</x13>
      <y13>617</y13>
      <x14>1045</x14>
      <y14>622</y14>
      <x15>1041</x15>
      <y15>622</y15>
      <x16>1037</x16>
      <y16>624</y16>
      <x17>1025</x17>
      <y17>635</y17>
      <x18>1023</x18>
      <y18>639</y18>
      <x19>1024</x19>
      <y19>668</y19>
      <x20>1029</x20>
      <y20>683</y20>
      <x21>1029</x21>
      <y21>686</y21>
      <x22>1033</x22>
      <y22>693</y22>
      <x23>1037</x23>
      <y23>697</y23>
      <x24>1046</x24>
      <y24>701</y24>
      <x25>1054</x25>
      <y25>701</y25>
      <x26>1057</x26>
      <y26>697</y26>
      <x27>1058</x27>
      <y27>678</y27>
      <x28>1064</x28>
      <y28>664</y28>
      <x29>1067</x29>
      <y29>649</y29>
      <x30>1069</x30>
      <y30>647</y30>
      <x31>1069</x31>
      <y31>638</y31>
      <x32>1072</x32>
      <y32>628</y32>
      <x33>1076</x33>
      <y33>622</y33>
      <x34>1087</x34>
      <y34>613</y34>
      <x35>1103</x35>
      <y35>613</y35>
      <x36>1108</x36>
      <y36>612</y36>
      <x37>1113</x37>
      <y37>609</y37>
      <x38>1119</x38>
      <y38>598</y38>
      <x39>1120</x39>
      <y39>584</y39>
      <x40>1129</x40>
      <y40>570</y40>
      <x41>1136</x41>
      <y41>562</y41>
      <x42>1139</x42>
      <y42>556</y42>
      <x43>1138</x43>
      <y43>552</y43>
    </polygon>
  </object>
  <object>
    <name>person</name>
    <bndbox>
      <xmin>957</xmin>
      <ymin>428</ymin>
      <xmax>1096</xmax>
      <ymax>616</ymax>
    </bndbox>
    <polygon>
      <x1>1047</x1>
      <y1>429</y1>
      <x2>1039</x2>
      <y2>428</y2>
      <x3>1032</x3>
      <y3>429</y3>
      <x4>1022</x4>
      <y4>433</y4>
      <x5>1017</x5>
      <y5>438</y5>
      <x6>1010</x6>
      <y6>451</y6>
      <x7>1008</x7>
      <y7>464</y7>
      <x8>1011</x8>
      <y8>481</y8>
      <x9>1018</x9>
      <y9>494</y9>
      <x10>1015</x10>
      <y10>496</y10>
      <x11>1002</x11>
      <y11>498</y11>
      <x12>994</x12>
      <y12>504</y12>
      <x13>981</x13>
      <y13>530</y13>
      <x14>970</x14>
      <y14>543</y14>
      <x15>962</x15>
      <y15>550</y15>
      <x16>957</x16>
      <y16>562</y16>
      <x17>957</x17>
      <y17>573</y17>
      <x18>960</x18>
      <y18>579</y18>
      <x19>969</x19>
      <y19>587</y19>
      <x20>977</x20>
      <y20>589</y20>
      <x21>984</x21>
      <y21>593</y21>
      <x22>992</x22>
      <y22>602</y22>
      <x23>995</x23>
      <y23>612</y23>
      <x24>998</x24>
      <y24>616</y24>
      <x25>1004</x25>
      <y25>616</y25>
      <x26>1012</x26>
      <y26>609</y26>
      <x27>1017</x27>
      <y27>609</y27>
      <x28>1019</x28>
      <y28>606</y28>
      <x29>1019</x29>
      <y29>603</y29>
      <x30>1017</x30>
      <y30>597</y30>
      <x31>1003</x31>
      <y31>585</y31>
      <x32>1001</x32>
      <y32>577</y32>
      <x33>995</x33>
      <y33>571</y33>
      <x34>993</x34>
      <y34>567</y34>
      <x35>993</x35>
      <y35>561</y35>
      <x36>996</x36>
      <y36>557</y36>
      <x37>1013</x37>
      <y37>558</y37>
      <x38>1020</x38>
      <y38>560</y38>
      <x39>1029</x39>
      <y39>557</y39>
      <x40>1040</x40>
      <y40>549</y40>
      <x41>1050</x41>
      <y41>549</y41>
      <x42>1055</x42>
      <y42>551</y42>
      <x43>1063</x43>
      <y43>561</y43>
      <x44>1071</x44>
      <y44>562</y44>
      <x45>1092</x45>
      <y45>554</y45>
      <x46>1095</x46>
      <y46>549</y46>
      <x47>1096</x47>
      <y47>543</y47>
      <x48>1095</x48>
      <y48>522</y48>
      <x49>1093</x49>
      <y49>515</y49>
      <x50>1082</x50>
      <y50>504</y50>
      <x51>1073</x51>
      <y51>500</y51>
      <x52>1069</x52>
      <y52>495</y52>
      <x53>1069</x53>
      <y53>475</y53>
      <x54>1066</x54>
      <y54>460</y54>
      <x55>1066</x55>
      <y55>451</y55>
      <x56>1063</x56>
      <y56>447</y56>
      <x57>1060</x57>
      <y57>437</y57>
      <x58>1054</x58>
      <y58>432</y58>
    </polygon>
  </object>
  <object>
    <name>person</name>
    <bndbox>
      <xmin>767</xmin>
      <ymin>387</ymin>
      <xmax>928</xmax>
      <ymax>696</ymax>
    </bndbox>
    <polygon>
      <x1>848</x1>
      <y1>387</y1>
      <x2>843</x2>
      <y2>388</y2>
      <x3>831</x3>
      <y3>394</y3>
      <x4>822</x4>
      <y4>403</y4>
      <x5>818</x5>
      <y5>409</y5>
      <x6>815</x6>
      <y6>416</y6>
      <x7>814</x7>
      <y7>425</y7>
      <x8>812</x8>
      <y8>429</y8>
      <x9>812</x9>
      <y9>442</y9>
      <x10>796</x10>
      <y10>452</y10>
      <x11>789</x11>
      <y11>459</y11>
      <x12>784</x12>
      <y12>472</y12>
      <x13>783</x13>
      <y13>480</y13>
      <x14>776</x14>
      <y14>497</y14>
      <x15>768</x15>
      <y15>523</y15>
      <x16>768</x16>
      <y16>530</y16>
      <x17>767</x17>
      <y17>531</y17>
      <x18>768</x18>
      <y18>541</y18>
      <x19>770</x19>
      <y19>545</y19>
      <x20>774</x20>
      <y20>549</y20>
      <x21>776</x21>
      <y21>549</y21>
      <x22>779</x22>
      <y22>553</y22>
      <x23>779</x23>
      <y23>555</y23>
      <x24>772</x24>
      <y24>561</y24>
      <x25>769</x25>
      <y25>569</y25>
      <x26>770</x26>
      <y26>587</y26>
      <x27>776</x27>
      <y27>611</y27>
      <x28>777</x28>
      <y28>620</y28>
      <x29>781</x29>
      <y29>631</y29>
      <x30>782</x30>
      <y30>640</y30>
      <x31>786</x31>
      <y31>650</y31>
      <x32>791</x32>
      <y32>656</y32>
      <x33>791</x33>
      <y33>666</y33>
      <x34>792</x34>
      <y34>667</y34>
      <x35>791</x35>
      <y35>668</y35>
      <x36>791</x36>
      <y36>673</y36>
      <x37>785</x37>
      <y37>681</y37>
      <x38>784</x38>
      <y38>690</y38>
      <x39>787</x39>
      <y39>694</y39>
      <x40>791</x40>
      <y40>696</y40>
      <x41>797</x41>
      <y41>696</y41>
      <x42>808</x42>
      <y42>690</y42>
      <x43>812</x43>
      <y43>684</y43>
      <x44>814</x44>
      <y44>669</y44>
      <x45>813</x45>
      <y45>668</y45>
      <x46>813</x46>
      <y46>659</y46>
      <x47>810</x47>
      <y47>652</y47>
      <x48>808</x48>
      <y48>639</y48>
      <x49>810</x49>
      <y49>636</y49>
      <x50>813</x50>
      <y50>635</y50>
      <x51>823</x51>
      <y51>636</y51>
      <x52>827</x52>
      <y52>634</y52>
      <x53>830</x53>
      <y53>630</y53>
      <x54>831</x54>
      <y54>627</y54>
      <x55>831</x55>
      <y55>603</y55>
      <x56>829</x56>
      <y56>598</y56>
      <x57>828</x57>
      <y57>582</y57>
      <x58>832</x58>
      <y58>572</y58>
      <x59>836</x59>
      <y59>568</y59>
      <x60>838</x60>
      <y60>568</y60>
      <x61>843</x61>
      <y61>572</y61>
      <x62>845</x62>
      <y62>576</y62>
      <x63>867</x63>
      <y63>577</y63>
      <x64>872</x64>
      <y64>580</y64>
      <x65>878</x65>
      <y65>581</y65>
      <x66>893</x66>
      <y66>590</y66>
      <x67>900</x67>
      <y67>597</y67>
      <x68>899</x68>
      <y68>623</y68>
      <x69>894</x69>
      <y69>632</y69>
      <x70>892</x70>
      <y70>664</y70>
      <x71>897</x71>
      <y71>680</y71>
      <x72>898</x72>
      <y72>691</y72>
      <x73>901</x73>
      <y73>695</y73>
      <x74>907</x74>
      <y74>696</y74>
      <x75>912</x75>
      <y75>693</y75>
      <x76>914</x76>
      <y76>690</y76>
      <x77>914</x77>
      <y77>684</y77>
      <x78>915</x78>
      <y78>683</y78>
      <x79>909</x79>
      <y79>668</y79>
      <x80>908</x80>
      <y80>651</y80>
      <x81>917</x81>
      <y81>632</y81>
      <x82>919</x82>
      <y82>630</y82>
      <x83>927</x83>
      <y83>602</y83>
      <x84>928</x84>
      <y84>586</y84>
      <x85>926</x85>
      <y85>577</y85>
      <x86>924</x86>
      <y86>573</y86>
      <x87>913</x87>
      <y87>562</y87>
      <x88>890</x88>
      <y88>550</y88>
      <x89>887</x89>
      <y89>547</y89>
      <x90>882</x90>
      <y90>545</y90>
      <x91>872</x91>
      <y91>538</y91>
      <x92>867</x92>
      <y92>538</y92>
      <x93>862</x93>
      <y93>544</y93>
      <x94>856</x94>
      <y94>547</y94>
      <x95>854</x95>
      <y95>547</y95>
      <x96>851</x96>
      <y96>543</y96>
      <x97>854</x97>
      <y97>537</y97>
      <x98>858</x98>
      <y98>533</y98>
      <x99>863</x99>
      <y99>532</y99>
      <x100>868</x100>
      <y100>527</y100>
      <x101>869</x101>
      <y101>520</y101>
      <x102>876</x102>
      <y102>517</y102>
      <x103>876</x103>
      <y103>515</y103>
      <x104>879</x104>
      <y104>513</y104>
      <x105>880</x105>
      <y105>515</y105>
      <x106>878</x106>
      <y106>517</y106>
      <x107>878</x107>
      <y107>523</y107>
      <x108>880</x108>
      <y108>530</y108>
      <x109>884</x109>
      <y109>533</y109>
      <x110>898</x110>
      <y110>532</y110>
      <x111>901</x111>
      <y111>529</y111>
      <x112>904</x112>
      <y112>520</y112>
      <x113>905</x113>
      <y113>501</y113>
      <x114>907</x114>
      <y114>496</y114>
      <x115>914</x115>
      <y115>489</y115>
      <x116>914</x116>
      <y116>482</y116>
      <x117>912</x117>
      <y117>478</y117>
      <x118>903</x118>
      <y118>479</y118>
      <x119>900</x119>
      <y119>482</y119>
      <x120>893</x120>
      <y120>498</y120>
      <x121>891</x121>
      <y121>500</y121>
      <x122>889</x122>
      <y122>498</y122>
      <x123>888</x123>
      <y123>494</y123>
      <x124>883</x124>
      <y124>489</y124>
      <x125>882</x125>
      <y125>476</y125>
      <x126>879</x126>
      <y126>463</y126>
      <x127>875</x127>
      <y127>455</y127>
      <x128>865</x128>
      <y128>445</y128>
      <x129>866</x129>
      <y129>428</y129>
      <x130>868</x130>
      <y130>420</y130>
      <x131>868</x131>
      <y131>415</y131>
      <x132>866</x132>
      <y132>409</y132>
      <x133>867</x133>
      <y133>402</y133>
      <x134>863</x134>
      <y134>391</y134>
      <x135>860</x135>
      <y135>389</y135>
    </polygon>
  </object>
  <object>
    <name>person</name>
    <bndbox>
      <xmin>1143</xmin>
      <ymin>441</ymin>
      <xmax>1428</xmax>
      <ymax>826</ymax>
    </bndbox>
    <polygon>
      <x1>1382</x1>
      <y1>444</y1>
      <x2>1370</x2>
      <y2>441</y2>
      <x3>1361</x3>
      <y3>442</y3>
      <x4>1351</x4>
      <y4>447</y4>
      <x5>1346</x5>
      <y5>451</y5>
      <x6>1342</x6>
      <y6>464</y6>
      <x7>1341</x7>
      <y7>473</y7>
      <x8>1343</x8>
      <y8>480</y8>
      <x9>1343</x9>
      <y9>489</y9>
      <x10>1345</x10>
      <y10>499</y10>
      <x11>1344</x11>
      <y11>534</y11>
      <x12>1343</x12>
      <y12>537</y12>
      <x13>1338</x13>
      <y13>543</y13>
      <x14>1338</x14>
      <y14>545</y14>
      <x15>1334</x15>
      <y15>552</y15>
      <x16>1331</x16>
      <y16>566</y16>
      <x17>1327</x17>
      <y17>573</y17>
      <x18>1327</x18>
      <y18>575</y18>
      <x19>1323</x19>
      <y19>578</y19>
      <x20>1320</x20>
      <y20>578</y20>
      <x21>1318</x21>
      <y21>582</y21>
      <x22>1319</x22>
      <y22>586</y22>
      <x23>1321</x23>
      <y23>586</y23>
      <x24>1325</x24>
      <y24>583</y24>
      <x25>1329</x25>
      <y25>590</y25>
      <x26>1336</x26>
      <y26>597</y26>
      <x27>1339</x27>
      <y27>605</y27>
      <x28>1341</x28>
      <y28>629</y28>
      <x29>1339</x29>
      <y29>634</y29>
      <x30>1339</x30>
      <y30>639</y30>
      <x31>1336</x31>
      <y31>642</y31>
      <x32>1332</x32>
      <y32>643</y32>
      <x33>1328</x33>
      <y33>646</y33>
      <x34>1328</x34>
      <y34>649</y34>
      <x35>1330</x35>
      <y35>653</y35>
      <x36>1327</x36>
      <y36>656</y36>
      <x37>1323</x37>
      <y37>653</y37>
      <x38>1324</x38>
      <y38>648</y38>
      <x39>1322</x39>
      <y39>646</y39>
      <x40>1317</x40>
      <y40>646</y40>
      <x41>1316</x41>
      <y41>645</y41>
      <x42>1303</x42>
      <y42>646</y42>
      <x43>1302</x43>
      <y43>645</y43>
      <x44>1291</x44>
      <y44>644</y44>
      <x45>1286</x45>
      <y45>641</y45>
      <x46>1281</x46>
      <y46>642</y46>
      <x47>1255</x47>
      <y47>641</y47>
      <x48>1246</x48>
      <y48>645</y48>
      <x49>1239</x49>
      <y49>657</y49>
      <x50>1232</x50>
      <y50>684</y50>
      <x51>1216</x51>
      <y51>718</y51>
      <x52>1215</x52>
      <y52>725</y52>
      <x53>1207</x53>
      <y53>738</y53>
      <x54>1206</x54>
      <y54>743</y54>
      <x55>1201</x55>
      <y55>749</y55>
      <x56>1200</x56>
      <y56>752</y56>
      <x57>1187</x57>
      <y57>767</y57>
      <x58>1182</x58>
      <y58>771</y58>
      <x59>1177</x59>
      <y59>773</y59>
      <x60>1169</x60>
      <y60>782</y60>
      <x61>1165</x61>
      <y61>783</y61>
      <x62>1154</x62>
      <y62>791</y62>
      <x63>1145</x63>
      <y63>795</y63>
      <x64>1143</x64>
      <y64>801</y64>
      <x65>1146</x65>
      <y65>805</y65>
      <x66>1152</x66>
      <y66>807</y66>
      <x67>1158</x67>
      <y67>807</y67>
      <x68>1162</x68>
      <y68>805</y68>
      <x69>1185</x69>
      <y69>800</y69>
      <x70>1192</x70>
      <y70>797</y70>
      <x71>1202</x71>
      <y71>795</y71>
      <x72>1206</x72>
      <y72>793</y72>
      <x73>1214</x73>
      <y73>786</y73>
      <x74>1216</x74>
      <y74>781</y74>
      <x75>1216</x75>
      <y75>762</y75>
      <x76>1221</x76>
      <y76>750</y76>
      <x77>1229</x77>
      <y77>742</y77>
      <x78>1232</x78>
      <y78>735</y78>
      <x79>1243</x79>
      <y79>725</y79>
      <x80>1246</x80>
      <y80>719</y80>
      <x81>1254</x81>
      <y81>710</y81>
      <x82>1257</x82>
      <y82>703</y82>
      <x83>1261</x83>
      <y83>682</y83>
      <x84>1266</x84>
      <y84>680</y84>
      <x85>1271</x85>
      <y85>681</y85>
      <x86>1274</x86>
      <y86>684</y86>
      <x87>1280</x87>
      <y87>687</y87>
      <x88>1283</x88>
      <y88>690</y88>
      <x89>1285</x89>
      <y89>696</y89>
      <x90>1278</x90>
      <y90>702</y90>
      <x91>1276</x91>
      <y91>707</y91>
      <x92>1270</x92>
      <y92>739</y92>
      <x93>1267</x93>
      <y93>749</y93>
      <x94>1266</x94>
      <y94>760</y94>
      <x95>1260</x95>
      <y95>779</y95>
      <x96>1242</x96>
      <y96>807</y96>
      <x97>1236</x97>
      <y97>814</y97>
      <x98>1236</x98>
      <y98>818</y98>
      <x99>1237</x99>
      <y99>821</y99>
      <x100>1240</x100>
      <y100>824</y100>
      <x101>1247</x101>
      <y101>826</y101>
      <x102>1253</x102>
      <y102>826</y102>
      <x103>1267</x103>
      <y103>823</y103>
      <x104>1271</x104>
      <y104>820</y104>
      <x105>1273</x105>
      <y105>816</y105>
      <x106>1277</x106>
      <y106>783</y106>
      <x107>1284</x107>
      <y107>771</y107>
      <x108>1288</x108>
      <y108>759</y108>
      <x109>1291</x109>
      <y109>756</y109>
      <x110>1299</x110>
      <y110>741</y110>
      <x111>1303</x111>
      <y111>727</y111>
      <x112>1311</x112>
      <y112>720</y112>
      <x113>1314</x113>
      <y113>720</y113>
      <x114>1318</x114>
      <y114>723</y114>
      <x115>1320</x115>
      <y115>729</y115>
      <x116>1327</x116>
      <y116>730</y116>
      <x117>1332</x117>
      <y117>733</y117>
      <x118>1341</x118>
      <y118>732</y118>
      <x119>1353</x119>
      <y119>725</y119>
      <x120>1365</x120>
      <y120>714</y120>
      <x121>1367</x121>
      <y121>711</y121>
      <x122>1368</x122>
      <y122>697</y122>
      <x123>1370</x123>
      <y123>695</y123>
      <x124>1376</x124>
      <y124>694</y124>
      <x125>1381</x125>
      <y125>696</y125>
      <x126>1387</x126>
      <y126>701</y126>
      <x127>1397</x127>
      <y127>701</y127>
      <x128>1404</x128>
      <y128>695</y128>
      <x129>1405</x129>
      <y129>691</y129>
      <x130>1411</x130>
      <y130>686</y130>
      <x131>1413</x131>
      <y131>667</y131>
      <x132>1414</x132>
      <y132>666</y132>
      <x133>1414</x133>
      <y133>652</y133>
      <x134>1423</x134>
      <y134>638</y134>
      <x135>1426</x135>
      <y135>625</y135>
      <x136>1427</x136>
      <y136>607</y136>
      <x137>1428</x137>
      <y137>606</y137>
      <x138>1428</x138>
      <y138>559</y138>
      <x139>1426</x139>
      <y139>549</y139>
      <x140>1423</x140>
      <y140>543</y140>
      <x141>1418</x141>
      <y141>536</y141>
      <x142>1410</x142>
      <y142>528</y142>
      <x143>1409</x143>
      <y143>524</y143>
      <x144>1409</x144>
      <y144>481</y144>
      <x145>1406</x145>
      <y145>472</y145>
      <x146>1397</x146>
      <y146>457</y146>
    </polygon>
  </object>
  <object>
    <name>person</name>
    <bndbox>
      <xmin>1142</xmin>
      <ymin>392</ymin>
      <xmax>1317</xmax>
      <ymax>783</ymax>
    </bndbox>
    <polygon>
      <x1>1275</x1>
      <y1>392</y1>
      <x2>1264</x2>
      <y2>393</y2>
      <x3>1256</x3>
      <y3>397</y3>
      <x4>1252</x4>
      <y4>401</y4>
      <x5>1243</x5>
      <y5>417</y5>
      <x6>1241</x6>
      <y6>431</y6>
      <x7>1242</x7>
      <y7>440</y7>
      <x8>1241</x8>
      <y8>478</y8>
      <x9>1234</x9>
      <y9>489</y9>
      <x10>1234</x10>
      <y10>493</y10>
      <x11>1227</x11>
      <y11>511</y11>
      <x12>1224</x12>
      <y12>514</y12>
      <x13>1220</x13>
      <y13>514</y13>
      <x14>1214</x14>
      <y14>511</y14>
      <x15>1205</x15>
      <y15>503</y15>
      <x16>1199</x16>
      <y16>494</y16>
      <x17>1198</x17>
      <y17>490</y17>
      <x18>1193</x18>
      <y18>485</y18>
      <x19>1188</x19>
      <y19>482</y19>
      <x20>1184</x20>
      <y20>482</y20>
      <x21>1182</x21>
      <y21>485</y21>
      <x22>1182</x22>
      <y22>495</y22>
      <x23>1185</x23>
      <y23>503</y23>
      <x24>1191</x24>
      <y24>507</y24>
      <x25>1206</x25>
      <y25>522</y25>
      <x26>1211</x26>
      <y26>529</y26>
      <x27>1224</x27>
      <y27>540</y27>
      <x28>1229</x28>
      <y28>547</y28>
      <x29>1234</x29>
      <y29>550</y29>
      <x30>1248</x30>
      <y30>550</y30>
      <x31>1250</x31>
      <y31>553</y31>
      <x32>1250</x32>
      <y32>558</y32>
      <x33>1245</x33>
      <y33>563</y33>
      <x34>1236</x34>
      <y34>568</y34>
      <x35>1226</x35>
      <y35>570</y35>
      <x36>1223</x36>
      <y36>572</y36>
      <x37>1195</x37>
      <y37>575</y37>
      <x38>1184</x38>
      <y38>579</y38>
      <x39>1179</x39>
      <y39>585</y39>
      <x40>1178</x40>
      <y40>609</y40>
      <x41>1180</x41>
      <y41>629</y41>
      <x42>1175</x42>
      <y42>645</y42>
      <x43>1173</x43>
      <y43>647</y43>
      <x44>1172</x44>
      <y44>652</y44>
      <x45>1164</x45>
      <y45>668</y45>
      <x46>1165</x46>
      <y46>675</y46>
      <x47>1170</x47>
      <y47>680</y47>
      <x48>1173</x48>
      <y48>690</y48>
      <x49>1171</x49>
      <y49>695</y49>
      <x50>1164</x50>
      <y50>701</y50>
      <x51>1161</x51>
      <y51>724</y51>
      <x52>1157</x52>
      <y52>733</y52>
      <x53>1150</x53>
      <y53>757</y53>
      <x54>1143</x54>
      <y54>767</y54>
      <x55>1142</x55>
      <y55>775</y55>
      <x56>1144</x56>
      <y56>778</y56>
      <x57>1153</x57>
      <y57>780</y57>
      <x58>1156</x58>
      <y58>783</y58>
      <x59>1160</x59>
      <y59>782</y59>
      <x60>1165</x60>
      <y60>770</y60>
      <x61>1172</x61>
      <y61>740</y61>
      <x62>1176</x62>
      <y62>731</y62>
      <x63>1186</x63>
      <y63>720</y63>
      <x64>1201</x64>
      <y64>711</y64>
      <x65>1203</x65>
      <y65>705</y65>
      <x66>1203</x66>
      <y66>694</y66>
      <x67>1202</x67>
      <y67>693</y67>
      <x68>1203</x68>
      <y68>680</y68>
      <x69>1206</x69>
      <y69>673</y69>
      <x70>1209</x70>
      <y70>655</y70>
      <x71>1209</x71>
      <y71>646</y71>
      <x72>1212</x72>
      <y72>635</y72>
      <x73>1214</x73>
      <y73>633</y73>
      <x74>1220</x74>
      <y74>633</y74>
      <x75>1240</x75>
      <y75>628</y75>
      <x76>1252</x76>
      <y76>628</y76>
      <x77>1266</x77>
      <y77>626</y77>
      <x78>1276</x78>
      <y78>615</y78>
      <x79>1280</x79>
      <y79>605</y79>
      <x80>1287</x80>
      <y80>595</y80>
      <x81>1294</x81>
      <y81>588</y81>
      <x82>1298</x82>
      <y82>586</y82>
      <x83>1303</x83>
      <y83>580</y83>
      <x84>1303</x84>
      <y84>574</y84>
      <x85>1299</x85>
      <y85>566</y85>
      <x86>1297</x86>
      <y86>557</y86>
      <x87>1311</x87>
      <y87>549</y87>
      <x88>1313</x88>
      <y88>542</y88>
      <x89>1317</x89>
      <y89>510</y89>
      <x90>1317</x90>
      <y90>496</y90>
      <x91>1315</x91>
      <y91>480</y91>
      <x92>1312</x92>
      <y92>472</y92>
      <x93>1308</x93>
      <y93>467</y93>
      <x94>1306</x94>
      <y94>439</y94>
      <x95>1300</x95>
      <y95>422</y95>
      <x96>1288</x96>
      <y96>400</y96>
      <x97>1282</x97>
      <y97>395</y97>
    </polygon>
  </object>
  <object>
    <name>person</name>
    <bndbox>
      <xmin>1429</xmin>
      <ymin>707</ymin>
      <xmax>1633</xmax>
      <ymax>911</ymax>
    </bndbox>
    <polygon>
      <x1>1629</x1>
      <y1>709</y1>
      <x2>1623</x2>
      <y2>707</y2>
      <x3>1617</x3>
      <y3>707</y3>
      <x4>1610</x4>
      <y4>710</y4>
      <x5>1607</x5>
      <y5>710</y5>
      <x6>1594</x6>
      <y6>716</y6>
      <x7>1590</x7>
      <y7>720</y7>
      <x8>1586</x8>
      <y8>720</y8>
      <x9>1577</x9>
      <y9>728</y9>
      <x10>1574</x10>
      <y10>735</y10>
      <x11>1574</x11>
      <y11>738</y11>
      <x12>1569</x12>
      <y12>747</y12>
      <x13>1568</x13>
      <y13>753</y13>
      <x14>1564</x14>
      <y14>759</y14>
      <x15>1563</x15>
      <y15>765</y15>
      <x16>1558</x16>
      <y16>772</y16>
      <x17>1555</x17>
      <y17>781</y17>
      <x18>1550</x18>
      <y18>789</y18>
      <x19>1548</x19>
      <y19>795</y19>
      <x20>1544</x20>
      <y20>800</y20>
      <x21>1538</x21>
      <y21>812</y21>
      <x22>1528</x22>
      <y22>821</y22>
      <x23>1525</x23>
      <y23>836</y23>
      <x24>1520</x24>
      <y24>840</y24>
      <x25>1514</x25>
      <y25>841</y25>
      <x26>1509</x26>
      <y26>844</y26>
      <x27>1506</x27>
      <y27>853</y27>
      <x28>1502</x28>
      <y28>857</y28>
      <x29>1499</x29>
      <y29>867</y29>
      <x30>1491</x30>
      <y30>875</y30>
      <x31>1484</x31>
      <y31>880</y31>
      <x32>1469</x32>
      <y32>885</y32>
      <x33>1456</x33>
      <y33>891</y33>
      <x34>1453</x34>
      <y34>894</y34>
      <x35>1441</x35>
      <y35>894</y35>
      <x36>1438</x36>
      <y36>892</y36>
      <x37>1440</x37>
      <y37>890</y37>
      <x38>1451</x38>
      <y38>888</y38>
      <x39>1453</x39>
      <y39>886</y39>
      <x40>1452</x40>
      <y40>883</y40>
      <x41>1450</x41>
      <y41>881</y41>
      <x42>1441</x42>
      <y42>880</y42>
      <x43>1438</x43>
      <y43>878</y43>
      <x44>1442</x44>
      <y44>872</y44>
      <x45>1431</x45>
      <y45>871</y45>
      <x46>1431</x46>
      <y46>879</y46>
      <x47>1429</x47>
      <y47>886</y47>
      <x48>1432</x48>
      <y48>893</y48>
      <x49>1435</x49>
      <y49>895</y49>
      <x50>1435</x50>
      <y50>906</y50>
      <x51>1447</x51>
      <y51>911</y51>
      <x52>1472</x52>
      <y52>911</y52>
      <x53>1481</x53>
      <y53>909</y53>
      <x54>1483</x54>
      <y54>910</y54>
      <x55>1487</x55>
      <y55>909</y55>
      <x56>1509</x56>
      <y56>909</y56>
      <x57>1515</x57>
      <y57>907</y57>
      <x58>1519</x58>
      <y58>903</y58>
      <x59>1520</x59>
      <y59>900</y59>
      <x60>1523</x60>
      <y60>897</y60>
      <x61>1534</x61>
      <y61>874</y61>
      <x62>1534</x62>
      <y62>872</y62>
      <x63>1538</x63>
      <y63>867</y63>
      <x64>1541</x64>
      <y64>859</y64>
      <x65>1547</x65>
      <y65>849</y65>
      <x66>1547</x66>
      <y66>847</y66>
      <x67>1568</x67>
      <y67>825</y67>
      <x68>1573</x68>
      <y68>814</y68>
      <x69>1579</x69>
      <y69>808</y69>
      <x70>1581</x70>
      <y70>803</y70>
      <x71>1590</x71>
      <y71>794</y71>
      <x72>1596</x72>
      <y72>778</y72>
      <x73>1610</x73>
      <y73>766</y73>
      <x74>1613</x74>
      <y74>759</y74>
      <x75>1617</x75>
      <y75>754</y75>
      <x76>1623</x76>
      <y76>737</y76>
      <x77>1632</x77>
      <y77>722</y77>
      <x78>1633</x78>
      <y78>715</y78>
      <x79>1632</x79>
      <y79>712</y79>
    </polygon>
  </object>
  <object>
    <name>person</name>
    <bndbox>
      <xmin>1688</xmin>
      <ymin>390</ymin>
      <xmax>1763</xmax>
      <ymax>632</ymax>
    </bndbox>
    <polygon>
      <x1>1704</x1>
      <y1>390</y1>
      <x2>1698</x2>
      <y2>393</y2>
      <x3>1694</x3>
      <y3>397</y3>
      <x4>1688</x4>
      <y4>410</y4>
      <x5>1689</x5>
      <y5>447</y5>
      <x6>1691</x6>
      <y6>453</y6>
      <x7>1691</x7>
      <y7>458</y7>
      <x8>1695</x8>
      <y8>466</y8>
      <x9>1695</x9>
      <y9>473</y9>
      <x10>1698</x10>
      <y10>481</y10>
      <x11>1698</x11>
      <y11>486</y11>
      <x12>1701</x12>
      <y12>489</y12>
      <x13>1703</x13>
      <y13>494</y13>
      <x14>1702</x14>
      <y14>508</y14>
      <x15>1700</x15>
      <y15>512</y15>
      <x16>1691</x16>
      <y16>521</y16>
      <x17>1690</x17>
      <y17>531</y17>
      <x18>1693</x18>
      <y18>540</y18>
      <x19>1698</x19>
      <y19>549</y19>
      <x20>1698</x20>
      <y20>555</y20>
      <x21>1704</x21>
      <y21>561</y21>
      <x22>1707</x22>
      <y22>570</y22>
      <x23>1711</x23>
      <y23>574</y23>
      <x24>1714</x24>
      <y24>575</y24>
      <x25>1719</x25>
      <y25>581</y25>
      <x26>1720</x26>
      <y26>586</y26>
      <x27>1723</x27>
      <y27>591</y27>
      <x28>1723</x28>
      <y28>600</y28>
      <x29>1726</x29>
      <y29>603</y29>
      <x30>1729</x30>
      <y30>603</y30>
      <x31>1733</x31>
      <y31>606</y31>
      <x32>1734</x32>
      <y32>627</y32>
      <x33>1738</x33>
      <y33>632</y33>
      <x34>1741</x34>
      <y34>628</y34>
      <x35>1742</x35>
      <y35>622</y35>
      <x36>1746</x36>
      <y36>613</y36>
      <x37>1747</x37>
      <y37>601</y37>
      <x38>1756</x38>
      <y38>572</y38>
      <x39>1757</x39>
      <y39>562</y39>
      <x40>1759</x40>
      <y40>558</y40>
      <x41>1759</x41>
      <y41>553</y41>
      <x42>1762</x42>
      <y42>540</y42>
      <x43>1763</x43>
      <y43>520</y43>
      <x44>1760</x44>
      <y44>506</y44>
      <x45>1755</x45>
      <y45>498</y45>
      <x46>1754</x46>
      <y46>493</y46>
      <x47>1750</x47>
      <y47>487</y47>
      <x48>1746</x48>
      <y48>477</y48>
      <x49>1739</x49>
      <y49>427</y49>
      <x50>1734</x50>
      <y50>410</y50>
      <x51>1727</x51>
      <y51>398</y51>
      <x52>1723</x52>
      <y52>394</y52>
      <x53>1712</x53>
      <y53>390</y53>
    </polygon>
  </object>
</annotation>
