<?xml version="1.0" ?>
<annotation>
  <folder>VOC</folder>
  <filename>5-2.png</filename>
  <source>
    <database>roboflow.ai</database>
  </source>
  <size>
    <width>1792</width>
    <height>1024</height>
    <depth>3</depth>
  </size>
  <segmented>0</segmented>
  <object>
    <name>person</name>
    <bndbox>
      <xmin>639</xmin>
      <ymin>673</ymin>
      <xmax>676</xmax>
      <ymax>752</ymax>
    </bndbox>
    <polygon>
      <x1>646</x1>
      <y1>673</y1>
      <x2>643</x2>
      <y2>676</y2>
      <x3>646</x3>
      <y3>686</y3>
      <x4>645</x4>
      <y4>718</y4>
      <x5>649</x5>
      <y5>727</y5>
      <x6>648</x6>
      <y6>731</y6>
      <x7>641</x7>
      <y7>737</y7>
      <x8>639</x8>
      <y8>747</y8>
      <x9>642</x9>
      <y9>749</y9>
      <x10>648</x10>
      <y10>739</y10>
      <x11>661</x11>
      <y11>732</y11>
      <x12>669</x12>
      <y12>745</y12>
      <x13>669</x13>
      <y13>751</y13>
      <x14>674</x14>
      <y14>752</y14>
      <x15>676</x15>
      <y15>751</y15>
      <x16>676</x16>
      <y16>745</y16>
      <x17>671</x17>
      <y17>735</y17>
      <x18>671</x18>
      <y18>711</y18>
      <x19>667</x19>
      <y19>689</y19>
      <x20>658</x20>
      <y20>680</y20>
      <x21>655</x21>
      <y21>674</y21>
    </polygon>
  </object>
</annotation>
