<?xml version="1.0" ?>
<annotation>
  <folder>VOC</folder>
  <filename>54-1.png</filename>
  <source>
    <database>roboflow.ai</database>
  </source>
  <size>
    <width>1792</width>
    <height>1024</height>
    <depth>3</depth>
  </size>
  <segmented>0</segmented>
  <object>
    <name>person</name>
    <bndbox>
      <xmin>693</xmin>
      <ymin>844</ymin>
      <xmax>988</xmax>
      <ymax>1021</ymax>
    </bndbox>
    <polygon>
      <x1>695</x1>
      <y1>883</y1>
      <x2>694</x2>
      <y2>905</y2>
      <x3>693</x3>
      <y3>906</y3>
      <x4>694</x4>
      <y4>922</y4>
      <x5>702</x5>
      <y5>934</y5>
      <x6>711</x6>
      <y6>943</y6>
      <x7>733</x7>
      <y7>980</y7>
      <x8>738</x8>
      <y8>986</y8>
      <x9>744</x9>
      <y9>989</y9>
      <x10>764</x10>
      <y10>994</y10>
      <x11>775</x11>
      <y11>995</y11>
      <x12>784</x12>
      <y12>998</y12>
      <x13>805</x13>
      <y13>1001</y13>
      <x14>814</x14>
      <y14>1005</y14>
      <x15>823</x15>
      <y15>1006</y15>
      <x16>830</x16>
      <y16>1009</y16>
      <x17>846</x17>
      <y17>1011</y17>
      <x18>855</x18>
      <y18>1018</y18>
      <x19>923</x19>
      <y19>1021</y19>
      <x20>924</x20>
      <y20>1020</y20>
      <x21>951</x21>
      <y21>1020</y21>
      <x22>952</x22>
      <y22>1019</y22>
      <x23>970</x23>
      <y23>1020</y23>
      <x24>988</x24>
      <y24>1017</y24>
      <x25>986</x25>
      <y25>1012</y25>
      <x26>969</x26>
      <y26>1007</y26>
      <x27>961</x27>
      <y27>999</y27>
      <x28>942</x28>
      <y28>993</y28>
      <x29>926</x29>
      <y29>994</y29>
      <x30>918</x30>
      <y30>988</y30>
      <x31>909</x31>
      <y31>985</y31>
      <x32>904</x32>
      <y32>980</y32>
      <x33>897</x33>
      <y33>976</y33>
      <x34>893</x34>
      <y34>967</y34>
      <x35>885</x35>
      <y35>961</y35>
      <x36>882</x36>
      <y36>953</y36>
      <x37>876</x37>
      <y37>947</y37>
      <x38>875</x38>
      <y38>942</y38>
      <x39>871</x39>
      <y39>938</y39>
      <x40>869</x40>
      <y40>928</y40>
      <x41>864</x41>
      <y41>919</y41>
      <x42>864</x42>
      <y42>914</y42>
      <x43>860</x43>
      <y43>905</y43>
      <x44>859</x44>
      <y44>899</y44>
      <x45>855</x45>
      <y45>893</y45>
      <x46>855</x46>
      <y46>886</y46>
      <x47>852</x47>
      <y47>873</y47>
      <x48>849</x48>
      <y48>870</y48>
      <x49>846</x49>
      <y49>870</y49>
      <x50>841</x50>
      <y50>867</y50>
      <x51>839</x51>
      <y51>855</y51>
      <x52>836</x52>
      <y52>850</y52>
      <x53>831</x53>
      <y53>846</y53>
      <x54>823</x54>
      <y54>844</y54>
      <x55>816</x55>
      <y55>846</y55>
      <x56>811</x56>
      <y56>850</y56>
      <x57>807</x57>
      <y57>859</y57>
      <x58>807</x58>
      <y58>877</y58>
      <x59>810</x59>
      <y59>892</y59>
      <x60>822</x60>
      <y60>919</y60>
      <x61>827</x61>
      <y61>936</y61>
      <x62>827</x62>
      <y62>949</y62>
      <x63>824</x63>
      <y63>956</y63>
      <x64>816</x64>
      <y64>962</y64>
      <x65>808</x65>
      <y65>965</y65>
      <x66>778</x66>
      <y66>965</y66>
      <x67>771</x67>
      <y67>962</y67>
      <x68>768</x68>
      <y68>958</y68>
      <x69>758</x69>
      <y69>956</y69>
      <x70>752</x70>
      <y70>950</y70>
      <x71>746</x71>
      <y71>949</y71>
      <x72>744</x72>
      <y72>947</y72>
      <x73>743</x73>
      <y73>936</y73>
      <x74>740</x74>
      <y74>933</y74>
      <x75>740</x75>
      <y75>928</y75>
      <x76>739</x76>
      <y76>927</y76>
      <x77>734</x77>
      <y77>928</y77>
      <x78>732</x78>
      <y78>934</y78>
      <x79>731</x79>
      <y79>930</y79>
      <x80>725</x80>
      <y80>924</y80>
      <x81>723</x81>
      <y81>916</y81>
      <x82>718</x82>
      <y82>915</y82>
      <x83>716</x83>
      <y83>913</y83>
      <x84>717</x84>
      <y84>910</y84>
      <x85>723</x85>
      <y85>911</y85>
      <x86>724</x86>
      <y86>909</y86>
      <x87>723</x87>
      <y87>900</y87>
      <x88>718</x88>
      <y88>904</y88>
      <x89>711</x89>
      <y89>901</y89>
      <x90>703</x90>
      <y90>901</y90>
      <x91>698</x91>
      <y91>895</y91>
      <x92>697</x92>
      <y92>884</y92>
    </polygon>
  </object>
  <object>
    <name>person</name>
    <bndbox>
      <xmin>952</xmin>
      <ymin>22</ymin>
      <xmax>1688</xmax>
      <ymax>1020</ymax>
    </bndbox>
    <polygon>
      <x1>1375</x1>
      <y1>34</y1>
      <x2>1365</x2>
      <y2>33</y2>
      <x3>1340</x3>
      <y3>27</y3>
      <x4>1322</x4>
      <y4>26</y4>
      <x5>1321</x5>
      <y5>25</y5>
      <x6>1306</x6>
      <y6>24</y6>
      <x7>1305</x7>
      <y7>23</y7>
      <x8>1290</x8>
      <y8>23</y8>
      <x9>1289</x9>
      <y9>22</y9>
      <x10>1268</x10>
      <y10>22</y10>
      <x11>1267</x11>
      <y11>23</y11>
      <x12>1257</x12>
      <y12>23</y12>
      <x13>1241</x13>
      <y13>26</y13>
      <x14>1193</x14>
      <y14>25</y14>
      <x15>1178</x15>
      <y15>31</y15>
      <x16>1162</x16>
      <y16>33</y16>
      <x17>1144</x17>
      <y17>37</y17>
      <x18>1137</x18>
      <y18>41</y18>
      <x19>1118</x19>
      <y19>46</y19>
      <x20>1107</x20>
      <y20>51</y20>
      <x21>1097</x21>
      <y21>58</y21>
      <x22>1091</x22>
      <y22>68</y22>
      <x23>1090</x23>
      <y23>73</y23>
      <x24>1075</x24>
      <y24>88</y24>
      <x25>1073</x25>
      <y25>92</y25>
      <x26>1074</x26>
      <y26>103</y26>
      <x27>1077</x27>
      <y27>110</y27>
      <x28>1081</x28>
      <y28>115</y28>
      <x29>1082</x29>
      <y29>119</y29>
      <x30>1084</x30>
      <y30>121</y30>
      <x31>1086</x31>
      <y31>121</y31>
      <x32>1096</x32>
      <y32>131</y32>
      <x33>1097</x33>
      <y33>134</y33>
      <x34>1113</x34>
      <y34>148</y34>
      <x35>1117</x35>
      <y35>149</y35>
      <x36>1120</x36>
      <y36>152</y36>
      <x37>1132</x37>
      <y37>158</y37>
      <x38>1135</x38>
      <y38>161</y38>
      <x39>1139</x39>
      <y39>169</y39>
      <x40>1144</x40>
      <y40>191</y40>
      <x41>1153</x41>
      <y41>212</y41>
      <x42>1155</x42>
      <y42>229</y42>
      <x43>1158</x43>
      <y43>240</y43>
      <x44>1158</x44>
      <y44>248</y44>
      <x45>1162</x45>
      <y45>261</y45>
      <x46>1162</x46>
      <y46>266</y46>
      <x47>1156</x47>
      <y47>274</y47>
      <x48>1152</x48>
      <y48>276</y48>
      <x49>1143</x49>
      <y49>277</y49>
      <x50>1140</x50>
      <y50>284</y50>
      <x51>1140</x51>
      <y51>292</y51>
      <x52>1142</x52>
      <y52>297</y52>
      <x53>1141</x53>
      <y53>304</y53>
      <x54>1145</x54>
      <y54>312</y54>
      <x55>1146</x55>
      <y55>317</y55>
      <x56>1151</x56>
      <y56>325</y56>
      <x57>1152</x57>
      <y57>331</y57>
      <x58>1155</x58>
      <y58>334</y58>
      <x59>1158</x59>
      <y59>335</y59>
      <x60>1163</x60>
      <y60>340</y60>
      <x61>1164</x61>
      <y61>345</y61>
      <x62>1173</x62>
      <y62>352</y62>
      <x63>1169</x63>
      <y63>357</y63>
      <x64>1168</x64>
      <y64>361</y64>
      <x65>1175</x65>
      <y65>373</y65>
      <x66>1179</x66>
      <y66>377</y66>
      <x67>1184</x67>
      <y67>379</y67>
      <x68>1208</x68>
      <y68>379</y68>
      <x69>1213</x69>
      <y69>380</y69>
      <x70>1216</x70>
      <y70>383</y70>
      <x71>1217</x71>
      <y71>387</y71>
      <x72>1223</x72>
      <y72>397</y72>
      <x73>1224</x73>
      <y73>402</y73>
      <x74>1231</x74>
      <y74>414</y74>
      <x75>1244</x75>
      <y75>426</y75>
      <x76>1254</x76>
      <y76>442</y76>
      <x77>1263</x77>
      <y77>452</y77>
      <x78>1265</x78>
      <y78>457</y78>
      <x79>1270</x79>
      <y79>463</y79>
      <x80>1272</x80>
      <y80>473</y80>
      <x81>1278</x81>
      <y81>487</y81>
      <x82>1284</x82>
      <y82>496</y82>
      <x83>1290</x83>
      <y83>502</y83>
      <x84>1297</x84>
      <y84>505</y84>
      <x85>1311</x85>
      <y85>504</y85>
      <x86>1320</x86>
      <y86>500</y86>
      <x87>1326</x87>
      <y87>499</y87>
      <x88>1347</x88>
      <y88>488</y88>
      <x89>1358</x89>
      <y89>485</y89>
      <x90>1366</x90>
      <y90>485</y90>
      <x91>1379</x91>
      <y91>491</y91>
      <x92>1385</x92>
      <y92>498</y92>
      <x93>1387</x93>
      <y93>504</y93>
      <x94>1387</x94>
      <y94>508</y94>
      <x95>1374</x95>
      <y95>520</y95>
      <x96>1362</x96>
      <y96>537</y96>
      <x97>1358</x97>
      <y97>546</y97>
      <x98>1350</x98>
      <y98>556</y98>
      <x99>1347</x99>
      <y99>563</y99>
      <x100>1347</x100>
      <y100>570</y100>
      <x101>1345</x101>
      <y101>575</y101>
      <x102>1343</x102>
      <y102>587</y102>
      <x103>1337</x103>
      <y103>598</y103>
      <x104>1337</x104>
      <y104>607</y104>
      <x105>1329</x105>
      <y105>626</y105>
      <x106>1318</x106>
      <y106>635</y106>
      <x107>1315</x107>
      <y107>641</y107>
      <x108>1303</x108>
      <y108>655</y108>
      <x109>1300</x109>
      <y109>661</y109>
      <x110>1294</x110>
      <y110>667</y110>
      <x111>1287</x111>
      <y111>681</y111>
      <x112>1276</x112>
      <y112>690</y112>
      <x113>1270</x113>
      <y113>692</y113>
      <x114>1260</x114>
      <y114>690</y114>
      <x115>1256</x115>
      <y115>688</y115>
      <x116>1240</x116>
      <y116>688</y116>
      <x117>1239</x117>
      <y117>689</y117>
      <x118>1230</x118>
      <y118>689</y118>
      <x119>1220</x119>
      <y119>691</y119>
      <x120>1219</x120>
      <y120>690</y120>
      <x121>1205</x121>
      <y121>691</y121>
      <x122>1187</x122>
      <y122>685</y122>
      <x123>1178</x123>
      <y123>685</y123>
      <x124>1173</x124>
      <y124>683</y124>
      <x125>1155</x125>
      <y125>683</y125>
      <x126>1137</x126>
      <y126>690</y126>
      <x127>1123</x127>
      <y127>690</y127>
      <x128>1115</x128>
      <y128>695</y128>
      <x129>1112</x129>
      <y129>695</y129>
      <x130>1108</x130>
      <y130>697</y130>
      <x131>1102</x131>
      <y131>703</y131>
      <x132>1094</x132>
      <y132>703</y132>
      <x133>1088</x133>
      <y133>699</y133>
      <x134>1071</x134>
      <y134>693</y134>
      <x135>1059</x135>
      <y135>692</y135>
      <x136>1058</x136>
      <y136>693</y136>
      <x137>1029</x137>
      <y137>694</y137>
      <x138>1015</x138>
      <y138>699</y138>
      <x139>1010</x139>
      <y139>703</y139>
      <x140>1000</x140>
      <y140>708</y140>
      <x141>996</x141>
      <y141>712</y141>
      <x142>992</x142>
      <y142>713</y142>
      <x143>984</x143>
      <y143>720</y143>
      <x144>972</x144>
      <y144>727</y144>
      <x145>963</x145>
      <y145>738</y145>
      <x146>955</x146>
      <y146>754</y146>
      <x147>955</x147>
      <y147>756</y147>
      <x148>952</x148>
      <y148>760</y148>
      <x149>953</x149>
      <y149>765</y149>
      <x150>957</x150>
      <y150>768</y150>
      <x151>962</x151>
      <y151>769</y151>
      <x152>965</x152>
      <y152>771</y152>
      <x153>976</x153>
      <y153>770</y153>
      <x154>984</x154>
      <y154>765</y154>
      <x155>992</x155>
      <y155>757</y155>
      <x156>997</x156>
      <y156>754</y156>
      <x157>1004</x157>
      <y157>755</y157>
      <x158>1008</x158>
      <y158>759</y158>
      <x159>1004</x159>
      <y159>770</y159>
      <x160>994</x160>
      <y160>782</y160>
      <x161>989</x161>
      <y161>792</y161>
      <x162>985</x162>
      <y162>808</y162>
      <x163>985</x163>
      <y163>818</y163>
      <x164>987</x164>
      <y164>825</y164>
      <x165>991</x165>
      <y165>832</y165>
      <x166>995</x166>
      <y166>835</y166>
      <x167>1003</x167>
      <y167>837</y167>
      <x168>1007</x168>
      <y168>841</y168>
      <x169>1014</x169>
      <y169>855</y169>
      <x170>1017</x170>
      <y170>865</y170>
      <x171>1024</x171>
      <y171>872</y171>
      <x172>1033</x172>
      <y172>871</y172>
      <x173>1039</x173>
      <y173>865</y173>
      <x174>1042</x174>
      <y174>859</y174>
      <x175>1046</x175>
      <y175>841</y175>
      <x176>1049</x176>
      <y176>834</y176>
      <x177>1053</x177>
      <y177>830</y177>
      <x178>1067</x178>
      <y178>827</y178>
      <x179>1099</x179>
      <y179>826</y179>
      <x180>1104</x180>
      <y180>829</y180>
      <x181>1105</x181>
      <y181>837</y181>
      <x182>1109</x182>
      <y182>845</y182>
      <x183>1120</x183>
      <y183>856</y183>
      <x184>1121</x184>
      <y184>865</y184>
      <x185>1123</x185>
      <y185>869</y185>
      <x186>1130</x186>
      <y186>873</y186>
      <x187>1130</x187>
      <y187>877</y187>
      <x188>1133</x188>
      <y188>880</y188>
      <x189>1139</x189>
      <y189>881</y189>
      <x190>1171</x190>
      <y190>874</y190>
      <x191>1175</x191>
      <y191>878</y191>
      <x192>1173</x192>
      <y192>894</y192>
      <x193>1169</x193>
      <y193>901</y193>
      <x194>1167</x194>
      <y194>908</y194>
      <x195>1162</x195>
      <y195>915</y195>
      <x196>1159</x196>
      <y196>922</y196>
      <x197>1118</x197>
      <y197>968</y197>
      <x198>1116</x198>
      <y198>972</y198>
      <x199>1074</x199>
      <y199>1012</y199>
      <x200>1076</x200>
      <y200>1017</y200>
      <x201>1080</x201>
      <y201>1019</y201>
      <x202>1086</x202>
      <y202>1019</y202>
      <x203>1087</x203>
      <y203>1020</y203>
      <x204>1091</x204>
      <y204>1019</y204>
      <x205>1138</x205>
      <y205>1020</y205>
      <x206>1139</x206>
      <y206>1019</y206>
      <x207>1167</x207>
      <y207>1019</y207>
      <x208>1177</x208>
      <y208>1017</y208>
      <x209>1202</x209>
      <y209>1017</y209>
      <x210>1203</x210>
      <y210>1016</y210>
      <x211>1211</x211>
      <y211>1016</y211>
      <x212>1212</x212>
      <y212>1017</y212>
      <x213>1290</x213>
      <y213>1017</y213>
      <x214>1291</x214>
      <y214>1016</y214>
      <x215>1292</x215>
      <y215>1017</y215>
      <x216>1308</x216>
      <y216>1017</y216>
      <x217>1309</x217>
      <y217>1018</y217>
      <x218>1314</x218>
      <y218>1018</y218>
      <x219>1315</x219>
      <y219>1017</y219>
      <x220>1323</x220>
      <y220>1017</y220>
      <x221>1324</x221>
      <y221>1018</y221>
      <x222>1345</x222>
      <y222>1018</y222>
      <x223>1346</x223>
      <y223>1017</y223>
      <x224>1350</x224>
      <y224>1018</y224>
      <x225>1371</x225>
      <y225>1018</y225>
      <x226>1372</x226>
      <y226>1017</y226>
      <x227>1384</x227>
      <y227>1018</y227>
      <x228>1385</x228>
      <y228>1017</y228>
      <x229>1393</x229>
      <y229>1017</y229>
      <x230>1397</x230>
      <y230>1018</y230>
      <x231>1398</x231>
      <y231>1017</y231>
      <x232>1442</x232>
      <y232>1016</y232>
      <x233>1450</x233>
      <y233>1014</y233>
      <x234>1458</x234>
      <y234>1010</y234>
      <x235>1470</x235>
      <y235>1009</y235>
      <x236>1473</x236>
      <y236>1004</y236>
      <x237>1481</x237>
      <y237>1002</y237>
      <x238>1486</x238>
      <y238>997</y238>
      <x239>1498</x239>
      <y239>995</y239>
      <x240>1502</x240>
      <y240>991</y240>
      <x241>1506</x241>
      <y241>989</y241>
      <x242>1512</x242>
      <y242>982</y242>
      <x243>1523</x243>
      <y243>976</y243>
      <x244>1530</x244>
      <y244>968</y244>
      <x245>1537</x245>
      <y245>965</y245>
      <x246>1545</x246>
      <y246>954</y246>
      <x247>1552</x247>
      <y247>951</y247>
      <x248>1554</x248>
      <y248>947</y248>
      <x249>1562</x249>
      <y249>939</y249>
      <x250>1568</x250>
      <y250>935</y250>
      <x251>1570</x251>
      <y251>928</y251>
      <x252>1579</x252>
      <y252>921</y252>
      <x253>1583</x253>
      <y253>913</y253>
      <x254>1589</x254>
      <y254>908</y254>
      <x255>1599</x255>
      <y255>890</y255>
      <x256>1609</x256>
      <y256>879</y256>
      <x257>1611</x257>
      <y257>872</y257>
      <x258>1619</x258>
      <y258>857</y258>
      <x259>1625</x259>
      <y259>850</y259>
      <x260>1626</x260>
      <y260>843</y260>
      <x261>1631</x261>
      <y261>838</y261>
      <x262>1635</x262>
      <y262>828</y262>
      <x263>1639</x263>
      <y263>823</y263>
      <x264>1640</x264>
      <y264>816</y264>
      <x265>1645</x265>
      <y265>807</y265>
      <x266>1646</x266>
      <y266>802</y266>
      <x267>1651</x267>
      <y267>794</y267>
      <x268>1653</x268>
      <y268>783</y268>
      <x269>1660</x269>
      <y269>766</y269>
      <x270>1661</x270>
      <y270>759</y270>
      <x271>1666</x271>
      <y271>748</y271>
      <x272>1669</x272>
      <y272>733</y272>
      <x273>1676</x273>
      <y273>711</y273>
      <x274>1677</x274>
      <y274>701</y274>
      <x275>1681</x275>
      <y275>686</y275>
      <x276>1681</x276>
      <y276>679</y276>
      <x277>1684</x277>
      <y277>667</y277>
      <x278>1685</x278>
      <y278>652</y278>
      <x279>1687</x279>
      <y279>643</y279>
      <x280>1688</x280>
      <y280>592</y280>
      <x281>1686</x281>
      <y281>584</y281>
      <x282>1686</x282>
      <y282>576</y282>
      <x283>1683</x283>
      <y283>570</y283>
      <x284>1681</x284>
      <y284>553</y284>
      <x285>1672</x285>
      <y285>528</y285>
      <x286>1665</x286>
      <y286>515</y286>
      <x287>1654</x287>
      <y287>503</y287>
      <x288>1648</x288>
      <y288>481</y288>
      <x289>1648</x289>
      <y289>471</y289>
      <x290>1640</x290>
      <y290>455</y290>
      <x291>1640</x291>
      <y291>452</y291>
      <x292>1635</x292>
      <y292>438</y292>
      <x293>1633</x293>
      <y293>436</y293>
      <x294>1626</x294>
      <y294>434</y294>
      <x295>1619</x295>
      <y295>428</y295>
      <x296>1613</x296>
      <y296>428</y296>
      <x297>1606</x297>
      <y297>425</y297>
      <x298>1591</x298>
      <y298>410</y298>
      <x299>1588</x299>
      <y299>410</y299>
      <x300>1578</x300>
      <y300>406</y300>
      <x301>1571</x301>
      <y301>407</y301>
      <x302>1568</x302>
      <y302>404</y302>
      <x303>1565</x303>
      <y303>403</y303>
      <x304>1562</x304>
      <y304>399</y304>
      <x305>1562</x305>
      <y305>397</y305>
      <x306>1559</x306>
      <y306>393</y306>
      <x307>1555</x307>
      <y307>382</y307>
      <x308>1551</x308>
      <y308>375</y308>
      <x309>1546</x309>
      <y309>353</y309>
      <x310>1546</x310>
      <y310>340</y310>
      <x311>1545</x311>
      <y311>339</y311>
      <x312>1546</x312>
      <y312>337</y312>
      <x313>1546</x313>
      <y313>324</y313>
      <x314>1547</x314>
      <y314>323</y314>
      <x315>1548</x315>
      <y315>313</y315>
      <x316>1551</x316>
      <y316>307</y316>
      <x317>1553</x317>
      <y317>299</y317>
      <x318>1557</x318>
      <y318>268</y318>
      <x319>1560</x319>
      <y319>258</y319>
      <x320>1560</x320>
      <y320>251</y320>
      <x321>1562</x321>
      <y321>242</y321>
      <x322>1562</x322>
      <y322>231</y322>
      <x323>1557</x323>
      <y323>206</y323>
      <x324>1555</x324>
      <y324>187</y324>
      <x325>1550</x325>
      <y325>171</y325>
      <x326>1541</x326>
      <y326>153</y326>
      <x327>1539</x327>
      <y327>146</y327>
      <x328>1533</x328>
      <y328>136</y328>
      <x329>1529</x329>
      <y329>126</y329>
      <x330>1522</x330>
      <y330>115</y330>
      <x331>1514</x331>
      <y331>107</y331>
      <x332>1511</x332>
      <y332>102</y332>
      <x333>1502</x333>
      <y333>96</y333>
      <x334>1491</x334>
      <y334>85</y334>
      <x335>1480</x335>
      <y335>80</y335>
      <x336>1470</x336>
      <y336>72</y336>
      <x337>1458</x337>
      <y337>67</y337>
      <x338>1452</x338>
      <y338>62</y338>
      <x339>1445</x339>
      <y339>60</y339>
      <x340>1436</x340>
      <y340>55</y340>
      <x341>1431</x341>
      <y341>54</y341>
      <x342>1418</x342>
      <y342>48</y342>
    </polygon>
  </object>
</annotation>
