<?xml version="1.0" ?>
<annotation>
  <folder>VOC</folder>
  <filename>56-1.png</filename>
  <source>
    <database>roboflow.ai</database>
  </source>
  <size>
    <width>1792</width>
    <height>1024</height>
    <depth>3</depth>
  </size>
  <segmented>0</segmented>
  <object>
    <name>person</name>
    <bndbox>
      <xmin>510</xmin>
      <ymin>390</ymin>
      <xmax>1395</xmax>
      <ymax>1021</ymax>
    </bndbox>
    <polygon>
      <x1>1372</x1>
      <y1>581</y1>
      <x2>1363</x2>
      <y2>566</y2>
      <x3>1353</x3>
      <y3>554</y3>
      <x4>1350</x4>
      <y4>548</y4>
      <x5>1344</x5>
      <y5>543</y5>
      <x6>1324</x6>
      <y6>518</y6>
      <x7>1296</x7>
      <y7>490</y7>
      <x8>1283</x8>
      <y8>481</y8>
      <x9>1265</x9>
      <y9>466</y9>
      <x10>1241</x10>
      <y10>451</y10>
      <x11>1227</x11>
      <y11>444</y11>
      <x12>1207</x12>
      <y12>438</y12>
      <x13>1202</x13>
      <y13>438</y13>
      <x14>1194</x14>
      <y14>434</y14>
      <x15>1184</x15>
      <y15>431</y15>
      <x16>1178</x16>
      <y16>431</y16>
      <x17>1152</x17>
      <y17>426</y17>
      <x18>1134</x18>
      <y18>425</y18>
      <x19>1133</x19>
      <y19>424</y19>
      <x20>1071</x20>
      <y20>425</y20>
      <x21>1070</x21>
      <y21>426</y21>
      <x22>1059</x22>
      <y22>426</y22>
      <x23>1058</x23>
      <y23>427</y23>
      <x24>1046</x24>
      <y24>428</y24>
      <x25>1031</x25>
      <y25>432</y25>
      <x26>1029</x26>
      <y26>430</y26>
      <x27>1029</x27>
      <y27>424</y27>
      <x28>1024</x28>
      <y28>421</y28>
      <x29>998</x29>
      <y29>395</y29>
      <x30>991</x30>
      <y30>391</y30>
      <x31>986</x31>
      <y31>391</y31>
      <x32>985</x32>
      <y32>390</y32>
      <x33>958</x33>
      <y33>391</y33>
      <x34>957</x34>
      <y34>392</y34>
      <x35>950</x35>
      <y35>392</y35>
      <x36>949</x36>
      <y36>391</y36>
      <x37>933</x37>
      <y37>402</y37>
      <x38>933</x38>
      <y38>409</y38>
      <x39>922</x39>
      <y39>415</y39>
      <x40>916</x40>
      <y40>421</y40>
      <x41>914</x41>
      <y41>429</y41>
      <x42>920</x42>
      <y42>435</y42>
      <x43>919</x43>
      <y43>451</y43>
      <x44>922</x44>
      <y44>454</y44>
      <x45>928</x45>
      <y45>455</y45>
      <x46>933</x46>
      <y46>460</y46>
      <x47>943</x47>
      <y47>461</y47>
      <x48>946</x48>
      <y48>464</y48>
      <x49>947</x49>
      <y49>473</y49>
      <x50>955</x50>
      <y50>475</y50>
      <x51>960</x51>
      <y51>480</y51>
      <x52>970</x52>
      <y52>506</y52>
      <x53>967</x53>
      <y53>519</y53>
      <x54>968</x54>
      <y54>540</y54>
      <x55>971</x55>
      <y55>550</y55>
      <x56>973</x56>
      <y56>564</y56>
      <x57>978</x57>
      <y57>576</y57>
      <x58>980</x58>
      <y58>586</y58>
      <x59>983</x59>
      <y59>591</y59>
      <x60>983</x60>
      <y60>594</y60>
      <x61>980</x61>
      <y61>599</y61>
      <x62>980</x62>
      <y62>607</y62>
      <x63>968</x63>
      <y63>619</y63>
      <x64>961</x64>
      <y64>638</y64>
      <x65>966</x65>
      <y65>661</y65>
      <x66>965</x66>
      <y66>671</y66>
      <x67>967</x67>
      <y67>678</y67>
      <x68>967</x68>
      <y68>689</y68>
      <x69>965</x69>
      <y69>698</y69>
      <x70>965</x70>
      <y70>714</y70>
      <x71>966</x71>
      <y71>715</y71>
      <x72>967</x72>
      <y72>740</y72>
      <x73>968</x73>
      <y73>741</y73>
      <x74>968</x74>
      <y74>751</y74>
      <x75>970</x75>
      <y75>757</y75>
      <x76>970</x76>
      <y76>764</y76>
      <x77>969</x77>
      <y77>769</y77>
      <x78>966</x78>
      <y78>772</y78>
      <x79>961</x79>
      <y79>772</y79>
      <x80>957</x80>
      <y80>774</y80>
      <x81>954</x81>
      <y81>774</y81>
      <x82>949</x82>
      <y82>777</y82>
      <x83>938</x83>
      <y83>786</y83>
      <x84>928</x84>
      <y84>801</y84>
      <x85>922</x85>
      <y85>807</y85>
      <x86>917</x86>
      <y86>810</y86>
      <x87>912</x87>
      <y87>811</y87>
      <x88>905</x88>
      <y88>817</y88>
      <x89>901</x89>
      <y89>826</y89>
      <x90>900</x90>
      <y90>842</y90>
      <x91>898</x91>
      <y91>850</y91>
      <x92>892</x92>
      <y92>856</y92>
      <x93>877</x93>
      <y93>858</y93>
      <x94>871</x94>
      <y94>860</y94>
      <x95>863</x95>
      <y95>865</y95>
      <x96>858</x96>
      <y96>870</y96>
      <x97>855</x97>
      <y97>885</y97>
      <x98>850</x98>
      <y98>889</y98>
      <x99>830</x99>
      <y99>888</y99>
      <x100>813</x100>
      <y100>880</y100>
      <x101>801</x101>
      <y101>879</y101>
      <x102>796</x102>
      <y102>877</y102>
      <x103>789</x103>
      <y103>877</y103>
      <x104>788</x104>
      <y104>876</y104>
      <x105>722</x105>
      <y105>875</y105>
      <x106>717</x106>
      <y106>874</y106>
      <x107>713</x107>
      <y107>869</y107>
      <x108>712</x108>
      <y108>849</y108>
      <x109>709</x109>
      <y109>835</y109>
      <x110>709</x110>
      <y110>814</y110>
      <x111>704</x111>
      <y111>802</y111>
      <x112>704</x112>
      <y112>794</y112>
      <x113>716</x113>
      <y113>776</y113>
      <x114>723</x114>
      <y114>769</y114>
      <x115>727</x115>
      <y115>767</y115>
      <x116>730</x116>
      <y116>761</y116>
      <x117>730</x117>
      <y117>758</y117>
      <x118>726</x118>
      <y118>753</y118>
      <x119>725</x119>
      <y119>746</y119>
      <x120>723</x120>
      <y120>744</y120>
      <x121>711</x121>
      <y121>744</y121>
      <x122>710</x122>
      <y122>745</y122>
      <x123>694</x123>
      <y123>744</y123>
      <x124>690</x124>
      <y124>746</y124>
      <x125>681</x125>
      <y125>745</y125>
      <x126>677</x126>
      <y126>749</y126>
      <x127>668</x127>
      <y127>749</y127>
      <x128>662</x128>
      <y128>751</y128>
      <x129>648</x129>
      <y129>752</y129>
      <x130>635</x130>
      <y130>758</y130>
      <x131>629</x131>
      <y131>764</y131>
      <x132>616</x132>
      <y132>771</y132>
      <x133>606</x133>
      <y133>780</y133>
      <x134>591</x134>
      <y134>788</y134>
      <x135>584</x135>
      <y135>789</y135>
      <x136>579</x136>
      <y136>785</y136>
      <x137>569</x137>
      <y137>786</y137>
      <x138>553</x138>
      <y138>782</y138>
      <x139>535</x139>
      <y139>784</y139>
      <x140>529</x140>
      <y140>787</y140>
      <x141>524</x141>
      <y141>792</y141>
      <x142>520</x142>
      <y142>793</y142>
      <x143>518</x143>
      <y143>798</y143>
      <x144>514</x144>
      <y144>801</y144>
      <x145>512</x145>
      <y145>806</y145>
      <x146>511</x146>
      <y146>820</y146>
      <x147>510</x147>
      <y147>821</y147>
      <x148>510</x148>
      <y148>839</y148>
      <x149>511</x149>
      <y149>840</y149>
      <x150>512</x150>
      <y150>850</y150>
      <x151>515</x151>
      <y151>857</y151>
      <x152>519</x152>
      <y152>861</y152>
      <x153>520</x153>
      <y153>864</y153>
      <x154>524</x154>
      <y154>863</y154>
      <x155>527</x155>
      <y155>858</y155>
      <x156>533</x156>
      <y156>872</y156>
      <x157>533</x157>
      <y157>883</y157>
      <x158>532</x158>
      <y158>884</y158>
      <x159>532</x159>
      <y159>901</y159>
      <x160>533</x160>
      <y160>904</y160>
      <x161>538</x161>
      <y161>911</y161>
      <x162>543</x162>
      <y162>922</y162>
      <x163>547</x163>
      <y163>925</y163>
      <x164>548</x164>
      <y164>928</y164>
      <x165>557</x165>
      <y165>937</y165>
      <x166>561</x166>
      <y166>948</y166>
      <x167>564</x167>
      <y167>951</y167>
      <x168>572</x168>
      <y168>955</y168>
      <x169>577</x169>
      <y169>963</y169>
      <x170>583</x170>
      <y170>963</y170>
      <x171>585</x171>
      <y171>965</y171>
      <x172>590</x172>
      <y172>977</y172>
      <x173>603</x173>
      <y173>983</y173>
      <x174>606</x174>
      <y174>986</y174>
      <x175>609</x175>
      <y175>986</y175>
      <x176>617</x176>
      <y176>997</y176>
      <x177>625</x177>
      <y177>1004</y177>
      <x178>653</x178>
      <y178>1017</y178>
      <x179>666</x179>
      <y179>1018</y179>
      <x180>667</x180>
      <y180>1019</y180>
      <x181>681</x181>
      <y181>1019</y181>
      <x182>682</x182>
      <y182>1020</y182>
      <x183>693</x183>
      <y183>1020</y183>
      <x184>694</x184>
      <y184>1019</y184>
      <x185>700</x185>
      <y185>1019</y185>
      <x186>701</x186>
      <y186>1020</y186>
      <x187>707</x187>
      <y187>1020</y187>
      <x188>708</x188>
      <y188>1019</y188>
      <x189>712</x189>
      <y189>1020</y189>
      <x190>720</x190>
      <y190>1020</y190>
      <x191>721</x191>
      <y191>1019</y191>
      <x192>756</x192>
      <y192>1020</y192>
      <x193>761</x193>
      <y193>1019</y193>
      <x194>762</x194>
      <y194>1020</y194>
      <x195>792</x195>
      <y195>1020</y195>
      <x196>793</x196>
      <y196>1021</y196>
      <x197>820</x197>
      <y197>1021</y197>
      <x198>821</x198>
      <y198>1020</y198>
      <x199>836</x199>
      <y199>1019</y199>
      <x200>837</x200>
      <y200>1018</y200>
      <x201>844</x201>
      <y201>1018</y201>
      <x202>845</x202>
      <y202>1019</y202>
      <x203>903</x203>
      <y203>1019</y203>
      <x204>904</x204>
      <y204>1020</y204>
      <x205>924</x205>
      <y205>1020</y205>
      <x206>925</x206>
      <y206>1019</y206>
      <x207>930</x207>
      <y207>1020</y207>
      <x208>965</x208>
      <y208>1020</y208>
      <x209>966</x209>
      <y209>1019</y209>
      <x210>977</x210>
      <y210>1019</y210>
      <x211>986</x211>
      <y211>1021</y211>
      <x212>1050</x212>
      <y212>1021</y212>
      <x213>1051</x213>
      <y213>1020</y213>
      <x214>1068</x214>
      <y214>1019</y214>
      <x215>1073</x215>
      <y215>1021</y215>
      <x216>1092</x216>
      <y216>1021</y216>
      <x217>1093</x217>
      <y217>1020</y217>
      <x218>1109</x218>
      <y218>1021</y218>
      <x219>1110</x219>
      <y219>1020</y219>
      <x220>1174</x220>
      <y220>1019</y220>
      <x221>1175</x221>
      <y221>1018</y221>
      <x222>1188</x222>
      <y222>1018</y222>
      <x223>1192</x223>
      <y223>1016</y223>
      <x224>1204</x224>
      <y224>1016</y224>
      <x225>1205</x225>
      <y225>1015</y225>
      <x226>1216</x226>
      <y226>1016</y226>
      <x227>1224</x227>
      <y227>1014</y227>
      <x228>1241</x228>
      <y228>1006</y228>
      <x229>1256</x229>
      <y229>1007</y229>
      <x230>1262</x230>
      <y230>1004</y230>
      <x231>1271</x231>
      <y231>1003</y231>
      <x232>1289</x232>
      <y232>992</y232>
      <x233>1299</x233>
      <y233>988</y233>
      <x234>1307</x234>
      <y234>981</y234>
      <x235>1320</x235>
      <y235>974</y235>
      <x236>1354</x236>
      <y236>946</y236>
      <x237>1383</x237>
      <y237>906</y237>
      <x238>1384</x238>
      <y238>901</y238>
      <x239>1390</x239>
      <y239>892</y239>
      <x240>1395</x240>
      <y240>877</y240>
      <x241>1395</x241>
      <y241>842</y241>
      <x242>1386</x242>
      <y242>821</y242>
      <x243>1386</x243>
      <y243>816</y243>
      <x244>1384</x244>
      <y244>811</y244>
      <x245>1382</x245>
      <y245>798</y245>
      <x246>1379</x246>
      <y246>792</y246>
      <x247>1374</x247>
      <y247>774</y247>
      <x248>1370</x248>
      <y248>768</y248>
      <x249>1369</x249>
      <y249>761</y249>
      <x250>1363</x250>
      <y250>753</y250>
      <x251>1360</x251>
      <y251>746</y251>
      <x252>1369</x252>
      <y252>733</y252>
      <x253>1371</x253>
      <y253>728</y253>
      <x254>1374</x254>
      <y254>725</y254>
      <x255>1378</x255>
      <y255>717</y255>
      <x256>1381</x256>
      <y256>708</y256>
      <x257>1383</x257>
      <y257>698</y257>
      <x258>1383</x258>
      <y258>691</y258>
      <x259>1384</x259>
      <y259>690</y259>
      <x260>1385</x260>
      <y260>649</y260>
      <x261>1384</x261>
      <y261>648</y261>
      <x262>1383</x262>
      <y262>631</y262>
      <x263>1381</x263>
      <y263>624</y263>
      <x264>1381</x264>
      <y264>605</y264>
    </polygon>
  </object>
</annotation>
