<?xml version="1.0" ?>
<annotation>
  <folder>VOC</folder>
  <filename>56-2.png</filename>
  <source>
    <database>roboflow.ai</database>
  </source>
  <size>
    <width>1792</width>
    <height>1024</height>
    <depth>3</depth>
  </size>
  <segmented>0</segmented>
  <object>
    <name>person</name>
    <bndbox>
      <xmin>661</xmin>
      <ymin>632</ymin>
      <xmax>795</xmax>
      <ymax>890</ymax>
    </bndbox>
    <polygon>
      <x1>722</x1>
      <y1>632</y1>
      <x2>715</x2>
      <y2>634</y2>
      <x3>709</x3>
      <y3>639</y3>
      <x4>703</x4>
      <y4>647</y4>
      <x5>700</x5>
      <y5>657</y5>
      <x6>695</x6>
      <y6>662</y6>
      <x7>691</x7>
      <y7>670</y7>
      <x8>673</x8>
      <y8>679</y8>
      <x9>665</x9>
      <y9>701</y9>
      <x10>661</x10>
      <y10>725</y10>
      <x11>664</x11>
      <y11>737</y11>
      <x12>672</x12>
      <y12>751</y12>
      <x13>672</x13>
      <y13>761</y13>
      <x14>669</x14>
      <y14>771</y14>
      <x15>670</x15>
      <y15>810</y15>
      <x16>677</x16>
      <y16>818</y16>
      <x17>684</x17>
      <y17>819</y17>
      <x18>690</x18>
      <y18>823</y18>
      <x19>693</x19>
      <y19>849</y19>
      <x20>703</x20>
      <y20>867</y20>
      <x21>705</x21>
      <y21>878</y21>
      <x22>715</x22>
      <y22>887</y22>
      <x23>737</x23>
      <y23>887</y23>
      <x24>750</x24>
      <y24>890</y24>
      <x25>756</x25>
      <y25>890</y25>
      <x26>758</x26>
      <y26>886</y26>
      <x27>750</x27>
      <y27>883</y27>
      <x28>745</x28>
      <y28>878</y28>
      <x29>742</x29>
      <y29>872</y29>
      <x30>743</x30>
      <y30>863</y30>
      <x31>739</x31>
      <y31>851</y31>
      <x32>737</x32>
      <y32>828</y32>
      <x33>742</x33>
      <y33>822</y33>
      <x34>743</x34>
      <y34>816</y34>
      <x35>738</x35>
      <y35>789</y35>
      <x36>738</x36>
      <y36>780</y36>
      <x37>732</x37>
      <y37>733</y37>
      <x38>732</x38>
      <y38>722</y38>
      <x39>734</x39>
      <y39>719</y39>
      <x40>737</x40>
      <y40>718</y40>
      <x41>752</x41>
      <y41>722</y41>
      <x42>765</x42>
      <y42>722</y42>
      <x43>775</x43>
      <y43>718</y43>
      <x44>779</x44>
      <y44>718</y44>
      <x45>783</x45>
      <y45>716</y45>
      <x46>785</x46>
      <y46>706</y46>
      <x47>795</x47>
      <y47>698</y47>
      <x48>795</x48>
      <y48>693</y48>
      <x49>793</x49>
      <y49>691</y49>
      <x50>788</x50>
      <y50>690</y50>
      <x51>778</x51>
      <y51>695</y51>
      <x52>772</x52>
      <y52>701</y52>
      <x53>767</x53>
      <y53>702</y53>
      <x54>760</x54>
      <y54>706</y54>
      <x55>752</x55>
      <y55>704</y55>
      <x56>743</x56>
      <y56>698</y56>
      <x57>731</x57>
      <y57>685</y57>
      <x58>725</x58>
      <y58>682</y58>
      <x59>726</x59>
      <y59>676</y59>
      <x60>735</x60>
      <y60>669</y60>
      <x61>737</x61>
      <y61>664</y61>
      <x62>736</x62>
      <y62>653</y62>
      <x63>738</x63>
      <y63>647</y63>
      <x64>738</x64>
      <y64>639</y64>
      <x65>733</x65>
      <y65>634</y65>
    </polygon>
  </object>
</annotation>
