<?xml version="1.0" ?>
<annotation>
  <folder>VOC</folder>
  <filename>57-1.png</filename>
  <source>
    <database>roboflow.ai</database>
  </source>
  <size>
    <width>1792</width>
    <height>1024</height>
    <depth>3</depth>
  </size>
  <segmented>0</segmented>
  <object>
    <name>person</name>
    <bndbox>
      <xmin>819</xmin>
      <ymin>406</ymin>
      <xmax>963</xmax>
      <ymax>745</ymax>
    </bndbox>
    <polygon>
      <x1>920</x1>
      <y1>406</y1>
      <x2>911</x2>
      <y2>408</y2>
      <x3>900</x3>
      <y3>421</y3>
      <x4>897</x4>
      <y4>430</y4>
      <x5>897</x5>
      <y5>442</y5>
      <x6>898</x6>
      <y6>443</y6>
      <x7>895</x7>
      <y7>446</y7>
      <x8>879</x8>
      <y8>454</y8>
      <x9>873</x9>
      <y9>455</y9>
      <x10>861</x10>
      <y10>460</y10>
      <x11>854</x11>
      <y11>467</y11>
      <x12>848</x12>
      <y12>479</y12>
      <x13>838</x13>
      <y13>507</y13>
      <x14>831</x14>
      <y14>521</y14>
      <x15>830</x15>
      <y15>534</y15>
      <x16>826</x16>
      <y16>548</y16>
      <x17>825</x17>
      <y17>560</y17>
      <x18>821</x18>
      <y18>570</y18>
      <x19>819</x19>
      <y19>582</y19>
      <x20>820</x20>
      <y20>587</y20>
      <x21>823</x21>
      <y21>590</y21>
      <x22>834</x22>
      <y22>591</y22>
      <x23>837</x23>
      <y23>589</y23>
      <x24>841</x24>
      <y24>578</y24>
      <x25>841</x25>
      <y25>565</y25>
      <x26>844</x26>
      <y26>557</y26>
      <x27>844</x27>
      <y27>549</y27>
      <x28>850</x28>
      <y28>542</y28>
      <x29>852</x29>
      <y29>536</y29>
      <x30>857</x30>
      <y30>531</y30>
      <x31>859</x31>
      <y31>531</y31>
      <x32>863</x32>
      <y32>535</y32>
      <x33>864</x33>
      <y33>549</y33>
      <x34>857</x34>
      <y34>588</y34>
      <x35>857</x35>
      <y35>615</y35>
      <x36>854</x36>
      <y36>635</y36>
      <x37>855</x37>
      <y37>643</y37>
      <x38>854</x38>
      <y38>683</y38>
      <x39>856</x39>
      <y39>689</y39>
      <x40>856</x40>
      <y40>701</y40>
      <x41>848</x41>
      <y41>705</y41>
      <x42>847</x42>
      <y42>712</y42>
      <x43>857</x43>
      <y43>723</y43>
      <x44>863</x44>
      <y44>724</y44>
      <x45>870</x45>
      <y45>728</y45>
      <x46>875</x46>
      <y46>726</y46>
      <x47>877</x47>
      <y47>721</y47>
      <x48>877</x48>
      <y48>715</y48>
      <x49>882</x49>
      <y49>705</y49>
      <x50>886</x50>
      <y50>683</y50>
      <x51>885</x51>
      <y51>655</y51>
      <x52>890</x52>
      <y52>631</y52>
      <x53>893</x53>
      <y53>624</y53>
      <x54>898</x54>
      <y54>632</y54>
      <x55>900</x55>
      <y55>642</y55>
      <x56>899</x56>
      <y56>689</y56>
      <x57>896</x57>
      <y57>697</y57>
      <x58>895</x58>
      <y58>707</y58>
      <x59>899</x59>
      <y59>723</y59>
      <x60>899</x60>
      <y60>737</y60>
      <x61>901</x61>
      <y61>742</y61>
      <x62>905</x62>
      <y62>745</y62>
      <x63>910</x63>
      <y63>745</y63>
      <x64>921</x64>
      <y64>738</y64>
      <x65>935</x65>
      <y65>724</y65>
      <x66>937</x66>
      <y66>709</y66>
      <x67>935</x67>
      <y67>706</y67>
      <x68>929</x68>
      <y68>702</y68>
      <x69>929</x69>
      <y69>696</y69>
      <x70>931</x70>
      <y70>693</y70>
      <x71>934</x71>
      <y71>681</y71>
      <x72>934</x72>
      <y72>666</y72>
      <x73>939</x73>
      <y73>632</y73>
      <x74>940</x74>
      <y74>587</y74>
      <x75>939</x75>
      <y75>586</y75>
      <x76>938</x76>
      <y76>562</y76>
      <x77>939</x77>
      <y77>559</y77>
      <x78>942</x78>
      <y78>557</y78>
      <x79>949</x79>
      <y79>561</y79>
      <x80>954</x80>
      <y80>566</y80>
      <x81>963</x81>
      <y81>552</y81>
      <x82>963</x82>
      <y82>542</y82>
      <x83>961</x83>
      <y83>538</y83>
      <x84>958</x84>
      <y84>522</y84>
      <x85>956</x85>
      <y85>491</y85>
      <x86>954</x86>
      <y86>485</y86>
      <x87>947</x87>
      <y87>475</y87>
      <x88>942</x88>
      <y88>471</y88>
      <x89>937</x89>
      <y89>470</y89>
      <x90>925</x90>
      <y90>458</y90>
      <x91>922</x91>
      <y91>452</y91>
      <x92>922</x92>
      <y92>450</y92>
      <x93>931</x93>
      <y93>441</y93>
      <x94>937</x94>
      <y94>431</y94>
      <x95>938</x95>
      <y95>422</y95>
      <x96>935</x96>
      <y96>415</y96>
      <x97>928</x97>
      <y97>408</y97>
    </polygon>
  </object>
</annotation>
