<?xml version="1.0" ?>
<annotation>
  <folder>VOC</folder>
  <filename>57-2.png</filename>
  <source>
    <database>roboflow.ai</database>
  </source>
  <size>
    <width>1792</width>
    <height>1024</height>
    <depth>3</depth>
  </size>
  <segmented>0</segmented>
  <object>
    <name>person</name>
    <bndbox>
      <xmin>830</xmin>
      <ymin>740</ymin>
      <xmax>954</xmax>
      <ymax>903</ymax>
    </bndbox>
    <polygon>
      <x1>835</x1>
      <y1>744</y1>
      <x2>830</x2>
      <y2>752</y2>
      <x3>831</x3>
      <y3>763</y3>
      <x4>837</x4>
      <y4>774</y4>
      <x5>840</x5>
      <y5>777</y5>
      <x6>849</x6>
      <y6>779</y6>
      <x7>863</x7>
      <y7>779</y7>
      <x8>865</x8>
      <y8>781</y8>
      <x9>864</x9>
      <y9>782</y9>
      <x10>864</x10>
      <y10>795</y10>
      <x11>867</x11>
      <y11>807</y11>
      <x12>871</x12>
      <y12>815</y12>
      <x13>871</x13>
      <y13>820</y13>
      <x14>872</x14>
      <y14>821</y14>
      <x15>870</x15>
      <y15>831</y15>
      <x16>863</x16>
      <y16>846</y16>
      <x17>861</x17>
      <y17>854</y17>
      <x18>854</x18>
      <y18>869</y18>
      <x19>851</x19>
      <y19>879</y19>
      <x20>847</x20>
      <y20>886</y20>
      <x21>851</x21>
      <y21>892</y21>
      <x22>858</x22>
      <y22>892</y22>
      <x23>862</x23>
      <y23>888</y23>
      <x24>866</x24>
      <y24>876</y24>
      <x25>876</x25>
      <y25>864</y25>
      <x26>883</x26>
      <y26>848</y26>
      <x27>891</x27>
      <y27>842</y27>
      <x28>892</x28>
      <y28>843</y28>
      <x29>892</x29>
      <y29>862</y29>
      <x30>893</x30>
      <y30>863</y30>
      <x31>892</x31>
      <y31>865</y31>
      <x32>892</x32>
      <y32>891</y32>
      <x33>893</x33>
      <y33>894</y33>
      <x34>898</x34>
      <y34>898</y34>
      <x35>903</x35>
      <y35>899</y35>
      <x36>911</x36>
      <y36>903</y36>
      <x37>914</x37>
      <y37>903</y37>
      <x38>918</x38>
      <y38>900</y38>
      <x39>920</x39>
      <y39>893</y39>
      <x40>924</x40>
      <y40>886</y40>
      <x41>927</x41>
      <y41>883</y41>
      <x42>934</x42>
      <y42>883</y42>
      <x43>937</x43>
      <y43>886</y43>
      <x44>937</x44>
      <y44>897</y44>
      <x45>939</x45>
      <y45>902</y45>
      <x46>948</x46>
      <y46>903</y46>
      <x47>950</x47>
      <y47>900</y47>
      <x48>952</x48>
      <y48>892</y48>
      <x49>952</x49>
      <y49>873</y49>
      <x50>951</x50>
      <y50>872</y50>
      <x51>952</x51>
      <y51>871</y51>
      <x52>953</x52>
      <y52>852</y52>
      <x53>954</x53>
      <y53>851</y53>
      <x54>953</x54>
      <y54>825</y54>
      <x55>948</x55>
      <y55>814</y55>
      <x56>948</x56>
      <y56>811</y56>
      <x57>940</x57>
      <y57>787</y57>
      <x58>930</x58>
      <y58>769</y58>
      <x59>923</x59>
      <y59>761</y59>
      <x60>912</x60>
      <y60>754</y60>
      <x61>906</x61>
      <y61>752</y61>
      <x62>887</x62>
      <y62>752</y62>
      <x63>878</x63>
      <y63>756</y63>
      <x64>870</x64>
      <y64>756</y64>
      <x65>853</x65>
      <y65>741</y65>
      <x66>842</x66>
      <y66>740</y66>
    </polygon>
  </object>
  <object>
    <name>person</name>
    <bndbox>
      <xmin>693</xmin>
      <ymin>710</ymin>
      <xmax>803</xmax>
      <ymax>963</ymax>
    </bndbox>
    <polygon>
      <x1>738</x1>
      <y1>710</y1>
      <x2>732</x2>
      <y2>712</y2>
      <x3>720</x3>
      <y3>726</y3>
      <x4>716</x4>
      <y4>727</y4>
      <x5>700</x5>
      <y5>738</y5>
      <x6>700</x6>
      <y6>740</y6>
      <x7>704</x7>
      <y7>743</y7>
      <x8>716</x8>
      <y8>744</y8>
      <x9>718</x9>
      <y9>746</y9>
      <x10>716</x10>
      <y10>748</y10>
      <x11>715</x11>
      <y11>752</y11>
      <x12>711</x12>
      <y12>756</y12>
      <x13>705</x13>
      <y13>757</y13>
      <x14>699</x14>
      <y14>760</y14>
      <x15>693</x15>
      <y15>772</y15>
      <x16>695</x16>
      <y16>782</y16>
      <x17>695</x17>
      <y17>801</y17>
      <x18>704</x18>
      <y18>828</y18>
      <x19>704</x19>
      <y19>852</y19>
      <x20>705</x20>
      <y20>853</y20>
      <x21>706</x21>
      <y21>866</y21>
      <x22>716</x22>
      <y22>902</y22>
      <x23>721</x23>
      <y23>928</y23>
      <x24>725</x24>
      <y24>936</y24>
      <x25>730</x25>
      <y25>951</y25>
      <x26>735</x26>
      <y26>960</y26>
      <x27>738</x27>
      <y27>962</y27>
      <x28>746</x28>
      <y28>962</y28>
      <x29>751</x29>
      <y29>961</y29>
      <x30>755</x30>
      <y30>957</y30>
      <x31>755</x31>
      <y31>954</y31>
      <x32>746</x32>
      <y32>947</y32>
      <x33>742</x33>
      <y33>935</y33>
      <x34>739</x34>
      <y34>908</y34>
      <x35>737</x35>
      <y35>902</y35>
      <x36>737</x36>
      <y36>890</y36>
      <x37>739</x37>
      <y37>888</y37>
      <x38>745</x38>
      <y38>892</y38>
      <x39>747</x39>
      <y39>900</y39>
      <x40>752</x40>
      <y40>908</y40>
      <x41>753</x41>
      <y41>914</y41>
      <x42>759</x42>
      <y42>928</y42>
      <x43>760</x43>
      <y43>934</y43>
      <x44>769</x44>
      <y44>960</y44>
      <x45>774</x45>
      <y45>963</y45>
      <x46>783</x46>
      <y46>963</y46>
      <x47>799</x47>
      <y47>958</y47>
      <x48>803</x48>
      <y48>954</y48>
      <x49>799</x49>
      <y49>952</y49>
      <x50>792</x50>
      <y50>951</y50>
      <x51>786</x51>
      <y51>944</y51>
      <x52>780</x52>
      <y52>928</y52>
      <x53>778</x53>
      <y53>912</y53>
      <x54>774</x54>
      <y54>900</y54>
      <x55>771</x55>
      <y55>881</y55>
      <x56>767</x56>
      <y56>869</y56>
      <x57>767</x57>
      <y57>864</y57>
      <x58>764</x58>
      <y58>855</y58>
      <x59>757</x59>
      <y59>844</y59>
      <x60>755</x60>
      <y60>836</y60>
      <x61>757</x61>
      <y61>833</y61>
      <x62>763</x62>
      <y62>833</y62>
      <x63>769</x63>
      <y63>835</y63>
      <x64>779</x64>
      <y64>836</y64>
      <x65>785</x65>
      <y65>841</y65>
      <x66>790</x66>
      <y66>841</y66>
      <x67>795</x67>
      <y67>839</y67>
      <x68>796</x68>
      <y68>834</y68>
      <x69>794</x69>
      <y69>830</y69>
      <x70>779</x70>
      <y70>823</y70>
      <x71>768</x71>
      <y71>821</y71>
      <x72>760</x72>
      <y72>817</y72>
      <x73>757</x73>
      <y73>814</y73>
      <x74>755</x74>
      <y74>810</y74>
      <x75>755</x75>
      <y75>803</y75>
      <x76>756</x76>
      <y76>802</y76>
      <x77>755</x77>
      <y77>779</y77>
      <x78>753</x78>
      <y78>773</y78>
      <x79>743</x79>
      <y79>765</y79>
      <x80>746</x80>
      <y80>758</y80>
      <x81>752</x81>
      <y81>753</y81>
      <x82>774</x82>
      <y82>752</y82>
      <x83>779</x83>
      <y83>750</y83>
      <x84>781</x84>
      <y84>745</y84>
      <x85>779</x85>
      <y85>740</y85>
      <x86>774</x86>
      <y86>734</y86>
      <x87>766</x87>
      <y87>729</y87>
      <x88>762</x88>
      <y88>725</y88>
      <x89>761</x89>
      <y89>719</y89>
      <x90>757</x90>
      <y90>714</y90>
      <x91>746</x91>
      <y91>710</y91>
    </polygon>
  </object>
  <object>
    <name>person</name>
    <bndbox>
      <xmin>602</xmin>
      <ymin>557</ymin>
      <xmax>715</xmax>
      <ymax>663</ymax>
    </bndbox>
    <polygon>
      <x1>627</x1>
      <y1>561</y1>
      <x2>620</x2>
      <y2>572</y2>
      <x3>620</x3>
      <y3>581</y3>
      <x4>624</x4>
      <y4>586</y4>
      <x5>633</x5>
      <y5>592</y5>
      <x6>641</x6>
      <y6>594</y6>
      <x7>643</x7>
      <y7>597</y7>
      <x8>643</x8>
      <y8>604</y8>
      <x9>637</x9>
      <y9>616</y9>
      <x10>618</x10>
      <y10>633</y10>
      <x11>605</x11>
      <y11>641</y11>
      <x12>602</x12>
      <y12>644</y12>
      <x13>602</x13>
      <y13>648</y13>
      <x14>604</x14>
      <y14>650</y14>
      <x15>608</x15>
      <y15>650</y15>
      <x16>621</x16>
      <y16>644</y16>
      <x17>630</x17>
      <y17>635</y17>
      <x18>642</x18>
      <y18>629</y18>
      <x19>652</x19>
      <y19>621</y19>
      <x20>655</x20>
      <y20>621</y20>
      <x21>660</x21>
      <y21>627</y21>
      <x22>650</x22>
      <y22>642</y22>
      <x23>639</x23>
      <y23>652</y23>
      <x24>638</x24>
      <y24>662</y24>
      <x25>641</x25>
      <y25>663</y25>
      <x26>648</x26>
      <y26>661</y26>
      <x27>662</x27>
      <y27>650</y27>
      <x28>665</x28>
      <y28>653</y28>
      <x29>669</x29>
      <y29>661</y29>
      <x30>677</x30>
      <y30>661</y30>
      <x31>682</x31>
      <y31>658</y31>
      <x32>691</x32>
      <y32>658</y32>
      <x33>695</x33>
      <y33>660</y33>
      <x34>711</x34>
      <y34>661</y34>
      <x35>715</x35>
      <y35>655</y35>
      <x36>711</x36>
      <y36>623</y36>
      <x37>705</x37>
      <y37>609</y37>
      <x38>690</x38>
      <y38>589</y38>
      <x39>675</x39>
      <y39>576</y39>
      <x40>665</x40>
      <y40>571</y40>
      <x41>654</x41>
      <y41>569</y41>
      <x42>649</x42>
      <y42>562</y42>
      <x43>642</x43>
      <y43>557</y43>
      <x44>633</x44>
      <y44>557</y44>
    </polygon>
  </object>
  <object>
    <name>person</name>
    <bndbox>
      <xmin>748</xmin>
      <ymin>583</ymin>
      <xmax>836</xmax>
      <ymax>691</ymax>
    </bndbox>
    <polygon>
      <x1>756</x1>
      <y1>585</y1>
      <x2>752</x2>
      <y2>589</y2>
      <x3>749</x3>
      <y3>595</y3>
      <x4>748</x4>
      <y4>606</y4>
      <x5>753</x5>
      <y5>615</y5>
      <x6>759</x6>
      <y6>620</y6>
      <x7>762</x7>
      <y7>621</y7>
      <x8>767</x8>
      <y8>626</y8>
      <x9>771</x9>
      <y9>633</y9>
      <x10>771</x10>
      <y10>650</y10>
      <x11>766</x11>
      <y11>662</y11>
      <x12>771</x12>
      <y12>666</y12>
      <x13>777</x13>
      <y13>667</y13>
      <x14>780</x14>
      <y14>670</y14>
      <x15>781</x15>
      <y15>675</y15>
      <x16>786</x16>
      <y16>679</y16>
      <x17>809</x17>
      <y17>679</y17>
      <x18>820</x18>
      <y18>683</y18>
      <x19>830</x19>
      <y19>691</y19>
      <x20>835</x20>
      <y20>691</y20>
      <x21>836</x21>
      <y21>689</y21>
      <x22>835</x22>
      <y22>679</y22>
      <x23>830</x23>
      <y23>656</y23>
      <x24>828</x24>
      <y24>653</y24>
      <x25>827</x25>
      <y25>646</y25>
      <x26>823</x26>
      <y26>639</y26>
      <x27>820</x27>
      <y27>620</y27>
      <x28>812</x28>
      <y28>604</y28>
      <x29>804</x29>
      <y29>596</y29>
      <x30>795</x30>
      <y30>592</y30>
      <x31>781</x31>
      <y31>593</y31>
      <x32>779</x32>
      <y32>592</y32>
      <x33>773</x33>
      <y33>584</y33>
      <x34>763</x34>
      <y34>583</y34>
    </polygon>
  </object>
  <object>
    <name>person</name>
    <bndbox>
      <xmin>984</xmin>
      <ymin>523</ymin>
      <xmax>1038</xmax>
      <ymax>623</ymax>
    </bndbox>
    <polygon>
      <x1>1003</x1>
      <y1>523</y1>
      <x2>998</x2>
      <y2>525</y2>
      <x3>985</x3>
      <y3>538</y3>
      <x4>984</x4>
      <y4>543</y4>
      <x5>991</x5>
      <y5>552</y5>
      <x6>997</x6>
      <y6>554</y6>
      <x7>1000</x7>
      <y7>557</y7>
      <x8>1001</x8>
      <y8>560</y8>
      <x9>1001</x9>
      <y9>568</y9>
      <x10>1006</x10>
      <y10>577</y10>
      <x11>1003</x11>
      <y11>591</y11>
      <x12>1006</x12>
      <y12>596</y12>
      <x13>1006</x13>
      <y13>600</y13>
      <x14>1007</x14>
      <y14>601</y14>
      <x15>1007</x15>
      <y15>614</y15>
      <x16>1008</x16>
      <y16>615</y16>
      <x17>1008</x17>
      <y17>619</y17>
      <x18>1010</x18>
      <y18>623</y18>
      <x19>1014</x19>
      <y19>623</y19>
      <x20>1018</x20>
      <y20>621</y20>
      <x21>1020</x21>
      <y21>616</y21>
      <x22>1020</x22>
      <y22>612</y22>
      <x23>1022</x23>
      <y23>605</y23>
      <x24>1037</x24>
      <y24>579</y24>
      <x25>1038</x25>
      <y25>576</y25>
      <x26>1038</x26>
      <y26>563</y26>
      <x27>1036</x27>
      <y27>557</y27>
      <x28>1025</x28>
      <y28>535</y28>
      <x29>1017</x29>
      <y29>527</y29>
    </polygon>
  </object>
  <object>
    <name>person</name>
    <bndbox>
      <xmin>1409</xmin>
      <ymin>601</ymin>
      <xmax>1498</xmax>
      <ymax>763</ymax>
    </bndbox>
    <polygon>
      <x1>1473</x1>
      <y1>604</y1>
      <x2>1464</x2>
      <y2>603</y2>
      <x3>1459</x3>
      <y3>601</y3>
      <x4>1454</x4>
      <y4>602</y4>
      <x5>1452</x5>
      <y5>604</y5>
      <x6>1452</x6>
      <y6>609</y6>
      <x7>1454</x7>
      <y7>614</y7>
      <x8>1463</x8>
      <y8>626</y8>
      <x9>1461</x9>
      <y9>630</y9>
      <x10>1458</x10>
      <y10>633</y10>
      <x11>1452</x11>
      <y11>633</y11>
      <x12>1447</x12>
      <y12>637</y12>
      <x13>1433</x13>
      <y13>656</y13>
      <x14>1427</x14>
      <y14>661</y14>
      <x15>1423</x15>
      <y15>662</y15>
      <x16>1417</x16>
      <y16>658</y16>
      <x17>1411</x17>
      <y17>659</y17>
      <x18>1409</x18>
      <y18>662</y18>
      <x19>1412</x19>
      <y19>670</y19>
      <x20>1421</x20>
      <y20>674</y20>
      <x21>1430</x21>
      <y21>673</y21>
      <x22>1434</x22>
      <y22>671</y22>
      <x23>1438</x23>
      <y23>667</y23>
      <x24>1443</x24>
      <y24>667</y24>
      <x25>1447</x25>
      <y25>670</y25>
      <x26>1447</x26>
      <y26>677</y26>
      <x27>1445</x27>
      <y27>684</y27>
      <x28>1442</x28>
      <y28>688</y28>
      <x29>1434</x29>
      <y29>705</y29>
      <x30>1430</x30>
      <y30>720</y30>
      <x31>1430</x31>
      <y31>724</y31>
      <x32>1419</x32>
      <y32>753</y32>
      <x33>1421</x33>
      <y33>758</y33>
      <x34>1429</x34>
      <y34>763</y34>
      <x35>1433</x35>
      <y35>763</y35>
      <x36>1442</x36>
      <y36>754</y36>
      <x37>1446</x37>
      <y37>752</y37>
      <x38>1455</x38>
      <y38>737</y38>
      <x39>1460</x39>
      <y39>732</y39>
      <x40>1467</x40>
      <y40>733</y40>
      <x41>1472</x41>
      <y41>728</y41>
      <x42>1474</x42>
      <y42>716</y42>
      <x43>1479</x43>
      <y43>707</y43>
      <x44>1490</x44>
      <y44>681</y44>
      <x45>1490</x45>
      <y45>658</y45>
      <x46>1491</x46>
      <y46>655</y46>
      <x47>1487</x47>
      <y47>640</y47>
      <x48>1489</x48>
      <y48>638</y48>
      <x49>1496</x49>
      <y49>637</y49>
      <x50>1498</x50>
      <y50>635</y50>
      <x51>1498</x51>
      <y51>632</y51>
      <x52>1484</x52>
      <y52>610</y52>
      <x53>1481</x53>
      <y53>607</y53>
    </polygon>
  </object>
  <object>
    <name>person</name>
    <bndbox>
      <xmin>792</xmin>
      <ymin>411</ymin>
      <xmax>829</xmax>
      <ymax>511</ymax>
    </bndbox>
    <polygon>
      <x1>814</x1>
      <y1>411</y1>
      <x2>809</x2>
      <y2>413</y2>
      <x3>807</x3>
      <y3>420</y3>
      <x4>800</x4>
      <y4>429</y4>
      <x5>798</x5>
      <y5>438</y5>
      <x6>793</x6>
      <y6>443</y6>
      <x7>792</x7>
      <y7>447</y7>
      <x8>800</x8>
      <y8>460</y8>
      <x9>801</x9>
      <y9>508</y9>
      <x10>804</x10>
      <y10>508</y10>
      <x11>806</x11>
      <y11>505</y11>
      <x12>809</x12>
      <y12>485</y12>
      <x13>810</x13>
      <y13>494</y13>
      <x14>814</x14>
      <y14>507</y14>
      <x15>817</x15>
      <y15>510</y15>
      <x16>821</x16>
      <y16>511</y16>
      <x17>823</x17>
      <y17>479</y17>
      <x18>826</x18>
      <y18>467</y18>
      <x19>825</x19>
      <y19>450</y19>
      <x20>828</x20>
      <y20>447</y20>
      <x21>829</x21>
      <y21>443</y21>
      <x22>823</x22>
      <y22>428</y22>
      <x23>819</x23>
      <y23>424</y23>
      <x24>818</x24>
      <y24>416</y24>
    </polygon>
  </object>
</annotation>
