<?xml version="1.0" ?>
<annotation>
  <folder>VOC</folder>
  <filename>59-2.png</filename>
  <source>
    <database>roboflow.ai</database>
  </source>
  <size>
    <width>1792</width>
    <height>1024</height>
    <depth>3</depth>
  </size>
  <segmented>0</segmented>
  <object>
    <name>person</name>
    <bndbox>
      <xmin>718</xmin>
      <ymin>619</ymin>
      <xmax>868</xmax>
      <ymax>797</ymax>
    </bndbox>
    <polygon>
      <x1>814</x1>
      <y1>619</y1>
      <x2>800</x2>
      <y2>619</y2>
      <x3>797</x3>
      <y3>620</y3>
      <x4>794</x4>
      <y4>623</y4>
      <x5>791</x5>
      <y5>629</y5>
      <x6>789</x6>
      <y6>637</y6>
      <x7>789</x7>
      <y7>645</y7>
      <x8>788</x8>
      <y8>646</y8>
      <x9>789</x9>
      <y9>657</y9>
      <x10>791</x10>
      <y10>667</y10>
      <x11>798</x11>
      <y11>683</y11>
      <x12>794</x12>
      <y12>687</y12>
      <x13>781</x13>
      <y13>692</y13>
      <x14>777</x14>
      <y14>697</y14>
      <x15>778</x15>
      <y15>710</y15>
      <x16>784</x16>
      <y16>729</y16>
      <x17>784</x17>
      <y17>736</y17>
      <x18>782</x18>
      <y18>742</y18>
      <x19>778</x19>
      <y19>746</y19>
      <x20>773</x20>
      <y20>748</y20>
      <x21>768</x21>
      <y21>745</y21>
      <x22>753</x22>
      <y22>745</y22>
      <x23>746</x23>
      <y23>740</y23>
      <x24>739</x24>
      <y24>738</y24>
      <x25>726</x25>
      <y25>738</y25>
      <x26>722</x26>
      <y26>740</y26>
      <x27>718</x27>
      <y27>745</y27>
      <x28>718</x28>
      <y28>753</y28>
      <x29>721</x29>
      <y29>758</y29>
      <x30>736</x30>
      <y30>771</y30>
      <x31>781</x31>
      <y31>793</y31>
      <x32>797</x32>
      <y32>797</y32>
      <x33>824</x33>
      <y33>795</y33>
      <x34>837</x34>
      <y34>791</y34>
      <x35>842</x35>
      <y35>791</y35>
      <x36>859</x36>
      <y36>785</y36>
      <x37>864</x37>
      <y37>782</y37>
      <x38>868</x38>
      <y38>777</y38>
      <x39>868</x39>
      <y39>767</y39>
      <x40>864</x40>
      <y40>755</y40>
      <x41>862</x41>
      <y41>743</y41>
      <x42>860</x42>
      <y42>739</y42>
      <x43>861</x43>
      <y43>718</y43>
      <x44>859</x44>
      <y44>713</y44>
      <x45>857</x45>
      <y45>697</y45>
      <x46>852</x46>
      <y46>679</y46>
      <x47>847</x47>
      <y47>671</y47>
      <x48>837</x48>
      <y48>661</y48>
      <x49>835</x49>
      <y49>657</y49>
      <x50>834</x50>
      <y50>648</y50>
      <x51>830</x51>
      <y51>638</y51>
      <x52>830</x52>
      <y52>635</y52>
      <x53>827</x53>
      <y53>629</y53>
      <x54>822</x54>
      <y54>623</y54>
    </polygon>
  </object>
  <object>
    <name>person</name>
    <bndbox>
      <xmin>1072</xmin>
      <ymin>853</ymin>
      <xmax>1346</xmax>
      <ymax>1003</ymax>
    </bndbox>
    <polygon>
      <x1>1346</x1>
      <y1>878</y1>
      <x2>1341</x2>
      <y2>869</y2>
      <x3>1335</x3>
      <y3>863</y3>
      <x4>1320</x4>
      <y4>854</y4>
      <x5>1313</x5>
      <y5>853</y5>
      <x6>1300</x6>
      <y6>854</y6>
      <x7>1288</x7>
      <y7>865</y7>
      <x8>1281</x8>
      <y8>869</y8>
      <x9>1271</x9>
      <y9>872</y9>
      <x10>1265</x10>
      <y10>870</y10>
      <x11>1259</x11>
      <y11>865</y11>
      <x12>1255</x12>
      <y12>864</y12>
      <x13>1247</x13>
      <y13>865</y13>
      <x14>1231</x14>
      <y14>875</y14>
      <x15>1227</x15>
      <y15>886</y15>
      <x16>1200</x16>
      <y16>912</y16>
      <x17>1194</x17>
      <y17>924</y17>
      <x18>1186</x18>
      <y18>934</y18>
      <x19>1186</x19>
      <y19>942</y19>
      <x20>1191</x20>
      <y20>949</y20>
      <x21>1187</x21>
      <y21>953</y21>
      <x22>1172</x22>
      <y22>950</y22>
      <x23>1168</x23>
      <y23>946</y23>
      <x24>1156</x24>
      <y24>941</y24>
      <x25>1150</x25>
      <y25>936</y25>
      <x26>1145</x26>
      <y26>927</y26>
      <x27>1131</x27>
      <y27>917</y27>
      <x28>1124</x28>
      <y28>915</y28>
      <x29>1112</x29>
      <y29>915</y29>
      <x30>1101</x30>
      <y30>919</y30>
      <x31>1094</x31>
      <y31>926</y31>
      <x32>1094</x32>
      <y32>933</y32>
      <x33>1129</x33>
      <y33>970</y33>
      <x34>1129</x34>
      <y34>974</y34>
      <x35>1128</x35>
      <y35>975</y35>
      <x36>1076</x36>
      <y36>974</y36>
      <x37>1073</x37>
      <y37>975</y37>
      <x38>1072</x38>
      <y38>977</y38>
      <x39>1088</x39>
      <y39>987</y39>
      <x40>1130</x40>
      <y40>988</y40>
      <x41>1135</x41>
      <y41>990</y41>
      <x42>1145</x42>
      <y42>990</y42>
      <x43>1153</x43>
      <y43>992</y43>
      <x44>1177</x44>
      <y44>994</y44>
      <x45>1184</x45>
      <y45>996</y45>
      <x46>1211</x46>
      <y46>997</y46>
      <x47>1221</x47>
      <y47>1000</y47>
      <x48>1228</x48>
      <y48>998</y48>
      <x49>1239</x49>
      <y49>998</y49>
      <x50>1247</x50>
      <y50>1001</y50>
      <x51>1255</x51>
      <y51>1001</y51>
      <x52>1264</x52>
      <y52>1003</y52>
      <x53>1271</x53>
      <y53>1001</y53>
      <x54>1310</x54>
      <y54>1001</y54>
      <x55>1311</x55>
      <y55>1000</y55>
      <x56>1336</x56>
      <y56>999</y56>
      <x57>1339</x57>
      <y57>994</y57>
      <x58>1339</x58>
      <y58>980</y58>
      <x59>1345</x59>
      <y59>961</y59>
      <x60>1342</x60>
      <y60>956</y60>
      <x61>1324</x61>
      <y61>954</y61>
      <x62>1322</x62>
      <y62>952</y62>
      <x63>1322</x63>
      <y63>947</y63>
      <x64>1329</x64>
      <y64>937</y64>
      <x65>1334</x65>
      <y65>926</y65>
      <x66>1335</x66>
      <y66>915</y66>
      <x67>1332</x67>
      <y67>906</y67>
      <x68>1342</x68>
      <y68>896</y68>
      <x69>1346</x69>
      <y69>886</y69>
    </polygon>
  </object>
  <object>
    <name>person</name>
    <bndbox>
      <xmin>1351</xmin>
      <ymin>607</ymin>
      <xmax>1531</xmax>
      <ymax>778</ymax>
    </bndbox>
    <polygon>
      <x1>1528</x1>
      <y1>617</y1>
      <x2>1522</x2>
      <y2>612</y2>
      <x3>1515</x3>
      <y3>611</y3>
      <x4>1508</x4>
      <y4>607</y4>
      <x5>1503</x5>
      <y5>608</y5>
      <x6>1499</x6>
      <y6>615</y6>
      <x7>1482</x7>
      <y7>632</y7>
      <x8>1481</x8>
      <y8>640</y8>
      <x9>1478</x9>
      <y9>648</y9>
      <x10>1478</x10>
      <y10>653</y10>
      <x11>1476</x11>
      <y11>656</y11>
      <x12>1470</x12>
      <y12>660</y12>
      <x13>1462</x13>
      <y13>663</y13>
      <x14>1450</x14>
      <y14>670</y14>
      <x15>1441</x15>
      <y15>673</y15>
      <x16>1421</x16>
      <y16>685</y16>
      <x17>1407</x17>
      <y17>700</y17>
      <x18>1397</x18>
      <y18>704</y18>
      <x19>1396</x19>
      <y19>707</y19>
      <x20>1392</x20>
      <y20>711</y20>
      <x21>1376</x21>
      <y21>713</y21>
      <x22>1370</x22>
      <y22>715</y22>
      <x23>1363</x23>
      <y23>715</y23>
      <x24>1362</x24>
      <y24>714</y24>
      <x25>1356</x25>
      <y25>718</y25>
      <x26>1356</x26>
      <y26>723</y26>
      <x27>1358</x27>
      <y27>725</y27>
      <x28>1384</x28>
      <y28>728</y28>
      <x29>1387</x29>
      <y29>730</y29>
      <x30>1387</x30>
      <y30>732</y30>
      <x31>1385</x31>
      <y31>734</y31>
      <x32>1373</x32>
      <y32>739</y32>
      <x33>1354</x33>
      <y33>743</y33>
      <x34>1351</x34>
      <y34>746</y34>
      <x35>1351</x35>
      <y35>753</y35>
      <x36>1355</x36>
      <y36>757</y36>
      <x37>1364</x37>
      <y37>761</y37>
      <x38>1388</x38>
      <y38>768</y38>
      <x39>1394</x39>
      <y39>768</y39>
      <x40>1399</x40>
      <y40>766</y40>
      <x41>1407</x41>
      <y41>757</y41>
      <x42>1416</x42>
      <y42>750</y42>
      <x43>1430</x43>
      <y43>744</y43>
      <x44>1436</x44>
      <y44>744</y44>
      <x45>1442</x45>
      <y45>750</y45>
      <x46>1450</x46>
      <y46>753</y46>
      <x47>1458</x47>
      <y47>761</y47>
      <x48>1460</x48>
      <y48>765</y48>
      <x49>1461</x49>
      <y49>772</y49>
      <x50>1466</x50>
      <y50>773</y50>
      <x51>1468</x51>
      <y51>775</y51>
      <x52>1476</x52>
      <y52>777</y52>
      <x53>1484</x53>
      <y53>777</y53>
      <x54>1485</x54>
      <y54>778</y54>
      <x55>1496</x55>
      <y55>778</y55>
      <x56>1509</x56>
      <y56>771</y56>
      <x57>1514</x57>
      <y57>765</y57>
      <x58>1518</x58>
      <y58>757</y58>
      <x59>1525</x59>
      <y59>735</y59>
      <x60>1527</x60>
      <y60>732</y60>
      <x61>1530</x61>
      <y61>718</y61>
      <x62>1530</x62>
      <y62>692</y62>
      <x63>1523</x63>
      <y63>672</y63>
      <x64>1517</x64>
      <y64>662</y64>
      <x65>1517</x65>
      <y65>653</y65>
      <x66>1520</x66>
      <y66>650</y66>
      <x67>1523</x67>
      <y67>649</y67>
      <x68>1528</x68>
      <y68>643</y68>
      <x69>1531</x69>
      <y69>635</y69>
      <x70>1531</x70>
      <y70>625</y70>
    </polygon>
  </object>
  <object>
    <name>person</name>
    <bndbox>
      <xmin>853</xmin>
      <ymin>785</ymin>
      <xmax>1068</xmax>
      <ymax>986</ymax>
    </bndbox>
    <polygon>
      <x1>1031</x1>
      <y1>792</y1>
      <x2>1015</x2>
      <y2>785</y2>
      <x3>1009</x3>
      <y3>785</y3>
      <x4>998</x4>
      <y4>790</y4>
      <x5>991</x5>
      <y5>796</y5>
      <x6>985</x6>
      <y6>808</y6>
      <x7>982</x7>
      <y7>817</y7>
      <x8>982</x8>
      <y8>825</y8>
      <x9>981</x9>
      <y9>826</y9>
      <x10>982</x10>
      <y10>842</y10>
      <x11>987</x11>
      <y11>850</y11>
      <x12>988</x12>
      <y12>855</y12>
      <x13>987</x13>
      <y13>860</y13>
      <x14>984</x14>
      <y14>863</y14>
      <x15>977</x15>
      <y15>863</y15>
      <x16>950</x16>
      <y16>878</y16>
      <x17>936</x17>
      <y17>879</y17>
      <x18>929</x18>
      <y18>883</y18>
      <x19>926</x19>
      <y19>886</y19>
      <x20>924</x20>
      <y20>891</y20>
      <x21>923</x21>
      <y21>917</y21>
      <x22>922</x22>
      <y22>920</y22>
      <x23>919</x23>
      <y23>923</y23>
      <x24>904</x24>
      <y24>921</y24>
      <x25>894</x25>
      <y25>915</y25>
      <x26>886</x26>
      <y26>908</y26>
      <x27>880</x27>
      <y27>906</y27>
      <x28>871</x28>
      <y28>907</y28>
      <x29>856</x29>
      <y29>914</y29>
      <x30>854</x30>
      <y30>916</y30>
      <x31>853</x31>
      <y31>920</y31>
      <x32>857</x32>
      <y32>927</y32>
      <x33>874</x33>
      <y33>938</y33>
      <x34>878</x34>
      <y34>942</y34>
      <x35>879</x35>
      <y35>946</y35>
      <x36>884</x36>
      <y36>947</y36>
      <x37>886</x37>
      <y37>949</y37>
      <x38>882</x38>
      <y38>950</y38>
      <x39>881</x39>
      <y39>949</y39>
      <x40>865</x40>
      <y40>948</y40>
      <x41>864</x41>
      <y41>949</y41>
      <x42>865</x42>
      <y42>952</y42>
      <x43>877</x43>
      <y43>963</y43>
      <x44>896</x44>
      <y44>969</y44>
      <x45>916</x45>
      <y45>970</y45>
      <x46>924</x46>
      <y46>968</y46>
      <x47>929</x47>
      <y47>969</y47>
      <x48>937</x48>
      <y48>973</y48>
      <x49>943</x49>
      <y49>974</y49>
      <x50>946</x50>
      <y50>976</y50>
      <x51>956</x51>
      <y51>977</y51>
      <x52>960</x52>
      <y52>979</y52>
      <x53>968</x53>
      <y53>980</y53>
      <x54>977</x54>
      <y54>983</y54>
      <x55>983</x55>
      <y55>983</y55>
      <x56>996</x56>
      <y56>986</y56>
      <x57>1009</x57>
      <y57>986</y57>
      <x58>1026</x58>
      <y58>982</y58>
      <x59>1038</x59>
      <y59>976</y59>
      <x60>1050</x60>
      <y60>967</y60>
      <x61>1053</x61>
      <y61>955</y61>
      <x62>1062</x62>
      <y62>939</y62>
      <x63>1066</x63>
      <y63>927</y63>
      <x64>1067</x64>
      <y64>906</y64>
      <x65>1068</x65>
      <y65>905</y65>
      <x66>1068</x66>
      <y66>881</y66>
      <x67>1065</x67>
      <y67>867</y67>
      <x68>1062</x68>
      <y68>861</y68>
      <x69>1054</x69>
      <y69>854</y69>
      <x70>1039</x70>
      <y70>851</y70>
      <x71>1039</x71>
      <y71>849</y71>
      <x72>1044</x72>
      <y72>846</y72>
      <x73>1049</x73>
      <y73>839</y73>
      <x74>1051</x74>
      <y74>832</y74>
      <x75>1051</x75>
      <y75>823</y75>
      <x76>1040</x76>
      <y76>802</y76>
    </polygon>
  </object>
</annotation>
