<?xml version="1.0" ?>
<annotation>
  <folder>VOC</folder>
  <filename>61-1.png</filename>
  <source>
    <database>roboflow.ai</database>
  </source>
  <size>
    <width>1792</width>
    <height>1024</height>
    <depth>3</depth>
  </size>
  <segmented>0</segmented>
  <object>
    <name>person</name>
    <bndbox>
      <xmin>1029</xmin>
      <ymin>319</ymin>
      <xmax>1490</xmax>
      <ymax>981</ymax>
    </bndbox>
    <polygon>
      <x1>1400</x1>
      <y1>327</y1>
      <x2>1382</x2>
      <y2>320</y2>
      <x3>1372</x3>
      <y3>320</y3>
      <x4>1371</x4>
      <y4>319</y4>
      <x5>1348</x5>
      <y5>320</y5>
      <x6>1335</x6>
      <y6>327</y6>
      <x7>1330</x7>
      <y7>332</y7>
      <x8>1324</x8>
      <y8>334</y8>
      <x9>1316</x9>
      <y9>339</y9>
      <x10>1303</x10>
      <y10>353</y10>
      <x11>1298</x11>
      <y11>366</y11>
      <x12>1298</x12>
      <y12>381</y12>
      <x13>1300</x13>
      <y13>387</y13>
      <x14>1315</x14>
      <y14>408</y14>
      <x15>1314</x15>
      <y15>417</y15>
      <x16>1311</x16>
      <y16>422</y16>
      <x17>1309</x17>
      <y17>431</y17>
      <x18>1313</x18>
      <y18>436</y18>
      <x19>1316</x19>
      <y19>437</y19>
      <x20>1319</x20>
      <y20>440</y20>
      <x21>1321</x21>
      <y21>444</y21>
      <x22>1321</x22>
      <y22>451</y22>
      <x23>1328</x23>
      <y23>460</y23>
      <x24>1328</x24>
      <y24>462</y24>
      <x25>1333</x25>
      <y25>473</y25>
      <x26>1336</x26>
      <y26>477</y26>
      <x27>1346</x27>
      <y27>480</y27>
      <x28>1362</x28>
      <y28>476</y28>
      <x29>1369</x29>
      <y29>483</y29>
      <x30>1371</x30>
      <y30>487</y30>
      <x31>1377</x31>
      <y31>494</y31>
      <x32>1377</x32>
      <y32>503</y32>
      <x33>1376</x33>
      <y33>504</y33>
      <x34>1376</x34>
      <y34>508</y34>
      <x35>1374</x35>
      <y35>514</y35>
      <x36>1362</x36>
      <y36>533</y36>
      <x37>1360</x37>
      <y37>542</y37>
      <x38>1356</x38>
      <y38>549</y38>
      <x39>1355</x39>
      <y39>556</y39>
      <x40>1348</x40>
      <y40>570</y40>
      <x41>1343</x41>
      <y41>576</y41>
      <x42>1340</x42>
      <y42>584</y42>
      <x43>1336</x43>
      <y43>588</y43>
      <x44>1332</x44>
      <y44>597</y44>
      <x45>1327</x45>
      <y45>602</y45>
      <x46>1325</x46>
      <y46>602</y46>
      <x47>1320</x47>
      <y47>596</y47>
      <x48>1312</x48>
      <y48>589</y48>
      <x49>1311</x49>
      <y49>585</y49>
      <x50>1305</x50>
      <y50>581</y50>
      <x51>1299</x51>
      <y51>573</y51>
      <x52>1299</x52>
      <y52>571</y52>
      <x53>1291</x53>
      <y53>556</y53>
      <x54>1290</x54>
      <y54>549</y54>
      <x55>1286</x55>
      <y55>543</y55>
      <x56>1285</x56>
      <y56>537</y56>
      <x57>1283</x57>
      <y57>533</y57>
      <x58>1280</x58>
      <y58>509</y58>
      <x59>1277</x59>
      <y59>501</y59>
      <x60>1277</x60>
      <y60>495</y60>
      <x61>1276</x61>
      <y61>494</y61>
      <x62>1276</x62>
      <y62>490</y62>
      <x63>1274</x63>
      <y63>484</y63>
      <x64>1271</x64>
      <y64>481</y64>
      <x65>1266</x65>
      <y65>480</y65>
      <x66>1262</x66>
      <y66>476</y66>
      <x67>1261</x67>
      <y67>472</y67>
      <x68>1257</x68>
      <y68>469</y68>
      <x69>1233</x69>
      <y69>482</y69>
      <x70>1229</x70>
      <y70>486</y70>
      <x71>1229</x71>
      <y71>498</y71>
      <x72>1232</x72>
      <y72>505</y72>
      <x73>1234</x73>
      <y73>517</y73>
      <x74>1237</x74>
      <y74>523</y74>
      <x75>1252</x75>
      <y75>536</y75>
      <x76>1262</x76>
      <y76>549</y76>
      <x77>1263</x77>
      <y77>554</y77>
      <x78>1269</x78>
      <y78>566</y78>
      <x79>1270</x79>
      <y79>573</y79>
      <x80>1272</x80>
      <y80>577</y80>
      <x81>1272</x81>
      <y81>581</y81>
      <x82>1276</x82>
      <y82>590</y82>
      <x83>1276</x83>
      <y83>596</y83>
      <x84>1277</x84>
      <y84>597</y84>
      <x85>1276</x85>
      <y85>601</y85>
      <x86>1272</x86>
      <y86>608</y86>
      <x87>1271</x87>
      <y87>614</y87>
      <x88>1272</x88>
      <y88>615</y88>
      <x89>1273</x89>
      <y89>627</y89>
      <x90>1278</x90>
      <y90>642</y90>
      <x91>1286</x91>
      <y91>648</y91>
      <x92>1286</x92>
      <y92>653</y92>
      <x93>1289</x93>
      <y93>657</y93>
      <x94>1303</x94>
      <y94>666</y94>
      <x95>1310</x95>
      <y95>668</y95>
      <x96>1314</x96>
      <y96>672</y96>
      <x97>1315</x97>
      <y97>676</y97>
      <x98>1313</x98>
      <y98>682</y98>
      <x99>1311</x99>
      <y99>684</y99>
      <x100>1298</x100>
      <y100>685</y100>
      <x101>1290</x101>
      <y101>679</y101>
      <x102>1277</x102>
      <y102>673</y102>
      <x103>1271</x103>
      <y103>667</y103>
      <x104>1268</x104>
      <y104>662</y104>
      <x105>1263</x105>
      <y105>658</y105>
      <x106>1256</x106>
      <y106>658</y106>
      <x107>1249</x107>
      <y107>654</y107>
      <x108>1246</x108>
      <y108>651</y108>
      <x109>1233</x109>
      <y109>645</y109>
      <x110>1227</x110>
      <y110>641</y110>
      <x111>1209</x111>
      <y111>641</y111>
      <x112>1200</x112>
      <y112>645</y112>
      <x113>1193</x113>
      <y113>652</y113>
      <x114>1185</x114>
      <y114>667</y114>
      <x115>1185</x115>
      <y115>669</y115>
      <x116>1187</x116>
      <y116>671</y116>
      <x117>1193</x117>
      <y117>673</y117>
      <x118>1202</x118>
      <y118>673</y118>
      <x119>1216</x119>
      <y119>677</y119>
      <x120>1221</x120>
      <y120>677</y120>
      <x121>1229</x121>
      <y121>681</y121>
      <x122>1242</x122>
      <y122>683</y122>
      <x123>1253</x123>
      <y123>687</y123>
      <x124>1266</x124>
      <y124>697</y124>
      <x125>1279</x125>
      <y125>710</y125>
      <x126>1279</x126>
      <y126>712</y126>
      <x127>1276</x127>
      <y127>715</y127>
      <x128>1266</x128>
      <y128>715</y128>
      <x129>1265</x129>
      <y129>716</y129>
      <x130>1236</x130>
      <y130>716</y130>
      <x131>1235</x131>
      <y131>717</y131>
      <x132>1227</x132>
      <y132>717</y132>
      <x133>1220</x133>
      <y133>719</y133>
      <x134>1218</x134>
      <y134>718</y134>
      <x135>1199</x135>
      <y135>718</y135>
      <x136>1192</x136>
      <y136>720</y136>
      <x137>1189</x137>
      <y137>719</y137>
      <x138>1184</x138>
      <y138>719</y138>
      <x139>1183</x139>
      <y139>720</y139>
      <x140>1161</x140>
      <y140>720</y140>
      <x141>1160</x141>
      <y141>719</y141>
      <x142>1144</x142>
      <y142>719</y142>
      <x143>1143</x143>
      <y143>720</y143>
      <x144>1120</x144>
      <y144>719</y144>
      <x145>1119</x145>
      <y145>720</y145>
      <x146>1106</x146>
      <y146>720</y146>
      <x147>1099</x147>
      <y147>722</y147>
      <x148>1089</x148>
      <y148>731</y148>
      <x149>1089</x149>
      <y149>733</y149>
      <x150>1086</x150>
      <y150>737</y150>
      <x151>1085</x151>
      <y151>741</y151>
      <x152>1082</x152>
      <y152>744</y152>
      <x153>1080</x153>
      <y153>752</y153>
      <x154>1076</x154>
      <y154>759</y154>
      <x155>1076</x155>
      <y155>761</y155>
      <x156>1071</x156>
      <y156>771</y156>
      <x157>1067</x157>
      <y157>783</y157>
      <x158>1064</x158>
      <y158>801</y158>
      <x159>1063</x159>
      <y159>802</y159>
      <x160>1059</x160>
      <y160>821</y160>
      <x161>1046</x161>
      <y161>856</y161>
      <x162>1045</x162>
      <y162>863</y162>
      <x163>1040</x163>
      <y163>877</y163>
      <x164>1040</x164>
      <y164>884</y164>
      <x165>1038</x165>
      <y165>891</y165>
      <x166>1039</x166>
      <y166>898</y166>
      <x167>1040</x167>
      <y167>900</y167>
      <x168>1049</x168>
      <y168>905</y168>
      <x169>1079</x169>
      <y169>915</y169>
      <x170>1085</x170>
      <y170>918</y170>
      <x171>1088</x171>
      <y171>922</y171>
      <x172>1086</x172>
      <y172>928</y172>
      <x173>1083</x173>
      <y173>932</y173>
      <x174>1067</x174>
      <y174>946</y174>
      <x175>1053</x175>
      <y175>953</y175>
      <x176>1041</x176>
      <y176>956</y176>
      <x177>1034</x177>
      <y177>960</y177>
      <x178>1031</x178>
      <y178>963</y178>
      <x179>1029</x179>
      <y179>968</y179>
      <x180>1029</x180>
      <y180>970</y180>
      <x181>1033</x181>
      <y181>974</y181>
      <x182>1038</x182>
      <y182>975</y182>
      <x183>1046</x183>
      <y183>979</y183>
      <x184>1056</x184>
      <y184>980</y184>
      <x185>1057</x185>
      <y185>981</y185>
      <x186>1083</x186>
      <y186>981</y186>
      <x187>1084</x187>
      <y187>980</y187>
      <x188>1095</x188>
      <y188>980</y188>
      <x189>1096</x189>
      <y189>979</y189>
      <x190>1104</x190>
      <y190>979</y190>
      <x191>1105</x191>
      <y191>978</y191>
      <x192>1120</x192>
      <y192>977</y192>
      <x193>1121</x193>
      <y193>976</y193>
      <x194>1149</x194>
      <y194>975</y194>
      <x195>1154</x195>
      <y195>973</y195>
      <x196>1160</x196>
      <y196>966</y196>
      <x197>1160</x197>
      <y197>958</y197>
      <x198>1157</x198>
      <y198>948</y198>
      <x199>1154</x199>
      <y199>942</y199>
      <x200>1153</x200>
      <y200>932</y200>
      <x201>1158</x201>
      <y201>924</y201>
      <x202>1163</x202>
      <y202>908</y202>
      <x203>1167</x203>
      <y203>903</y203>
      <x204>1169</x204>
      <y204>897</y204>
      <x205>1174</x205>
      <y205>891</y205>
      <x206>1178</x206>
      <y206>882</y206>
      <x207>1183</x207>
      <y207>876</y207>
      <x208>1192</x208>
      <y208>858</y208>
      <x209>1206</x209>
      <y209>842</y209>
      <x210>1217</x210>
      <y210>838</y210>
      <x211>1223</x211>
      <y211>838</y211>
      <x212>1224</x212>
      <y212>837</y212>
      <x213>1236</x213>
      <y213>835</y213>
      <x214>1240</x214>
      <y214>831</y214>
      <x215>1241</x215>
      <y215>826</y215>
      <x216>1254</x216>
      <y216>802</y216>
      <x217>1269</x217>
      <y217>789</y217>
      <x218>1285</x218>
      <y218>781</y218>
      <x219>1287</x219>
      <y219>781</y219>
      <x220>1290</x220>
      <y220>779</y220>
      <x221>1293</x221>
      <y221>779</y221>
      <x222>1305</x222>
      <y222>774</y222>
      <x223>1320</x223>
      <y223>772</y223>
      <x224>1321</x224>
      <y224>771</y224>
      <x225>1330</x225>
      <y225>771</y225>
      <x226>1331</x226>
      <y226>770</y226>
      <x227>1354</x227>
      <y227>770</y227>
      <x228>1355</x228>
      <y228>769</y228>
      <x229>1366</x229>
      <y229>769</y229>
      <x230>1367</x230>
      <y230>768</y230>
      <x231>1375</x231>
      <y231>768</y231>
      <x232>1376</x232>
      <y232>767</y232>
      <x233>1385</x233>
      <y233>767</y233>
      <x234>1386</x234>
      <y234>766</y234>
      <x235>1400</x235>
      <y235>765</y235>
      <x236>1401</x236>
      <y236>764</y236>
      <x237>1405</x237>
      <y237>764</y237>
      <x238>1406</x238>
      <y238>763</y238>
      <x239>1433</x239>
      <y239>757</y239>
      <x240>1439</x240>
      <y240>754</y240>
      <x241>1442</x241>
      <y241>751</y241>
      <x242>1443</x242>
      <y242>746</y242>
      <x243>1447</x243>
      <y243>739</y243>
      <x244>1452</x244>
      <y244>724</y244>
      <x245>1470</x245>
      <y245>688</y245>
      <x246>1473</x246>
      <y246>676</y246>
      <x247>1478</x247>
      <y247>665</y247>
      <x248>1480</x248>
      <y248>654</y248>
      <x249>1489</x249>
      <y249>627</y249>
      <x250>1489</x250>
      <y250>621</y250>
      <x251>1490</x251>
      <y251>620</y251>
      <x252>1489</x252>
      <y252>567</y252>
      <x253>1487</x253>
      <y253>561</y253>
      <x254>1486</x254>
      <y254>550</y254>
      <x255>1484</x255>
      <y255>546</y255>
      <x256>1481</x256>
      <y256>532</y256>
      <x257>1479</x257>
      <y257>529</y257>
      <x258>1477</x258>
      <y258>522</y258>
      <x259>1471</x259>
      <y259>512</y259>
      <x260>1466</x260>
      <y260>507</y260>
      <x261>1464</x261>
      <y261>502</y261>
      <x262>1452</x262>
      <y262>486</y262>
      <x263>1447</x263>
      <y263>475</y263>
      <x264>1444</x264>
      <y264>472</y264>
      <x265>1445</x265>
      <y265>464</y265>
      <x266>1448</x266>
      <y266>459</y266>
      <x267>1453</x267>
      <y267>441</y267>
      <x268>1454</x268>
      <y268>425</y268>
      <x269>1455</x269>
      <y269>424</y269>
      <x270>1454</x270>
      <y270>421</y270>
      <x271>1454</x271>
      <y271>413</y271>
      <x272>1453</x272>
      <y272>412</y272>
      <x273>1451</x273>
      <y273>401</y273>
      <x274>1447</x274>
      <y274>392</y274>
      <x275>1443</x275>
      <y275>387</y275>
      <x276>1442</x276>
      <y276>380</y276>
      <x277>1440</x277>
      <y277>377</y277>
      <x278>1438</x278>
      <y278>368</y278>
      <x279>1430</x279>
      <y279>359</y279>
      <x280>1429</x280>
      <y280>354</y280>
      <x281>1425</x281>
      <y281>347</y281>
      <x282>1415</x282>
      <y282>337</y282>
      <x283>1409</x283>
      <y283>333</y283>
      <x284>1404</x284>
      <y284>332</y284>
    </polygon>
  </object>
  <object>
    <name>person</name>
    <bndbox>
      <xmin>315</xmin>
      <ymin>315</ymin>
      <xmax>815</xmax>
      <ymax>1008</ymax>
    </bndbox>
    <polygon>
      <x1>458</x1>
      <y1>326</y1>
      <x2>437</x2>
      <y2>340</y2>
      <x3>424</x3>
      <y3>356</y3>
      <x4>419</x4>
      <y4>366</y4>
      <x5>415</x5>
      <y5>381</y5>
      <x6>416</x6>
      <y6>416</y6>
      <x7>414</x7>
      <y7>420</y7>
      <x8>407</x8>
      <y8>425</y8>
      <x9>403</x9>
      <y9>431</y9>
      <x10>397</x10>
      <y10>445</y10>
      <x11>374</x11>
      <y11>463</y11>
      <x12>350</x12>
      <y12>492</y12>
      <x13>337</x13>
      <y13>514</y13>
      <x14>332</x14>
      <y14>529</y14>
      <x15>327</x15>
      <y15>539</y15>
      <x16>325</x16>
      <y16>548</y16>
      <x17>325</x17>
      <y17>555</y17>
      <x18>324</x18>
      <y18>556</y18>
      <x19>324</x19>
      <y19>566</y19>
      <x20>323</x20>
      <y20>567</y20>
      <x21>321</x21>
      <y21>591</y21>
      <x22>315</x22>
      <y22>615</y22>
      <x23>315</x23>
      <y23>632</y23>
      <x24>317</x24>
      <y24>639</y24>
      <x25>317</x25>
      <y25>654</y25>
      <x26>318</x26>
      <y26>655</y26>
      <x27>319</x27>
      <y27>669</y27>
      <x28>321</x28>
      <y28>675</y28>
      <x29>321</x29>
      <y29>681</y29>
      <x30>324</x30>
      <y30>690</y30>
      <x31>326</x31>
      <y31>702</y31>
      <x32>333</x32>
      <y32>721</y32>
      <x33>335</x33>
      <y33>734</y33>
      <x34>341</x34>
      <y34>754</y34>
      <x35>344</x35>
      <y35>757</y35>
      <x36>353</x36>
      <y36>760</y36>
      <x37>361</x37>
      <y37>765</y37>
      <x38>373</x38>
      <y38>767</y38>
      <x39>381</x39>
      <y39>771</y39>
      <x40>402</x40>
      <y40>774</y40>
      <x41>418</x41>
      <y41>779</y41>
      <x42>456</x42>
      <y42>783</y42>
      <x43>469</x43>
      <y43>786</y43>
      <x44>484</x44>
      <y44>786</y44>
      <x45>485</x45>
      <y45>785</y45>
      <x46>498</x46>
      <y46>788</y46>
      <x47>504</x47>
      <y47>792</y47>
      <x48>518</x48>
      <y48>798</y48>
      <x49>526</x49>
      <y49>804</y49>
      <x50>539</x50>
      <y50>817</y50>
      <x51>551</x51>
      <y51>841</y51>
      <x52>556</x52>
      <y52>846</y52>
      <x53>570</x53>
      <y53>851</y53>
      <x54>606</x54>
      <y54>857</y54>
      <x55>614</x55>
      <y55>861</y55>
      <x56>618</x56>
      <y56>861</y56>
      <x57>628</x57>
      <y57>865</y57>
      <x58>633</x58>
      <y58>871</y58>
      <x59>633</x59>
      <y59>877</y59>
      <x60>638</x60>
      <y60>887</y60>
      <x61>642</x61>
      <y61>901</y61>
      <x62>640</x62>
      <y62>903</y62>
      <x63>636</x63>
      <y63>903</y63>
      <x64>634</x64>
      <y64>900</y64>
      <x65>634</x65>
      <y65>913</y65>
      <x66>639</x66>
      <y66>913</y66>
      <x67>646</x67>
      <y67>919</y67>
      <x68>653</x68>
      <y68>918</y68>
      <x69>655</x69>
      <y69>920</y69>
      <x70>657</x70>
      <y70>931</y70>
      <x71>659</x71>
      <y71>935</y71>
      <x72>675</x72>
      <y72>953</y72>
      <x73>679</x73>
      <y73>967</y73>
      <x74>679</x74>
      <y74>989</y74>
      <x75>687</x75>
      <y75>998</y75>
      <x76>692</x76>
      <y76>1000</y76>
      <x77>704</x77>
      <y77>1001</y77>
      <x78>717</x78>
      <y78>1004</y78>
      <x79>735</x79>
      <y79>1004</y79>
      <x80>736</x80>
      <y80>1005</y80>
      <x81>762</x81>
      <y81>1006</y81>
      <x82>763</x82>
      <y82>1007</y82>
      <x83>772</x83>
      <y83>1007</y83>
      <x84>773</x84>
      <y84>1008</y84>
      <x85>777</x85>
      <y85>1007</y85>
      <x86>801</x86>
      <y86>1007</y86>
      <x87>810</x87>
      <y87>1005</y87>
      <x88>814</x88>
      <y88>1001</y88>
      <x89>815</x89>
      <y89>998</y89>
      <x90>812</x90>
      <y90>992</y90>
      <x91>801</x91>
      <y91>987</y91>
      <x92>790</x92>
      <y92>986</y92>
      <x93>785</x93>
      <y93>984</y93>
      <x94>785</x94>
      <y94>982</y94>
      <x95>788</x95>
      <y95>979</y95>
      <x96>794</x96>
      <y96>979</y96>
      <x97>799</x97>
      <y97>977</y97>
      <x98>809</x98>
      <y98>977</y98>
      <x99>809</x99>
      <y99>970</y99>
      <x100>802</x100>
      <y100>968</y100>
      <x101>786</x101>
      <y101>968</y101>
      <x102>781</x102>
      <y102>963</y102>
      <x103>760</x103>
      <y103>959</y103>
      <x104>755</x104>
      <y104>956</y104>
      <x105>741</x105>
      <y105>954</y105>
      <x106>735</x106>
      <y106>951</y106>
      <x107>733</x107>
      <y107>948</y107>
      <x108>732</x108>
      <y108>942</y108>
      <x109>734</x109>
      <y109>940</y109>
      <x110>745</x110>
      <y110>935</y110>
      <x111>749</x111>
      <y111>931</y111>
      <x112>750</x112>
      <y112>926</y112>
      <x113>739</x113>
      <y113>902</y113>
      <x114>734</x114>
      <y114>859</y114>
      <x115>731</x115>
      <y115>850</y115>
      <x116>730</x116>
      <y116>842</y116>
      <x117>726</x117>
      <y117>833</y117>
      <x118>725</x118>
      <y118>809</y118>
      <x119>723</x119>
      <y119>802</y119>
      <x120>723</x120>
      <y120>786</y120>
      <x121>720</x121>
      <y121>778</y121>
      <x122>718</x122>
      <y122>763</y122>
      <x123>712</x123>
      <y123>752</y123>
      <x124>710</x124>
      <y124>744</y124>
      <x125>704</x125>
      <y125>741</y125>
      <x126>698</x126>
      <y126>733</y126>
      <x127>689</x127>
      <y127>730</y127>
      <x128>658</x128>
      <y128>729</y128>
      <x129>657</x129>
      <y129>728</y129>
      <x130>646</x130>
      <y130>728</y130>
      <x131>631</x131>
      <y131>725</y131>
      <x132>611</x132>
      <y132>725</y132>
      <x133>608</x133>
      <y133>724</y133>
      <x134>594</x134>
      <y134>715</y134>
      <x135>587</x135>
      <y135>708</y135>
      <x136>583</x136>
      <y136>702</y136>
      <x137>576</x137>
      <y137>699</y137>
      <x138>562</x138>
      <y138>685</y138>
      <x139>560</x139>
      <y139>681</y139>
      <x140>559</x140>
      <y140>674</y140>
      <x141>556</x141>
      <y141>669</y141>
      <x142>556</x142>
      <y142>660</y142>
      <x143>564</x143>
      <y143>642</y143>
      <x144>567</x144>
      <y144>631</y144>
      <x145>571</x145>
      <y145>623</y145>
      <x146>571</x146>
      <y146>620</y146>
      <x147>575</x147>
      <y147>614</y147>
      <x148>577</x148>
      <y148>606</y148>
      <x149>592</x149>
      <y149>579</y149>
      <x150>627</x150>
      <y150>541</y150>
      <x151>628</x151>
      <y151>531</y151>
      <x152>629</x152>
      <y152>530</y152>
      <x153>628</x153>
      <y153>514</y153>
      <x154>633</x154>
      <y154>493</y154>
      <x155>633</x155>
      <y155>484</y155>
      <x156>631</x156>
      <y156>477</y156>
      <x157>625</x157>
      <y157>471</y157>
      <x158>620</x158>
      <y158>469</y158>
      <x159>609</x159>
      <y159>470</y159>
      <x160>585</x160>
      <y160>459</y160>
      <x161>581</x161>
      <y161>459</y161>
      <x162>576</x162>
      <y162>463</y162>
      <x163>573</x163>
      <y163>471</y163>
      <x164>576</x164>
      <y164>477</y164>
      <x165>576</x165>
      <y165>481</y165>
      <x166>574</x166>
      <y166>486</y166>
      <x167>575</x167>
      <y167>492</y167>
      <x168>568</x168>
      <y168>511</y168>
      <x169>566</x169>
      <y169>520</y169>
      <x170>562</x170>
      <y170>527</y170>
      <x171>559</x171>
      <y171>551</y171>
      <x172>554</x172>
      <y172>570</y172>
      <x173>537</x173>
      <y173>598</y173>
      <x174>531</x174>
      <y174>604</y174>
      <x175>529</x175>
      <y175>612</y175>
      <x176>527</x176>
      <y176>614</y176>
      <x177>523</x177>
      <y177>613</y177>
      <x178>521</x178>
      <y178>611</y178>
      <x179>518</x179>
      <y179>600</y179>
      <x180>518</x180>
      <y180>591</y180>
      <x181>516</x181>
      <y181>587</y181>
      <x182>516</x182>
      <y182>576</y182>
      <x183>513</x183>
      <y183>566</y183>
      <x184>513</x184>
      <y184>562</y184>
      <x185>510</x185>
      <y185>556</y185>
      <x186>509</x186>
      <y186>549</y186>
      <x187>504</x187>
      <y187>541</y187>
      <x188>504</x188>
      <y188>535</y188>
      <x189>500</x189>
      <y189>522</y189>
      <x190>497</x190>
      <y190>504</y190>
      <x191>494</x191>
      <y191>498</y191>
      <x192>494</x192>
      <y192>493</y192>
      <x193>499</x193>
      <y193>487</y193>
      <x194>506</x194>
      <y194>491</y194>
      <x195>512</x195>
      <y195>492</y195>
      <x196>521</x196>
      <y196>498</y196>
      <x197>529</x197>
      <y197>497</y197>
      <x198>535</x198>
      <y198>487</y198>
      <x199>539</x199>
      <y199>484</y199>
      <x200>540</x200>
      <y200>479</y200>
      <x201>546</x201>
      <y201>470</y201>
      <x202>547</x202>
      <y202>465</y202>
      <x203>546</x203>
      <y203>459</y203>
      <x204>548</x204>
      <y204>454</y204>
      <x205>551</x205>
      <y205>451</y205>
      <x206>553</x206>
      <y206>451</y206>
      <x207>555</x207>
      <y207>448</y207>
      <x208>556</x208>
      <y208>443</y208>
      <x209>564</x209>
      <y209>435</y209>
      <x210>565</x210>
      <y210>431</y210>
      <x211>564</x211>
      <y211>425</y211>
      <x212>556</x212>
      <y212>405</y212>
      <x213>556</x213>
      <y213>383</y213>
      <x214>555</x214>
      <y214>382</y214>
      <x215>555</x215>
      <y215>371</y215>
      <x216>553</x216>
      <y216>362</y216>
      <x217>554</x217>
      <y217>356</y217>
      <x218>559</x218>
      <y218>345</y218>
      <x219>558</x219>
      <y219>344</y219>
      <x220>558</x220>
      <y220>339</y220>
      <x221>555</x221>
      <y221>334</y221>
      <x222>549</x222>
      <y222>333</y222>
      <x223>545</x223>
      <y223>329</y223>
      <x224>544</x224>
      <y224>326</y224>
      <x225>541</x225>
      <y225>324</y225>
      <x226>536</x226>
      <y226>324</y226>
      <x227>519</x227>
      <y227>317</y227>
      <x228>512</x228>
      <y228>317</y228>
      <x229>506</x229>
      <y229>315</y229>
      <x230>486</x230>
      <y230>315</y230>
    </polygon>
  </object>
</annotation>
