<?xml version="1.0" ?>
<annotation>
  <folder>VOC</folder>
  <filename>62-2.png</filename>
  <source>
    <database>roboflow.ai</database>
  </source>
  <size>
    <width>1792</width>
    <height>1024</height>
    <depth>3</depth>
  </size>
  <segmented>0</segmented>
  <object>
    <name>person</name>
    <bndbox>
      <xmin>786</xmin>
      <ymin>172</ymin>
      <xmax>1209</xmax>
      <ymax>616</ymax>
    </bndbox>
    <polygon>
      <x1>827</x1>
      <y1>178</y1>
      <x2>825</x2>
      <y2>180</y2>
      <x3>819</x3>
      <y3>182</y3>
      <x4>813</x4>
      <y4>188</y4>
      <x5>811</x5>
      <y5>193</y5>
      <x6>811</x6>
      <y6>202</y6>
      <x7>810</x7>
      <y7>205</y7>
      <x8>806</x8>
      <y8>208</y8>
      <x9>792</x9>
      <y9>223</y9>
      <x10>787</x10>
      <y10>236</y10>
      <x11>787</x11>
      <y11>241</y11>
      <x12>786</x12>
      <y12>242</y12>
      <x13>787</x13>
      <y13>280</y13>
      <x14>791</x14>
      <y14>292</y14>
      <x15>800</x15>
      <y15>303</y15>
      <x16>812</x16>
      <y16>308</y16>
      <x17>821</x17>
      <y17>308</y17>
      <x18>824</x18>
      <y18>307</y18>
      <x19>835</x19>
      <y19>299</y19>
      <x20>853</x20>
      <y20>299</y20>
      <x21>854</x21>
      <y21>300</y21>
      <x22>860</x22>
      <y22>300</y22>
      <x23>861</x23>
      <y23>299</y23>
      <x24>884</x24>
      <y24>299</y24>
      <x25>891</x25>
      <y25>301</y25>
      <x26>908</x26>
      <y26>302</y26>
      <x27>911</x27>
      <y27>305</y27>
      <x28>906</x28>
      <y28>308</y28>
      <x29>903</x29>
      <y29>308</y29>
      <x30>898</x30>
      <y30>310</y30>
      <x31>898</x31>
      <y31>313</y31>
      <x32>900</x32>
      <y32>317</y32>
      <x33>898</x33>
      <y33>320</y33>
      <x34>894</x34>
      <y34>322</y34>
      <x35>888</x35>
      <y35>322</y35>
      <x36>878</x36>
      <y36>319</y36>
      <x37>871</x37>
      <y37>319</y37>
      <x38>861</x38>
      <y38>327</y38>
      <x39>854</x39>
      <y39>330</y39>
      <x40>845</x40>
      <y40>339</y40>
      <x41>838</x41>
      <y41>354</y41>
      <x42>838</x42>
      <y42>359</y42>
      <x43>837</x43>
      <y43>360</y43>
      <x44>830</x44>
      <y44>362</y44>
      <x45>820</x45>
      <y45>361</y45>
      <x46>819</x46>
      <y46>362</y46>
      <x47>814</x47>
      <y47>362</y47>
      <x48>807</x48>
      <y48>365</y48>
      <x49>801</x49>
      <y49>373</y49>
      <x50>800</x50>
      <y50>378</y50>
      <x51>798</x51>
      <y51>381</y51>
      <x52>796</x52>
      <y52>382</y52>
      <x53>796</x53>
      <y53>387</y53>
      <x54>792</x54>
      <y54>390</y54>
      <x55>790</x55>
      <y55>393</y55>
      <x56>791</x56>
      <y56>402</y56>
      <x57>795</x57>
      <y57>405</y57>
      <x58>801</x58>
      <y58>412</y58>
      <x59>815</x59>
      <y59>415</y59>
      <x60>828</x60>
      <y60>421</y60>
      <x61>836</x61>
      <y61>421</y61>
      <x62>849</x62>
      <y62>417</y62>
      <x63>861</x63>
      <y63>416</y63>
      <x64>874</x64>
      <y64>420</y64>
      <x65>886</x65>
      <y65>421</y65>
      <x66>891</x66>
      <y66>423</y66>
      <x67>895</x67>
      <y67>423</y67>
      <x68>906</x68>
      <y68>428</y68>
      <x69>909</x69>
      <y69>431</y69>
      <x70>902</x70>
      <y70>434</y70>
      <x71>898</x71>
      <y71>437</y71>
      <x72>890</x72>
      <y72>439</y72>
      <x73>877</x73>
      <y73>449</y73>
      <x74>863</x74>
      <y74>462</y74>
      <x75>857</x75>
      <y75>473</y75>
      <x76>858</x76>
      <y76>485</y76>
      <x77>862</x77>
      <y77>490</y77>
      <x78>862</x78>
      <y78>492</y78>
      <x79>864</x79>
      <y79>495</y79>
      <x80>874</x80>
      <y80>501</y80>
      <x81>877</x81>
      <y81>501</y81>
      <x82>891</x82>
      <y82>512</y82>
      <x83>912</x83>
      <y83>522</y83>
      <x84>921</x84>
      <y84>525</y84>
      <x85>924</x85>
      <y85>525</y85>
      <x86>940</x86>
      <y86>531</y86>
      <x87>964</x87>
      <y87>554</y87>
      <x88>966</x88>
      <y88>558</y88>
      <x89>973</x89>
      <y89>564</y89>
      <x90>968</x90>
      <y90>567</y90>
      <x91>961</x91>
      <y91>574</y91>
      <x92>958</x92>
      <y92>580</y92>
      <x93>958</x93>
      <y93>583</y93>
      <x94>957</x94>
      <y94>584</y94>
      <x95>957</x95>
      <y95>591</y95>
      <x96>958</x96>
      <y96>592</y96>
      <x97>957</x97>
      <y97>593</y97>
      <x98>957</x98>
      <y98>599</y98>
      <x99>961</x99>
      <y99>606</y99>
      <x100>972</x100>
      <y100>613</y100>
      <x101>978</x101>
      <y101>615</y101>
      <x102>983</x102>
      <y102>615</y102>
      <x103>984</x103>
      <y103>616</y103>
      <x104>1003</x104>
      <y104>616</y104>
      <x105>1004</x105>
      <y105>615</y105>
      <x106>1008</x106>
      <y106>615</y106>
      <x107>1015</x107>
      <y107>613</y107>
      <x108>1034</x108>
      <y108>602</y108>
      <x109>1053</x109>
      <y109>586</y109>
      <x110>1058</x110>
      <y110>584</y110>
      <x111>1064</x111>
      <y111>579</y111>
      <x112>1066</x112>
      <y112>579</y112>
      <x113>1080</x113>
      <y113>571</y113>
      <x114>1086</x114>
      <y114>565</y114>
      <x115>1096</x115>
      <y115>560</y115>
      <x116>1102</x116>
      <y116>559</y116>
      <x117>1110</x117>
      <y117>555</y117>
      <x118>1115</x118>
      <y118>551</y118>
      <x119>1123</x119>
      <y119>550</y119>
      <x120>1136</x120>
      <y120>542</y120>
      <x121>1143</x121>
      <y121>534</y121>
      <x122>1149</x122>
      <y122>532</y122>
      <x123>1152</x123>
      <y123>529</y123>
      <x124>1155</x124>
      <y124>521</y124>
      <x125>1155</x125>
      <y125>518</y125>
      <x126>1157</x126>
      <y126>514</y126>
      <x127>1157</x127>
      <y127>508</y127>
      <x128>1161</x128>
      <y128>497</y128>
      <x129>1162</x129>
      <y129>486</y129>
      <x130>1167</x130>
      <y130>475</y130>
      <x131>1167</x131>
      <y131>473</y131>
      <x132>1169</x132>
      <y132>470</y132>
      <x133>1177</x133>
      <y133>463</y133>
      <x134>1185</x134>
      <y134>458</y134>
      <x135>1198</x135>
      <y135>452</y135>
      <x136>1206</x136>
      <y136>444</y136>
      <x137>1209</x137>
      <y137>438</y137>
      <x138>1209</x138>
      <y138>435</y138>
      <x139>1203</x139>
      <y139>424</y139>
      <x140>1201</x140>
      <y140>418</y140>
      <x141>1201</x141>
      <y141>414</y141>
      <x142>1200</x142>
      <y142>413</y142>
      <x143>1203</x143>
      <y143>383</y143>
      <x144>1202</x144>
      <y144>382</y144>
      <x145>1202</x145>
      <y145>349</y145>
      <x146>1201</x146>
      <y146>348</y146>
      <x147>1201</x147>
      <y147>343</y147>
      <x148>1199</x148>
      <y148>338</y148>
      <x149>1199</x149>
      <y149>334</y149>
      <x150>1194</x150>
      <y150>323</y150>
      <x151>1194</x151>
      <y151>321</y151>
      <x152>1185</x152>
      <y152>306</y152>
      <x153>1185</x153>
      <y153>304</y153>
      <x154>1181</x154>
      <y154>297</y154>
      <x155>1180</x155>
      <y155>292</y155>
      <x156>1173</x156>
      <y156>277</y156>
      <x157>1165</x157>
      <y157>269</y157>
      <x158>1159</x158>
      <y158>266</y158>
      <x159>1152</x159>
      <y159>265</y159>
      <x160>1144</x160>
      <y160>261</y160>
      <x161>1138</x161>
      <y161>254</y161>
      <x162>1128</x162>
      <y162>247</y162>
      <x163>1107</x163>
      <y163>226</y163>
      <x164>1085</x164>
      <y164>210</y164>
      <x165>1080</x165>
      <y165>205</y165>
      <x166>1074</x166>
      <y166>201</y166>
      <x167>1061</x167>
      <y167>195</y167>
      <x168>1056</x168>
      <y168>191</y168>
      <x169>1050</x169>
      <y169>189</y169>
      <x170>1039</x170>
      <y170>183</y170>
      <x171>1037</x171>
      <y171>183</y171>
      <x172>1033</x172>
      <y172>180</y172>
      <x173>1020</x173>
      <y173>174</y173>
      <x174>1017</x174>
      <y174>174</y174>
      <x175>1012</x175>
      <y175>172</y175>
      <x176>996</x176>
      <y176>172</y176>
      <x177>983</x177>
      <y177>177</y177>
      <x178>976</x178>
      <y178>182</y178>
      <x179>968</x179>
      <y179>191</y179>
      <x180>959</x180>
      <y180>204</y180>
      <x181>958</x181>
      <y181>209</y181>
      <x182>955</x182>
      <y182>213</y182>
      <x183>949</x183>
      <y183>213</y183>
      <x184>932</x184>
      <y184>197</y184>
      <x185>926</x185>
      <y185>194</y185>
      <x186>915</x186>
      <y186>186</y186>
      <x187>892</x187>
      <y187>175</y187>
      <x188>889</x188>
      <y188>175</y188>
      <x189>884</x189>
      <y189>173</y189>
      <x190>859</x190>
      <y190>172</y190>
      <x191>858</x191>
      <y191>173</y191>
      <x192>838</x192>
      <y192>175</y192>
      <x193>837</x193>
      <y193>176</y193>
      <x194>833</x194>
      <y194>176</y194>
    </polygon>
  </object>
</annotation>
