<?xml version="1.0" ?>
<annotation>
  <folder>VOC</folder>
  <filename>64-1.png</filename>
  <source>
    <database>roboflow.ai</database>
  </source>
  <size>
    <width>1792</width>
    <height>1024</height>
    <depth>3</depth>
  </size>
  <segmented>0</segmented>
  <object>
    <name>person</name>
    <bndbox>
      <xmin>987</xmin>
      <ymin>133</ymin>
      <xmax>1371</xmax>
      <ymax>761</ymax>
    </bndbox>
    <polygon>
      <x1>1200</x1>
      <y1>133</y1>
      <x2>1187</x2>
      <y2>136</y2>
      <x3>1173</x3>
      <y3>142</y3>
      <x4>1159</x4>
      <y4>156</y4>
      <x5>1158</x5>
      <y5>165</y5>
      <x6>1161</x6>
      <y6>171</y6>
      <x7>1165</x7>
      <y7>190</y7>
      <x8>1169</x8>
      <y8>199</y8>
      <x9>1169</x9>
      <y9>206</y9>
      <x10>1174</x10>
      <y10>214</y10>
      <x11>1175</x11>
      <y11>219</y11>
      <x12>1172</x12>
      <y12>222</y12>
      <x13>1166</x13>
      <y13>234</y13>
      <x14>1161</x14>
      <y14>240</y14>
      <x15>1146</x15>
      <y15>274</y15>
      <x16>1128</x16>
      <y16>287</y16>
      <x17>1108</x17>
      <y17>295</y17>
      <x18>1097</x18>
      <y18>303</y18>
      <x19>1090</x19>
      <y19>312</y19>
      <x20>1090</x20>
      <y20>318</y20>
      <x21>1092</x21>
      <y21>324</y21>
      <x22>1091</x22>
      <y22>326</y22>
      <x23>1065</x23>
      <y23>342</y23>
      <x24>1056</x24>
      <y24>352</y24>
      <x25>1040</x25>
      <y25>358</y25>
      <x26>1021</x26>
      <y26>361</y26>
      <x27>1009</x27>
      <y27>367</y27>
      <x28>1003</x28>
      <y28>373</y28>
      <x29>1002</x29>
      <y29>376</y29>
      <x30>997</x30>
      <y30>381</y30>
      <x31>991</x31>
      <y31>390</y31>
      <x32>987</x32>
      <y32>401</y32>
      <x33>989</x33>
      <y33>404</y33>
      <x34>992</x34>
      <y34>404</y34>
      <x35>1005</x35>
      <y35>397</y35>
      <x36>1008</x36>
      <y36>398</y36>
      <x37>1010</x37>
      <y37>400</y37>
      <x38>1010</x38>
      <y38>404</y38>
      <x39>1008</x39>
      <y39>408</y39>
      <x40>1010</x40>
      <y40>413</y40>
      <x41>1013</x41>
      <y41>410</y41>
      <x42>1014</x42>
      <y42>405</y42>
      <x43>1018</x43>
      <y43>402</y43>
      <x44>1020</x44>
      <y44>394</y44>
      <x45>1023</x45>
      <y45>391</y45>
      <x46>1027</x46>
      <y46>391</y46>
      <x47>1030</x47>
      <y47>395</y47>
      <x48>1030</x48>
      <y48>405</y48>
      <x49>1026</x49>
      <y49>418</y49>
      <x50>1026</x50>
      <y50>425</y50>
      <x51>1031</x51>
      <y51>424</y51>
      <x52>1037</x52>
      <y52>415</y52>
      <x53>1038</x53>
      <y53>409</y53>
      <x54>1040</x54>
      <y54>407</y54>
      <x55>1045</x55>
      <y55>395</y55>
      <x56>1053</x56>
      <y56>387</y56>
      <x57>1067</x57>
      <y57>366</y57>
      <x58>1080</x58>
      <y58>373</y58>
      <x59>1090</x59>
      <y59>374</y59>
      <x60>1103</x60>
      <y60>368</y60>
      <x61>1110</x61>
      <y61>362</y61>
      <x62>1118</x62>
      <y62>362</y62>
      <x63>1124</x63>
      <y63>364</y63>
      <x64>1136</x64>
      <y64>363</y64>
      <x65>1148</x65>
      <y65>356</y65>
      <x66>1163</x66>
      <y66>341</y66>
      <x67>1175</x67>
      <y67>334</y67>
      <x68>1179</x68>
      <y68>330</y68>
      <x69>1185</x69>
      <y69>329</y69>
      <x70>1187</x70>
      <y70>331</y70>
      <x71>1190</x71>
      <y71>338</y71>
      <x72>1190</x72>
      <y72>343</y72>
      <x73>1191</x73>
      <y73>344</y73>
      <x74>1191</x74>
      <y74>365</y74>
      <x75>1190</x75>
      <y75>366</y75>
      <x76>1190</x76>
      <y76>385</y76>
      <x77>1189</x77>
      <y77>386</y77>
      <x78>1190</x78>
      <y78>410</y78>
      <x79>1187</x79>
      <y79>419</y79>
      <x80>1187</x80>
      <y80>424</y80>
      <x81>1185</x81>
      <y81>428</y81>
      <x82>1184</x82>
      <y82>436</y82>
      <x83>1181</x83>
      <y83>443</y83>
      <x84>1181</x84>
      <y84>449</y84>
      <x85>1180</x85>
      <y85>450</y85>
      <x86>1180</x86>
      <y86>456</y86>
      <x87>1177</x87>
      <y87>471</y87>
      <x88>1176</x88>
      <y88>487</y88>
      <x89>1173</x89>
      <y89>498</y89>
      <x90>1173</x90>
      <y90>511</y90>
      <x91>1172</x91>
      <y91>512</y91>
      <x92>1171</x92>
      <y92>528</y92>
      <x93>1162</x93>
      <y93>541</y93>
      <x94>1161</x94>
      <y94>546</y94>
      <x95>1155</x95>
      <y95>552</y95>
      <x96>1138</x96>
      <y96>554</y96>
      <x97>1134</x97>
      <y97>557</y97>
      <x98>1116</x98>
      <y98>565</y98>
      <x99>1114</x99>
      <y99>570</y99>
      <x100>1114</x100>
      <y100>593</y100>
      <x101>1111</x101>
      <y101>603</y101>
      <x102>1106</x102>
      <y102>610</y102>
      <x103>1103</x103>
      <y103>619</y103>
      <x104>1104</x104>
      <y104>618</y104>
      <x105>1109</x105>
      <y105>618</y105>
      <x106>1118</x106>
      <y106>613</y106>
      <x107>1123</x107>
      <y107>612</y107>
      <x108>1135</x108>
      <y108>603</y108>
      <x109>1143</x109>
      <y109>600</y109>
      <x110>1148</x110>
      <y110>600</y110>
      <x111>1149</x111>
      <y111>601</y111>
      <x112>1149</x112>
      <y112>608</y112>
      <x113>1148</x113>
      <y113>609</y113>
      <x114>1148</x114>
      <y114>625</y114>
      <x115>1149</x115>
      <y115>626</y115>
      <x116>1165</x116>
      <y116>625</y116>
      <x117>1171</x117>
      <y117>621</y117>
      <x118>1180</x118>
      <y118>623</y118>
      <x119>1187</x119>
      <y119>620</y119>
      <x120>1188</x120>
      <y120>621</y120>
      <x121>1201</x121>
      <y121>620</y121>
      <x122>1208</x122>
      <y122>625</y122>
      <x123>1227</x123>
      <y123>626</y123>
      <x124>1231</x124>
      <y124>625</y124>
      <x125>1234</x125>
      <y125>622</y125>
      <x126>1242</x126>
      <y126>621</y126>
      <x127>1251</x127>
      <y127>624</y127>
      <x128>1262</x128>
      <y128>633</y128>
      <x129>1260</x129>
      <y129>639</y129>
      <x130>1249</x130>
      <y130>650</y130>
      <x131>1246</x131>
      <y131>662</y131>
      <x132>1246</x132>
      <y132>667</y132>
      <x133>1243</x133>
      <y133>674</y133>
      <x134>1242</x134>
      <y134>683</y134>
      <x135>1238</x135>
      <y135>692</y135>
      <x136>1234</x136>
      <y136>697</y136>
      <x137>1231</x137>
      <y137>704</y137>
      <x138>1217</x138>
      <y138>719</y138>
      <x139>1216</x139>
      <y139>722</y139>
      <x140>1209</x140>
      <y140>731</y140>
      <x141>1204</x141>
      <y141>742</y141>
      <x142>1203</x142>
      <y142>753</y142>
      <x143>1207</x143>
      <y143>757</y143>
      <x144>1218</x144>
      <y144>761</y144>
      <x145>1229</x145>
      <y145>761</y145>
      <x146>1243</x146>
      <y146>756</y146>
      <x147>1249</x147>
      <y147>752</y147>
      <x148>1258</x148>
      <y148>743</y148>
      <x149>1264</x149>
      <y149>731</y149>
      <x150>1269</x150>
      <y150>724</y150>
      <x151>1272</x151>
      <y151>716</y151>
      <x152>1287</x152>
      <y152>699</y152>
      <x153>1293</x153>
      <y153>682</y153>
      <x154>1299</x154>
      <y154>677</y154>
      <x155>1303</x155>
      <y155>669</y155>
      <x156>1304</x156>
      <y156>665</y156>
      <x157>1303</x157>
      <y157>645</y157>
      <x158>1304</x158>
      <y158>644</y158>
      <x159>1305</x159>
      <y159>634</y159>
      <x160>1314</x160>
      <y160>625</y160>
      <x161>1317</x161>
      <y161>619</y161>
      <x162>1317</x162>
      <y162>612</y162>
      <x163>1325</x163>
      <y163>587</y163>
      <x164>1326</x164>
      <y164>575</y164>
      <x165>1329</x165>
      <y165>570</y165>
      <x166>1332</x166>
      <y166>559</y166>
      <x167>1334</x167>
      <y167>543</y167>
      <x168>1335</x168>
      <y168>542</y168>
      <x169>1335</x169>
      <y169>534</y169>
      <x170>1340</x170>
      <y170>514</y170>
      <x171>1340</x171>
      <y171>506</y171>
      <x172>1342</x172>
      <y172>501</y172>
      <x173>1344</x173>
      <y173>461</y173>
      <x174>1345</x174>
      <y174>460</y174>
      <x175>1344</x175>
      <y175>449</y175>
      <x176>1346</x176>
      <y176>446</y176>
      <x177>1348</x177>
      <y177>426</y177>
      <x178>1353</x178>
      <y178>412</y178>
      <x179>1354</x179>
      <y179>405</y179>
      <x180>1361</x180>
      <y180>387</y180>
      <x181>1362</x181>
      <y181>381</y181>
      <x182>1367</x182>
      <y182>373</y182>
      <x183>1369</x183>
      <y183>360</y183>
      <x184>1371</x184>
      <y184>356</y184>
      <x185>1371</x185>
      <y185>343</y185>
      <x186>1369</x186>
      <y186>339</y186>
      <x187>1369</x187>
      <y187>333</y187>
      <x188>1360</x188>
      <y188>304</y188>
      <x189>1353</x189>
      <y189>293</y189>
      <x190>1350</x190>
      <y190>284</y190>
      <x191>1348</x191>
      <y191>282</y191>
      <x192>1345</x192>
      <y192>274</y192>
      <x193>1336</x193>
      <y193>258</y193>
      <x194>1326</x194>
      <y194>249</y194>
      <x195>1321</x195>
      <y195>248</y195>
      <x196>1319</x196>
      <y196>246</y196>
      <x197>1319</x197>
      <y197>242</y197>
      <x198>1311</x198>
      <y198>230</y198>
      <x199>1308</x199>
      <y199>230</y199>
      <x200>1304</x200>
      <y200>227</y200>
      <x201>1298</x201>
      <y201>227</y201>
      <x202>1294</x202>
      <y202>223</y202>
      <x203>1287</x203>
      <y203>220</y203>
      <x204>1282</x204>
      <y204>215</y204>
      <x205>1282</x205>
      <y205>212</y205>
      <x206>1286</x206>
      <y206>202</y206>
      <x207>1286</x207>
      <y207>185</y207>
      <x208>1283</x208>
      <y208>171</y208>
      <x209>1283</x209>
      <y209>156</y209>
      <x210>1282</x210>
      <y210>154</y210>
      <x211>1273</x211>
      <y211>147</y211>
      <x212>1252</x212>
      <y212>137</y212>
      <x213>1237</x213>
      <y213>134</y213>
      <x214>1227</x214>
      <y214>134</y214>
      <x215>1226</x215>
      <y215>133</y215>
    </polygon>
  </object>
</annotation>
