<?xml version="1.0" ?>
<annotation>
  <folder>VOC</folder>
  <filename>66-1.png</filename>
  <source>
    <database>roboflow.ai</database>
  </source>
  <size>
    <width>1792</width>
    <height>1024</height>
    <depth>3</depth>
  </size>
  <segmented>0</segmented>
  <object>
    <name>person</name>
    <bndbox>
      <xmin>415</xmin>
      <ymin>558</ymin>
      <xmax>1483</xmax>
      <ymax>1020</ymax>
    </bndbox>
    <polygon>
      <x1>1483</x1>
      <y1>788</y1>
      <x2>1482</x2>
      <y2>787</y2>
      <x3>1482</x3>
      <y3>777</y3>
      <x4>1478</x4>
      <y4>761</y4>
      <x5>1467</x5>
      <y5>737</y5>
      <x6>1449</x6>
      <y6>711</y6>
      <x7>1435</x7>
      <y7>688</y7>
      <x8>1425</x8>
      <y8>675</y8>
      <x9>1414</x9>
      <y9>664</y9>
      <x10>1390</x10>
      <y10>647</y10>
      <x11>1376</x11>
      <y11>639</y11>
      <x12>1373</x12>
      <y12>635</y12>
      <x13>1369</x13>
      <y13>633</y13>
      <x14>1358</x14>
      <y14>623</y14>
      <x15>1331</x15>
      <y15>607</y15>
      <x16>1325</x16>
      <y16>600</y16>
      <x17>1315</x17>
      <y17>593</y17>
      <x18>1313</x18>
      <y18>593</y18>
      <x19>1308</x19>
      <y19>588</y19>
      <x20>1301</x20>
      <y20>585</y20>
      <x21>1296</x21>
      <y21>581</y21>
      <x22>1290</x22>
      <y22>579</y22>
      <x23>1271</x23>
      <y23>577</y23>
      <x24>1270</x24>
      <y24>576</y24>
      <x25>1271</x25>
      <y25>569</y25>
      <x26>1264</x26>
      <y26>562</y26>
      <x27>1254</x27>
      <y27>558</y27>
      <x28>1249</x28>
      <y28>558</y28>
      <x29>1242</x29>
      <y29>561</y29>
      <x30>1234</x30>
      <y30>562</y30>
      <x31>1225</x31>
      <y31>567</y31>
      <x32>1222</x32>
      <y32>567</y32>
      <x33>1204</x33>
      <y33>581</y33>
      <x34>1198</x34>
      <y34>583</y34>
      <x35>1186</x35>
      <y35>590</y35>
      <x36>1178</x36>
      <y36>589</y36>
      <x37>1172</x37>
      <y37>592</y37>
      <x38>1161</x38>
      <y38>605</y38>
      <x39>1158</x39>
      <y39>606</y39>
      <x40>1154</x40>
      <y40>610</y40>
      <x41>1144</x41>
      <y41>612</y41>
      <x42>1139</x42>
      <y42>616</y42>
      <x43>1135</x43>
      <y43>625</y43>
      <x44>1133</x44>
      <y44>642</y44>
      <x45>1141</x45>
      <y45>657</y45>
      <x46>1144</x46>
      <y46>666</y46>
      <x47>1151</x47>
      <y47>675</y47>
      <x48>1151</x48>
      <y48>682</y48>
      <x49>1143</x49>
      <y49>700</y49>
      <x50>1138</x50>
      <y50>706</y50>
      <x51>1135</x51>
      <y51>716</y51>
      <x52>1130</x52>
      <y52>722</y52>
      <x53>1130</x53>
      <y53>726</y53>
      <x54>1134</x54>
      <y54>731</y54>
      <x55>1133</x55>
      <y55>746</y55>
      <x56>1121</x56>
      <y56>780</y56>
      <x57>1117</x57>
      <y57>795</y57>
      <x58>1117</x58>
      <y58>803</y58>
      <x59>1115</x59>
      <y59>808</y59>
      <x60>1110</x60>
      <y60>808</y60>
      <x61>1108</x61>
      <y61>806</y61>
      <x62>1106</x62>
      <y62>799</y62>
      <x63>1096</x63>
      <y63>788</y63>
      <x64>1091</x64>
      <y64>778</y64>
      <x65>1081</x65>
      <y65>766</y65>
      <x66>1077</x66>
      <y66>758</y66>
      <x67>1066</x67>
      <y67>747</y67>
      <x68>1061</x68>
      <y68>738</y68>
      <x69>1057</x69>
      <y69>736</y69>
      <x70>1054</x70>
      <y70>731</y70>
      <x71>1050</x71>
      <y71>728</y71>
      <x72>1046</x72>
      <y72>719</y72>
      <x73>1038</x73>
      <y73>714</y73>
      <x74>1036</x74>
      <y74>716</y74>
      <x75>1039</x75>
      <y75>728</y75>
      <x76>1038</x76>
      <y76>737</y76>
      <x77>1018</x77>
      <y77>755</y77>
      <x78>1005</x78>
      <y78>761</y78>
      <x79>996</x79>
      <y79>770</y79>
      <x80>988</x80>
      <y80>768</y80>
      <x81>987</x81>
      <y81>772</y81>
      <x82>984</x82>
      <y82>775</y82>
      <x83>979</x83>
      <y83>771</y83>
      <x84>977</x84>
      <y84>771</y84>
      <x85>970</x85>
      <y85>767</y85>
      <x86>965</x86>
      <y86>761</y86>
      <x87>948</x87>
      <y87>760</y87>
      <x88>945</x88>
      <y88>763</y88>
      <x89>944</x89>
      <y89>768</y89>
      <x90>947</x90>
      <y90>775</y90>
      <x91>947</x91>
      <y91>781</y91>
      <x92>953</x92>
      <y92>787</y92>
      <x93>948</x93>
      <y93>793</y93>
      <x94>943</x94>
      <y94>795</y94>
      <x95>930</x95>
      <y95>796</y95>
      <x96>920</x96>
      <y96>802</y96>
      <x97>908</x97>
      <y97>806</y97>
      <x98>901</x98>
      <y98>810</y98>
      <x99>889</x99>
      <y99>822</y99>
      <x100>886</x100>
      <y100>824</y100>
      <x101>881</x101>
      <y101>825</y101>
      <x102>871</x102>
      <y102>834</y102>
      <x103>864</x103>
      <y103>836</y103>
      <x104>857</x104>
      <y104>840</y104>
      <x105>854</x105>
      <y105>839</y105>
      <x106>852</x106>
      <y106>837</y106>
      <x107>852</x107>
      <y107>832</y107>
      <x108>854</x108>
      <y108>829</y108>
      <x109>853</x109>
      <y109>822</y109>
      <x110>848</x110>
      <y110>818</y110>
      <x111>847</x111>
      <y111>814</y111>
      <x112>844</x112>
      <y112>810</y112>
      <x113>838</x113>
      <y113>806</y113>
      <x114>834</x114>
      <y114>807</y114>
      <x115>831</x115>
      <y115>810</y115>
      <x116>829</x116>
      <y116>816</y116>
      <x117>829</x117>
      <y117>821</y117>
      <x118>828</x118>
      <y118>822</y118>
      <x119>829</x119>
      <y119>832</y119>
      <x120>827</x120>
      <y120>835</y120>
      <x121>827</x121>
      <y121>839</y121>
      <x122>825</x122>
      <y122>841</y122>
      <x123>820</x123>
      <y123>841</y123>
      <x124>816</x124>
      <y124>839</y124>
      <x125>814</x125>
      <y125>843</y125>
      <x126>814</x126>
      <y126>851</y126>
      <x127>819</x127>
      <y127>852</y127>
      <x128>823</x128>
      <y128>850</y128>
      <x129>826</x129>
      <y129>850</y129>
      <x130>826</x130>
      <y130>843</y130>
      <x131>828</x131>
      <y131>841</y131>
      <x132>829</x132>
      <y132>842</y132>
      <x133>829</x133>
      <y133>850</y133>
      <x134>827</x134>
      <y134>852</y134>
      <x135>827</x135>
      <y135>856</y135>
      <x136>825</x136>
      <y136>860</y136>
      <x137>816</x137>
      <y137>867</y137>
      <x138>800</x138>
      <y138>873</y138>
      <x139>791</x139>
      <y139>874</y139>
      <x140>783</x140>
      <y140>872</y140>
      <x141>779</x141>
      <y141>870</y141>
      <x142>775</x142>
      <y142>866</y142>
      <x143>774</x143>
      <y143>862</y143>
      <x144>762</x144>
      <y144>851</y144>
      <x145>755</x145>
      <y145>834</y145>
      <x146>751</x146>
      <y146>828</y146>
      <x147>751</x147>
      <y147>824</y147>
      <x148>754</x148>
      <y148>816</y148>
      <x149>753</x149>
      <y149>814</y149>
      <x150>750</x150>
      <y150>813</y150>
      <x151>746</x151>
      <y151>818</y151>
      <x152>735</x152>
      <y152>808</y152>
      <x153>734</x153>
      <y153>805</y153>
      <x154>731</x154>
      <y154>802</y154>
      <x155>728</x155>
      <y155>793</y155>
      <x156>722</x156>
      <y156>787</y156>
      <x157>722</x157>
      <y157>785</y157>
      <x158>717</x158>
      <y158>779</y158>
      <x159>715</x159>
      <y159>773</y159>
      <x160>708</x160>
      <y160>768</y160>
      <x161>697</x161>
      <y161>753</y161>
      <x162>692</x162>
      <y162>744</y162>
      <x163>697</x163>
      <y163>739</y163>
      <x164>697</x164>
      <y164>730</y164>
      <x165>693</x165>
      <y165>730</y165>
      <x166>691</x166>
      <y166>732</y166>
      <x167>691</x167>
      <y167>738</y167>
      <x168>690</x168>
      <y168>739</y168>
      <x169>687</x169>
      <y169>733</y169>
      <x170>683</x170>
      <y170>731</y170>
      <x171>675</x171>
      <y171>724</y171>
      <x172>672</x172>
      <y172>712</y172>
      <x173>673</x173>
      <y173>705</y173>
      <x174>676</x174>
      <y174>702</y174>
      <x175>681</x175>
      <y175>702</y175>
      <x176>687</x176>
      <y176>700</y176>
      <x177>696</x177>
      <y177>693</y177>
      <x178>700</x178>
      <y178>693</y178>
      <x179>703</x179>
      <y179>697</y179>
      <x180>723</x180>
      <y180>697</y180>
      <x181>725</x181>
      <y181>694</y181>
      <x182>725</x182>
      <y182>680</y182>
      <x183>723</x183>
      <y183>678</y183>
      <x184>721</x184>
      <y184>680</y184>
      <x185>721</x185>
      <y185>682</y185>
      <x186>717</x186>
      <y186>686</y186>
      <x187>709</x187>
      <y187>686</y187>
      <x188>704</x188>
      <y188>693</y188>
      <x189>702</x189>
      <y189>693</y189>
      <x190>700</x190>
      <y190>690</y190>
      <x191>703</x191>
      <y191>686</y191>
      <x192>703</x192>
      <y192>684</y192>
      <x193>708</x193>
      <y193>679</y193>
      <x194>715</x194>
      <y194>675</y194>
      <x195>725</x195>
      <y195>675</y195>
      <x196>735</x196>
      <y196>671</y196>
      <x197>738</x197>
      <y197>655</y197>
      <x198>734</x198>
      <y198>650</y198>
      <x199>733</x199>
      <y199>646</y199>
      <x200>697</x200>
      <y200>614</y200>
      <x201>692</x201>
      <y201>612</y201>
      <x202>683</x202>
      <y202>603</y202>
      <x203>677</x203>
      <y203>601</y203>
      <x204>673</x204>
      <y204>597</y204>
      <x205>667</x205>
      <y205>594</y205>
      <x206>659</x206>
      <y206>592</y206>
      <x207>643</x207>
      <y207>592</y207>
      <x208>633</x208>
      <y208>596</y208>
      <x209>628</x209>
      <y209>600</y209>
      <x210>622</x210>
      <y210>601</y210>
      <x211>617</x211>
      <y211>604</y211>
      <x212>615</x212>
      <y212>610</y212>
      <x213>612</x213>
      <y213>614</y213>
      <x214>606</x214>
      <y214>616</y214>
      <x215>603</x215>
      <y215>619</y215>
      <x216>598</x216>
      <y216>634</y216>
      <x217>598</x217>
      <y217>637</y217>
      <x218>594</x218>
      <y218>642</y218>
      <x219>589</x219>
      <y219>653</y219>
      <x220>589</x220>
      <y220>656</y220>
      <x221>586</x221>
      <y221>663</y221>
      <x222>586</x222>
      <y222>668</y222>
      <x223>575</x223>
      <y223>690</y223>
      <x224>575</x224>
      <y224>693</y224>
      <x225>571</x225>
      <y225>702</y225>
      <x226>571</x226>
      <y226>705</y226>
      <x227>565</x227>
      <y227>723</y227>
      <x228>563</x228>
      <y228>737</y228>
      <x229>559</x229>
      <y229>747</y229>
      <x230>557</x230>
      <y230>757</y230>
      <x231>556</x231>
      <y231>774</y231>
      <x232>539</x232>
      <y232>791</y232>
      <x233>533</x233>
      <y233>803</y233>
      <x234>530</x234>
      <y234>815</y234>
      <x235>528</x235>
      <y235>817</y235>
      <x236>517</x236>
      <y236>812</y236>
      <x237>505</x237>
      <y237>810</y237>
      <x238>500</x238>
      <y238>802</y238>
      <x239>492</x239>
      <y239>802</y239>
      <x240>481</x240>
      <y240>799</y240>
      <x241>473</x241>
      <y241>793</y241>
      <x242>462</x242>
      <y242>787</y242>
      <x243>444</x243>
      <y243>780</y243>
      <x244>434</x244>
      <y244>779</y244>
      <x245>433</x245>
      <y245>778</y245>
      <x246>423</x246>
      <y246>780</y246>
      <x247>416</x247>
      <y247>787</y247>
      <x248>415</x248>
      <y248>789</y248>
      <x249>415</x249>
      <y249>807</y249>
      <x250>422</x250>
      <y250>824</y250>
      <x251>426</x251>
      <y251>828</y251>
      <x252>431</x252>
      <y252>837</y252>
      <x253>445</x253>
      <y253>851</y253>
      <x254>452</x254>
      <y254>855</y254>
      <x255>454</x255>
      <y255>855</y255>
      <x256>464</x256>
      <y256>863</y256>
      <x257>471</x257>
      <y257>865</y257>
      <x258>498</x258>
      <y258>880</y258>
      <x259>508</x259>
      <y259>891</y259>
      <x260>527</x260>
      <y260>901</y260>
      <x261>533</x261>
      <y261>909</y261>
      <x262>539</x262>
      <y262>912</y262>
      <x263>546</x263>
      <y263>919</y263>
      <x264>551</x264>
      <y264>921</y264>
      <x265>556</x265>
      <y265>921</y265>
      <x266>563</x266>
      <y266>924</y266>
      <x267>573</x267>
      <y267>924</y267>
      <x268>578</x268>
      <y268>922</y268>
      <x269>583</x269>
      <y269>922</y269>
      <x270>588</x270>
      <y270>918</y270>
      <x271>590</x271>
      <y271>912</y271>
      <x272>590</x272>
      <y272>899</y272>
      <x273>594</x273>
      <y273>894</y273>
      <x274>594</x274>
      <y274>891</y274>
      <x275>588</x275>
      <y275>885</y275>
      <x276>589</x276>
      <y276>879</y276>
      <x277>591</x277>
      <y277>877</y277>
      <x278>596</x278>
      <y278>876</y278>
      <x279>603</x279>
      <y279>871</y279>
      <x280>613</x280>
      <y280>868</y280>
      <x281>617</x281>
      <y281>863</y281>
      <x282>618</x282>
      <y282>857</y282>
      <x283>633</x283>
      <y283>844</y283>
      <x284>639</x284>
      <y284>843</y284>
      <x285>645</x285>
      <y285>840</y285>
      <x286>655</x286>
      <y286>840</y286>
      <x287>656</x287>
      <y287>839</y287>
      <x288>663</x288>
      <y288>839</y288>
      <x289>667</x289>
      <y289>841</y289>
      <x290>670</x290>
      <y290>844</y290>
      <x291>683</x291>
      <y291>868</y291>
      <x292>689</x292>
      <y292>872</y292>
      <x293>695</x293>
      <y293>871</y293>
      <x294>697</x294>
      <y294>873</y294>
      <x295>696</x295>
      <y295>886</y295>
      <x296>698</x296>
      <y296>890</y296>
      <x297>698</x297>
      <y297>893</y297>
      <x298>710</x298>
      <y298>907</y298>
      <x299>716</x299>
      <y299>919</y299>
      <x300>725</x300>
      <y300>928</y300>
      <x301>729</x301>
      <y301>938</y301>
      <x302>739</x302>
      <y302>949</y302>
      <x303>744</x303>
      <y303>958</y303>
      <x304>752</x304>
      <y304>967</y304>
      <x305>759</x305>
      <y305>977</y305>
      <x306>766</x306>
      <y306>979</y306>
      <x307>769</x307>
      <y307>982</y307>
      <x308>767</x308>
      <y308>997</y308>
      <x309>769</x309>
      <y309>1005</y309>
      <x310>771</x310>
      <y310>1008</y310>
      <x311>778</x311>
      <y311>1013</y311>
      <x312>786</x312>
      <y312>1016</y312>
      <x313>793</x313>
      <y313>1016</y313>
      <x314>794</x314>
      <y314>1017</y314>
      <x315>809</x315>
      <y315>1018</y315>
      <x316>810</x316>
      <y316>1019</y316>
      <x317>835</x317>
      <y317>1019</y317>
      <x318>836</x318>
      <y318>1020</y318>
      <x319>1160</x319>
      <y319>1020</y319>
      <x320>1161</x320>
      <y320>1019</y320>
      <x321>1211</x321>
      <y321>1019</y321>
      <x322>1212</x322>
      <y322>1018</y322>
      <x323>1257</x323>
      <y323>1016</y323>
      <x324>1258</x324>
      <y324>1015</y324>
      <x325>1275</x325>
      <y325>1014</y325>
      <x326>1276</x326>
      <y326>1013</y326>
      <x327>1283</x327>
      <y327>1013</y327>
      <x328>1288</x328>
      <y328>1011</y328>
      <x329>1307</x329>
      <y329>1009</y329>
      <x330>1355</x330>
      <y330>994</y330>
      <x331>1370</x331>
      <y331>984</y331>
      <x332>1382</x332>
      <y332>979</y332>
      <x333>1391</x333>
      <y333>972</y333>
      <x334>1400</x334>
      <y334>968</y334>
      <x335>1404</x335>
      <y335>964</y335>
      <x336>1407</x336>
      <y336>963</y336>
      <x337>1409</x337>
      <y337>961</y337>
      <x338>1411</x338>
      <y338>949</y338>
      <x339>1414</x339>
      <y339>943</y339>
      <x340>1415</x340>
      <y340>932</y340>
      <x341>1420</x341>
      <y341>920</y341>
      <x342>1421</x342>
      <y342>911</y342>
      <x343>1417</x343>
      <y343>899</y343>
      <x344>1414</x344>
      <y344>894</y344>
      <x345>1405</x345>
      <y345>886</y345>
      <x346>1394</x346>
      <y346>881</y346>
      <x347>1392</x347>
      <y347>879</y347>
      <x348>1402</x348>
      <y348>871</y348>
      <x349>1409</x349>
      <y349>869</y349>
      <x350>1414</x350>
      <y350>866</y350>
      <x351>1461</x351>
      <y351>828</y351>
      <x352>1478</x352>
      <y352>809</y352>
      <x353>1483</x353>
      <y353>795</y353>
    </polygon>
  </object>
</annotation>
