<?xml version="1.0" ?>
<annotation>
  <folder>VOC</folder>
  <filename>67-2.png</filename>
  <source>
    <database>roboflow.ai</database>
  </source>
  <size>
    <width>1792</width>
    <height>1024</height>
    <depth>3</depth>
  </size>
  <segmented>0</segmented>
  <object>
    <name>person</name>
    <bndbox>
      <xmin>800</xmin>
      <ymin>636</ymin>
      <xmax>1056</xmax>
      <ymax>935</ymax>
    </bndbox>
    <polygon>
      <x1>1045</x1>
      <y1>637</y1>
      <x2>1040</x2>
      <y2>636</y2>
      <x3>1036</x3>
      <y3>641</y3>
      <x4>1027</x4>
      <y4>643</y4>
      <x5>1014</x5>
      <y5>649</y5>
      <x6>994</x6>
      <y6>650</y6>
      <x7>984</x7>
      <y7>653</y7>
      <x8>968</x8>
      <y8>653</y8>
      <x9>961</x9>
      <y9>657</y9>
      <x10>941</x10>
      <y10>659</y10>
      <x11>933</x11>
      <y11>656</y11>
      <x12>925</x12>
      <y12>656</y12>
      <x13>924</x13>
      <y13>655</y13>
      <x14>907</x14>
      <y14>656</y14>
      <x15>900</x15>
      <y15>660</y15>
      <x16>898</x16>
      <y16>679</y16>
      <x17>896</x17>
      <y17>686</y17>
      <x18>883</x18>
      <y18>698</y18>
      <x19>873</x19>
      <y19>702</y19>
      <x20>860</x20>
      <y20>702</y20>
      <x21>849</x21>
      <y21>698</y21>
      <x22>842</x22>
      <y22>698</y22>
      <x23>835</x23>
      <y23>696</y23>
      <x24>822</x24>
      <y24>696</y24>
      <x25>812</x25>
      <y25>699</y25>
      <x26>805</x26>
      <y26>707</y26>
      <x27>801</x27>
      <y27>714</y27>
      <x28>800</x28>
      <y28>720</y28>
      <x29>801</x29>
      <y29>721</y29>
      <x30>802</x30>
      <y30>736</y30>
      <x31>807</x31>
      <y31>747</y31>
      <x32>810</x32>
      <y32>758</y32>
      <x33>811</x33>
      <y33>773</y33>
      <x34>834</x34>
      <y34>820</y34>
      <x35>834</x35>
      <y35>822</y35>
      <x36>841</x36>
      <y36>834</y36>
      <x37>841</x37>
      <y37>836</y37>
      <x38>844</x38>
      <y38>840</y38>
      <x39>857</x39>
      <y39>849</y39>
      <x40>857</x40>
      <y40>851</y40>
      <x41>851</x41>
      <y41>861</y41>
      <x42>851</x42>
      <y42>873</y42>
      <x43>857</x43>
      <y43>888</y43>
      <x44>857</x44>
      <y44>897</y44>
      <x45>855</x45>
      <y45>904</y45>
      <x46>854</x46>
      <y46>916</y46>
      <x47>857</x47>
      <y47>925</y47>
      <x48>864</x48>
      <y48>933</y48>
      <x49>868</x49>
      <y49>935</y49>
      <x50>881</x50>
      <y50>935</y50>
      <x51>890</x51>
      <y51>928</y51>
      <x52>893</x52>
      <y52>928</y52>
      <x53>902</x53>
      <y53>933</y53>
      <x54>915</x54>
      <y54>933</y54>
      <x55>920</x55>
      <y55>931</y55>
      <x56>925</x56>
      <y56>926</y56>
      <x57>925</x57>
      <y57>914</y57>
      <x58>921</x58>
      <y58>907</y58>
      <x59>919</x59>
      <y59>899</y59>
      <x60>913</x60>
      <y60>893</y60>
      <x61>914</x61>
      <y61>889</y61>
      <x62>919</x62>
      <y62>884</y62>
      <x63>923</x63>
      <y63>883</y63>
      <x64>937</x64>
      <y64>875</y64>
      <x65>945</x65>
      <y65>866</y65>
      <x66>967</x66>
      <y66>848</y66>
      <x67>973</x67>
      <y67>841</y67>
      <x68>978</x68>
      <y68>838</y68>
      <x69>1009</x69>
      <y69>807</y69>
      <x70>1016</x70>
      <y70>796</y70>
      <x71>1016</x71>
      <y71>785</y71>
      <x72>1014</x72>
      <y72>776</y72>
      <x73>983</x73>
      <y73>719</y73>
      <x74>970</x74>
      <y74>707</y74>
      <x75>966</x75>
      <y75>701</y75>
      <x76>961</x76>
      <y76>684</y76>
      <x77>954</x77>
      <y77>677</y77>
      <x78>953</x78>
      <y78>670</y78>
      <x79>954</x79>
      <y79>669</y79>
      <x80>972</x80>
      <y80>668</y80>
      <x81>982</x81>
      <y81>670</y81>
      <x82>997</x82>
      <y82>670</y82>
      <x83>998</x83>
      <y83>671</y83>
      <x84>1019</x84>
      <y84>672</y84>
      <x85>1020</x85>
      <y85>673</y85>
      <x86>1035</x86>
      <y86>671</y86>
      <x87>1045</x87>
      <y87>667</y87>
      <x88>1054</x88>
      <y88>659</y88>
      <x89>1056</x89>
      <y89>655</y89>
      <x90>1055</x90>
      <y90>645</y90>
    </polygon>
  </object>
  <object>
    <name>person</name>
    <bndbox>
      <xmin>695</xmin>
      <ymin>389</ymin>
      <xmax>975</xmax>
      <ymax>669</ymax>
    </bndbox>
    <polygon>
      <x1>908</x1>
      <y1>392</y1>
      <x2>898</x2>
      <y2>389</y2>
      <x3>887</x3>
      <y3>389</y3>
      <x4>873</x4>
      <y4>393</y4>
      <x5>868</x5>
      <y5>396</y5>
      <x6>862</x6>
      <y6>402</y6>
      <x7>861</x7>
      <y7>405</y7>
      <x8>854</x8>
      <y8>414</y8>
      <x9>850</x9>
      <y9>415</y9>
      <x10>839</x10>
      <y10>425</y10>
      <x11>832</x11>
      <y11>437</y11>
      <x12>831</x12>
      <y12>446</y12>
      <x13>836</x13>
      <y13>459</y13>
      <x14>846</x14>
      <y14>471</y14>
      <x15>845</x15>
      <y15>474</y15>
      <x16>833</x16>
      <y16>474</y16>
      <x17>823</x17>
      <y17>476</y17>
      <x18>813</x18>
      <y18>480</y18>
      <x19>809</x19>
      <y19>480</y19>
      <x20>792</x20>
      <y20>485</y20>
      <x21>782</x21>
      <y21>495</y21>
      <x22>769</x22>
      <y22>501</y22>
      <x23>759</x23>
      <y23>511</y23>
      <x24>752</x24>
      <y24>516</y24>
      <x25>750</x25>
      <y25>516</y25>
      <x26>737</x26>
      <y26>523</y26>
      <x27>732</x27>
      <y27>524</y27>
      <x28>721</x28>
      <y28>531</y28>
      <x29>704</x29>
      <y29>549</y29>
      <x30>695</x30>
      <y30>567</y30>
      <x31>696</x31>
      <y31>576</y31>
      <x32>718</x32>
      <y32>602</y32>
      <x33>737</x33>
      <y33>616</y33>
      <x34>746</x34>
      <y34>620</y34>
      <x35>752</x35>
      <y35>626</y35>
      <x36>761</x36>
      <y36>631</y36>
      <x37>766</x37>
      <y37>636</y37>
      <x38>768</x38>
      <y38>640</y38>
      <x39>780</x39>
      <y39>650</y39>
      <x40>785</x40>
      <y40>650</y40>
      <x41>786</x41>
      <y41>649</y41>
      <x42>789</x42>
      <y42>652</y42>
      <x43>790</x43>
      <y43>655</y43>
      <x44>796</x44>
      <y44>657</y44>
      <x45>808</x45>
      <y45>667</y45>
      <x46>823</x46>
      <y46>669</y46>
      <x47>830</x47>
      <y47>666</y47>
      <x48>834</x48>
      <y48>662</y48>
      <x49>831</x49>
      <y49>654</y49>
      <x50>826</x50>
      <y50>649</y50>
      <x51>825</x51>
      <y51>645</y51>
      <x52>815</x52>
      <y52>636</y52>
      <x53>812</x53>
      <y53>631</y53>
      <x54>806</x54>
      <y54>628</y54>
      <x55>796</x55>
      <y55>620</y55>
      <x56>785</x56>
      <y56>619</y56>
      <x57>776</x57>
      <y57>614</y57>
      <x58>765</x58>
      <y58>604</y58>
      <x59>763</x59>
      <y59>600</y59>
      <x60>759</x60>
      <y60>598</y60>
      <x61>753</x61>
      <y61>584</y61>
      <x62>753</x62>
      <y62>577</y62>
      <x63>751</x63>
      <y63>571</y63>
      <x64>752</x64>
      <y64>568</y64>
      <x65>755</x65>
      <y65>565</y65>
      <x66>765</x66>
      <y66>563</y66>
      <x67>772</x67>
      <y67>563</y67>
      <x68>773</x68>
      <y68>562</y68>
      <x69>786</x69>
      <y69>564</y69>
      <x70>805</x70>
      <y70>575</y70>
      <x71>827</x71>
      <y71>580</y71>
      <x72>837</x72>
      <y72>579</y72>
      <x73>843</x73>
      <y73>576</y73>
      <x74>857</x74>
      <y74>576</y74>
      <x75>858</x75>
      <y75>575</y75>
      <x76>866</x76>
      <y76>575</y76>
      <x77>876</x77>
      <y77>577</y77>
      <x78>880</x78>
      <y78>579</y78>
      <x79>893</x79>
      <y79>592</y79>
      <x80>898</x80>
      <y80>605</y80>
      <x81>900</x81>
      <y81>615</y81>
      <x82>905</x82>
      <y82>621</y82>
      <x83>913</x83>
      <y83>624</y83>
      <x84>940</x84>
      <y84>624</y84>
      <x85>941</x85>
      <y85>625</y85>
      <x86>966</x86>
      <y86>625</y86>
      <x87>970</x87>
      <y87>624</y87>
      <x88>974</x88>
      <y88>621</y88>
      <x89>974</x89>
      <y89>613</y89>
      <x90>972</x90>
      <y90>608</y90>
      <x91>972</x91>
      <y91>590</y91>
      <x92>973</x92>
      <y92>589</y92>
      <x93>973</x93>
      <y93>569</y93>
      <x94>975</x94>
      <y94>559</y94>
      <x95>975</x95>
      <y95>538</y95>
      <x96>973</x96>
      <y96>531</y96>
      <x97>968</x97>
      <y97>520</y97>
      <x98>954</x98>
      <y98>506</y98>
      <x99>947</x99>
      <y99>502</y99>
      <x100>935</x100>
      <y100>502</y100>
      <x101>933</x101>
      <y101>500</y101>
      <x102>936</x102>
      <y102>496</y102>
      <x103>958</x103>
      <y103>485</y103>
      <x104>970</x104>
      <y104>474</y104>
      <x105>974</x105>
      <y105>466</y105>
      <x106>974</x106>
      <y106>461</y106>
      <x107>975</x107>
      <y107>460</y107>
      <x108>974</x108>
      <y108>450</y108>
      <x109>969</x109>
      <y109>439</y109>
      <x110>953</x110>
      <y110>422</y110>
      <x111>935</x111>
      <y111>410</y111>
      <x112>928</x112>
      <y112>408</y112>
      <x113>916</x113>
      <y113>396</y113>
    </polygon>
  </object>
</annotation>
