<?xml version="1.0" ?>
<annotation>
  <folder>VOC</folder>
  <filename>70-2.png</filename>
  <source>
    <database>roboflow.ai</database>
  </source>
  <size>
    <width>1792</width>
    <height>1024</height>
    <depth>3</depth>
  </size>
  <segmented>0</segmented>
  <object>
    <name>person</name>
    <bndbox>
      <xmin>758</xmin>
      <ymin>824</ymin>
      <xmax>818</xmax>
      <ymax>960</ymax>
    </bndbox>
    <polygon>
      <x1>778</x1>
      <y1>824</y1>
      <x2>772</x2>
      <y2>829</y2>
      <x3>761</x3>
      <y3>857</y3>
      <x4>762</x4>
      <y4>873</y4>
      <x5>758</x5>
      <y5>889</y5>
      <x6>758</x6>
      <y6>899</y6>
      <x7>760</x7>
      <y7>904</y7>
      <x8>763</x8>
      <y8>905</y8>
      <x9>766</x9>
      <y9>909</y9>
      <x10>766</x10>
      <y10>936</y10>
      <x11>769</x11>
      <y11>940</y11>
      <x12>777</x12>
      <y12>941</y12>
      <x13>779</x13>
      <y13>943</y13>
      <x14>780</x14>
      <y14>954</y14>
      <x15>788</x15>
      <y15>960</y15>
      <x16>791</x16>
      <y16>957</y16>
      <x17>790</x17>
      <y17>948</y17>
      <x18>794</x18>
      <y18>943</y18>
      <x19>809</x19>
      <y19>944</y19>
      <x20>815</x20>
      <y20>942</y20>
      <x21>817</x21>
      <y21>940</y21>
      <x22>818</x22>
      <y22>933</y22>
      <x23>814</x23>
      <y23>919</y23>
      <x24>807</x24>
      <y24>908</y24>
      <x25>807</x25>
      <y25>904</y25>
      <x26>811</x26>
      <y26>900</y26>
      <x27>811</x27>
      <y27>894</y27>
      <x28>804</x28>
      <y28>882</y28>
      <x29>800</x29>
      <y29>871</y29>
      <x30>800</x30>
      <y30>858</y30>
      <x31>791</x31>
      <y31>847</y31>
      <x32>790</x32>
      <y32>830</y32>
      <x33>786</x33>
      <y33>825</y33>
    </polygon>
  </object>
  <object>
    <name>person</name>
    <bndbox>
      <xmin>832</xmin>
      <ymin>793</ymin>
      <xmax>893</xmax>
      <ymax>946</ymax>
    </bndbox>
    <polygon>
      <x1>855</x1>
      <y1>793</y1>
      <x2>851</x2>
      <y2>798</y2>
      <x3>851</x3>
      <y3>804</y3>
      <x4>856</x4>
      <y4>813</y4>
      <x5>856</x5>
      <y5>818</y5>
      <x6>853</x6>
      <y6>822</y6>
      <x7>839</x7>
      <y7>827</y7>
      <x8>834</x8>
      <y8>837</y8>
      <x9>832</x9>
      <y9>858</y9>
      <x10>833</x10>
      <y10>885</y10>
      <x11>835</x11>
      <y11>888</y11>
      <x12>839</x12>
      <y12>886</y12>
      <x13>840</x13>
      <y13>868</y13>
      <x14>842</x14>
      <y14>865</y14>
      <x15>846</x15>
      <y15>867</y15>
      <x16>849</x16>
      <y16>888</y16>
      <x17>857</x17>
      <y17>909</y17>
      <x18>860</x18>
      <y18>922</y18>
      <x19>858</x19>
      <y19>943</y19>
      <x20>864</x20>
      <y20>946</y20>
      <x21>867</x21>
      <y21>942</y21>
      <x22>872</x22>
      <y22>908</y22>
      <x23>876</x23>
      <y23>901</y23>
      <x24>879</x24>
      <y24>887</y24>
      <x25>882</x25>
      <y25>883</y25>
      <x26>882</x26>
      <y26>866</y26>
      <x27>884</x27>
      <y27>864</y27>
      <x28>887</x28>
      <y28>866</y28>
      <x29>886</x29>
      <y29>881</y29>
      <x30>890</x30>
      <y30>885</y30>
      <x31>893</x31>
      <y31>881</y31>
      <x32>893</x32>
      <y32>866</y32>
      <x33>891</x33>
      <y33>858</y33>
      <x34>891</x34>
      <y34>848</y34>
      <x35>886</x35>
      <y35>829</y35>
      <x36>882</x36>
      <y36>825</y36>
      <x37>869</x37>
      <y37>821</y37>
      <x38>865</x38>
      <y38>817</y38>
      <x39>868</x39>
      <y39>800</y39>
      <x40>865</x40>
      <y40>794</y40>
    </polygon>
  </object>
</annotation>
