<?xml version="1.0" ?>
<annotation>
  <folder>VOC</folder>
  <filename>71-1.png</filename>
  <source>
    <database>roboflow.ai</database>
  </source>
  <size>
    <width>1792</width>
    <height>1024</height>
    <depth>3</depth>
  </size>
  <segmented>0</segmented>
  <object>
    <name>person</name>
    <bndbox>
      <xmin>623</xmin>
      <ymin>0</ymin>
      <xmax>1282</xmax>
      <ymax>636</ymax>
    </bndbox>
    <polygon>
      <x1>746</x1>
      <y1>19</y1>
      <x2>738</x2>
      <y2>26</y2>
      <x3>735</x3>
      <y3>27</y3>
      <x4>729</x4>
      <y4>34</y4>
      <x5>723</x5>
      <y5>46</y5>
      <x6>723</x6>
      <y6>58</y6>
      <x7>726</x7>
      <y7>65</y7>
      <x8>741</x8>
      <y8>82</y8>
      <x9>757</x9>
      <y9>92</y9>
      <x10>781</x10>
      <y10>104</y10>
      <x11>791</x11>
      <y11>114</y11>
      <x12>791</x12>
      <y12>118</y12>
      <x13>789</x13>
      <y13>122</y13>
      <x14>789</x14>
      <y14>147</y14>
      <x15>790</x15>
      <y15>148</y15>
      <x16>789</x16>
      <y16>180</y16>
      <x17>788</x17>
      <y17>181</y17>
      <x18>788</x18>
      <y18>188</y18>
      <x19>786</x19>
      <y19>198</y19>
      <x20>781</x20>
      <y20>210</y20>
      <x21>773</x21>
      <y21>221</y21>
      <x22>771</x22>
      <y22>228</y22>
      <x23>771</x23>
      <y23>233</y23>
      <x24>765</x24>
      <y24>246</y24>
      <x25>760</x25>
      <y25>252</y25>
      <x26>755</x26>
      <y26>263</y26>
      <x27>751</x27>
      <y27>268</y27>
      <x28>747</x28>
      <y28>278</y28>
      <x29>744</x29>
      <y29>291</y29>
      <x30>744</x30>
      <y30>306</y30>
      <x31>740</x31>
      <y31>317</y31>
      <x32>739</x32>
      <y32>325</y32>
      <x33>736</x33>
      <y33>332</y33>
      <x34>732</x34>
      <y34>353</y34>
      <x35>730</x35>
      <y35>357</y35>
      <x36>730</x36>
      <y36>362</y36>
      <x37>728</x37>
      <y37>367</y37>
      <x38>722</x38>
      <y38>421</y38>
      <x39>720</x39>
      <y39>431</y39>
      <x40>717</x40>
      <y40>437</y40>
      <x41>716</x41>
      <y41>446</y41>
      <x42>709</x42>
      <y42>457</y42>
      <x43>707</x43>
      <y43>465</y43>
      <x44>696</x44>
      <y44>482</y44>
      <x45>689</x45>
      <y45>489</y45>
      <x46>678</x46>
      <y46>496</y46>
      <x47>676</x47>
      <y47>496</y47>
      <x48>670</x48>
      <y48>502</y48>
      <x49>655</x49>
      <y49>507</y49>
      <x50>642</x50>
      <y50>521</y50>
      <x51>640</x51>
      <y51>529</y51>
      <x52>636</x52>
      <y52>536</y52>
      <x53>635</x53>
      <y53>542</y53>
      <x54>630</x54>
      <y54>550</y54>
      <x55>629</x55>
      <y55>558</y55>
      <x56>623</x56>
      <y56>573</y56>
      <x57>623</x57>
      <y57>580</y57>
      <x58>626</x58>
      <y58>592</y58>
      <x59>633</x59>
      <y59>597</y59>
      <x60>637</x60>
      <y60>595</y60>
      <x61>639</x61>
      <y61>592</y61>
      <x62>638</x62>
      <y62>588</y62>
      <x63>639</x63>
      <y63>578</y63>
      <x64>641</x64>
      <y64>576</y64>
      <x65>646</x65>
      <y65>564</y65>
      <x66>658</x66>
      <y66>549</y66>
      <x67>664</x67>
      <y67>548</y67>
      <x68>667</x68>
      <y68>549</y68>
      <x69>671</x69>
      <y69>553</y69>
      <x70>672</x70>
      <y70>562</y70>
      <x71>668</x71>
      <y71>565</y71>
      <x72>660</x72>
      <y72>578</y72>
      <x73>660</x73>
      <y73>583</y73>
      <x74>656</x74>
      <y74>589</y74>
      <x75>656</x75>
      <y75>595</y75>
      <x76>657</x76>
      <y76>597</y76>
      <x77>665</x77>
      <y77>600</y77>
      <x78>668</x78>
      <y78>599</y78>
      <x79>671</x79>
      <y79>588</y79>
      <x80>676</x80>
      <y80>583</y80>
      <x81>681</x81>
      <y81>569</y81>
      <x82>685</x82>
      <y82>564</y82>
      <x83>691</x83>
      <y83>561</y83>
      <x84>700</x84>
      <y84>551</y84>
      <x85>702</x85>
      <y85>543</y85>
      <x86>701</x86>
      <y86>542</y86>
      <x87>701</x87>
      <y87>534</y87>
      <x88>704</x88>
      <y88>532</y88>
      <x89>711</x89>
      <y89>532</y89>
      <x90>715</x90>
      <y90>530</y90>
      <x91>719</x91>
      <y91>526</y91>
      <x92>725</x92>
      <y92>515</y92>
      <x93>729</x93>
      <y93>502</y93>
      <x94>729</x94>
      <y94>490</y94>
      <x95>730</x95>
      <y95>489</y95>
      <x96>729</x96>
      <y96>478</y96>
      <x97>732</x97>
      <y97>476</y97>
      <x98>735</x98>
      <y98>477</y98>
      <x99>739</x99>
      <y99>476</y99>
      <x100>743</x100>
      <y100>469</y100>
      <x101>747</x101>
      <y101>465</y101>
      <x102>747</x102>
      <y102>463</y102>
      <x103>750</x103>
      <y103>459</y103>
      <x104>761</x104>
      <y104>436</y104>
      <x105>767</x105>
      <y105>430</y105>
      <x106>773</x106>
      <y106>419</y106>
      <x107>778</x107>
      <y107>414</y107>
      <x108>790</x108>
      <y108>396</y108>
      <x109>796</x109>
      <y109>390</y109>
      <x110>798</x110>
      <y110>384</y110>
      <x111>805</x111>
      <y111>374</y111>
      <x112>812</x112>
      <y112>359</y112>
      <x113>812</x113>
      <y113>356</y113>
      <x114>815</x114>
      <y114>347</y114>
      <x115>819</x115>
      <y115>340</y115>
      <x116>819</x116>
      <y116>337</y116>
      <x117>822</x117>
      <y117>332</y117>
      <x118>821</x118>
      <y118>326</y118>
      <x119>838</x119>
      <y119>317</y119>
      <x120>845</x120>
      <y120>297</y120>
      <x121>858</x121>
      <y121>281</y121>
      <x122>861</x122>
      <y122>286</y122>
      <x123>864</x123>
      <y123>296</y123>
      <x124>865</x124>
      <y124>320</y124>
      <x125>866</x125>
      <y125>321</y125>
      <x126>866</x126>
      <y126>354</y126>
      <x127>865</x127>
      <y127>355</y127>
      <x128>866</x128>
      <y128>382</y128>
      <x129>865</x129>
      <y129>383</y129>
      <x130>865</x130>
      <y130>388</y130>
      <x131>867</x131>
      <y131>394</y131>
      <x132>867</x132>
      <y132>407</y132>
      <x133>863</x133>
      <y133>416</y133>
      <x134>863</x134>
      <y134>429</y134>
      <x135>862</x135>
      <y135>430</y135>
      <x136>863</x136>
      <y136>433</y136>
      <x137>863</x137>
      <y137>442</y137>
      <x138>862</x138>
      <y138>443</y138>
      <x139>862</x139>
      <y139>476</y139>
      <x140>863</x140>
      <y140>481</y140>
      <x141>862</x141>
      <y141>482</y141>
      <x142>862</x142>
      <y142>489</y142>
      <x143>864</x143>
      <y143>494</y143>
      <x144>873</x144>
      <y144>502</y144>
      <x145>887</x145>
      <y145>510</y145>
      <x146>891</x146>
      <y146>514</y146>
      <x147>897</x147>
      <y147>517</y147>
      <x148>920</x148>
      <y148>534</y148>
      <x149>925</x149>
      <y149>536</y149>
      <x150>947</x150>
      <y150>550</y150>
      <x151>953</x151>
      <y151>550</y151>
      <x152>958</x152>
      <y152>542</y152>
      <x153>961</x153>
      <y153>507</y153>
      <x154>967</x154>
      <y154>484</y154>
      <x155>970</x155>
      <y155>480</y155>
      <x156>977</x156>
      <y156>479</y156>
      <x157>981</x157>
      <y157>483</y157>
      <x158>989</x158>
      <y158>499</y158>
      <x159>996</x159>
      <y159>507</y159>
      <x160>1003</x160>
      <y160>510</y160>
      <x161>1008</x161>
      <y161>518</y161>
      <x162>1020</x162>
      <y162>524</y162>
      <x163>1024</x163>
      <y163>529</y163>
      <x164>1023</x164>
      <y164>547</y164>
      <x165>1019</x165>
      <y165>566</y165>
      <x166>1019</x166>
      <y166>587</y166>
      <x167>1020</x167>
      <y167>588</y167>
      <x168>1020</x168>
      <y168>597</y168>
      <x169>1021</x169>
      <y169>599</y169>
      <x170>1041</x170>
      <y170>613</y170>
      <x171>1056</x171>
      <y171>621</y171>
      <x172>1062</x172>
      <y172>626</y172>
      <x173>1079</x173>
      <y173>635</y173>
      <x174>1088</x174>
      <y174>636</y174>
      <x175>1094</x175>
      <y175>630</y175>
      <x176>1096</x176>
      <y176>626</y176>
      <x177>1101</x177>
      <y177>609</y177>
      <x178>1102</x178>
      <y178>594</y178>
      <x179>1103</x179>
      <y179>593</y179>
      <x180>1103</x180>
      <y180>567</y180>
      <x181>1104</x181>
      <y181>566</y181>
      <x182>1104</x182>
      <y182>557</y182>
      <x183>1107</x183>
      <y183>542</y183>
      <x184>1109</x184>
      <y184>540</y184>
      <x185>1120</x185>
      <y185>541</y185>
      <x186>1125</x186>
      <y186>545</y186>
      <x187>1126</x187>
      <y187>548</y187>
      <x188>1129</x188>
      <y188>551</y188>
      <x189>1138</x189>
      <y189>551</y189>
      <x190>1159</x190>
      <y190>541</y190>
      <x191>1165</x191>
      <y191>537</y191>
      <x192>1172</x192>
      <y192>530</y192>
      <x193>1185</x193>
      <y193>514</y193>
      <x194>1191</x194>
      <y194>497</y194>
      <x195>1196</x195>
      <y195>487</y195>
      <x196>1208</x196>
      <y196>469</y196>
      <x197>1211</x197>
      <y197>462</y197>
      <x198>1215</x198>
      <y198>458</y198>
      <x199>1225</x199>
      <y199>442</y199>
      <x200>1230</x200>
      <y200>437</y200>
      <x201>1239</x201>
      <y201>421</y201>
      <x202>1261</x202>
      <y202>399</y202>
      <x203>1261</x203>
      <y203>397</y203>
      <x204>1267</x204>
      <y204>387</y204>
      <x205>1268</x205>
      <y205>382</y205>
      <x206>1272</x206>
      <y206>376</y206>
      <x207>1273</x207>
      <y207>368</y207>
      <x208>1277</x208>
      <y208>360</y208>
      <x209>1277</x209>
      <y209>354</y209>
      <x210>1279</x210>
      <y210>349</y210>
      <x211>1280</x211>
      <y211>338</y211>
      <x212>1281</x212>
      <y212>337</y212>
      <x213>1281</x213>
      <y213>330</y213>
      <x214>1282</x214>
      <y214>329</y214>
      <x215>1281</x215>
      <y215>310</y215>
      <x216>1280</x216>
      <y216>309</y216>
      <x217>1280</x217>
      <y217>302</y217>
      <x218>1279</x218>
      <y218>301</y218>
      <x219>1277</x219>
      <y219>283</y219>
      <x220>1274</x220>
      <y220>274</y220>
      <x221>1274</x221>
      <y221>269</y221>
      <x222>1269</x222>
      <y222>259</y222>
      <x223>1266</x223>
      <y223>243</y223>
      <x224>1263</x224>
      <y224>236</y224>
      <x225>1260</x225>
      <y225>215</y225>
      <x226>1254</x226>
      <y226>197</y226>
      <x227>1252</x227>
      <y227>194</y227>
      <x228>1252</x228>
      <y228>188</y228>
      <x229>1254</x229>
      <y229>183</y229>
      <x230>1254</x230>
      <y230>170</y230>
      <x231>1244</x231>
      <y231>157</y231>
      <x232>1236</x232>
      <y232>153</y232>
      <x233>1228</x233>
      <y233>146</y233>
      <x234>1217</x234>
      <y234>139</y234>
      <x235>1195</x235>
      <y235>127</y235>
      <x236>1187</x236>
      <y236>124</y236>
      <x237>1173</x237>
      <y237>115</y237>
      <x238>1147</x238>
      <y238>101</y238>
      <x239>1133</x239>
      <y239>95</y239>
      <x240>1124</x240>
      <y240>93</y240>
      <x241>1105</x241>
      <y241>86</y241>
      <x242>1101</x242>
      <y242>82</y242>
      <x243>1101</x243>
      <y243>79</y243>
      <x244>1107</x244>
      <y244>67</y244>
      <x245>1108</x245>
      <y245>53</y245>
      <x246>1106</x246>
      <y246>45</y246>
      <x247>1101</x247>
      <y247>36</y247>
      <x248>1083</x248>
      <y248>21</y248>
      <x249>1074</x249>
      <y249>17</y249>
      <x250>1057</x250>
      <y250>13</y250>
      <x251>1048</x251>
      <y251>9</y251>
      <x252>1037</x252>
      <y252>8</y252>
      <x253>1025</x253>
      <y253>5</y253>
      <x254>1006</x254>
      <y254>5</y254>
      <x255>1001</x255>
      <y255>3</y255>
      <x256>997</x256>
      <y256>3</y256>
      <x257>996</x257>
      <y257>0</y257>
      <x258>845</x258>
      <y258>0</y258>
      <x259>844</x259>
      <y259>3</y259>
      <x260>832</x260>
      <y260>6</y260>
      <x261>798</x261>
      <y261>6</y261>
      <x262>797</x262>
      <y262>7</y262>
      <x263>776</x263>
      <y263>9</y263>
      <x264>760</x264>
      <y264>13</y264>
    </polygon>
  </object>
</annotation>
