<?xml version="1.0" ?>
<annotation>
  <folder>VOC</folder>
  <filename>71-2.png</filename>
  <source>
    <database>roboflow.ai</database>
  </source>
  <size>
    <width>1792</width>
    <height>1024</height>
    <depth>3</depth>
  </size>
  <segmented>0</segmented>
  <object>
    <name>person</name>
    <bndbox>
      <xmin>866</xmin>
      <ymin>440</ymin>
      <xmax>1208</xmax>
      <ymax>961</ymax>
    </bndbox>
    <polygon>
      <x1>1093</x1>
      <y1>449</y1>
      <x2>1075</x2>
      <y2>447</y2>
      <x3>1074</x3>
      <y3>446</y3>
      <x4>1065</x4>
      <y4>446</y4>
      <x5>1060</x5>
      <y5>442</y5>
      <x6>1050</x6>
      <y6>441</y6>
      <x7>1049</x7>
      <y7>440</y7>
      <x8>1028</x8>
      <y8>441</y8>
      <x9>998</x9>
      <y9>447</y9>
      <x10>981</x10>
      <y10>455</y10>
      <x11>967</x11>
      <y11>465</y11>
      <x12>956</x12>
      <y12>479</y12>
      <x13>950</x13>
      <y13>493</y13>
      <x14>949</x14>
      <y14>500</y14>
      <x15>946</x15>
      <y15>506</y15>
      <x16>947</x16>
      <y16>528</y16>
      <x17>949</x17>
      <y17>535</y17>
      <x18>949</x18>
      <y18>542</y18>
      <x19>957</x19>
      <y19>560</y19>
      <x20>971</x20>
      <y20>581</y20>
      <x21>980</x21>
      <y21>590</y21>
      <x22>984</x22>
      <y22>596</y22>
      <x23>985</x23>
      <y23>600</y23>
      <x24>973</x24>
      <y24>613</y24>
      <x25>951</x25>
      <y25>621</y25>
      <x26>939</x26>
      <y26>622</y26>
      <x27>934</x27>
      <y27>624</y27>
      <x28>925</x28>
      <y28>625</y28>
      <x29>920</x29>
      <y29>628</y29>
      <x30>917</x30>
      <y30>628</y30>
      <x31>910</x31>
      <y31>631</y31>
      <x32>901</x32>
      <y32>641</y32>
      <x33>896</x33>
      <y33>648</y33>
      <x34>893</x34>
      <y34>656</y34>
      <x35>886</x35>
      <y35>663</y35>
      <x36>883</x36>
      <y36>669</y36>
      <x37>877</x37>
      <y37>676</y37>
      <x38>868</x38>
      <y38>695</y38>
      <x39>866</x39>
      <y39>705</y39>
      <x40>866</x40>
      <y40>717</y40>
      <x41>869</x41>
      <y41>725</y41>
      <x42>875</x42>
      <y42>731</y42>
      <x43>884</x43>
      <y43>736</y43>
      <x44>901</x44>
      <y44>737</y44>
      <x45>913</x45>
      <y45>734</y45>
      <x46>919</x46>
      <y46>731</y46>
      <x47>926</x47>
      <y47>730</y47>
      <x48>929</x48>
      <y48>732</y48>
      <x49>932</x49>
      <y49>739</y49>
      <x50>934</x50>
      <y50>754</y50>
      <x51>929</x51>
      <y51>772</y51>
      <x52>929</x52>
      <y52>782</y52>
      <x53>931</x53>
      <y53>788</y53>
      <x54>931</x54>
      <y54>829</y54>
      <x55>928</x55>
      <y55>836</y55>
      <x56>927</x56>
      <y56>846</y56>
      <x57>926</x57>
      <y57>847</y57>
      <x58>926</x58>
      <y58>868</y58>
      <x59>927</x59>
      <y59>869</y59>
      <x60>928</x60>
      <y60>882</y60>
      <x61>926</x61>
      <y61>889</y61>
      <x62>921</x62>
      <y62>893</y62>
      <x63>918</x63>
      <y63>893</y63>
      <x64>915</x64>
      <y64>891</y64>
      <x65>911</x65>
      <y65>892</y65>
      <x66>904</x66>
      <y66>899</y66>
      <x67>902</x67>
      <y67>907</y67>
      <x68>905</x68>
      <y68>918</y68>
      <x69>912</x69>
      <y69>925</y69>
      <x70>920</x70>
      <y70>928</y70>
      <x71>928</x71>
      <y71>947</y71>
      <x72>936</x72>
      <y72>955</y72>
      <x73>947</x73>
      <y73>958</y73>
      <x74>955</x74>
      <y74>956</y74>
      <x75>961</x75>
      <y75>951</y75>
      <x76>964</x76>
      <y76>944</y76>
      <x77>968</x77>
      <y77>940</y77>
      <x78>971</x78>
      <y78>934</y78>
      <x79>971</x79>
      <y79>929</y79>
      <x80>977</x80>
      <y80>911</y80>
      <x81>980</x81>
      <y81>895</y81>
      <x82>989</x82>
      <y82>878</y82>
      <x83>989</x83>
      <y83>875</y83>
      <x84>992</x84>
      <y84>871</y84>
      <x85>1020</x85>
      <y85>871</y85>
      <x86>1026</x86>
      <y86>868</y86>
      <x87>1031</x87>
      <y87>868</y87>
      <x88>1034</x88>
      <y88>872</y88>
      <x89>1034</x89>
      <y89>885</y89>
      <x90>1031</x90>
      <y90>898</y90>
      <x91>1029</x91>
      <y91>923</y91>
      <x92>1028</x92>
      <y92>924</y92>
      <x93>1028</x93>
      <y93>932</y93>
      <x94>1029</x94>
      <y94>933</y94>
      <x95>1028</x95>
      <y95>952</y95>
      <x96>1030</x96>
      <y96>956</y96>
      <x97>1034</x97>
      <y97>959</y97>
      <x98>1040</x98>
      <y98>961</y98>
      <x99>1048</x99>
      <y99>960</y99>
      <x100>1086</x100>
      <y100>929</y100>
      <x101>1100</x101>
      <y101>915</y101>
      <x102>1103</x102>
      <y102>906</y102>
      <x103>1103</x103>
      <y103>898</y103>
      <x104>1101</x104>
      <y104>895</y104>
      <x105>1092</x105>
      <y105>895</y105>
      <x106>1089</x106>
      <y106>898</y106>
      <x107>1087</x107>
      <y107>893</y107>
      <x108>1088</x108>
      <y108>892</y108>
      <x109>1089</x109>
      <y109>878</y109>
      <x110>1099</x110>
      <y110>858</y110>
      <x111>1103</x111>
      <y111>844</y111>
      <x112>1108</x112>
      <y112>835</y112>
      <x113>1108</x113>
      <y113>831</y113>
      <x114>1121</x114>
      <y114>796</y114>
      <x115>1124</x115>
      <y115>777</y115>
      <x116>1129</x116>
      <y116>766</y116>
      <x117>1132</x117>
      <y117>755</y117>
      <x118>1138</x118>
      <y118>743</y118>
      <x119>1144</x119>
      <y119>737</y119>
      <x120>1151</x120>
      <y120>735</y120>
      <x121>1160</x121>
      <y121>736</y121>
      <x122>1172</x122>
      <y122>740</y122>
      <x123>1190</x123>
      <y123>739</y123>
      <x124>1193</x124>
      <y124>738</y124>
      <x125>1200</x125>
      <y125>731</y125>
      <x126>1205</x126>
      <y126>723</y126>
      <x127>1208</x127>
      <y127>703</y127>
      <x128>1206</x128>
      <y128>693</y128>
      <x129>1204</x129>
      <y129>689</y129>
      <x130>1204</x130>
      <y130>673</y130>
      <x131>1203</x131>
      <y131>669</y131>
      <x132>1195</x132>
      <y132>655</y132>
      <x133>1194</x133>
      <y133>650</y133>
      <x134>1189</x134>
      <y134>642</y134>
      <x135>1187</x135>
      <y135>630</y135>
      <x136>1182</x136>
      <y136>614</y136>
      <x137>1182</x137>
      <y137>601</y137>
      <x138>1181</x138>
      <y138>600</y138>
      <x139>1181</x139>
      <y139>592</y139>
      <x140>1178</x140>
      <y140>578</y140>
      <x141>1173</x141>
      <y141>570</y141>
      <x142>1166</x142>
      <y142>564</y142>
      <x143>1159</x143>
      <y143>562</y143>
      <x144>1148</x144>
      <y144>562</y144>
      <x145>1146</x145>
      <y145>560</y145>
      <x146>1147</x146>
      <y146>550</y146>
      <x147>1149</x147>
      <y147>544</y147>
      <x148>1149</x148>
      <y148>518</y148>
      <x149>1144</x149>
      <y149>501</y149>
      <x150>1141</x150>
      <y150>495</y150>
      <x151>1136</x151>
      <y151>489</y151>
      <x152>1133</x152>
      <y152>481</y152>
      <x153>1118</x153>
      <y153>466</y153>
      <x154>1102</x154>
      <y154>454</y154>
    </polygon>
  </object>
</annotation>
