<?xml version="1.0" ?>
<annotation>
  <folder>VOC</folder>
  <filename>73-1.png</filename>
  <source>
    <database>roboflow.ai</database>
  </source>
  <size>
    <width>1792</width>
    <height>1024</height>
    <depth>3</depth>
  </size>
  <segmented>0</segmented>
  <object>
    <name>person</name>
    <bndbox>
      <xmin>1179</xmin>
      <ymin>615</ymin>
      <xmax>1269</xmax>
      <ymax>721</ymax>
    </bndbox>
    <polygon>
      <x1>1222</x1>
      <y1>616</y1>
      <x2>1218</x2>
      <y2>618</y2>
      <x3>1214</x3>
      <y3>622</y3>
      <x4>1212</x4>
      <y4>626</y4>
      <x5>1214</x5>
      <y5>634</y5>
      <x6>1222</x6>
      <y6>652</y6>
      <x7>1222</x7>
      <y7>655</y7>
      <x8>1218</x8>
      <y8>665</y8>
      <x9>1213</x9>
      <y9>673</y9>
      <x10>1205</x10>
      <y10>681</y10>
      <x11>1190</x11>
      <y11>689</y11>
      <x12>1183</x12>
      <y12>695</y12>
      <x13>1179</x13>
      <y13>703</y13>
      <x14>1180</x14>
      <y14>708</y14>
      <x15>1185</x15>
      <y15>708</y15>
      <x16>1197</x16>
      <y16>696</y16>
      <x17>1207</x17>
      <y17>692</y17>
      <x18>1213</x18>
      <y18>686</y18>
      <x19>1217</x19>
      <y19>685</y19>
      <x20>1221</x20>
      <y20>681</y20>
      <x21>1223</x21>
      <y21>684</y21>
      <x22>1223</x22>
      <y22>690</y22>
      <x23>1221</x23>
      <y23>695</y23>
      <x24>1220</x24>
      <y24>704</y24>
      <x25>1224</x25>
      <y25>711</y25>
      <x26>1230</x26>
      <y26>717</y26>
      <x27>1241</x27>
      <y27>721</y27>
      <x28>1259</x28>
      <y28>720</y28>
      <x29>1265</x29>
      <y29>714</y29>
      <x30>1269</x30>
      <y30>703</y30>
      <x31>1269</x31>
      <y31>696</y31>
      <x32>1265</x32>
      <y32>683</y32>
      <x33>1253</x33>
      <y33>656</y33>
      <x34>1245</x34>
      <y34>648</y34>
      <x35>1245</x35>
      <y35>638</y35>
      <x36>1241</x36>
      <y36>625</y36>
      <x37>1234</x37>
      <y37>617</y37>
      <x38>1230</x38>
      <y38>615</y38>
    </polygon>
  </object>
  <object>
    <name>person</name>
    <bndbox>
      <xmin>156</xmin>
      <ymin>96</ymin>
      <xmax>1667</xmax>
      <ymax>1018</ymax>
    </bndbox>
    <polygon>
      <x1>168</x1>
      <y1>291</y1>
      <x2>162</x2>
      <y2>298</y2>
      <x3>160</x3>
      <y3>303</y3>
      <x4>161</x4>
      <y4>313</y4>
      <x5>162</x5>
      <y5>314</y5>
      <x6>163</x6>
      <y6>338</y6>
      <x7>164</x7>
      <y7>339</y7>
      <x8>165</x8>
      <y8>355</y8>
      <x9>166</x9>
      <y9>356</y9>
      <x10>166</x10>
      <y10>379</y10>
      <x11>165</x11>
      <y11>383</y11>
      <x12>167</x12>
      <y12>387</y12>
      <x13>163</x13>
      <y13>391</y13>
      <x14>162</x14>
      <y14>390</y14>
      <x15>157</x15>
      <y15>391</y15>
      <x16>156</x16>
      <y16>394</y16>
      <x17>156</x17>
      <y17>408</y17>
      <x18>158</x18>
      <y18>415</y18>
      <x19>163</x19>
      <y19>424</y19>
      <x20>182</x20>
      <y20>443</y20>
      <x21>184</x21>
      <y21>447</y21>
      <x22>193</x22>
      <y22>457</y22>
      <x23>194</x23>
      <y23>465</y23>
      <x24>202</x24>
      <y24>468</y24>
      <x25>205</x25>
      <y25>471</y25>
      <x26>204</x26>
      <y26>491</y26>
      <x27>209</x27>
      <y27>498</y27>
      <x28>209</x28>
      <y28>502</y28>
      <x29>206</x29>
      <y29>506</y29>
      <x30>206</x30>
      <y30>508</y30>
      <x31>210</x31>
      <y31>510</y31>
      <x32>214</x32>
      <y32>510</y32>
      <x33>218</x33>
      <y33>513</y33>
      <x34>221</x34>
      <y34>519</y34>
      <x35>228</x35>
      <y35>521</y35>
      <x36>247</x36>
      <y36>542</y36>
      <x37>252</x37>
      <y37>545</y37>
      <x38>254</x38>
      <y38>548</y38>
      <x39>263</x39>
      <y39>553</y39>
      <x40>268</x40>
      <y40>559</y40>
      <x41>270</x41>
      <y41>558</y41>
      <x42>272</x42>
      <y42>550</y42>
      <x43>275</x43>
      <y43>544</y43>
      <x44>282</x44>
      <y44>537</y44>
      <x45>286</x45>
      <y45>535</y45>
      <x46>296</x46>
      <y46>534</y46>
      <x47>305</x47>
      <y47>542</y47>
      <x48>306</x48>
      <y48>546</y48>
      <x49>310</x49>
      <y49>548</y49>
      <x50>313</x50>
      <y50>552</y50>
      <x51>312</x51>
      <y51>570</y51>
      <x52>307</x52>
      <y52>576</y52>
      <x53>305</x53>
      <y53>585</y53>
      <x54>305</x54>
      <y54>592</y54>
      <x55>307</x55>
      <y55>596</y55>
      <x56>307</x56>
      <y56>602</y56>
      <x57>308</x57>
      <y57>603</y57>
      <x58>307</x58>
      <y58>614</y58>
      <x59>316</x59>
      <y59>623</y59>
      <x60>323</x60>
      <y60>633</y60>
      <x61>328</x61>
      <y61>636</y61>
      <x62>338</x62>
      <y62>648</y62>
      <x63>348</x63>
      <y63>656</y63>
      <x64>362</x64>
      <y64>672</y64>
      <x65>375</x65>
      <y65>684</y65>
      <x66>382</x66>
      <y66>693</y66>
      <x67>395</x67>
      <y67>705</y67>
      <x68>396</x68>
      <y68>708</y68>
      <x69>400</x69>
      <y69>710</y69>
      <x70>407</x70>
      <y70>717</y70>
      <x71>410</x71>
      <y71>722</y71>
      <x72>418</x72>
      <y72>728</y72>
      <x73>425</x73>
      <y73>738</y73>
      <x74>430</x74>
      <y74>740</y74>
      <x75>436</x75>
      <y75>746</y75>
      <x76>438</x76>
      <y76>750</y76>
      <x77>443</x77>
      <y77>753</y77>
      <x78>454</x78>
      <y78>765</y78>
      <x79>460</x79>
      <y79>768</y79>
      <x80>464</x80>
      <y80>772</y80>
      <x81>470</x81>
      <y81>774</y81>
      <x82>473</x82>
      <y82>777</y82>
      <x83>476</x83>
      <y83>782</y83>
      <x84>477</x84>
      <y84>787</y84>
      <x85>481</x85>
      <y85>793</y85>
      <x86>487</x86>
      <y86>794</y86>
      <x87>493</x87>
      <y87>798</y87>
      <x88>501</x88>
      <y88>798</y88>
      <x89>508</x89>
      <y89>793</y89>
      <x90>512</x90>
      <y90>796</y90>
      <x91>512</x91>
      <y91>800</y91>
      <x92>515</x92>
      <y92>803</y92>
      <x93>519</x93>
      <y93>803</y93>
      <x94>526</x94>
      <y94>806</y94>
      <x95>529</x95>
      <y95>809</y95>
      <x96>527</x96>
      <y96>813</y96>
      <x97>527</x97>
      <y97>818</y97>
      <x98>529</x98>
      <y98>819</y98>
      <x99>530</x99>
      <y99>815</y99>
      <x100>534</x100>
      <y100>813</y100>
      <x101>542</x101>
      <y101>815</y101>
      <x102>548</x102>
      <y102>821</y102>
      <x103>548</x103>
      <y103>824</y103>
      <x104>545</x104>
      <y104>826</y104>
      <x105>534</x105>
      <y105>828</y105>
      <x106>536</x106>
      <y106>830</y106>
      <x107>548</x107>
      <y107>831</y107>
      <x108>555</x108>
      <y108>829</y108>
      <x109>558</x109>
      <y109>834</y109>
      <x110>564</x110>
      <y110>834</y110>
      <x111>570</x111>
      <y111>831</y111>
      <x112>579</x112>
      <y112>831</y112>
      <x113>588</x113>
      <y113>835</y113>
      <x114>592</x114>
      <y114>839</y114>
      <x115>597</x115>
      <y115>849</y115>
      <x116>597</x116>
      <y116>853</y116>
      <x117>595</x117>
      <y117>858</y117>
      <x118>598</x118>
      <y118>865</y118>
      <x119>604</x119>
      <y119>871</y119>
      <x120>610</x120>
      <y120>873</y120>
      <x121>618</x121>
      <y121>882</y121>
      <x122>623</x122>
      <y122>884</y122>
      <x123>627</x123>
      <y123>889</y123>
      <x124>628</x124>
      <y124>893</y124>
      <x125>623</x125>
      <y125>899</y125>
      <x126>624</x126>
      <y126>908</y126>
      <x127>622</x127>
      <y127>912</y127>
      <x128>622</x128>
      <y128>914</y128>
      <x129>625</x129>
      <y129>918</y129>
      <x130>631</x130>
      <y130>921</y130>
      <x131>648</x131>
      <y131>923</y131>
      <x132>652</x132>
      <y132>925</y132>
      <x133>668</x133>
      <y133>926</y133>
      <x134>670</x134>
      <y134>928</y134>
      <x135>670</x135>
      <y135>934</y135>
      <x136>674</x136>
      <y136>938</y136>
      <x137>682</x137>
      <y137>940</y137>
      <x138>686</x138>
      <y138>944</y138>
      <x139>689</x139>
      <y139>951</y139>
      <x140>693</x140>
      <y140>956</y140>
      <x141>698</x141>
      <y141>957</y141>
      <x142>704</x142>
      <y142>955</y142>
      <x143>717</x143>
      <y143>964</y143>
      <x144>723</x144>
      <y144>964</y144>
      <x145>727</x145>
      <y145>966</y145>
      <x146>741</x146>
      <y146>977</y146>
      <x147>759</x147>
      <y147>981</y147>
      <x148>765</x148>
      <y148>984</y148>
      <x149>772</x149>
      <y149>991</y149>
      <x150>783</x150>
      <y150>992</y150>
      <x151>790</x151>
      <y151>995</y151>
      <x152>793</x152>
      <y152>995</y152>
      <x153>804</x153>
      <y153>1002</y153>
      <x154>811</x154>
      <y154>1002</y154>
      <x155>812</x155>
      <y155>1003</y155>
      <x156>835</x156>
      <y156>1002</y156>
      <x157>844</x157>
      <y157>998</y157>
      <x158>849</x158>
      <y158>994</y158>
      <x159>867</x159>
      <y159>994</y159>
      <x160>874</x160>
      <y160>996</y160>
      <x161>881</x161>
      <y161>1002</y161>
      <x162>892</x162>
      <y162>1008</y162>
      <x163>897</x163>
      <y163>1013</y163>
      <x164>903</x164>
      <y164>1016</y164>
      <x165>918</x165>
      <y165>1017</y165>
      <x166>919</x166>
      <y166>1018</y166>
      <x167>925</x167>
      <y167>1016</y167>
      <x168>936</x168>
      <y168>1015</y168>
      <x169>940</x169>
      <y169>1013</y169>
      <x170>945</x170>
      <y170>1013</y170>
      <x171>954</x171>
      <y171>1010</y171>
      <x172>981</x172>
      <y172>1009</y172>
      <x173>982</x173>
      <y173>1008</y173>
      <x174>992</x174>
      <y174>1008</y174>
      <x175>997</x175>
      <y175>1006</y175>
      <x176>1005</x176>
      <y176>1006</y176>
      <x177>1011</x177>
      <y177>1001</y177>
      <x178>1015</x178>
      <y178>1002</y178>
      <x179>1019</x179>
      <y179>1001</y179>
      <x180>1023</x180>
      <y180>996</y180>
      <x181>1027</x181>
      <y181>994</y181>
      <x182>1032</x182>
      <y182>994</y182>
      <x183>1036</x183>
      <y183>992</y183>
      <x184>1049</x184>
      <y184>992</y184>
      <x185>1054</x185>
      <y185>989</y185>
      <x186>1057</x186>
      <y186>989</y186>
      <x187>1067</x187>
      <y187>979</y187>
      <x188>1076</x188>
      <y188>979</y188>
      <x189>1082</x189>
      <y189>976</y189>
      <x190>1087</x190>
      <y190>976</y190>
      <x191>1094</x191>
      <y191>967</y191>
      <x192>1103</x192>
      <y192>967</y192>
      <x193>1108</x193>
      <y193>965</y193>
      <x194>1116</x194>
      <y194>964</y194>
      <x195>1119</x195>
      <y195>960</y195>
      <x196>1119</x196>
      <y196>957</y196>
      <x197>1123</x197>
      <y197>953</y197>
      <x198>1132</x198>
      <y198>953</y198>
      <x199>1143</x199>
      <y199>950</y199>
      <x200>1146</x200>
      <y200>948</y200>
      <x201>1146</x201>
      <y201>946</y201>
      <x202>1150</x202>
      <y202>940</y202>
      <x203>1157</x203>
      <y203>940</y203>
      <x204>1173</x204>
      <y204>935</y204>
      <x205>1175</x205>
      <y205>927</y205>
      <x206>1179</x206>
      <y206>923</y206>
      <x207>1188</x207>
      <y207>922</y207>
      <x208>1191</x208>
      <y208>919</y208>
      <x209>1191</x209>
      <y209>916</y209>
      <x210>1194</x210>
      <y210>912</y210>
      <x211>1201</x211>
      <y211>911</y211>
      <x212>1205</x212>
      <y212>907</y212>
      <x213>1205</x213>
      <y213>901</y213>
      <x214>1208</x214>
      <y214>898</y214>
      <x215>1216</x215>
      <y215>899</y215>
      <x216>1217</x216>
      <y216>898</y216>
      <x217>1228</x217>
      <y217>897</y217>
      <x218>1231</x218>
      <y218>894</y218>
      <x219>1233</x219>
      <y219>887</y219>
      <x220>1235</x220>
      <y220>885</y220>
      <x221>1241</x221>
      <y221>885</y221>
      <x222>1248</x222>
      <y222>880</y222>
      <x223>1255</x223>
      <y223>879</y223>
      <x224>1257</x224>
      <y224>877</y224>
      <x225>1257</x225>
      <y225>870</y225>
      <x226>1264</x226>
      <y226>862</y226>
      <x227>1269</x227>
      <y227>865</y227>
      <x228>1272</x228>
      <y228>863</y228>
      <x229>1272</x229>
      <y229>860</y229>
      <x230>1276</x230>
      <y230>855</y230>
      <x231>1284</x231>
      <y231>854</y231>
      <x232>1287</x232>
      <y232>850</y232>
      <x233>1287</x233>
      <y233>845</y233>
      <x234>1291</x234>
      <y234>840</y234>
      <x235>1300</x235>
      <y235>841</y235>
      <x236>1312</x236>
      <y236>838</y236>
      <x237>1314</x237>
      <y237>829</y237>
      <x238>1318</x238>
      <y238>824</y238>
      <x239>1331</x239>
      <y239>823</y239>
      <x240>1343</x240>
      <y240>813</y240>
      <x241>1348</x241>
      <y241>803</y241>
      <x242>1353</x242>
      <y242>802</y242>
      <x243>1363</x243>
      <y243>796</y243>
      <x244>1368</x244>
      <y244>795</y244>
      <x245>1369</x245>
      <y245>794</y245>
      <x246>1369</x246>
      <y246>787</y246>
      <x247>1372</x247>
      <y247>782</y247>
      <x248>1375</x248>
      <y248>779</y248>
      <x249>1381</x249>
      <y249>779</y249>
      <x250>1382</x250>
      <y250>774</y250>
      <x251>1388</x251>
      <y251>768</y251>
      <x252>1395</x252>
      <y252>766</y252>
      <x253>1396</x253>
      <y253>757</y253>
      <x254>1403</x254>
      <y254>750</y254>
      <x255>1404</x255>
      <y255>746</y255>
      <x256>1402</x256>
      <y256>744</y256>
      <x257>1402</x257>
      <y257>737</y257>
      <x258>1405</x258>
      <y258>732</y258>
      <x259>1414</x259>
      <y259>728</y259>
      <x260>1418</x260>
      <y260>723</y260>
      <x261>1423</x261>
      <y261>722</y261>
      <x262>1432</x262>
      <y262>713</y262>
      <x263>1438</x263>
      <y263>712</y263>
      <x264>1447</x264>
      <y264>702</y264>
      <x265>1452</x265>
      <y265>699</y265>
      <x266>1457</x266>
      <y266>691</y266>
      <x267>1468</x267>
      <y267>682</y267>
      <x268>1471</x268>
      <y268>674</y268>
      <x269>1476</x269>
      <y269>669</y269>
      <x270>1478</x270>
      <y270>662</y270>
      <x271>1484</x271>
      <y271>656</y271>
      <x272>1487</x272>
      <y272>644</y272>
      <x273>1492</x273>
      <y273>634</y273>
      <x274>1498</x274>
      <y274>628</y274>
      <x275>1500</x275>
      <y275>620</y275>
      <x276>1506</x276>
      <y276>606</y276>
      <x277>1514</x277>
      <y277>602</y277>
      <x278>1522</x278>
      <y278>602</y278>
      <x279>1526</x279>
      <y279>606</y279>
      <x280>1530</x280>
      <y280>615</y280>
      <x281>1535</x281>
      <y281>620</y281>
      <x282>1537</x282>
      <y282>620</y282>
      <x283>1540</x283>
      <y283>617</y283>
      <x284>1550</x284>
      <y284>614</y284>
      <x285>1554</x285>
      <y285>610</y285>
      <x286>1556</x286>
      <y286>605</y286>
      <x287>1564</x287>
      <y287>601</y287>
      <x288>1571</x288>
      <y288>589</y288>
      <x289>1580</x289>
      <y289>586</y289>
      <x290>1584</x290>
      <y290>580</y290>
      <x291>1592</x291>
      <y291>574</y291>
      <x292>1597</x292>
      <y292>561</y292>
      <x293>1601</x293>
      <y293>557</y293>
      <x294>1603</x294>
      <y294>557</y294>
      <x295>1607</x295>
      <y295>554</y295>
      <x296>1610</x296>
      <y296>548</y296>
      <x297>1618</x297>
      <y297>540</y297>
      <x298>1622</x298>
      <y298>531</y298>
      <x299>1631</x299>
      <y299>521</y299>
      <x300>1638</x300>
      <y300>518</y300>
      <x301>1652</x301>
      <y301>501</y301>
      <x302>1654</x302>
      <y302>463</y302>
      <x303>1659</x303>
      <y303>445</y303>
      <x304>1661</x304>
      <y304>428</y304>
      <x305>1665</x305>
      <y305>417</y305>
      <x306>1666</x306>
      <y306>407</y306>
      <x307>1667</x307>
      <y307>406</y307>
      <x308>1667</x308>
      <y308>388</y308>
      <x309>1666</x309>
      <y309>387</y309>
      <x310>1665</x310>
      <y310>367</y310>
      <x311>1663</x311>
      <y311>362</y311>
      <x312>1652</x312>
      <y312>352</y312>
      <x313>1643</x313>
      <y313>348</y313>
      <x314>1630</x314>
      <y314>338</y314>
      <x315>1626</x315>
      <y315>337</y315>
      <x316>1608</x316>
      <y316>326</y316>
      <x317>1592</x317>
      <y317>319</y317>
      <x318>1578</x318>
      <y318>310</y318>
      <x319>1574</x319>
      <y319>309</y319>
      <x320>1548</x320>
      <y320>295</y320>
      <x321>1538</x321>
      <y321>292</y321>
      <x322>1508</x322>
      <y322>278</y322>
      <x323>1500</x323>
      <y323>276</y323>
      <x324>1494</x324>
      <y324>272</y324>
      <x325>1479</x325>
      <y325>268</y325>
      <x326>1442</x326>
      <y326>251</y326>
      <x327>1428</x327>
      <y327>247</y327>
      <x328>1424</x328>
      <y328>244</y328>
      <x329>1418</x329>
      <y329>243</y329>
      <x330>1409</x330>
      <y330>239</y330>
      <x331>1390</x331>
      <y331>235</y331>
      <x332>1372</x332>
      <y332>226</y332>
      <x333>1345</x333>
      <y333>218</y333>
      <x334>1330</x334>
      <y334>211</y334>
      <x335>1320</x335>
      <y335>209</y335>
      <x336>1312</x336>
      <y336>205</y336>
      <x337>1303</x337>
      <y337>203</y337>
      <x338>1298</x338>
      <y338>200</y338>
      <x339>1295</x339>
      <y339>200</y339>
      <x340>1283</x340>
      <y340>195</y340>
      <x341>1279</x341>
      <y341>195</y341>
      <x342>1269</x342>
      <y342>191</y342>
      <x343>1262</x343>
      <y343>190</y343>
      <x344>1257</x344>
      <y344>187</y344>
      <x345>1241</x345>
      <y345>184</y345>
      <x346>1237</x346>
      <y346>182</y346>
      <x347>1228</x347>
      <y347>181</y347>
      <x348>1215</x348>
      <y348>176</y348>
      <x349>1207</x349>
      <y349>175</y349>
      <x350>1200</x350>
      <y350>170</y350>
      <x351>1193</x351>
      <y351>169</y351>
      <x352>1186</x352>
      <y352>166</y352>
      <x353>1171</x353>
      <y353>164</y353>
      <x354>1143</x354>
      <y354>153</y354>
      <x355>1138</x355>
      <y355>153</y355>
      <x356>1131</x356>
      <y356>150</y356>
      <x357>1122</x357>
      <y357>149</y357>
      <x358>1108</x358>
      <y358>143</y358>
      <x359>1086</x359>
      <y359>138</y359>
      <x360>1076</x360>
      <y360>133</y360>
      <x361>1069</x361>
      <y361>132</y361>
      <x362>1062</x362>
      <y362>129</y362>
      <x363>1042</x363>
      <y363>125</y363>
      <x364>1030</x364>
      <y364>121</y364>
      <x365>1025</x365>
      <y365>121</y365>
      <x366>1017</x366>
      <y366>118</y366>
      <x367>1012</x367>
      <y367>118</y367>
      <x368>1003</x368>
      <y368>114</y368>
      <x369>990</x369>
      <y369>111</y369>
      <x370>985</x370>
      <y370>111</y370>
      <x371>968</x371>
      <y371>106</y371>
      <x372>953</x372>
      <y372>104</y372>
      <x373>949</x373>
      <y373>102</y373>
      <x374>944</x374>
      <y374>102</y374>
      <x375>934</x375>
      <y375>99</y375>
      <x376>924</x376>
      <y376>99</y376>
      <x377>915</x377>
      <y377>97</y377>
      <x378>889</x378>
      <y378>97</y378>
      <x379>884</x379>
      <y379>96</y379>
      <x380>883</x380>
      <y380>97</y380>
      <x381>856</x381>
      <y381>98</y381>
      <x382>855</x382>
      <y382>99</y382>
      <x383>846</x383>
      <y383>99</y383>
      <x384>845</x384>
      <y384>100</y384>
      <x385>828</x385>
      <y385>100</y385>
      <x386>820</x386>
      <y386>102</y386>
      <x387>813</x387>
      <y387>102</y387>
      <x388>807</x388>
      <y388>104</y388>
      <x389>791</x389>
      <y389>105</y389>
      <x390>785</x390>
      <y390>107</y390>
      <x391>757</x391>
      <y391>111</y391>
      <x392>752</x392>
      <y392>113</y392>
      <x393>745</x393>
      <y393>113</y393>
      <x394>734</x394>
      <y394>118</y394>
      <x395>719</x395>
      <y395>120</y395>
      <x396>706</x396>
      <y396>125</y396>
      <x397>689</x397>
      <y397>127</y397>
      <x398>675</x398>
      <y398>132</y398>
      <x399>655</x399>
      <y399>133</y399>
      <x400>643</x400>
      <y400>137</y400>
      <x401>631</x401>
      <y401>138</y401>
      <x402>625</x402>
      <y402>140</y402>
      <x403>610</x403>
      <y403>142</y403>
      <x404>600</x404>
      <y404>146</y404>
      <x405>591</x405>
      <y405>147</y405>
      <x406>582</x406>
      <y406>150</y406>
      <x407>549</x407>
      <y407>155</y407>
      <x408>536</x408>
      <y408>160</y408>
      <x409>527</x409>
      <y409>161</y409>
      <x410>519</x410>
      <y410>164</y410>
      <x411>503</x411>
      <y411>167</y411>
      <x412>484</x412>
      <y412>175</y412>
      <x413>449</x413>
      <y413>182</y413>
      <x414>426</x414>
      <y414>189</y414>
      <x415>423</x415>
      <y415>191</y415>
      <x416>407</x416>
      <y416>194</y416>
      <x417>398</x417>
      <y417>197</y417>
      <x418>389</x418>
      <y418>202</y418>
      <x419>380</x419>
      <y419>203</y419>
      <x420>373</x420>
      <y420>207</y420>
      <x421>361</x421>
      <y421>209</y421>
      <x422>348</x422>
      <y422>213</y422>
      <x423>333</x423>
      <y423>220</y423>
      <x424>309</x424>
      <y424>226</y424>
      <x425>305</x425>
      <y425>229</y425>
      <x426>296</x426>
      <y426>231</y426>
      <x427>287</x427>
      <y427>236</y427>
      <x428>277</x428>
      <y428>238</y428>
      <x429>263</x429>
      <y429>243</y429>
      <x430>254</x430>
      <y430>248</y430>
      <x431>242</x431>
      <y431>251</y431>
      <x432>236</x432>
      <y432>254</y432>
      <x433>230</x433>
      <y433>259</y433>
      <x434>209</x434>
      <y434>267</y434>
      <x435>199</x435>
      <y435>274</y435>
      <x436>180</x436>
      <y436>282</y436>
    </polygon>
  </object>
  <object>
    <name>person</name>
    <bndbox>
      <xmin>1079</xmin>
      <ymin>613</ymin>
      <xmax>1186</xmax>
      <ymax>723</ymax>
    </bndbox>
    <polygon>
      <x1>1127</x1>
      <y1>613</y1>
      <x2>1147</x2>
      <y2>618</y2>
      <x3>1155</x3>
      <y3>629</y3>
      <x4>1156</x4>
      <y4>640</y4>
      <x5>1153</x5>
      <y5>645</y5>
      <x6>1154</x6>
      <y6>655</y6>
      <x7>1151</x7>
      <y7>659</y7>
      <x8>1151</x8>
      <y8>662</y8>
      <x9>1160</x9>
      <y9>661</y9>
      <x10>1166</x10>
      <y10>653</y10>
      <x11>1176</x11>
      <y11>651</y11>
      <x12>1179</x12>
      <y12>649</y12>
      <x13>1184</x13>
      <y13>650</y13>
      <x14>1186</x14>
      <y14>654</y14>
      <x15>1183</x15>
      <y15>657</y15>
      <x16>1178</x16>
      <y16>658</y16>
      <x17>1172</x17>
      <y17>666</y17>
      <x18>1156</x18>
      <y18>673</y18>
      <x19>1153</x19>
      <y19>676</y19>
      <x20>1152</x20>
      <y20>682</y20>
      <x21>1153</x21>
      <y21>696</y21>
      <x22>1152</x22>
      <y22>699</y22>
      <x23>1146</x23>
      <y23>704</y23>
      <x24>1145</x24>
      <y24>710</y24>
      <x25>1129</x25>
      <y25>721</y25>
      <x26>1124</x26>
      <y26>723</y26>
      <x27>1110</x27>
      <y27>722</y27>
      <x28>1096</x28>
      <y28>710</y28>
      <x29>1089</x29>
      <y29>707</y29>
      <x30>1082</x30>
      <y30>708</y30>
      <x31>1079</x31>
      <y31>704</y31>
      <x32>1089</x32>
      <y32>690</y32>
      <x33>1089</x33>
      <y33>681</y33>
      <x34>1091</x34>
      <y34>677</y34>
      <x35>1092</x35>
      <y35>666</y35>
      <x36>1097</x36>
      <y36>658</y36>
      <x37>1103</x37>
      <y37>653</y37>
      <x38>1107</x38>
      <y38>645</y38>
      <x39>1106</x39>
      <y39>636</y39>
      <x40>1107</x40>
      <y40>622</y40>
      <x41>1116</x41>
      <y41>615</y41>
    </polygon>
  </object>
  <object>
    <name>person</name>
    <bndbox>
      <xmin>1174</xmin>
      <ymin>610</ymin>
      <xmax>1275</xmax>
      <ymax>725</ymax>
    </bndbox>
    <polygon>
      <x1>1235</x1>
      <y1>611</y1>
      <x2>1240</x2>
      <y2>616</y2>
      <x3>1246</x3>
      <y3>628</y3>
      <x4>1251</x4>
      <y4>646</y4>
      <x5>1258</x5>
      <y5>655</y5>
      <x6>1271</x6>
      <y6>656</y6>
      <x7>1275</x7>
      <y7>659</y7>
      <x8>1275</x8>
      <y8>661</y8>
      <x9>1267</x9>
      <y9>671</y9>
      <x10>1267</x10>
      <y10>678</y10>
      <x11>1270</x11>
      <y11>683</y11>
      <x12>1270</x12>
      <y12>689</y12>
      <x13>1272</x13>
      <y13>694</y13>
      <x14>1272</x14>
      <y14>700</y14>
      <x15>1268</x15>
      <y15>715</y15>
      <x16>1261</x16>
      <y16>723</y16>
      <x17>1258</x17>
      <y17>724</y17>
      <x18>1236</x18>
      <y18>725</y18>
      <x19>1219</x19>
      <y19>709</y19>
      <x20>1207</x20>
      <y20>706</y20>
      <x21>1198</x21>
      <y21>716</y21>
      <x22>1190</x22>
      <y22>719</y22>
      <x23>1186</x23>
      <y23>724</y23>
      <x24>1184</x24>
      <y24>724</y24>
      <x25>1182</x25>
      <y25>717</y25>
      <x26>1174</x26>
      <y26>711</y26>
      <x27>1175</x27>
      <y27>696</y27>
      <x28>1181</x28>
      <y28>692</y28>
      <x29>1183</x29>
      <y29>685</y29>
      <x30>1193</x30>
      <y30>676</y30>
      <x31>1205</x31>
      <y31>675</y31>
      <x32>1210</x32>
      <y32>667</y32>
      <x33>1206</x33>
      <y33>662</y33>
      <x34>1206</x34>
      <y34>655</y34>
      <x35>1208</x35>
      <y35>653</y35>
      <x36>1213</x36>
      <y36>655</y36>
      <x37>1214</x37>
      <y37>647</y37>
      <x38>1210</x38>
      <y38>642</y38>
      <x39>1210</x39>
      <y39>639</y39>
      <x40>1205</x40>
      <y40>627</y40>
      <x41>1215</x41>
      <y41>616</y41>
      <x42>1220</x42>
      <y42>613</y42>
      <x43>1229</x43>
      <y43>610</y43>
    </polygon>
  </object>
  <object>
    <name>person</name>
    <bndbox>
      <xmin>730</xmin>
      <ymin>590</ymin>
      <xmax>834</xmax>
      <ymax>814</ymax>
    </bndbox>
    <polygon>
      <x1>802</x1>
      <y1>590</y1>
      <x2>809</x2>
      <y2>599</y2>
      <x3>807</x3>
      <y3>614</y3>
      <x4>812</x4>
      <y4>625</y4>
      <x5>813</x5>
      <y5>635</y5>
      <x6>817</x6>
      <y6>639</y6>
      <x7>820</x7>
      <y7>647</y7>
      <x8>833</x8>
      <y8>659</y8>
      <x9>834</x9>
      <y9>662</y9>
      <x10>833</x10>
      <y10>667</y10>
      <x11>830</x11>
      <y11>670</y11>
      <x12>825</x12>
      <y12>671</y12>
      <x13>810</x13>
      <y13>684</y13>
      <x14>801</x14>
      <y14>688</y14>
      <x15>790</x15>
      <y15>704</y15>
      <x16>793</x16>
      <y16>707</y16>
      <x17>799</x17>
      <y17>708</y17>
      <x18>810</x18>
      <y18>716</y18>
      <x19>810</x19>
      <y19>721</y19>
      <x20>804</x20>
      <y20>729</y20>
      <x21>801</x21>
      <y21>739</y21>
      <x22>795</x22>
      <y22>744</y22>
      <x23>787</x23>
      <y23>746</y23>
      <x24>785</x24>
      <y24>751</y24>
      <x25>784</x25>
      <y25>760</y25>
      <x26>788</x26>
      <y26>782</y26>
      <x27>774</x27>
      <y27>802</y27>
      <x28>774</x28>
      <y28>814</y28>
      <x29>770</x29>
      <y29>811</y29>
      <x30>759</x30>
      <y30>810</y30>
      <x31>751</x31>
      <y31>802</y31>
      <x32>746</x32>
      <y32>794</y32>
      <x33>746</x33>
      <y33>785</y33>
      <x34>744</x34>
      <y34>783</y34>
      <x35>740</x35>
      <y35>789</y35>
      <x36>735</x36>
      <y36>787</y36>
      <x37>736</x37>
      <y37>771</y37>
      <x38>734</x38>
      <y38>766</y38>
      <x39>732</x39>
      <y39>741</y39>
      <x40>737</x40>
      <y40>729</y40>
      <x41>733</x41>
      <y41>725</y41>
      <x42>733</x42>
      <y42>714</y42>
      <x43>730</x43>
      <y43>703</y43>
      <x44>732</x44>
      <y44>701</y44>
      <x45>744</x45>
      <y45>702</y45>
      <x46>749</x46>
      <y46>684</y46>
      <x47>758</x47>
      <y47>675</y47>
      <x48>756</x48>
      <y48>671</y48>
      <x49>756</x49>
      <y49>653</y49>
      <x50>760</x50>
      <y50>648</y50>
      <x51>758</x51>
      <y51>639</y51>
      <x52>768</x52>
      <y52>636</y52>
      <x53>772</x53>
      <y53>630</y53>
      <x54>772</x54>
      <y54>627</y54>
      <x55>780</x55>
      <y55>619</y55>
      <x56>782</x56>
      <y56>613</y56>
      <x57>781</x57>
      <y57>597</y57>
      <x58>787</x58>
      <y58>591</y58>
    </polygon>
  </object>
  <object>
    <name>person</name>
    <bndbox>
      <xmin>971</xmin>
      <ymin>571</ymin>
      <xmax>1077</xmax>
      <ymax>676</ymax>
    </bndbox>
    <polygon>
      <x1>1033</x1>
      <y1>571</y1>
      <x2>1048</x2>
      <y2>582</y2>
      <x3>1049</x3>
      <y3>587</y3>
      <x4>1063</x4>
      <y4>615</y4>
      <x5>1068</x5>
      <y5>620</y5>
      <x6>1074</x6>
      <y6>620</y6>
      <x7>1077</x7>
      <y7>625</y7>
      <x8>1074</x8>
      <y8>628</y8>
      <x9>1065</x9>
      <y9>629</y9>
      <x10>1052</x10>
      <y10>640</y10>
      <x11>1039</x11>
      <y11>645</y11>
      <x12>1028</x12>
      <y12>656</y12>
      <x13>1019</x13>
      <y13>660</y13>
      <x14>1011</x14>
      <y14>668</y14>
      <x15>1004</x15>
      <y15>668</y15>
      <x16>990</x16>
      <y16>675</y16>
      <x17>984</x17>
      <y17>676</y17>
      <x18>981</x18>
      <y18>674</y18>
      <x19>980</x19>
      <y19>671</y19>
      <x20>982</x20>
      <y20>662</y20>
      <x21>982</x21>
      <y21>654</y21>
      <x22>979</x22>
      <y22>648</y22>
      <x23>971</x23>
      <y23>639</y23>
      <x24>971</x24>
      <y24>632</y24>
      <x25>973</x25>
      <y25>627</y25>
      <x26>978</x26>
      <y26>622</y26>
      <x27>989</x27>
      <y27>619</y27>
      <x28>988</x28>
      <y28>614</y28>
      <x29>989</x29>
      <y29>604</y29>
      <x30>991</x30>
      <y30>598</y30>
      <x31>996</x31>
      <y31>593</y31>
      <x32>1006</x32>
      <y32>590</y32>
      <x33>1019</x33>
      <y33>594</y33>
      <x34>1021</x34>
      <y34>592</y34>
      <x35>1023</x35>
      <y35>584</y35>
      <x36>1027</x36>
      <y36>581</y36>
      <x37>1030</x37>
      <y37>573</y37>
    </polygon>
  </object>
  <object>
    <name>person</name>
    <bndbox>
      <xmin>1396</xmin>
      <ymin>425</ymin>
      <xmax>1491</xmax>
      <ymax>560</ymax>
    </bndbox>
    <polygon>
      <x1>1440</x1>
      <y1>425</y1>
      <x2>1445</x2>
      <y2>427</y2>
      <x3>1449</x3>
      <y3>431</y3>
      <x4>1451</x4>
      <y4>436</y4>
      <x5>1449</x5>
      <y5>445</y5>
      <x6>1454</x6>
      <y6>457</y6>
      <x7>1456</x7>
      <y7>487</y7>
      <x8>1460</x8>
      <y8>500</y8>
      <x9>1461</x9>
      <y9>494</y9>
      <x10>1470</x10>
      <y10>487</y10>
      <x11>1472</x11>
      <y11>479</y11>
      <x12>1478</x12>
      <y12>474</y12>
      <x13>1481</x13>
      <y13>474</y13>
      <x14>1486</x14>
      <y14>479</y14>
      <x15>1491</x15>
      <y15>487</y15>
      <x16>1489</x16>
      <y16>493</y16>
      <x17>1479</x17>
      <y17>503</y17>
      <x18>1470</x18>
      <y18>509</y18>
      <x19>1466</x19>
      <y19>514</y19>
      <x20>1460</x20>
      <y20>513</y20>
      <x21>1460</x21>
      <y21>502</y21>
      <x22>1458</x22>
      <y22>505</y22>
      <x23>1458</x23>
      <y23>509</y23>
      <x24>1460</x24>
      <y24>513</y24>
      <x25>1451</x25>
      <y25>528</y25>
      <x26>1442</x26>
      <y26>531</y26>
      <x27>1438</x27>
      <y27>537</y27>
      <x28>1428</x28>
      <y28>543</y28>
      <x29>1423</x29>
      <y29>549</y29>
      <x30>1415</x30>
      <y30>552</y30>
      <x31>1411</x31>
      <y31>557</y31>
      <x32>1404</x32>
      <y32>560</y32>
      <x33>1400</x33>
      <y33>560</y33>
      <x34>1396</x34>
      <y34>556</y34>
      <x35>1401</x35>
      <y35>529</y35>
      <x36>1401</x36>
      <y36>512</y36>
      <x37>1397</x37>
      <y37>501</y37>
      <x38>1405</x38>
      <y38>493</y38>
      <x39>1411</x39>
      <y39>492</y39>
      <x40>1414</x40>
      <y40>489</y40>
      <x41>1418</x41>
      <y41>480</y41>
      <x42>1417</x42>
      <y42>476</y42>
      <x43>1413</x43>
      <y43>471</y43>
      <x44>1413</x44>
      <y44>465</y44>
      <x45>1409</x45>
      <y45>460</y45>
      <x46>1408</x46>
      <y46>451</y46>
      <x47>1418</x47>
      <y47>438</y47>
      <x48>1423</x48>
      <y48>435</y48>
      <x49>1430</x49>
      <y49>426</y49>
    </polygon>
  </object>
  <object>
    <name>person</name>
    <bndbox>
      <xmin>868</xmin>
      <ymin>304</ymin>
      <xmax>951</xmax>
      <ymax>395</ymax>
    </bndbox>
    <polygon>
      <x1>877</x1>
      <y1>305</y1>
      <x2>880</x2>
      <y2>304</y2>
      <x3>885</x3>
      <y3>306</y3>
      <x4>894</x4>
      <y4>306</y4>
      <x5>899</x5>
      <y5>304</y5>
      <x6>906</x6>
      <y6>311</y6>
      <x7>912</x7>
      <y7>326</y7>
      <x8>919</x8>
      <y8>331</y8>
      <x9>927</x9>
      <y9>330</y9>
      <x10>933</x10>
      <y10>325</y10>
      <x11>942</x11>
      <y11>326</y11>
      <x12>947</x12>
      <y12>332</y12>
      <x13>945</x13>
      <y13>344</y13>
      <x14>951</x14>
      <y14>352</y14>
      <x15>951</x15>
      <y15>358</y15>
      <x16>946</x16>
      <y16>362</y16>
      <x17>939</x17>
      <y17>363</y17>
      <x18>927</x18>
      <y18>370</y18>
      <x19>923</x19>
      <y19>370</y19>
      <x20>919</x20>
      <y20>374</y20>
      <x21>915</x21>
      <y21>376</y21>
      <x22>911</x22>
      <y22>376</y22>
      <x23>905</x23>
      <y23>381</y23>
      <x24>893</x24>
      <y24>385</y24>
      <x25>885</x25>
      <y25>391</y25>
      <x26>872</x26>
      <y26>395</y26>
      <x27>870</x27>
      <y27>392</y27>
      <x28>872</x28>
      <y28>368</y28>
      <x29>876</x29>
      <y29>364</y29>
      <x30>882</x30>
      <y30>361</y30>
      <x31>883</x31>
      <y31>352</y31>
      <x32>887</x32>
      <y32>342</y32>
      <x33>886</x33>
      <y33>338</y33>
      <x34>875</x34>
      <y34>337</y34>
      <x35>870</x35>
      <y35>335</y35>
      <x36>868</x36>
      <y36>332</y36>
      <x37>871</x37>
      <y37>325</y37>
      <x38>871</x38>
      <y38>318</y38>
    </polygon>
  </object>
  <object>
    <name>person</name>
    <bndbox>
      <xmin>493</xmin>
      <ymin>281</ymin>
      <xmax>644</xmax>
      <ymax>440</ymax>
    </bndbox>
    <polygon>
      <x1>522</x1>
      <y1>283</y1>
      <x2>529</x2>
      <y2>281</y2>
      <x3>532</x3>
      <y3>284</y3>
      <x4>533</x4>
      <y4>290</y4>
      <x5>532</x5>
      <y5>299</y5>
      <x6>536</x6>
      <y6>310</y6>
      <x7>536</x7>
      <y7>321</y7>
      <x8>540</x8>
      <y8>338</y8>
      <x9>548</x9>
      <y9>341</y9>
      <x10>555</x10>
      <y10>339</y10>
      <x11>559</x11>
      <y11>345</y11>
      <x12>558</x12>
      <y12>351</y12>
      <x13>550</x13>
      <y13>356</y13>
      <x14>546</x14>
      <y14>366</y14>
      <x15>548</x15>
      <y15>372</y15>
      <x16>550</x16>
      <y16>373</y16>
      <x17>548</x17>
      <y17>381</y17>
      <x18>564</x18>
      <y18>383</y18>
      <x19>569</x19>
      <y19>377</y19>
      <x20>572</x20>
      <y20>382</y20>
      <x21>573</x21>
      <y21>390</y21>
      <x22>575</x22>
      <y22>393</y22>
      <x23>585</x23>
      <y23>392</y23>
      <x24>591</x24>
      <y24>386</y24>
      <x25>594</x25>
      <y25>386</y25>
      <x26>595</x26>
      <y26>401</y26>
      <x27>599</x27>
      <y27>403</y27>
      <x28>601</x28>
      <y28>402</y28>
      <x29>603</x29>
      <y29>392</y29>
      <x30>602</x30>
      <y30>388</y30>
      <x31>596</x31>
      <y31>384</y31>
      <x32>596</x32>
      <y32>378</y32>
      <x33>598</x33>
      <y33>375</y33>
      <x34>596</x34>
      <y34>368</y34>
      <x35>599</x35>
      <y35>365</y35>
      <x36>601</x36>
      <y36>366</y36>
      <x37>603</x37>
      <y37>369</y37>
      <x38>600</x38>
      <y38>375</y38>
      <x39>608</x39>
      <y39>380</y39>
      <x40>607</x40>
      <y40>389</y40>
      <x41>609</x41>
      <y41>391</y41>
      <x42>618</x42>
      <y42>394</y42>
      <x43>626</x43>
      <y43>390</y43>
      <x44>635</x44>
      <y44>393</y44>
      <x45>638</x45>
      <y45>396</y45>
      <x46>641</x46>
      <y46>402</y46>
      <x47>640</x47>
      <y47>431</y47>
      <x48>644</x48>
      <y48>436</y48>
      <x49>643</x49>
      <y49>439</y49>
      <x50>641</x50>
      <y50>440</y50>
      <x51>633</x51>
      <y51>439</y51>
      <x52>630</x52>
      <y52>433</y52>
      <x53>623</x53>
      <y53>431</y53>
      <x54>617</x54>
      <y54>425</y54>
      <x55>593</x55>
      <y55>413</y55>
      <x56>589</x56>
      <y56>409</y56>
      <x57>588</x57>
      <y57>404</y57>
      <x58>578</x58>
      <y58>397</y58>
      <x59>569</x59>
      <y59>395</y59>
      <x60>564</x60>
      <y60>390</y60>
      <x61>553</x61>
      <y61>390</y61>
      <x62>544</x62>
      <y62>397</y62>
      <x63>532</x63>
      <y63>399</y63>
      <x64>521</x64>
      <y64>404</y64>
      <x65>511</x65>
      <y65>404</y65>
      <x66>503</x66>
      <y66>391</y66>
      <x67>494</x67>
      <y67>382</y67>
      <x68>497</x68>
      <y68>376</y68>
      <x69>497</x69>
      <y69>371</y69>
      <x70>493</x70>
      <y70>363</y70>
      <x71>493</x71>
      <y71>353</y71>
      <x72>497</x72>
      <y72>348</y72>
      <x73>504</x73>
      <y73>344</y73>
      <x74>510</x74>
      <y74>333</y74>
      <x75>508</x75>
      <y75>312</y75>
      <x76>509</x76>
      <y76>303</y76>
      <x77>511</x77>
      <y77>299</y77>
      <x78>517</x78>
      <y78>294</y78>
    </polygon>
  </object>
  <object>
    <name>person</name>
    <bndbox>
      <xmin>1093</xmin>
      <ymin>613</ymin>
      <xmax>1155</xmax>
      <ymax>716</ymax>
    </bndbox>
    <polygon>
      <x1>1126</x1>
      <y1>613</y1>
      <x2>1115</x2>
      <y2>615</y2>
      <x3>1109</x3>
      <y3>621</y3>
      <x4>1107</x4>
      <y4>625</y4>
      <x5>1107</x5>
      <y5>635</y5>
      <x6>1113</x6>
      <y6>648</y6>
      <x7>1102</x7>
      <y7>658</y7>
      <x8>1096</x8>
      <y8>667</y8>
      <x9>1093</x9>
      <y9>675</y9>
      <x10>1094</x10>
      <y10>687</y10>
      <x11>1098</x11>
      <y11>693</y11>
      <x12>1104</x12>
      <y12>696</y12>
      <x13>1106</x13>
      <y13>703</y13>
      <x14>1106</x14>
      <y14>711</y14>
      <x15>1109</x15>
      <y15>715</y15>
      <x16>1118</x16>
      <y16>716</y16>
      <x17>1130</x17>
      <y17>713</y17>
      <x18>1136</x18>
      <y18>710</y18>
      <x19>1140</x19>
      <y19>706</y19>
      <x20>1143</x20>
      <y20>699</y20>
      <x21>1143</x21>
      <y21>686</y21>
      <x22>1142</x22>
      <y22>685</y22>
      <x23>1143</x23>
      <y23>660</y23>
      <x24>1146</x24>
      <y24>654</y24>
      <x25>1151</x25>
      <y25>648</y25>
      <x26>1154</x26>
      <y26>642</y26>
      <x27>1154</x27>
      <y27>637</y27>
      <x28>1155</x28>
      <y28>636</y28>
      <x29>1154</x29>
      <y29>631</y29>
      <x30>1151</x30>
      <y30>625</y30>
      <x31>1148</x31>
      <y31>622</y31>
      <x32>1143</x32>
      <y32>619</y32>
    </polygon>
  </object>
  <object>
    <name>person</name>
    <bndbox>
      <xmin>648</xmin>
      <ymin>570</ymin>
      <xmax>707</xmax>
      <ymax>651</ymax>
    </bndbox>
    <polygon>
      <x1>677</x1>
      <y1>570</y1>
      <x2>670</x2>
      <y2>571</y2>
      <x3>663</x3>
      <y3>578</y3>
      <x4>660</x4>
      <y4>584</y4>
      <x5>662</x5>
      <y5>591</y5>
      <x6>662</x6>
      <y6>597</y6>
      <x7>652</x7>
      <y7>604</y7>
      <x8>648</x8>
      <y8>618</y8>
      <x9>648</x9>
      <y9>626</y9>
      <x10>651</x10>
      <y10>627</y10>
      <x11>654</x11>
      <y11>631</y11>
      <x12>655</x12>
      <y12>641</y12>
      <x13>657</x13>
      <y13>645</y13>
      <x14>669</x14>
      <y14>651</y14>
      <x15>674</x15>
      <y15>651</y15>
      <x16>677</x16>
      <y16>648</y16>
      <x17>678</x17>
      <y17>633</y17>
      <x18>681</x18>
      <y18>628</y18>
      <x19>689</x19>
      <y19>635</y19>
      <x20>702</x20>
      <y20>642</y20>
      <x21>707</x21>
      <y21>639</y21>
      <x22>706</x22>
      <y22>634</y22>
      <x23>697</x23>
      <y23>629</y23>
      <x24>692</x24>
      <y24>624</y24>
      <x25>685</x25>
      <y25>609</y25>
      <x26>679</x26>
      <y26>604</y26>
      <x27>678</x27>
      <y27>599</y27>
      <x28>685</x28>
      <y28>592</y28>
      <x29>689</x29>
      <y29>583</y29>
      <x30>688</x30>
      <y30>578</y30>
      <x31>681</x31>
      <y31>571</y31>
    </polygon>
  </object>
  <object>
    <name>person</name>
    <bndbox>
      <xmin>740</xmin>
      <ymin>679</ymin>
      <xmax>807</xmax>
      <ymax>801</ymax>
    </bndbox>
    <polygon>
      <x1>773</x1>
      <y1>679</y1>
      <x2>766</x2>
      <y2>679</y2>
      <x3>760</x3>
      <y3>682</y3>
      <x4>755</x4>
      <y4>687</y4>
      <x5>752</x5>
      <y5>693</y5>
      <x6>751</x6>
      <y6>704</y6>
      <x7>746</x7>
      <y7>714</y7>
      <x8>746</x8>
      <y8>723</y8>
      <x9>745</x9>
      <y9>724</y9>
      <x10>746</x10>
      <y10>726</y10>
      <x11>746</x11>
      <y11>735</y11>
      <x12>740</x12>
      <y12>753</y12>
      <x13>741</x13>
      <y13>761</y13>
      <x14>751</x14>
      <y14>781</y14>
      <x15>752</x15>
      <y15>796</y15>
      <x16>759</x16>
      <y16>801</y16>
      <x17>765</x17>
      <y17>800</y17>
      <x18>771</x18>
      <y18>793</y18>
      <x19>781</x19>
      <y19>787</y19>
      <x20>784</x20>
      <y20>782</y20>
      <x21>783</x21>
      <y21>766</y21>
      <x22>777</x22>
      <y22>754</y22>
      <x23>777</x23>
      <y23>743</y23>
      <x24>778</x24>
      <y24>741</y24>
      <x25>781</x25>
      <y25>740</y25>
      <x26>786</x26>
      <y26>743</y26>
      <x27>792</x27>
      <y27>740</y27>
      <x28>800</x28>
      <y28>729</y28>
      <x29>806</x29>
      <y29>723</y29>
      <x30>807</x30>
      <y30>718</y30>
      <x31>800</x31>
      <y31>714</y31>
      <x32>796</x32>
      <y32>716</y32>
      <x33>789</x33>
      <y33>724</y33>
      <x34>786</x34>
      <y34>724</y34>
      <x35>781</x35>
      <y35>718</y35>
      <x36>781</x36>
      <y36>710</y36>
      <x37>784</x37>
      <y37>705</y37>
      <x38>788</x38>
      <y38>690</y38>
      <x39>784</x39>
      <y39>684</y39>
    </polygon>
  </object>
  <object>
    <name>person</name>
    <bndbox>
      <xmin>345</xmin>
      <ymin>805</ymin>
      <xmax>420</xmax>
      <ymax>919</ymax>
    </bndbox>
    <polygon>
      <x1>347</x1>
      <y1>808</y1>
      <x2>345</x2>
      <y2>814</y2>
      <x3>346</x3>
      <y3>819</y3>
      <x4>354</x4>
      <y4>829</y4>
      <x5>357</x5>
      <y5>835</y5>
      <x6>354</x6>
      <y6>846</y6>
      <x7>354</x7>
      <y7>858</y7>
      <x8>357</x8>
      <y8>868</y8>
      <x9>361</x9>
      <y9>871</y9>
      <x10>364</x10>
      <y10>867</y10>
      <x11>365</x11>
      <y11>861</y11>
      <x12>368</x12>
      <y12>860</y12>
      <x13>377</x13>
      <y13>877</y13>
      <x14>390</x14>
      <y14>888</y14>
      <x15>392</x15>
      <y15>893</y15>
      <x16>408</x16>
      <y16>909</y16>
      <x17>410</x17>
      <y17>913</y17>
      <x18>416</x18>
      <y18>919</y18>
      <x19>418</x19>
      <y19>919</y19>
      <x20>420</x20>
      <y20>916</y20>
      <x21>419</x21>
      <y21>894</y21>
      <x22>417</x22>
      <y22>889</y22>
      <x23>405</x23>
      <y23>879</y23>
      <x24>403</x24>
      <y24>874</y24>
      <x25>404</x25>
      <y25>863</y25>
      <x26>408</x26>
      <y26>860</y26>
      <x27>409</x27>
      <y27>857</y27>
      <x28>404</x28>
      <y28>852</y28>
      <x29>400</x29>
      <y29>844</y29>
      <x30>392</x30>
      <y30>839</y30>
      <x31>384</x31>
      <y31>831</y31>
      <x32>370</x32>
      <y32>823</y32>
      <x33>369</x33>
      <y33>815</y33>
      <x34>364</x34>
      <y34>808</y34>
      <x35>361</x35>
      <y35>806</y35>
      <x36>354</x36>
      <y36>805</y36>
    </polygon>
  </object>
  <object>
    <name>person</name>
    <bndbox>
      <xmin>231</xmin>
      <ymin>629</ymin>
      <xmax>278</xmax>
      <ymax>728</ymax>
    </bndbox>
    <polygon>
      <x1>244</x1>
      <y1>629</y1>
      <x2>239</x2>
      <y2>633</y2>
      <x3>238</x3>
      <y3>636</y3>
      <x4>240</x4>
      <y4>652</y4>
      <x5>233</x5>
      <y5>670</y5>
      <x6>231</x6>
      <y6>700</y6>
      <x7>233</x7>
      <y7>702</y7>
      <x8>237</x8>
      <y8>695</y8>
      <x9>236</x9>
      <y9>687</y9>
      <x10>238</x10>
      <y10>678</y10>
      <x11>241</x11>
      <y11>673</y11>
      <x12>243</x12>
      <y12>674</y12>
      <x13>248</x13>
      <y13>692</y13>
      <x14>256</x14>
      <y14>704</y14>
      <x15>256</x15>
      <y15>719</y15>
      <x16>253</x16>
      <y16>725</y16>
      <x17>256</x17>
      <y17>728</y17>
      <x18>260</x18>
      <y18>726</y18>
      <x19>261</x19>
      <y19>717</y19>
      <x20>266</x20>
      <y20>703</y20>
      <x21>267</x21>
      <y21>697</y21>
      <x22>266</x22>
      <y22>675</y22>
      <x23>268</x23>
      <y23>673</y23>
      <x24>277</x24>
      <y24>670</y24>
      <x25>278</x25>
      <y25>664</y25>
      <x26>275</x26>
      <y26>661</y26>
      <x27>267</x27>
      <y27>662</y27>
      <x28>255</x28>
      <y28>650</y28>
      <x29>254</x29>
      <y29>646</y29>
      <x30>256</x30>
      <y30>639</y30>
      <x31>254</x31>
      <y31>632</y31>
      <x32>250</x32>
      <y32>629</y32>
    </polygon>
  </object>
</annotation>
