<?xml version="1.0" ?>
<annotation>
  <folder>VOC</folder>
  <filename>73-2.png</filename>
  <source>
    <database>roboflow.ai</database>
  </source>
  <size>
    <width>1792</width>
    <height>1024</height>
    <depth>3</depth>
  </size>
  <segmented>0</segmented>
  <object>
    <name>person</name>
    <bndbox>
      <xmin>837</xmin>
      <ymin>841</ymin>
      <xmax>910</xmax>
      <ymax>911</ymax>
    </bndbox>
    <polygon>
      <x1>864</x1>
      <y1>843</y1>
      <x2>859</x2>
      <y2>849</y2>
      <x3>858</x3>
      <y3>855</y3>
      <x4>855</x4>
      <y4>861</y4>
      <x5>847</x5>
      <y5>869</y5>
      <x6>841</x6>
      <y6>871</y6>
      <x7>837</x7>
      <y7>877</y7>
      <x8>857</x8>
      <y8>895</y8>
      <x9>872</x9>
      <y9>904</y9>
      <x10>901</x10>
      <y10>909</y10>
      <x11>905</x11>
      <y11>911</y11>
      <x12>909</x12>
      <y12>910</y12>
      <x13>910</x13>
      <y13>898</y13>
      <x14>906</x14>
      <y14>893</y14>
      <x15>902</x15>
      <y15>891</y15>
      <x16>896</x16>
      <y16>885</y16>
      <x17>898</x17>
      <y17>881</y17>
      <x18>898</x18>
      <y18>875</y18>
      <x19>884</x19>
      <y19>858</y19>
      <x20>879</x20>
      <y20>846</y20>
      <x21>872</x21>
      <y21>841</y21>
    </polygon>
  </object>
  <object>
    <name>person</name>
    <bndbox>
      <xmin>1393</xmin>
      <ymin>875</ymin>
      <xmax>1463</xmax>
      <ymax>965</ymax>
    </bndbox>
    <polygon>
      <x1>1460</x1>
      <y1>877</y1>
      <x2>1455</x2>
      <y2>875</y2>
      <x3>1451</x3>
      <y3>875</y3>
      <x4>1445</x4>
      <y4>878</y4>
      <x5>1440</x5>
      <y5>884</y5>
      <x6>1438</x6>
      <y6>890</y6>
      <x7>1435</x7>
      <y7>893</y7>
      <x8>1432</x8>
      <y8>894</y8>
      <x9>1423</x9>
      <y9>903</y9>
      <x10>1416</x10>
      <y10>915</y10>
      <x11>1408</x11>
      <y11>925</y11>
      <x12>1404</x12>
      <y12>933</y12>
      <x13>1403</x13>
      <y13>938</y13>
      <x14>1394</x14>
      <y14>957</y14>
      <x15>1393</x15>
      <y15>963</y15>
      <x16>1395</x16>
      <y16>965</y16>
      <x17>1398</x17>
      <y17>965</y17>
      <x18>1402</x18>
      <y18>962</y18>
      <x19>1411</x19>
      <y19>964</y19>
      <x20>1416</x20>
      <y20>961</y20>
      <x21>1423</x21>
      <y21>953</y21>
      <x22>1425</x22>
      <y22>952</y22>
      <x23>1431</x23>
      <y23>953</y23>
      <x24>1437</x24>
      <y24>950</y24>
      <x25>1440</x25>
      <y25>943</y25>
      <x26>1448</x26>
      <y26>935</y26>
      <x27>1452</x27>
      <y27>929</y27>
      <x28>1459</x28>
      <y28>915</y28>
      <x29>1458</x29>
      <y29>907</y29>
      <x30>1455</x30>
      <y30>903</y30>
      <x31>1455</x31>
      <y31>898</y31>
      <x32>1463</x32>
      <y32>888</y32>
      <x33>1463</x33>
      <y33>881</y33>
    </polygon>
  </object>
  <object>
    <name>person</name>
    <bndbox>
      <xmin>1225</xmin>
      <ymin>571</ymin>
      <xmax>1258</xmax>
      <ymax>648</ymax>
    </bndbox>
    <polygon>
      <x1>1251</x1>
      <y1>571</y1>
      <x2>1242</x2>
      <y2>576</y2>
      <x3>1242</x3>
      <y3>585</y3>
      <x4>1225</x4>
      <y4>610</y4>
      <x5>1230</x5>
      <y5>620</y5>
      <x6>1229</x6>
      <y6>642</y6>
      <x7>1234</x7>
      <y7>647</y7>
      <x8>1242</x8>
      <y8>648</y8>
      <x9>1247</x9>
      <y9>643</y9>
      <x10>1249</x10>
      <y10>634</y10>
      <x11>1256</x11>
      <y11>625</y11>
      <x12>1254</x12>
      <y12>611</y12>
      <x13>1258</x13>
      <y13>599</y13>
      <x14>1258</x14>
      <y14>590</y14>
      <x15>1256</x15>
      <y15>585</y15>
      <x16>1256</x16>
      <y16>575</y16>
    </polygon>
  </object>
  <object>
    <name>person</name>
    <bndbox>
      <xmin>460</xmin>
      <ymin>797</ymin>
      <xmax>506</xmax>
      <ymax>892</ymax>
    </bndbox>
    <polygon>
      <x1>466</x1>
      <y1>797</y1>
      <x2>461</x2>
      <y2>802</y2>
      <x3>461</x3>
      <y3>808</y3>
      <x4>465</x4>
      <y4>816</y4>
      <x5>464</x5>
      <y5>821</y5>
      <x6>460</x6>
      <y6>827</y6>
      <x7>460</x7>
      <y7>831</y7>
      <x8>463</x8>
      <y8>842</y8>
      <x9>471</x9>
      <y9>848</y9>
      <x10>473</x10>
      <y10>854</y10>
      <x11>479</x11>
      <y11>863</y11>
      <x12>478</x12>
      <y12>867</y12>
      <x13>479</x13>
      <y13>880</y13>
      <x14>485</x14>
      <y14>886</y14>
      <x15>487</x15>
      <y15>872</y15>
      <x16>489</x16>
      <y16>869</y16>
      <x17>494</x17>
      <y17>868</y17>
      <x18>497</x18>
      <y18>871</y18>
      <x19>497</x19>
      <y19>886</y19>
      <x20>499</x20>
      <y20>891</y20>
      <x21>501</x21>
      <y21>892</y21>
      <x22>506</x22>
      <y22>891</y22>
      <x23>506</x23>
      <y23>884</y23>
      <x24>500</x24>
      <y24>868</y24>
      <x25>499</x25>
      <y25>851</y25>
      <x26>491</x26>
      <y26>835</y26>
      <x27>490</x27>
      <y27>827</y27>
      <x28>485</x28>
      <y28>818</y28>
      <x29>479</x29>
      <y29>815</y29>
      <x30>477</x30>
      <y30>800</y30>
      <x31>473</x31>
      <y31>797</y31>
    </polygon>
  </object>
  <object>
    <name>person</name>
    <bndbox>
      <xmin>357</xmin>
      <ymin>765</ymin>
      <xmax>402</xmax>
      <ymax>853</ymax>
    </bndbox>
    <polygon>
      <x1>360</x1>
      <y1>766</y1>
      <x2>358</x2>
      <y2>768</y2>
      <x3>357</x3>
      <y3>774</y3>
      <x4>363</x4>
      <y4>787</y4>
      <x5>358</x5>
      <y5>793</y5>
      <x6>358</x6>
      <y6>798</y6>
      <x7>364</x7>
      <y7>811</y7>
      <x8>364</x8>
      <y8>814</y8>
      <x9>374</x9>
      <y9>827</y9>
      <x10>377</x10>
      <y10>833</y10>
      <x11>382</x11>
      <y11>838</y11>
      <x12>391</x12>
      <y12>842</y12>
      <x13>397</x13>
      <y13>850</y13>
      <x14>401</x14>
      <y14>853</y14>
      <x15>402</x15>
      <y15>847</y15>
      <x16>400</x16>
      <y16>842</y16>
      <x17>400</x17>
      <y17>828</y17>
      <x18>402</x18>
      <y18>816</y18>
      <x19>399</x19>
      <y19>809</y19>
      <x20>392</x20>
      <y20>800</y20>
      <x21>388</x21>
      <y21>790</y21>
      <x22>376</x22>
      <y22>780</y22>
      <x23>377</x23>
      <y23>773</y23>
      <x24>375</x24>
      <y24>769</y24>
      <x25>368</x25>
      <y25>765</y25>
    </polygon>
  </object>
  <object>
    <name>person</name>
    <bndbox>
      <xmin>1215</xmin>
      <ymin>712</ymin>
      <xmax>1274</xmax>
      <ymax>823</ymax>
    </bndbox>
    <polygon>
      <x1>1250</x1>
      <y1>713</y1>
      <x2>1243</x2>
      <y2>712</y2>
      <x3>1239</x3>
      <y3>714</y3>
      <x4>1234</x4>
      <y4>721</y4>
      <x5>1232</x5>
      <y5>731</y5>
      <x6>1231</x6>
      <y6>761</y6>
      <x7>1229</x7>
      <y7>767</y7>
      <x8>1227</x8>
      <y8>794</y8>
      <x9>1223</x9>
      <y9>801</y9>
      <x10>1218</x10>
      <y10>818</y10>
      <x11>1215</x11>
      <y11>821</y11>
      <x12>1215</x12>
      <y12>823</y12>
      <x13>1220</x13>
      <y13>822</y13>
      <x14>1222</x14>
      <y14>818</y14>
      <x15>1228</x15>
      <y15>814</y15>
      <x16>1247</x16>
      <y16>793</y16>
      <x17>1251</x17>
      <y17>791</y17>
      <x18>1274</x18>
      <y18>766</y18>
      <x19>1273</x19>
      <y19>763</y19>
      <x20>1269</x20>
      <y20>760</y20>
      <x21>1260</x21>
      <y21>737</y21>
      <x22>1257</x22>
      <y22>720</y22>
    </polygon>
  </object>
  <object>
    <name>person</name>
    <bndbox>
      <xmin>390</xmin>
      <ymin>674</ymin>
      <xmax>448</xmax>
      <ymax>777</ymax>
    </bndbox>
    <polygon>
      <x1>394</x1>
      <y1>674</y1>
      <x2>390</x2>
      <y2>680</y2>
      <x3>391</x3>
      <y3>689</y3>
      <x4>396</x4>
      <y4>697</y4>
      <x5>394</x5>
      <y5>700</y5>
      <x6>394</x6>
      <y6>707</y6>
      <x7>398</x7>
      <y7>721</y7>
      <x8>405</x8>
      <y8>729</y8>
      <x9>408</x9>
      <y9>735</y9>
      <x10>410</x10>
      <y10>744</y10>
      <x11>417</x11>
      <y11>755</y11>
      <x12>418</x12>
      <y12>758</y12>
      <x13>417</x13>
      <y13>770</y13>
      <x14>421</x14>
      <y14>775</y14>
      <x15>424</x15>
      <y15>775</y15>
      <x16>426</x16>
      <y16>772</y16>
      <x17>426</x17>
      <y17>757</y17>
      <x18>428</x18>
      <y18>754</y18>
      <x19>431</x19>
      <y19>754</y19>
      <x20>438</x20>
      <y20>762</y20>
      <x21>441</x21>
      <y21>769</y21>
      <x22>442</x22>
      <y22>775</y22>
      <x23>444</x23>
      <y23>777</y23>
      <x24>446</x24>
      <y24>777</y24>
      <x25>448</x25>
      <y25>775</y25>
      <x26>448</x26>
      <y26>767</y26>
      <x27>445</x27>
      <y27>757</y27>
      <x28>436</x28>
      <y28>743</y28>
      <x29>427</x29>
      <y29>723</y29>
      <x30>426</x30>
      <y30>717</y30>
      <x31>420</x31>
      <y31>707</y31>
      <x32>418</x32>
      <y32>697</y32>
      <x33>417</x33>
      <y33>696</y33>
      <x34>417</x34>
      <y34>691</y34>
      <x35>415</x35>
      <y35>686</y35>
      <x36>411</x36>
      <y36>684</y36>
      <x37>404</x37>
      <y37>676</y37>
      <x38>400</x38>
      <y38>674</y38>
    </polygon>
  </object>
  <object>
    <name>person</name>
    <bndbox>
      <xmin>1461</xmin>
      <ymin>705</ymin>
      <xmax>1505</xmax>
      <ymax>811</ymax>
    </bndbox>
    <polygon>
      <x1>1493</x1>
      <y1>705</y1>
      <x2>1488</x2>
      <y2>708</y2>
      <x3>1486</x3>
      <y3>717</y3>
      <x4>1483</x4>
      <y4>722</y4>
      <x5>1481</x5>
      <y5>723</y5>
      <x6>1469</x6>
      <y6>749</y6>
      <x7>1461</x7>
      <y7>773</y7>
      <x8>1463</x8>
      <y8>779</y8>
      <x9>1466</x9>
      <y9>780</y9>
      <x10>1471</x10>
      <y10>785</y10>
      <x11>1472</x11>
      <y11>788</y11>
      <x12>1471</x12>
      <y12>789</y12>
      <x13>1471</x13>
      <y13>799</y13>
      <x14>1469</x14>
      <y14>807</y14>
      <x15>1471</x15>
      <y15>810</y15>
      <x16>1479</x16>
      <y16>811</y16>
      <x17>1483</x17>
      <y17>809</y17>
      <x18>1482</x18>
      <y18>806</y18>
      <x19>1477</x19>
      <y19>800</y19>
      <x20>1477</x20>
      <y20>791</y20>
      <x21>1482</x21>
      <y21>785</y21>
      <x22>1495</x22>
      <y22>780</y22>
      <x23>1499</x23>
      <y23>774</y23>
      <x24>1501</x24>
      <y24>767</y24>
      <x25>1501</x25>
      <y25>755</y25>
      <x26>1504</x26>
      <y26>745</y26>
      <x27>1505</x27>
      <y27>731</y27>
      <x28>1501</x28>
      <y28>723</y28>
      <x29>1503</x29>
      <y29>711</y29>
      <x30>1499</x30>
      <y30>706</y30>
    </polygon>
  </object>
  <object>
    <name>person</name>
    <bndbox>
      <xmin>588</xmin>
      <ymin>863</ymin>
      <xmax>632</xmax>
      <ymax>971</ymax>
    </bndbox>
    <polygon>
      <x1>596</x1>
      <y1>864</y1>
      <x2>593</x2>
      <y2>868</y2>
      <x3>592</x3>
      <y3>880</y3>
      <x4>588</x4>
      <y4>891</y4>
      <x5>590</x5>
      <y5>915</y5>
      <x6>593</x6>
      <y6>924</y6>
      <x7>600</x7>
      <y7>931</y7>
      <x8>604</x8>
      <y8>940</y8>
      <x9>606</x9>
      <y9>968</y9>
      <x10>611</x10>
      <y10>971</y10>
      <x11>614</x11>
      <y11>971</y11>
      <x12>619</x12>
      <y12>969</y12>
      <x13>621</x13>
      <y13>966</y13>
      <x14>623</x14>
      <y14>945</y14>
      <x15>632</x15>
      <y15>921</y15>
      <x16>628</x16>
      <y16>915</y16>
      <x17>620</x17>
      <y17>908</y17>
      <x18>618</x18>
      <y18>899</y18>
      <x19>613</x19>
      <y19>891</y19>
      <x20>612</x20>
      <y20>883</y20>
      <x21>614</x21>
      <y21>878</y21>
      <x22>614</x22>
      <y22>871</y22>
      <x23>612</x23>
      <y23>867</y23>
      <x24>606</x24>
      <y24>863</y24>
    </polygon>
  </object>
  <object>
    <name>person</name>
    <bndbox>
      <xmin>542</xmin>
      <ymin>793</ymin>
      <xmax>592</xmax>
      <ymax>888</ymax>
    </bndbox>
    <polygon>
      <x1>564</x1>
      <y1>793</y1>
      <x2>557</x2>
      <y2>795</y2>
      <x3>555</x3>
      <y3>799</y3>
      <x4>554</x4>
      <y4>808</y4>
      <x5>546</x5>
      <y5>815</y5>
      <x6>544</x6>
      <y6>821</y6>
      <x7>548</x7>
      <y7>830</y7>
      <x8>548</x8>
      <y8>835</y8>
      <x9>560</x9>
      <y9>842</y9>
      <x10>560</x10>
      <y10>851</y10>
      <x11>557</x11>
      <y11>860</y11>
      <x12>542</x12>
      <y12>877</y12>
      <x13>549</x13>
      <y13>887</y13>
      <x14>555</x14>
      <y14>888</y14>
      <x15>555</x15>
      <y15>884</y15>
      <x16>552</x16>
      <y16>879</y16>
      <x17>553</x17>
      <y17>875</y17>
      <x18>571</x18>
      <y18>857</y18>
      <x19>576</x19>
      <y19>857</y19>
      <x20>583</x20>
      <y20>866</y20>
      <x21>587</x21>
      <y21>867</y21>
      <x22>590</x22>
      <y22>870</y22>
      <x23>590</x23>
      <y23>872</y23>
      <x24>592</x24>
      <y24>867</y24>
      <x25>592</x25>
      <y25>863</y25>
      <x26>586</x26>
      <y26>848</y26>
      <x27>585</x27>
      <y27>841</y27>
      <x28>574</x28>
      <y28>823</y28>
      <x29>572</x29>
      <y29>816</y29>
      <x30>573</x30>
      <y30>802</y30>
      <x31>570</x31>
      <y31>796</y31>
    </polygon>
  </object>
  <object>
    <name>person</name>
    <bndbox>
      <xmin>297</xmin>
      <ymin>595</ymin>
      <xmax>335</xmax>
      <ymax>692</ymax>
    </bndbox>
    <polygon>
      <x1>303</x1>
      <y1>597</y1>
      <x2>298</x2>
      <y2>608</y2>
      <x3>297</x3>
      <y3>648</y3>
      <x4>298</x4>
      <y4>649</y4>
      <x5>305</x5>
      <y5>647</y5>
      <x6>307</x6>
      <y6>649</y6>
      <x7>311</x7>
      <y7>660</y7>
      <x8>312</x8>
      <y8>675</y8>
      <x9>316</x9>
      <y9>681</y9>
      <x10>317</x10>
      <y10>689</y10>
      <x11>320</x11>
      <y11>692</y11>
      <x12>324</x12>
      <y12>688</y12>
      <x13>326</x13>
      <y13>679</y13>
      <x14>333</x14>
      <y14>674</y14>
      <x15>335</x15>
      <y15>669</y15>
      <x16>332</x16>
      <y16>666</y16>
      <x17>329</x17>
      <y17>666</y17>
      <x18>326</x18>
      <y18>669</y18>
      <x19>324</x19>
      <y19>667</y19>
      <x20>319</x20>
      <y20>635</y20>
      <x21>323</x21>
      <y21>622</y21>
      <x22>323</x22>
      <y22>617</y22>
      <x23>315</x23>
      <y23>602</y23>
      <x24>315</x24>
      <y24>599</y24>
      <x25>311</x25>
      <y25>595</y25>
    </polygon>
  </object>
  <object>
    <name>person</name>
    <bndbox>
      <xmin>489</xmin>
      <ymin>618</ymin>
      <xmax>527</xmax>
      <ymax>669</ymax>
    </bndbox>
    <polygon>
      <x1>500</x1>
      <y1>618</y1>
      <x2>496</x2>
      <y2>625</y2>
      <x3>496</x3>
      <y3>633</y3>
      <x4>489</x4>
      <y4>639</y4>
      <x5>489</x5>
      <y5>646</y5>
      <x6>505</x6>
      <y6>660</y6>
      <x7>523</x7>
      <y7>669</y7>
      <x8>527</x8>
      <y8>662</y8>
      <x9>526</x9>
      <y9>643</y9>
      <x10>523</x10>
      <y10>639</y10>
      <x11>514</x11>
      <y11>639</y11>
      <x12>512</x12>
      <y12>637</y12>
      <x13>513</x13>
      <y13>624</y13>
      <x14>510</x14>
      <y14>618</y14>
    </polygon>
  </object>
  <object>
    <name>person</name>
    <bndbox>
      <xmin>395</xmin>
      <ymin>539</ymin>
      <xmax>435</xmax>
      <ymax>603</ymax>
    </bndbox>
    <polygon>
      <x1>415</x1>
      <y1>539</y1>
      <x2>410</x2>
      <y2>545</y2>
      <x3>408</x3>
      <y3>555</y3>
      <x4>398</x4>
      <y4>564</y4>
      <x5>395</x5>
      <y5>573</y5>
      <x6>396</x6>
      <y6>577</y6>
      <x7>410</x7>
      <y7>594</y7>
      <x8>421</x8>
      <y8>602</y8>
      <x9>427</x9>
      <y9>603</y9>
      <x10>430</x10>
      <y10>600</y10>
      <x11>430</x11>
      <y11>584</y11>
      <x12>435</x12>
      <y12>577</y12>
      <x13>435</x13>
      <y13>571</y13>
      <x14>430</x14>
      <y14>562</y14>
      <x15>430</x15>
      <y15>554</y15>
      <x16>427</x16>
      <y16>543</y16>
      <x17>422</x17>
      <y17>539</y17>
    </polygon>
  </object>
  <object>
    <name>person</name>
    <bndbox>
      <xmin>245</xmin>
      <ymin>609</ymin>
      <xmax>283</xmax>
      <ymax>715</ymax>
    </bndbox>
    <polygon>
      <x1>256</x1>
      <y1>609</y1>
      <x2>250</x2>
      <y2>615</y2>
      <x3>245</x3>
      <y3>634</y3>
      <x4>245</x4>
      <y4>641</y4>
      <x5>250</x5>
      <y5>648</y5>
      <x6>249</x6>
      <y6>676</y6>
      <x7>256</x7>
      <y7>675</y7>
      <x8>261</x8>
      <y8>679</y8>
      <x9>262</x9>
      <y9>694</y9>
      <x10>260</x10>
      <y10>702</y10>
      <x11>260</x11>
      <y11>710</y11>
      <x12>263</x12>
      <y12>713</y12>
      <x13>269</x13>
      <y13>715</y13>
      <x14>275</x14>
      <y14>709</y14>
      <x15>280</x15>
      <y15>700</y15>
      <x16>280</x16>
      <y16>697</y16>
      <x17>274</x17>
      <y17>685</y17>
      <x18>274</x18>
      <y18>681</y18>
      <x19>282</x19>
      <y19>674</y19>
      <x20>283</x20>
      <y20>669</y20>
      <x21>276</x21>
      <y21>654</y21>
      <x22>275</x22>
      <y22>626</y22>
      <x23>271</x23>
      <y23>618</y23>
      <x24>264</x24>
      <y24>610</y24>
    </polygon>
  </object>
  <object>
    <name>person</name>
    <bndbox>
      <xmin>720</xmin>
      <ymin>646</ymin>
      <xmax>771</xmax>
      <ymax>717</ymax>
    </bndbox>
    <polygon>
      <x1>739</x1>
      <y1>646</y1>
      <x2>732</x2>
      <y2>647</y2>
      <x3>727</x3>
      <y3>654</y3>
      <x4>728</x4>
      <y4>668</y4>
      <x5>722</x5>
      <y5>675</y5>
      <x6>720</x6>
      <y6>688</y6>
      <x7>722</x7>
      <y7>705</y7>
      <x8>733</x8>
      <y8>716</y8>
      <x9>737</x9>
      <y9>717</y9>
      <x10>744</x10>
      <y10>714</y10>
      <x11>756</x11>
      <y11>703</y11>
      <x12>756</x12>
      <y12>685</y12>
      <x13>759</x13>
      <y13>682</y13>
      <x14>769</x14>
      <y14>681</y14>
      <x15>771</x15>
      <y15>675</y15>
      <x16>765</x16>
      <y16>671</y16>
      <x17>749</x17>
      <y17>667</y17>
      <x18>745</x18>
      <y18>663</y18>
      <x19>746</x19>
      <y19>653</y19>
      <x20>744</x20>
      <y20>649</y20>
    </polygon>
  </object>
</annotation>
