<?xml version="1.0" ?>
<annotation>
  <folder>VOC</folder>
  <filename>74-1.png</filename>
  <source>
    <database>roboflow.ai</database>
  </source>
  <size>
    <width>1792</width>
    <height>1024</height>
    <depth>3</depth>
  </size>
  <segmented>0</segmented>
  <object>
    <name>person</name>
    <bndbox>
      <xmin>1111</xmin>
      <ymin>346</ymin>
      <xmax>1445</xmax>
      <ymax>943</ymax>
    </bndbox>
    <polygon>
      <x1>1144</x1>
      <y1>346</y1>
      <x2>1142</x2>
      <y2>350</y2>
      <x3>1142</x3>
      <y3>354</y3>
      <x4>1137</x4>
      <y4>359</y4>
      <x5>1128</x5>
      <y5>362</y5>
      <x6>1123</x6>
      <y6>362</y6>
      <x7>1115</x7>
      <y7>369</y7>
      <x8>1112</x8>
      <y8>375</y8>
      <x9>1111</x9>
      <y9>382</y9>
      <x10>1117</x10>
      <y10>387</y10>
      <x11>1120</x11>
      <y11>386</y11>
      <x12>1130</x12>
      <y12>387</y12>
      <x13>1137</x13>
      <y13>391</y13>
      <x14>1143</x14>
      <y14>397</y14>
      <x15>1153</x15>
      <y15>398</y15>
      <x16>1157</x16>
      <y16>401</y16>
      <x17>1169</x17>
      <y17>398</y17>
      <x18>1172</x18>
      <y18>399</y18>
      <x19>1173</x19>
      <y19>401</y19>
      <x20>1171</x20>
      <y20>406</y20>
      <x21>1171</x21>
      <y21>411</y21>
      <x22>1168</x22>
      <y22>424</y22>
      <x23>1169</x23>
      <y23>443</y23>
      <x24>1171</x24>
      <y24>449</y24>
      <x25>1185</x25>
      <y25>465</y25>
      <x26>1187</x26>
      <y26>470</y26>
      <x27>1196</x27>
      <y27>482</y27>
      <x28>1199</x28>
      <y28>491</y28>
      <x29>1204</x29>
      <y29>497</y29>
      <x30>1213</x30>
      <y30>515</y30>
      <x31>1221</x31>
      <y31>523</y31>
      <x32>1227</x32>
      <y32>526</y32>
      <x33>1240</x33>
      <y33>528</y33>
      <x34>1249</x34>
      <y34>538</y34>
      <x35>1258</x35>
      <y35>557</y35>
      <x36>1264</x36>
      <y36>566</y36>
      <x37>1264</x37>
      <y37>572</y37>
      <x38>1262</x38>
      <y38>580</y38>
      <x39>1255</x39>
      <y39>593</y39>
      <x40>1253</x40>
      <y40>600</y40>
      <x41>1249</x41>
      <y41>605</y41>
      <x42>1247</x42>
      <y42>611</y42>
      <x43>1242</x43>
      <y43>619</y43>
      <x44>1241</x44>
      <y44>626</y44>
      <x45>1239</x45>
      <y45>630</y45>
      <x46>1239</x46>
      <y46>650</y46>
      <x47>1246</x47>
      <y47>672</y47>
      <x48>1251</x48>
      <y48>681</y48>
      <x49>1257</x49>
      <y49>688</y49>
      <x50>1254</x50>
      <y50>691</y50>
      <x51>1247</x51>
      <y51>693</y51>
      <x52>1235</x52>
      <y52>693</y52>
      <x53>1224</x53>
      <y53>690</y53>
      <x54>1215</x54>
      <y54>691</y54>
      <x55>1208</x55>
      <y55>699</y55>
      <x56>1202</x56>
      <y56>702</y56>
      <x57>1197</x57>
      <y57>708</y57>
      <x58>1196</x58>
      <y58>712</y58>
      <x59>1191</x59>
      <y59>720</y59>
      <x60>1191</x60>
      <y60>728</y60>
      <x61>1190</x61>
      <y61>729</y61>
      <x62>1191</x62>
      <y62>742</y62>
      <x63>1190</x63>
      <y63>745</y63>
      <x64>1192</x64>
      <y64>752</y64>
      <x65>1197</x65>
      <y65>757</y65>
      <x66>1202</x66>
      <y66>767</y66>
      <x67>1213</x67>
      <y67>781</y67>
      <x68>1223</x68>
      <y68>788</y68>
      <x69>1229</x69>
      <y69>794</y69>
      <x70>1232</x70>
      <y70>795</y70>
      <x71>1246</x71>
      <y71>809</y71>
      <x72>1236</x72>
      <y72>820</y72>
      <x73>1231</x73>
      <y73>830</y73>
      <x74>1232</x74>
      <y74>837</y74>
      <x75>1236</x75>
      <y75>842</y75>
      <x76>1244</x76>
      <y76>849</y76>
      <x77>1255</x77>
      <y77>854</y77>
      <x78>1262</x78>
      <y78>859</y78>
      <x79>1295</x79>
      <y79>870</y79>
      <x80>1308</x80>
      <y80>878</y80>
      <x81>1322</x81>
      <y81>882</y81>
      <x82>1333</x82>
      <y82>891</y82>
      <x83>1341</x83>
      <y83>892</y83>
      <x84>1347</x84>
      <y84>897</y84>
      <x85>1353</x85>
      <y85>913</y85>
      <x86>1354</x86>
      <y86>919</y86>
      <x87>1362</x87>
      <y87>932</y87>
      <x88>1369</x88>
      <y88>938</y88>
      <x89>1382</x89>
      <y89>943</y89>
      <x90>1390</x90>
      <y90>943</y90>
      <x91>1398</x91>
      <y91>936</y91>
      <x92>1401</x92>
      <y92>929</y92>
      <x93>1401</x93>
      <y93>925</y93>
      <x94>1396</x94>
      <y94>916</y94>
      <x95>1396</x95>
      <y95>900</y95>
      <x96>1394</x96>
      <y96>895</y96>
      <x97>1394</x97>
      <y97>891</y97>
      <x98>1389</x98>
      <y98>881</y98>
      <x99>1385</x99>
      <y99>877</y99>
      <x100>1380</x100>
      <y100>875</y100>
      <x101>1377</x101>
      <y101>872</y101>
      <x102>1377</x102>
      <y102>868</y102>
      <x103>1375</x103>
      <y103>865</y103>
      <x104>1375</x104>
      <y104>858</y104>
      <x105>1376</x105>
      <y105>857</y105>
      <x106>1381</x106>
      <y106>857</y106>
      <x107>1388</x107>
      <y107>851</y107>
      <x108>1388</x108>
      <y108>842</y108>
      <x109>1390</x109>
      <y109>834</y109>
      <x110>1394</x110>
      <y110>829</y110>
      <x111>1403</x111>
      <y111>824</y111>
      <x112>1418</x112>
      <y112>806</y112>
      <x113>1429</x113>
      <y113>782</y113>
      <x114>1432</x114>
      <y114>770</y114>
      <x115>1434</x115>
      <y115>741</y115>
      <x116>1435</x116>
      <y116>740</y116>
      <x117>1435</x117>
      <y117>725</y117>
      <x118>1436</x118>
      <y118>724</y118>
      <x119>1436</x119>
      <y119>715</y119>
      <x120>1438</x120>
      <y120>705</y120>
      <x121>1438</x121>
      <y121>665</y121>
      <x122>1439</x122>
      <y122>664</y122>
      <x123>1439</x123>
      <y123>658</y123>
      <x124>1438</x124>
      <y124>657</y124>
      <x125>1437</x125>
      <y125>618</y125>
      <x126>1435</x126>
      <y126>612</y126>
      <x127>1431</x127>
      <y127>576</y127>
      <x128>1429</x128>
      <y128>571</y128>
      <x129>1429</x129>
      <y129>565</y129>
      <x130>1426</x130>
      <y130>554</y130>
      <x131>1426</x131>
      <y131>542</y131>
      <x132>1429</x132>
      <y132>536</y132>
      <x133>1439</x133>
      <y133>527</y133>
      <x134>1444</x134>
      <y134>516</y134>
      <x135>1444</x135>
      <y135>503</y135>
      <x136>1445</x136>
      <y136>501</y136>
      <x137>1442</x137>
      <y137>487</y137>
      <x138>1438</x138>
      <y138>479</y138>
      <x139>1424</x139>
      <y139>468</y139>
      <x140>1413</x140>
      <y140>465</y140>
      <x141>1403</x141>
      <y141>464</y141>
      <x142>1397</x142>
      <y142>467</y142>
      <x143>1392</x143>
      <y143>467</y143>
      <x144>1376</x144>
      <y144>473</y144>
      <x145>1368</x145>
      <y145>480</y145>
      <x146>1362</x146>
      <y146>483</y146>
      <x147>1351</x147>
      <y147>496</y147>
      <x148>1345</x148>
      <y148>507</y148>
      <x149>1335</x149>
      <y149>519</y149>
      <x150>1326</x150>
      <y150>519</y150>
      <x151>1314</x151>
      <y151>514</y151>
      <x152>1308</x152>
      <y152>509</y152>
      <x153>1303</x153>
      <y153>499</y153>
      <x154>1303</x154>
      <y154>492</y154>
      <x155>1305</x155>
      <y155>489</y155>
      <x156>1309</x156>
      <y156>471</y156>
      <x157>1309</x157>
      <y157>461</y157>
      <x158>1308</x158>
      <y158>460</y158>
      <x159>1309</x159>
      <y159>432</y159>
      <x160>1307</x160>
      <y160>422</y160>
      <x161>1304</x161>
      <y161>417</y161>
      <x162>1302</x162>
      <y162>409</y162>
      <x163>1296</x163>
      <y163>395</y163>
      <x164>1280</x164>
      <y164>378</y164>
      <x165>1262</x165>
      <y165>369</y165>
      <x166>1255</x166>
      <y166>368</y166>
      <x167>1244</x167>
      <y167>364</y167>
      <x168>1229</x168>
      <y168>363</y168>
      <x169>1208</x169>
      <y169>369</y169>
      <x170>1195</x170>
      <y170>375</y170>
      <x171>1193</x171>
      <y171>377</y171>
      <x172>1191</x172>
      <y172>377</y172>
      <x173>1178</x173>
      <y173>390</y173>
      <x174>1170</x174>
      <y174>378</y174>
      <x175>1166</x175>
      <y175>368</y175>
      <x176>1160</x176>
      <y176>361</y176>
      <x177>1155</x177>
      <y177>350</y177>
      <x178>1150</x178>
      <y178>347</y178>
    </polygon>
  </object>
</annotation>
