<?xml version="1.0" ?>
<annotation>
  <folder>VOC</folder>
  <filename>74-2.png</filename>
  <source>
    <database>roboflow.ai</database>
  </source>
  <size>
    <width>1792</width>
    <height>1024</height>
    <depth>3</depth>
  </size>
  <segmented>0</segmented>
  <object>
    <name>person</name>
    <bndbox>
      <xmin>1073</xmin>
      <ymin>535</ymin>
      <xmax>1346</xmax>
      <ymax>966</ymax>
    </bndbox>
    <polygon>
      <x1>1343</x1>
      <y1>551</y1>
      <x2>1333</x2>
      <y2>550</y2>
      <x3>1332</x3>
      <y3>549</y3>
      <x4>1331</x4>
      <y4>550</y4>
      <x5>1325</x5>
      <y5>550</y5>
      <x6>1321</x6>
      <y6>557</y6>
      <x7>1321</x7>
      <y7>564</y7>
      <x8>1323</x8>
      <y8>571</y8>
      <x9>1322</x9>
      <y9>572</y9>
      <x10>1322</x10>
      <y10>581</y10>
      <x11>1323</x11>
      <y11>583</y11>
      <x12>1311</x12>
      <y12>591</y12>
      <x13>1305</x13>
      <y13>600</y13>
      <x14>1292</x14>
      <y14>615</y14>
      <x15>1282</x15>
      <y15>616</y15>
      <x16>1276</x16>
      <y16>618</y16>
      <x17>1229</x17>
      <y17>617</y17>
      <x18>1226</x18>
      <y18>616</y18>
      <x19>1223</x19>
      <y19>613</y19>
      <x20>1223</x20>
      <y20>611</y20>
      <x21>1226</x21>
      <y21>608</y21>
      <x22>1237</x22>
      <y22>609</y22>
      <x23>1241</x23>
      <y23>604</y23>
      <x24>1239</x24>
      <y24>597</y24>
      <x25>1241</x25>
      <y25>591</y25>
      <x26>1241</x26>
      <y26>579</y26>
      <x27>1238</x27>
      <y27>568</y27>
      <x28>1241</x28>
      <y28>565</y28>
      <x29>1248</x29>
      <y29>562</y29>
      <x30>1256</x30>
      <y30>556</y30>
      <x31>1256</x31>
      <y31>551</y31>
      <x32>1255</x32>
      <y32>550</y32>
      <x33>1244</x33>
      <y33>550</y33>
      <x34>1243</x34>
      <y34>551</y34>
      <x35>1226</x35>
      <y35>537</y35>
      <x36>1213</x36>
      <y36>535</y36>
      <x37>1208</x37>
      <y37>536</y37>
      <x38>1196</x38>
      <y38>543</y38>
      <x39>1185</x39>
      <y39>555</y39>
      <x40>1183</x40>
      <y40>565</y40>
      <x41>1185</x41>
      <y41>572</y41>
      <x42>1192</x42>
      <y42>585</y42>
      <x43>1193</x43>
      <y43>589</y43>
      <x44>1192</x44>
      <y44>595</y44>
      <x45>1191</x45>
      <y45>596</y45>
      <x46>1182</x46>
      <y46>596</y46>
      <x47>1181</x47>
      <y47>597</y47>
      <x48>1176</x48>
      <y48>596</y48>
      <x49>1164</x49>
      <y49>597</y49>
      <x50>1159</x50>
      <y50>601</y50>
      <x51>1156</x51>
      <y51>620</y51>
      <x52>1148</x52>
      <y52>625</y52>
      <x53>1143</x53>
      <y53>630</y53>
      <x54>1136</x54>
      <y54>641</y54>
      <x55>1121</x55>
      <y55>669</y55>
      <x56>1114</x56>
      <y56>688</y56>
      <x57>1113</x57>
      <y57>703</y57>
      <x58>1119</x58>
      <y58>717</y58>
      <x59>1127</x59>
      <y59>729</y59>
      <x60>1129</x60>
      <y60>735</y60>
      <x61>1135</x61>
      <y61>742</y61>
      <x62>1135</x62>
      <y62>753</y62>
      <x63>1137</x63>
      <y63>757</y63>
      <x64>1136</x64>
      <y64>775</y64>
      <x65>1133</x65>
      <y65>788</y65>
      <x66>1133</x66>
      <y66>816</y66>
      <x67>1130</x67>
      <y67>831</y67>
      <x68>1130</x68>
      <y68>841</y68>
      <x69>1127</x69>
      <y69>853</y69>
      <x70>1122</x70>
      <y70>859</y70>
      <x71>1117</x71>
      <y71>868</y71>
      <x72>1115</x72>
      <y72>881</y72>
      <x73>1110</x73>
      <y73>891</y73>
      <x74>1108</x74>
      <y74>898</y74>
      <x75>1098</x75>
      <y75>914</y75>
      <x76>1093</x76>
      <y76>931</y76>
      <x77>1087</x77>
      <y77>938</y77>
      <x78>1084</x78>
      <y78>944</y78>
      <x79>1073</x79>
      <y79>955</y79>
      <x80>1073</x80>
      <y80>961</y80>
      <x81>1080</x81>
      <y81>963</y81>
      <x82>1092</x82>
      <y82>963</y82>
      <x83>1107</x83>
      <y83>966</y83>
      <x84>1124</x84>
      <y84>965</y84>
      <x85>1129</x85>
      <y85>962</y85>
      <x86>1129</x86>
      <y86>959</y86>
      <x87>1126</x87>
      <y87>956</y87>
      <x88>1109</x88>
      <y88>950</y88>
      <x89>1106</x89>
      <y89>947</y89>
      <x90>1106</x90>
      <y90>939</y90>
      <x91>1107</x91>
      <y91>936</y91>
      <x92>1117</x92>
      <y92>927</y92>
      <x93>1121</x93>
      <y93>929</y93>
      <x94>1126</x94>
      <y94>934</y94>
      <x95>1131</x95>
      <y95>934</y95>
      <x96>1136</x96>
      <y96>931</y96>
      <x97>1142</x97>
      <y97>931</y97>
      <x98>1143</x98>
      <y98>932</y98>
      <x99>1149</x99>
      <y99>930</y99>
      <x100>1156</x100>
      <y100>930</y100>
      <x101>1160</x101>
      <y101>928</y101>
      <x102>1165</x102>
      <y102>928</y102>
      <x103>1164</x103>
      <y103>927</y103>
      <x104>1157</x104>
      <y104>927</y104>
      <x105>1154</x105>
      <y105>925</y105>
      <x106>1148</x106>
      <y106>924</y106>
      <x107>1145</x107>
      <y107>921</y107>
      <x108>1139</x108>
      <y108>919</y108>
      <x109>1140</x109>
      <y109>901</y109>
      <x110>1141</x110>
      <y110>898</y110>
      <x111>1152</x111>
      <y111>883</y111>
      <x112>1166</x112>
      <y112>873</y112>
      <x113>1177</x113>
      <y113>857</y113>
      <x114>1181</x114>
      <y114>853</y114>
      <x115>1189</x115>
      <y115>839</y115>
      <x116>1190</x116>
      <y116>832</y116>
      <x117>1202</x117>
      <y117>800</y117>
      <x118>1203</x118>
      <y118>782</y118>
      <x119>1218</x119>
      <y119>746</y119>
      <x120>1221</x120>
      <y120>731</y120>
      <x121>1225</x121>
      <y121>720</y121>
      <x122>1228</x122>
      <y122>703</y122>
      <x123>1230</x123>
      <y123>699</y123>
      <x124>1235</x124>
      <y124>679</y124>
      <x125>1241</x125>
      <y125>672</y125>
      <x126>1249</x126>
      <y126>668</y126>
      <x127>1267</x127>
      <y127>662</y127>
      <x128>1277</x128>
      <y128>660</y128>
      <x129>1297</x129>
      <y129>651</y129>
      <x130>1315</x130>
      <y130>634</y130>
      <x131>1324</x131>
      <y131>617</y131>
      <x132>1325</x132>
      <y132>611</y132>
      <x133>1328</x133>
      <y133>606</y133>
      <x134>1333</x134>
      <y134>588</y134>
      <x135>1339</x135>
      <y135>579</y135>
      <x136>1342</x136>
      <y136>569</y136>
      <x137>1345</x137>
      <y137>564</y137>
      <x138>1346</x138>
      <y138>554</y138>
    </polygon>
  </object>
</annotation>
