<?xml version="1.0" ?>
<annotation>
  <folder>VOC</folder>
  <filename>8-1.png</filename>
  <source>
    <database>roboflow.ai</database>
  </source>
  <size>
    <width>1792</width>
    <height>1024</height>
    <depth>3</depth>
  </size>
  <segmented>0</segmented>
  <object>
    <name>person</name>
    <bndbox>
      <xmin>413</xmin>
      <ymin>0</ymin>
      <xmax>1494</xmax>
      <ymax>1020</ymax>
    </bndbox>
    <polygon>
      <x1>690</x1>
      <y1>22</y1>
      <x2>687</x2>
      <y2>25</y2>
      <x3>684</x3>
      <y3>34</y3>
      <x4>681</x4>
      <y4>37</y4>
      <x5>676</x5>
      <y5>37</y5>
      <x6>676</x6>
      <y6>39</y6>
      <x7>682</x7>
      <y7>41</y7>
      <x8>682</x8>
      <y8>51</y8>
      <x9>675</x9>
      <y9>53</y9>
      <x10>668</x10>
      <y10>65</y10>
      <x11>658</x11>
      <y11>70</y11>
      <x12>655</x12>
      <y12>79</y12>
      <x13>644</x13>
      <y13>86</y13>
      <x14>642</x14>
      <y14>95</y14>
      <x15>639</x15>
      <y15>98</y15>
      <x16>633</x16>
      <y16>98</y16>
      <x17>628</x17>
      <y17>104</y17>
      <x18>624</x18>
      <y18>106</y18>
      <x19>619</x19>
      <y19>113</y19>
      <x20>615</x20>
      <y20>126</y20>
      <x21>615</x21>
      <y21>137</y21>
      <x22>612</x22>
      <y22>140</y22>
      <x23>605</x23>
      <y23>141</y23>
      <x24>602</x24>
      <y24>144</y24>
      <x25>602</x25>
      <y25>150</y25>
      <x26>599</x26>
      <y26>156</y26>
      <x27>591</x27>
      <y27>154</y27>
      <x28>588</x28>
      <y28>163</y28>
      <x29>583</x29>
      <y29>168</y29>
      <x30>574</x30>
      <y30>170</y30>
      <x31>569</x31>
      <y31>177</y31>
      <x32>570</x32>
      <y32>179</y32>
      <x33>583</x33>
      <y33>179</y33>
      <x34>586</x34>
      <y34>181</y34>
      <x35>589</x35>
      <y35>186</y35>
      <x36>587</x36>
      <y36>190</y36>
      <x37>587</x37>
      <y37>194</y37>
      <x38>590</x38>
      <y38>199</y38>
      <x39>589</x39>
      <y39>207</y39>
      <x40>592</x40>
      <y40>210</y40>
      <x41>597</x41>
      <y41>210</y41>
      <x42>600</x42>
      <y42>214</y42>
      <x43>598</x43>
      <y43>227</y43>
      <x44>589</x44>
      <y44>242</y44>
      <x45>586</x45>
      <y45>257</y45>
      <x46>586</x46>
      <y46>268</y46>
      <x47>583</x47>
      <y47>271</y47>
      <x48>579</x48>
      <y48>272</y48>
      <x49>575</x49>
      <y49>277</y49>
      <x50>570</x50>
      <y50>293</y50>
      <x51>564</x51>
      <y51>298</y51>
      <x52>559</x52>
      <y52>314</y52>
      <x53>546</x53>
      <y53>334</y53>
      <x54>542</x54>
      <y54>347</y54>
      <x55>538</x55>
      <y55>351</y55>
      <x56>535</x56>
      <y56>360</y56>
      <x57>530</x57>
      <y57>367</y57>
      <x58>526</x58>
      <y58>383</y58>
      <x59>517</x59>
      <y59>392</y59>
      <x60>514</x60>
      <y60>401</y60>
      <x61>505</x61>
      <y61>413</y61>
      <x62>496</x62>
      <y62>436</y62>
      <x63>491</x63>
      <y63>442</y63>
      <x64>489</x64>
      <y64>457</y64>
      <x65>484</x65>
      <y65>464</y65>
      <x66>486</x66>
      <y66>471</y66>
      <x67>475</x67>
      <y67>478</y67>
      <x68>473</x68>
      <y68>493</y68>
      <x69>470</x69>
      <y69>496</y69>
      <x70>451</x70>
      <y70>505</y70>
      <x71>447</x71>
      <y71>513</y71>
      <x72>437</x72>
      <y72>525</y72>
      <x73>433</x73>
      <y73>534</y73>
      <x74>434</x74>
      <y74>543</y74>
      <x75>439</x75>
      <y75>546</y75>
      <x76>452</x76>
      <y76>546</y76>
      <x77>457</x77>
      <y77>548</y77>
      <x78>461</x78>
      <y78>553</y78>
      <x79>461</x79>
      <y79>563</y79>
      <x80>457</x80>
      <y80>567</y80>
      <x81>454</x81>
      <y81>574</y81>
      <x82>445</x82>
      <y82>579</y82>
      <x83>442</x83>
      <y83>585</y83>
      <x84>438</x84>
      <y84>589</y84>
      <x85>433</x85>
      <y85>591</y85>
      <x86>439</x86>
      <y86>596</y86>
      <x87>439</x87>
      <y87>599</y87>
      <x88>436</x88>
      <y88>601</y88>
      <x89>424</x89>
      <y89>603</y89>
      <x90>421</x90>
      <y90>606</y90>
      <x91>423</x91>
      <y91>610</y91>
      <x92>423</x92>
      <y92>621</y92>
      <x93>429</x93>
      <y93>635</y93>
      <x94>430</x94>
      <y94>643</y94>
      <x95>428</x95>
      <y95>650</y95>
      <x96>422</x96>
      <y96>654</y96>
      <x97>420</x97>
      <y97>659</y97>
      <x98>414</x98>
      <y98>662</y98>
      <x99>415</x99>
      <y99>676</y99>
      <x100>413</x100>
      <y100>678</y100>
      <x101>413</x101>
      <y101>682</y101>
      <x102>417</x102>
      <y102>683</y102>
      <x103>418</x103>
      <y103>681</y103>
      <x104>415</x104>
      <y104>674</y104>
      <x105>423</x105>
      <y105>666</y105>
      <x106>432</x106>
      <y106>678</y106>
      <x107>433</x107>
      <y107>683</y107>
      <x108>437</x108>
      <y108>689</y108>
      <x109>439</x109>
      <y109>711</y109>
      <x110>447</x110>
      <y110>723</y110>
      <x111>453</x111>
      <y111>752</y111>
      <x112>463</x112>
      <y112>773</y112>
      <x113>464</x113>
      <y113>792</y113>
      <x114>471</x114>
      <y114>798</y114>
      <x115>474</x115>
      <y115>806</y115>
      <x116>474</x116>
      <y116>810</y116>
      <x117>470</x117>
      <y117>816</y117>
      <x118>471</x118>
      <y118>822</y118>
      <x119>481</x119>
      <y119>828</y119>
      <x120>485</x120>
      <y120>837</y120>
      <x121>485</x121>
      <y121>846</y121>
      <x122>487</x122>
      <y122>848</y122>
      <x123>489</x123>
      <y123>846</y123>
      <x124>491</x124>
      <y124>838</y124>
      <x125>489</x125>
      <y125>826</y125>
      <x126>492</x126>
      <y126>821</y126>
      <x127>496</x127>
      <y127>825</y127>
      <x128>496</x128>
      <y128>837</y128>
      <x129>506</x129>
      <y129>845</y129>
      <x130>510</x130>
      <y130>841</y130>
      <x131>520</x131>
      <y131>837</y131>
      <x132>536</x132>
      <y132>837</y132>
      <x133>546</x133>
      <y133>851</y133>
      <x134>553</x134>
      <y134>853</y134>
      <x135>558</x135>
      <y135>857</y135>
      <x136>563</x136>
      <y136>873</y136>
      <x137>578</x137>
      <y137>891</y137>
      <x138>577</x138>
      <y138>895</y138>
      <x139>571</x139>
      <y139>899</y139>
      <x140>562</x140>
      <y140>899</y140>
      <x141>558</x141>
      <y141>897</y141>
      <x142>552</x142>
      <y142>897</y142>
      <x143>549</x143>
      <y143>899</y143>
      <x144>534</x144>
      <y144>899</y144>
      <x145>531</x145>
      <y145>911</y145>
      <x146>531</x146>
      <y146>921</y146>
      <x147>523</x147>
      <y147>928</y147>
      <x148>521</x148>
      <y148>934</y148>
      <x149>522</x149>
      <y149>939</y149>
      <x150>528</x150>
      <y150>938</y150>
      <x151>534</x151>
      <y151>944</y151>
      <x152>543</x152>
      <y152>944</y152>
      <x153>548</x153>
      <y153>942</y153>
      <x154>565</x154>
      <y154>942</y154>
      <x155>572</x155>
      <y155>944</y155>
      <x156>577</x156>
      <y156>940</y156>
      <x157>577</x157>
      <y157>932</y157>
      <x158>580</x158>
      <y158>926</y158>
      <x159>587</x159>
      <y159>925</y159>
      <x160>601</x160>
      <y160>927</y160>
      <x161>606</x161>
      <y161>925</y161>
      <x162>612</x162>
      <y162>928</y162>
      <x163>613</x163>
      <y163>937</y163>
      <x164>621</x164>
      <y164>937</y164>
      <x165>632</x165>
      <y165>947</y165>
      <x166>632</x166>
      <y166>949</y166>
      <x167>622</x167>
      <y167>957</y167>
      <x168>622</x168>
      <y168>964</y168>
      <x169>625</x169>
      <y169>974</y169>
      <x170>622</x170>
      <y170>984</y170>
      <x171>622</x171>
      <y171>990</y171>
      <x172>628</x172>
      <y172>995</y172>
      <x173>629</x173>
      <y173>1005</y173>
      <x174>626</x174>
      <y174>1008</y174>
      <x175>619</x175>
      <y175>1008</y175>
      <x176>616</x176>
      <y176>1005</y176>
      <x177>615</x177>
      <y177>983</y177>
      <x178>596</x178>
      <y178>982</y178>
      <x179>590</x179>
      <y179>985</y179>
      <x180>575</x180>
      <y180>979</y180>
      <x181>561</x181>
      <y181>979</y181>
      <x182>555</x182>
      <y182>982</y182>
      <x183>547</x183>
      <y183>980</y183>
      <x184>530</x184>
      <y184>982</y184>
      <x185>529</x185>
      <y185>984</y185>
      <x186>532</x186>
      <y186>993</y186>
      <x187>529</x187>
      <y187>1005</y187>
      <x188>536</x188>
      <y188>1013</y188>
      <x189>544</x189>
      <y189>1014</y189>
      <x190>550</x190>
      <y190>1011</y190>
      <x191>555</x191>
      <y191>1014</y191>
      <x192>564</x192>
      <y192>1014</y192>
      <x193>568</x193>
      <y193>1017</y193>
      <x194>572</x194>
      <y194>1017</y194>
      <x195>577</x195>
      <y195>1013</y195>
      <x196>585</x196>
      <y196>1015</y196>
      <x197>592</x197>
      <y197>1010</y197>
      <x198>599</x198>
      <y198>1015</y198>
      <x199>616</x199>
      <y199>1018</y199>
      <x200>628</x200>
      <y200>1017</y200>
      <x201>641</x201>
      <y201>1019</y201>
      <x202>647</x202>
      <y202>1015</y202>
      <x203>650</x203>
      <y203>1017</y203>
      <x204>657</x204>
      <y204>1017</y204>
      <x205>658</x205>
      <y205>1011</y205>
      <x206>662</x206>
      <y206>1009</y206>
      <x207>667</x207>
      <y207>1012</y207>
      <x208>674</x208>
      <y208>1012</y208>
      <x209>679</x209>
      <y209>1015</y209>
      <x210>698</x210>
      <y210>1018</y210>
      <x211>703</x211>
      <y211>1013</y211>
      <x212>710</x212>
      <y212>1016</y212>
      <x213>714</x213>
      <y213>1012</y213>
      <x214>713</x214>
      <y214>1005</y214>
      <x215>718</x215>
      <y215>1001</y215>
      <x216>725</x216>
      <y216>1002</y216>
      <x217>732</x217>
      <y217>1000</y217>
      <x218>737</x218>
      <y218>1007</y218>
      <x219>739</x219>
      <y219>1007</y219>
      <x220>743</x220>
      <y220>1003</y220>
      <x221>746</x221>
      <y221>1003</y221>
      <x222>748</x222>
      <y222>1011</y222>
      <x223>751</x223>
      <y223>1014</y223>
      <x224>761</x224>
      <y224>1011</y224>
      <x225>764</x225>
      <y225>1013</y225>
      <x226>781</x226>
      <y226>1013</y226>
      <x227>786</x227>
      <y227>1015</y227>
      <x228>793</x228>
      <y228>1015</y228>
      <x229>801</x229>
      <y229>1011</y229>
      <x230>814</x230>
      <y230>1000</y230>
      <x231>837</x231>
      <y231>998</y231>
      <x232>843</x232>
      <y232>1000</y232>
      <x233>867</x233>
      <y233>999</y233>
      <x234>890</x234>
      <y234>1001</y234>
      <x235>900</x235>
      <y235>1000</y235>
      <x236>903</x236>
      <y236>1002</y236>
      <x237>915</x237>
      <y237>1001</y237>
      <x238>918</x238>
      <y238>1003</y238>
      <x239>926</x239>
      <y239>1002</y239>
      <x240>941</x240>
      <y240>1009</y240>
      <x241>948</x241>
      <y241>1010</y241>
      <x242>954</x242>
      <y242>1018</y242>
      <x243>964</x243>
      <y243>1018</y243>
      <x244>970</x244>
      <y244>1016</y244>
      <x245>977</x245>
      <y245>1019</y245>
      <x246>992</x246>
      <y246>1018</y246>
      <x247>996</x247>
      <y247>1014</y247>
      <x248>998</x248>
      <y248>1014</y248>
      <x249>1009</x249>
      <y249>1020</y249>
      <x250>1047</x250>
      <y250>1020</y250>
      <x251>1060</x251>
      <y251>1015</y251>
      <x252>1065</x252>
      <y252>1019</y252>
      <x253>1074</x253>
      <y253>1020</y253>
      <x254>1082</x254>
      <y254>1017</y254>
      <x255>1088</x255>
      <y255>1017</y255>
      <x256>1091</x256>
      <y256>1012</y256>
      <x257>1094</x257>
      <y257>998</y257>
      <x258>1098</x258>
      <y258>995</y258>
      <x259>1103</x259>
      <y259>994</y259>
      <x260>1111</x260>
      <y260>983</y260>
      <x261>1123</x261>
      <y261>977</y261>
      <x262>1131</x262>
      <y262>977</y262>
      <x263>1138</x263>
      <y263>972</y263>
      <x264>1144</x264>
      <y264>971</y264>
      <x265>1151</x265>
      <y265>962</y265>
      <x266>1157</x266>
      <y266>963</y266>
      <x267>1161</x267>
      <y267>956</y267>
      <x268>1161</x268>
      <y268>946</y268>
      <x269>1173</x269>
      <y269>934</y269>
      <x270>1180</x270>
      <y270>932</y270>
      <x271>1182</x271>
      <y271>934</y271>
      <x272>1180</x272>
      <y272>942</y272>
      <x273>1184</x273>
      <y273>942</y273>
      <x274>1198</x274>
      <y274>938</y274>
      <x275>1200</x275>
      <y275>936</y275>
      <x276>1199</x276>
      <y276>933</y276>
      <x277>1192</x277>
      <y277>932</y277>
      <x278>1188</x278>
      <y278>928</y278>
      <x279>1192</x279>
      <y279>925</y279>
      <x280>1197</x280>
      <y280>924</y280>
      <x281>1201</x281>
      <y281>921</y281>
      <x282>1209</x282>
      <y282>921</y282>
      <x283>1212</x283>
      <y283>919</y283>
      <x284>1215</x284>
      <y284>919</y284>
      <x285>1221</x285>
      <y285>923</y285>
      <x286>1230</x286>
      <y286>923</y286>
      <x287>1234</x287>
      <y287>917</y287>
      <x288>1237</x288>
      <y288>918</y288>
      <x289>1240</x289>
      <y289>924</y289>
      <x290>1247</x290>
      <y290>925</y290>
      <x291>1252</x291>
      <y291>924</y291>
      <x292>1259</x292>
      <y292>918</y292>
      <x293>1263</x293>
      <y293>917</y293>
      <x294>1273</x294>
      <y294>923</y294>
      <x295>1285</x295>
      <y295>925</y295>
      <x296>1290</x296>
      <y296>932</y296>
      <x297>1297</x297>
      <y297>933</y297>
      <x298>1298</x298>
      <y298>935</y298>
      <x299>1290</x299>
      <y299>939</y299>
      <x300>1289</x300>
      <y300>942</y300>
      <x301>1291</x301>
      <y301>948</y301>
      <x302>1285</x302>
      <y302>955</y302>
      <x303>1286</x303>
      <y303>965</y303>
      <x304>1284</x304>
      <y304>972</y304>
      <x305>1286</x305>
      <y305>975</y305>
      <x306>1284</x306>
      <y306>977</y306>
      <x307>1279</x307>
      <y307>975</y307>
      <x308>1279</x308>
      <y308>962</y308>
      <x309>1282</x309>
      <y309>956</y309>
      <x310>1273</x310>
      <y310>949</y310>
      <x311>1273</x311>
      <y311>947</y311>
      <x312>1279</x312>
      <y312>941</y312>
      <x313>1276</x313>
      <y313>936</y313>
      <x314>1273</x314>
      <y314>936</y314>
      <x315>1269</x315>
      <y315>939</y315>
      <x316>1262</x316>
      <y316>939</y316>
      <x317>1262</x317>
      <y317>949</y317>
      <x318>1259</x318>
      <y318>953</y318>
      <x319>1260</x319>
      <y319>962</y319>
      <x320>1264</x320>
      <y320>969</y320>
      <x321>1273</x321>
      <y321>970</y321>
      <x322>1275</x322>
      <y322>975</y322>
      <x323>1269</x323>
      <y323>979</y323>
      <x324>1239</x324>
      <y324>982</y324>
      <x325>1238</x325>
      <y325>985</y325>
      <x326>1243</x326>
      <y326>989</y326>
      <x327>1243</x327>
      <y327>991</y327>
      <x328>1241</x328>
      <y328>993</y328>
      <x329>1235</x329>
      <y329>994</y329>
      <x330>1233</x330>
      <y330>996</y330>
      <x331>1233</x331>
      <y331>999</y331>
      <x332>1241</x332>
      <y332>1002</y332>
      <x333>1245</x333>
      <y333>1006</y333>
      <x334>1246</x334>
      <y334>1010</y334>
      <x335>1250</x335>
      <y335>1013</y335>
      <x336>1254</x336>
      <y336>1011</y336>
      <x337>1267</x337>
      <y337>1010</y337>
      <x338>1282</x338>
      <y338>1012</y338>
      <x339>1297</x339>
      <y339>1005</y339>
      <x340>1308</x340>
      <y340>993</y340>
      <x341>1313</x341>
      <y341>990</y341>
      <x342>1315</x342>
      <y342>982</y342>
      <x343>1315</x343>
      <y343>973</y343>
      <x344>1313</x344>
      <y344>971</y344>
      <x345>1306</x345>
      <y345>972</y345>
      <x346>1304</x346>
      <y346>970</y346>
      <x347>1306</x347>
      <y347>968</y347>
      <x348>1314</x348>
      <y348>967</y348>
      <x349>1319</x349>
      <y349>963</y349>
      <x350>1325</x350>
      <y350>964</y350>
      <x351>1327</x351>
      <y351>962</y351>
      <x352>1327</x352>
      <y352>958</y352>
      <x353>1325</x353>
      <y353>956</y353>
      <x354>1320</x354>
      <y354>962</y354>
      <x355>1316</x355>
      <y355>956</y355>
      <x356>1317</x356>
      <y356>952</y356>
      <x357>1324</x357>
      <y357>947</y357>
      <x358>1327</x358>
      <y358>939</y358>
      <x359>1331</x359>
      <y359>937</y359>
      <x360>1339</x360>
      <y360>938</y360>
      <x361>1342</x361>
      <y361>935</y361>
      <x362>1339</x362>
      <y362>927</y362>
      <x363>1345</x363>
      <y363>921</y363>
      <x364>1345</x364>
      <y364>912</y364>
      <x365>1350</x365>
      <y365>906</y365>
      <x366>1350</x366>
      <y366>902</y366>
      <x367>1357</x367>
      <y367>891</y367>
      <x368>1357</x368>
      <y368>870</y368>
      <x369>1359</x369>
      <y369>854</y369>
      <x370>1362</x370>
      <y370>844</y370>
      <x371>1363</x371>
      <y371>830</y371>
      <x372>1368</x372>
      <y372>823</y372>
      <x373>1370</x373>
      <y373>796</y373>
      <x374>1373</x374>
      <y374>783</y374>
      <x375>1381</x375>
      <y375>776</y375>
      <x376>1384</x376>
      <y376>776</y376>
      <x377>1389</x377>
      <y377>781</y377>
      <x378>1393</x378>
      <y378>772</y378>
      <x379>1405</x379>
      <y379>770</y379>
      <x380>1421</x380>
      <y380>764</y380>
      <x381>1437</x381>
      <y381>747</y381>
      <x382>1440</x382>
      <y382>747</y382>
      <x383>1444</x383>
      <y383>753</y383>
      <x384>1454</x384>
      <y384>751</y384>
      <x385>1454</x385>
      <y385>745</y385>
      <x386>1440</x386>
      <y386>735</y386>
      <x387>1439</x387>
      <y387>732</y387>
      <x388>1442</x388>
      <y388>729</y388>
      <x389>1457</x389>
      <y389>728</y389>
      <x390>1462</x390>
      <y390>721</y390>
      <x391>1466</x391>
      <y391>721</y391>
      <x392>1469</x392>
      <y392>724</y392>
      <x393>1469</x393>
      <y393>727</y393>
      <x394>1474</x394>
      <y394>727</y394>
      <x395>1479</x395>
      <y395>731</y395>
      <x396>1481</x396>
      <y396>729</y396>
      <x397>1483</x397>
      <y397>722</y397>
      <x398>1481</x398>
      <y398>707</y398>
      <x399>1484</x399>
      <y399>694</y399>
      <x400>1480</x400>
      <y400>681</y400>
      <x401>1484</x401>
      <y401>675</y401>
      <x402>1484</x402>
      <y402>671</y402>
      <x403>1488</x403>
      <y403>666</y403>
      <x404>1489</x404>
      <y404>661</y404>
      <x405>1494</x405>
      <y405>656</y405>
      <x406>1493</x406>
      <y406>647</y406>
      <x407>1484</x407>
      <y407>639</y407>
      <x408>1484</x408>
      <y408>626</y408>
      <x409>1479</x409>
      <y409>614</y409>
      <x410>1481</x410>
      <y410>603</y410>
      <x411>1481</x411>
      <y411>578</y411>
      <x412>1474</x412>
      <y412>551</y412>
      <x413>1470</x413>
      <y413>543</y413>
      <x414>1467</x414>
      <y414>508</y414>
      <x415>1460</x415>
      <y415>504</y415>
      <x416>1458</x416>
      <y416>501</y416>
      <x417>1457</x417>
      <y417>472</y417>
      <x418>1453</x418>
      <y418>453</y418>
      <x419>1454</x419>
      <y419>442</y419>
      <x420>1450</x420>
      <y420>422</y420>
      <x421>1445</x421>
      <y421>416</y421>
      <x422>1441</x422>
      <y422>397</y422>
      <x423>1434</x423>
      <y423>389</y423>
      <x424>1434</x424>
      <y424>378</y424>
      <x425>1426</x425>
      <y425>361</y425>
      <x426>1427</x426>
      <y426>351</y426>
      <x427>1421</x427>
      <y427>338</y427>
      <x428>1421</x428>
      <y428>304</y428>
      <x429>1417</x429>
      <y429>298</y429>
      <x430>1424</x430>
      <y430>290</y430>
      <x431>1423</x431>
      <y431>281</y431>
      <x432>1427</x432>
      <y432>277</y432>
      <x433>1435</x433>
      <y433>275</y433>
      <x434>1435</x434>
      <y434>270</y434>
      <x435>1444</x435>
      <y435>261</y435>
      <x436>1439</x436>
      <y436>256</y436>
      <x437>1410</x437>
      <y437>255</y437>
      <x438>1401</x438>
      <y438>249</y438>
      <x439>1399</x439>
      <y439>240</y439>
      <x440>1392</x440>
      <y440>233</y440>
      <x441>1392</x441>
      <y441>231</y441>
      <x442>1382</x442>
      <y442>218</y442>
      <x443>1375</x443>
      <y443>212</y443>
      <x444>1373</x444>
      <y444>198</y444>
      <x445>1368</x445>
      <y445>184</y445>
      <x446>1366</x446>
      <y446>172</y446>
      <x447>1362</x447>
      <y447>170</y447>
      <x448>1356</x448>
      <y448>164</y448>
      <x449>1355</x449>
      <y449>159</y449>
      <x450>1348</x450>
      <y450>155</y450>
      <x451>1346</x451>
      <y451>152</y451>
      <x452>1341</x452>
      <y452>130</y452>
      <x453>1341</x453>
      <y453>113</y453>
      <x454>1332</x454>
      <y454>113</y454>
      <x455>1321</x455>
      <y455>108</y455>
      <x456>1311</x456>
      <y456>82</y456>
      <x457>1306</x457>
      <y457>82</y457>
      <x458>1303</x458>
      <y458>77</y458>
      <x459>1301</x459>
      <y459>65</y459>
      <x460>1309</x460>
      <y460>58</y460>
      <x461>1331</x461>
      <y461>54</y461>
      <x462>1342</x462>
      <y462>55</y462>
      <x463>1355</x463>
      <y463>52</y463>
      <x464>1367</x464>
      <y464>32</y464>
      <x465>1360</x465>
      <y465>28</y465>
      <x466>1353</x466>
      <y466>20</y466>
      <x467>1348</x467>
      <y467>17</y467>
      <x468>1334</x468>
      <y468>15</y468>
      <x469>1325</x469>
      <y469>9</y469>
      <x470>1315</x470>
      <y470>7</y470>
      <x471>1281</x471>
      <y471>7</y471>
      <x472>1264</x472>
      <y472>12</y472>
      <x473>1257</x473>
      <y473>16</y473>
      <x474>1206</x474>
      <y474>15</y474>
      <x475>1193</x475>
      <y475>17</y475>
      <x476>1178</x476>
      <y476>7</y476>
      <x477>1157</x477>
      <y477>3</y477>
      <x478>1151</x478>
      <y478>3</y478>
      <x479>1138</x479>
      <y479>8</y479>
      <x480>1125</x480>
      <y480>9</y480>
      <x481>1118</x481>
      <y481>6</y481>
      <x482>1082</x482>
      <y482>6</y482>
      <x483>1078</x483>
      <y483>9</y483>
      <x484>1079</x484>
      <y484>13</y484>
      <x485>1083</x485>
      <y485>14</y485>
      <x486>1086</x486>
      <y486>19</y486>
      <x487>1082</x487>
      <y487>23</y487>
      <x488>1080</x488>
      <y488>23</y488>
      <x489>1073</x489>
      <y489>19</y489>
      <x490>1037</x490>
      <y490>20</y490>
      <x491>1034</x491>
      <y491>17</y491>
      <x492>1037</x492>
      <y492>12</y492>
      <x493>1048</x493>
      <y493>12</y493>
      <x494>1056</x494>
      <y494>10</y494>
      <x495>1049</x495>
      <y495>7</y495>
      <x496>1015</x496>
      <y496>8</y496>
      <x497>993</x497>
      <y497>5</y497>
      <x498>855</x498>
      <y498>3</y498>
      <x499>854</x499>
      <y499>0</y499>
      <x500>824</x500>
      <y500>0</y500>
      <x501>823</x501>
      <y501>3</y501>
      <x502>812</x502>
      <y502>5</y502>
      <x503>808</x503>
      <y503>3</y503>
      <x504>807</x504>
      <y504>0</y504>
      <x505>806</x505>
      <y505>3</y505>
      <x506>781</x506>
      <y506>5</y506>
      <x507>751</x507>
      <y507>15</y507>
      <x508>737</x508>
      <y508>17</y508>
      <x509>732</x509>
      <y509>22</y509>
      <x510>724</x510>
      <y510>10</y510>
      <x511>708</x511>
      <y511>17</y511>
      <x512>697</x512>
      <y512>18</y512>
      <x513>694</x513>
      <y513>21</y513>
    </polygon>
  </object>
</annotation>
