<?xml version="1.0" ?>
<annotation>
  <folder>VOC</folder>
  <filename>80-1.png</filename>
  <source>
    <database>roboflow.ai</database>
  </source>
  <size>
    <width>1792</width>
    <height>1024</height>
    <depth>3</depth>
  </size>
  <segmented>0</segmented>
  <object>
    <name>person</name>
    <bndbox>
      <xmin>678</xmin>
      <ymin>236</ymin>
      <xmax>1207</xmax>
      <ymax>842</ymax>
    </bndbox>
    <polygon>
      <x1>752</x1>
      <y1>252</y1>
      <x2>746</x2>
      <y2>259</y2>
      <x3>744</x3>
      <y3>263</y3>
      <x4>743</x4>
      <y4>270</y4>
      <x5>747</x5>
      <y5>284</y5>
      <x6>750</x6>
      <y6>289</y6>
      <x7>757</x7>
      <y7>296</y7>
      <x8>757</x8>
      <y8>307</y8>
      <x9>755</x9>
      <y9>316</y9>
      <x10>756</x10>
      <y10>330</y10>
      <x11>759</x11>
      <y11>337</y11>
      <x12>765</x12>
      <y12>345</y12>
      <x13>774</x13>
      <y13>350</y13>
      <x14>780</x14>
      <y14>351</y14>
      <x15>785</x15>
      <y15>354</y15>
      <x16>785</x16>
      <y16>368</y16>
      <x17>779</x17>
      <y17>388</y17>
      <x18>776</x18>
      <y18>394</y18>
      <x19>763</x19>
      <y19>406</y19>
      <x20>760</x20>
      <y20>406</y20>
      <x21>750</x21>
      <y21>410</y21>
      <x22>742</x22>
      <y22>411</y22>
      <x23>739</x23>
      <y23>413</y23>
      <x24>732</x24>
      <y24>411</y24>
      <x25>724</x25>
      <y25>414</y25>
      <x26>714</x26>
      <y26>423</y26>
      <x27>708</x27>
      <y27>438</y27>
      <x28>707</x28>
      <y28>472</y28>
      <x29>709</x29>
      <y29>482</y29>
      <x30>709</x30>
      <y30>493</y30>
      <x31>714</x31>
      <y31>504</y31>
      <x32>714</x32>
      <y32>508</y32>
      <x33>717</x33>
      <y33>515</y33>
      <x34>721</x34>
      <y34>536</y34>
      <x35>721</x35>
      <y35>543</y35>
      <x36>723</x36>
      <y36>548</y36>
      <x37>723</x37>
      <y37>554</y37>
      <x38>727</x38>
      <y38>562</y38>
      <x39>727</x39>
      <y39>567</y39>
      <x40>730</x40>
      <y40>577</y40>
      <x41>731</x41>
      <y41>593</y41>
      <x42>733</x42>
      <y42>600</y42>
      <x43>733</x43>
      <y43>617</y43>
      <x44>731</x44>
      <y44>626</y44>
      <x45>725</x45>
      <y45>641</y45>
      <x46>716</x46>
      <y46>655</y46>
      <x47>716</x47>
      <y47>657</y47>
      <x48>709</x48>
      <y48>663</y48>
      <x49>690</x49>
      <y49>699</y49>
      <x50>681</x50>
      <y50>723</y50>
      <x51>679</x51>
      <y51>733</y51>
      <x52>679</x52>
      <y52>740</y52>
      <x53>678</x53>
      <y53>741</y53>
      <x54>679</x54>
      <y54>760</y54>
      <x55>681</x55>
      <y55>768</y55>
      <x56>685</x56>
      <y56>776</y56>
      <x57>696</x57>
      <y57>789</y57>
      <x58>713</x58>
      <y58>800</y58>
      <x59>743</x59>
      <y59>808</y59>
      <x60>767</x60>
      <y60>825</y60>
      <x61>792</x61>
      <y61>836</y61>
      <x62>800</x62>
      <y62>837</y62>
      <x63>808</x63>
      <y63>840</y63>
      <x64>822</x64>
      <y64>841</y64>
      <x65>823</x65>
      <y65>842</y65>
      <x66>857</x66>
      <y66>841</y66>
      <x67>883</x67>
      <y67>836</y67>
      <x68>903</x68>
      <y68>828</y68>
      <x69>911</x69>
      <y69>826</y69>
      <x70>922</x70>
      <y70>820</y70>
      <x71>939</x71>
      <y71>813</y71>
      <x72>965</x72>
      <y72>805</y72>
      <x73>973</x73>
      <y73>801</y73>
      <x74>976</x74>
      <y74>801</y74>
      <x75>983</x75>
      <y75>797</y75>
      <x76>992</x76>
      <y76>796</y76>
      <x77>1007</x77>
      <y77>791</y77>
      <x78>1010</x78>
      <y78>791</y78>
      <x79>1037</x79>
      <y79>781</y79>
      <x80>1047</x80>
      <y80>774</y80>
      <x81>1080</x81>
      <y81>756</y81>
      <x82>1089</x82>
      <y82>749</y82>
      <x83>1099</x83>
      <y83>737</y83>
      <x84>1102</x84>
      <y84>727</y84>
      <x85>1101</x85>
      <y85>718</y85>
      <x86>1106</x86>
      <y86>714</y86>
      <x87>1112</x87>
      <y87>714</y87>
      <x88>1113</x88>
      <y88>713</y88>
      <x89>1165</x89>
      <y89>713</y89>
      <x90>1166</x90>
      <y90>712</y90>
      <x91>1195</x91>
      <y91>713</y91>
      <x92>1206</x92>
      <y92>710</y92>
      <x93>1207</x93>
      <y93>709</y93>
      <x94>1204</x94>
      <y94>706</y94>
      <x95>1198</x95>
      <y95>704</y95>
      <x96>1187</x96>
      <y96>704</y96>
      <x97>1183</x97>
      <y97>701</y97>
      <x98>1182</x98>
      <y98>696</y98>
      <x99>1187</x99>
      <y99>691</y99>
      <x100>1190</x100>
      <y100>685</y100>
      <x101>1192</x101>
      <y101>684</y101>
      <x102>1195</x102>
      <y102>677</y102>
      <x103>1195</x103>
      <y103>674</y103>
      <x104>1192</x104>
      <y104>673</y104>
      <x105>1186</x105>
      <y105>678</y105>
      <x106>1179</x106>
      <y106>681</y106>
      <x107>1177</x107>
      <y107>678</y107>
      <x108>1175</x108>
      <y108>670</y108>
      <x109>1174</x109>
      <y109>659</y109>
      <x110>1171</x110>
      <y110>655</y110>
      <x111>1164</x111>
      <y111>657</y111>
      <x112>1148</x112>
      <y112>670</y112>
      <x113>1141</x113>
      <y113>674</y113>
      <x114>1128</x114>
      <y114>678</y114>
      <x115>1108</x115>
      <y115>688</y115>
      <x116>1093</x116>
      <y116>689</y116>
      <x117>1060</x117>
      <y117>682</y117>
      <x118>1052</x118>
      <y118>678</y118>
      <x119>1044</x119>
      <y119>677</y119>
      <x120>1041</x120>
      <y120>675</y120>
      <x121>1030</x121>
      <y121>672</y121>
      <x122>1010</x122>
      <y122>662</y122>
      <x123>1005</x123>
      <y123>661</y123>
      <x124>997</x124>
      <y124>656</y124>
      <x125>992</x125>
      <y125>655</y125>
      <x126>981</x126>
      <y126>649</y126>
      <x127>976</x127>
      <y127>648</y127>
      <x128>966</x128>
      <y128>641</y128>
      <x129>957</x129>
      <y129>626</y129>
      <x130>953</x130>
      <y130>614</y130>
      <x131>947</x131>
      <y131>577</y131>
      <x132>935</x132>
      <y132>545</y132>
      <x133>935</x133>
      <y133>537</y133>
      <x134>936</x134>
      <y134>536</y134>
      <x135>936</x135>
      <y135>529</y135>
      <x136>938</x136>
      <y136>520</y136>
      <x137>938</x137>
      <y137>499</y137>
      <x138>936</x138>
      <y138>492</y138>
      <x139>934</x139>
      <y139>472</y139>
      <x140>930</x140>
      <y140>458</y140>
      <x141>920</x141>
      <y141>447</y141>
      <x142>909</x142>
      <y142>441</y142>
      <x143>905</x143>
      <y143>440</y143>
      <x144>877</x144>
      <y144>440</y144>
      <x145>863</x145>
      <y145>436</y145>
      <x146>853</x146>
      <y146>431</y146>
      <x147>843</x147>
      <y147>422</y147>
      <x148>841</x148>
      <y148>418</y148>
      <x149>842</x149>
      <y149>413</y149>
      <x150>842</x150>
      <y150>388</y150>
      <x151>843</x151>
      <y151>387</y151>
      <x152>844</x152>
      <y152>373</y152>
      <x153>846</x153>
      <y153>369</y153>
      <x154>849</x154>
      <y154>367</y154>
      <x155>859</x155>
      <y155>367</y155>
      <x156>864</x156>
      <y156>365</y156>
      <x157>868</x157>
      <y157>361</y157>
      <x158>874</x158>
      <y158>337</y158>
      <x159>874</x159>
      <y159>327</y159>
      <x160>875</x160>
      <y160>326</y160>
      <x161>873</x161>
      <y161>317</y161>
      <x162>874</x162>
      <y162>316</y162>
      <x163>874</x163>
      <y163>306</y163>
      <x164>876</x164>
      <y164>299</y164>
      <x165>876</x165>
      <y165>295</y165>
      <x166>873</x166>
      <y166>288</y166>
      <x167>872</x167>
      <y167>269</y167>
      <x168>861</x168>
      <y168>255</y168>
      <x169>851</x169>
      <y169>245</y169>
      <x170>841</x170>
      <y170>240</y170>
      <x171>824</x171>
      <y171>236</y171>
      <x172>808</x172>
      <y172>237</y172>
      <x173>798</x173>
      <y173>242</y173>
      <x174>795</x174>
      <y174>245</y174>
      <x175>781</x175>
      <y175>240</y175>
      <x176>772</x176>
      <y176>241</y176>
      <x177>761</x177>
      <y177>245</y177>
      <x178>756</x178>
      <y178>250</y178>
    </polygon>
  </object>
  <object>
    <name>person</name>
    <bndbox>
      <xmin>852</xmin>
      <ymin>576</ymin>
      <xmax>1038</xmax>
      <ymax>751</ymax>
    </bndbox>
    <polygon>
      <x1>873</x1>
      <y1>585</y1>
      <x2>884</x2>
      <y2>576</y2>
      <x3>886</x3>
      <y3>576</y3>
      <x4>888</x4>
      <y4>578</y4>
      <x5>893</x5>
      <y5>590</y5>
      <x6>894</x6>
      <y6>598</y6>
      <x7>899</x7>
      <y7>607</y7>
      <x8>903</x8>
      <y8>619</y8>
      <x9>914</x9>
      <y9>639</y9>
      <x10>918</x10>
      <y10>650</y10>
      <x11>928</x11>
      <y11>665</y11>
      <x12>930</x12>
      <y12>670</y12>
      <x13>937</x13>
      <y13>679</y13>
      <x14>943</x14>
      <y14>682</y14>
      <x15>965</x15>
      <y15>687</y15>
      <x16>969</x16>
      <y16>689</y16>
      <x17>982</x17>
      <y17>691</y17>
      <x18>1009</x18>
      <y18>700</y18>
      <x19>1019</x19>
      <y19>701</y19>
      <x20>1024</x20>
      <y20>703</y20>
      <x21>1034</x21>
      <y21>703</y21>
      <x22>1038</x22>
      <y22>709</y22>
      <x23>1035</x23>
      <y23>712</y23>
      <x24>1026</x24>
      <y24>713</y24>
      <x25>1016</x25>
      <y25>717</y25>
      <x26>1009</x26>
      <y26>718</y26>
      <x27>988</x27>
      <y27>725</y27>
      <x28>956</x28>
      <y28>730</y28>
      <x29>950</x29>
      <y29>733</y29>
      <x30>940</x30>
      <y30>733</y30>
      <x31>934</x31>
      <y31>736</y31>
      <x32>925</x32>
      <y32>738</y32>
      <x33>921</x33>
      <y33>740</y33>
      <x34>915</x34>
      <y34>740</y34>
      <x35>905</x35>
      <y35>743</y35>
      <x36>900</x36>
      <y36>743</y36>
      <x37>891</x37>
      <y37>747</y37>
      <x38>878</x38>
      <y38>747</y38>
      <x39>872</x39>
      <y39>751</y39>
      <x40>870</x40>
      <y40>751</y40>
      <x41>866</x41>
      <y41>746</y41>
      <x42>864</x42>
      <y42>741</y42>
      <x43>863</x43>
      <y43>729</y43>
      <x44>861</x44>
      <y44>722</y44>
      <x45>861</x45>
      <y45>716</y45>
      <x46>859</x46>
      <y46>711</y46>
      <x47>859</x47>
      <y47>707</y47>
      <x48>856</x48>
      <y48>697</y48>
      <x49>856</x49>
      <y49>691</y49>
      <x50>853</x50>
      <y50>681</y50>
      <x51>852</x51>
      <y51>662</y51>
      <x52>855</x52>
      <y52>656</y52>
      <x53>855</x53>
      <y53>652</y53>
      <x54>856</x54>
      <y54>651</y54>
      <x55>856</x55>
      <y55>647</y55>
      <x56>867</x56>
      <y56>620</y56>
      <x57>866</x57>
      <y57>612</y57>
      <x58>868</x58>
      <y58>610</y58>
      <x59>871</x59>
      <y59>603</y59>
      <x60>872</x60>
      <y60>587</y60>
    </polygon>
  </object>
  <object>
    <name>person</name>
    <bndbox>
      <xmin>335</xmin>
      <ymin>389</ymin>
      <xmax>529</xmax>
      <ymax>683</ymax>
    </bndbox>
    <polygon>
      <x1>422</x1>
      <y1>389</y1>
      <x2>411</x2>
      <y2>389</y2>
      <x3>402</x3>
      <y3>393</y3>
      <x4>389</x4>
      <y4>406</y4>
      <x5>380</x5>
      <y5>407</y5>
      <x6>375</x6>
      <y6>409</y6>
      <x7>367</x7>
      <y7>419</y7>
      <x8>364</x8>
      <y8>436</y8>
      <x9>360</x9>
      <y9>450</y9>
      <x10>361</x10>
      <y10>473</y10>
      <x11>360</x11>
      <y11>474</y11>
      <x12>359</x12>
      <y12>487</y12>
      <x13>356</x13>
      <y13>497</y13>
      <x14>352</x14>
      <y14>503</y14>
      <x15>352</x15>
      <y15>515</y15>
      <x16>354</x16>
      <y16>519</y16>
      <x17>354</x17>
      <y17>523</y17>
      <x18>359</x18>
      <y18>531</y18>
      <x19>359</x19>
      <y19>535</y19>
      <x20>362</x20>
      <y20>545</y20>
      <x21>362</x21>
      <y21>561</y21>
      <x22>363</x22>
      <y22>563</y22>
      <x23>361</x23>
      <y23>567</y23>
      <x24>360</x24>
      <y24>577</y24>
      <x25>356</x25>
      <y25>585</y25>
      <x26>355</x26>
      <y26>590</y26>
      <x27>343</x27>
      <y27>610</y27>
      <x28>335</x28>
      <y28>640</y28>
      <x29>335</x29>
      <y29>656</y29>
      <x30>339</x30>
      <y30>666</y30>
      <x31>345</x31>
      <y31>673</y31>
      <x32>390</x32>
      <y32>683</y32>
      <x33>410</x33>
      <y33>682</y33>
      <x34>426</x34>
      <y34>678</y34>
      <x35>459</x35>
      <y35>665</y35>
      <x36>468</x36>
      <y36>660</y36>
      <x37>478</x37>
      <y37>657</y37>
      <x38>483</x38>
      <y38>652</y38>
      <x39>494</x39>
      <y39>646</y39>
      <x40>503</x40>
      <y40>638</y40>
      <x41>507</x41>
      <y41>632</y41>
      <x42>508</x42>
      <y42>625</y42>
      <x43>510</x43>
      <y43>622</y43>
      <x44>523</x44>
      <y44>620</y44>
      <x45>527</x45>
      <y45>616</y45>
      <x46>529</x46>
      <y46>612</y46>
      <x47>526</x47>
      <y47>606</y47>
      <x48>521</x48>
      <y48>603</y48>
      <x49>506</x49>
      <y49>605</y49>
      <x50>490</x50>
      <y50>599</y50>
      <x51>472</x51>
      <y51>584</y51>
      <x52>468</x52>
      <y52>582</y52>
      <x53>462</x53>
      <y53>573</y53>
      <x54>453</x54>
      <y54>543</y54>
      <x55>454</x55>
      <y55>519</y55>
      <x56>450</x56>
      <y56>499</y56>
      <x57>445</x57>
      <y57>492</y57>
      <x58>434</x58>
      <y58>486</y58>
      <x59>418</x59>
      <y59>474</y59>
      <x60>418</x60>
      <y60>471</y60>
      <x61>422</x61>
      <y61>465</y61>
      <x62>426</x62>
      <y62>455</y62>
      <x63>429</x63>
      <y63>452</y63>
      <x64>435</x64>
      <y64>451</y64>
      <x65>438</x65>
      <y65>449</y65>
      <x66>440</x66>
      <y66>445</y66>
      <x67>440</x67>
      <y67>434</y67>
      <x68>441</x68>
      <y68>433</y68>
      <x69>441</x69>
      <y69>426</y69>
      <x70>438</x70>
      <y70>418</y70>
      <x71>437</x71>
      <y71>409</y71>
      <x72>431</x72>
      <y72>394</y72>
      <x73>428</x73>
      <y73>391</y73>
    </polygon>
  </object>
</annotation>
