<?xml version="1.0" ?>
<annotation>
  <folder>VOC</folder>
  <filename>80-2.png</filename>
  <source>
    <database>roboflow.ai</database>
  </source>
  <size>
    <width>1792</width>
    <height>1024</height>
    <depth>3</depth>
  </size>
  <segmented>0</segmented>
  <object>
    <name>person</name>
    <bndbox>
      <xmin>617</xmin>
      <ymin>719</ymin>
      <xmax>706</xmax>
      <ymax>883</ymax>
    </bndbox>
    <polygon>
      <x1>641</x1>
      <y1>720</y1>
      <x2>638</x2>
      <y2>724</y2>
      <x3>638</x3>
      <y3>735</y3>
      <x4>640</x4>
      <y4>739</y4>
      <x5>639</x5>
      <y5>745</y5>
      <x6>637</x6>
      <y6>747</y6>
      <x7>629</x7>
      <y7>748</y7>
      <x8>627</x8>
      <y8>750</y8>
      <x9>623</x9>
      <y9>764</y9>
      <x10>618</x10>
      <y10>772</y10>
      <x11>617</x11>
      <y11>779</y11>
      <x12>619</x12>
      <y12>783</y12>
      <x13>624</x13>
      <y13>782</y13>
      <x14>632</x14>
      <y14>771</y14>
      <x15>635</x15>
      <y15>771</y15>
      <x16>639</x16>
      <y16>776</y16>
      <x17>641</x17>
      <y17>783</y17>
      <x18>640</x18>
      <y18>795</y18>
      <x19>641</x19>
      <y19>816</y19>
      <x20>644</x20>
      <y20>830</y20>
      <x21>647</x21>
      <y21>836</y21>
      <x22>647</x22>
      <y22>849</y22>
      <x23>656</x23>
      <y23>869</y23>
      <x24>656</x24>
      <y24>878</y24>
      <x25>662</x25>
      <y25>883</y25>
      <x26>667</x26>
      <y26>880</y26>
      <x27>669</x27>
      <y27>876</y27>
      <x28>669</x28>
      <y28>870</y28>
      <x29>664</x29>
      <y29>868</y29>
      <x30>660</x30>
      <y30>864</y30>
      <x31>658</x31>
      <y31>854</y31>
      <x32>657</x32>
      <y32>837</y32>
      <x33>662</x33>
      <y33>828</y33>
      <x34>673</x34>
      <y34>839</y34>
      <x35>676</x35>
      <y35>854</y35>
      <x36>679</x36>
      <y36>862</y36>
      <x37>682</x37>
      <y37>865</y37>
      <x38>685</x38>
      <y38>878</y38>
      <x39>689</x39>
      <y39>881</y39>
      <x40>701</x40>
      <y40>881</y40>
      <x41>704</x41>
      <y41>879</y41>
      <x42>706</x42>
      <y42>872</y42>
      <x43>704</x43>
      <y43>870</y43>
      <x44>696</x44>
      <y44>871</y44>
      <x45>691</x45>
      <y45>866</y45>
      <x46>687</x46>
      <y46>854</y46>
      <x47>686</x47>
      <y47>842</y47>
      <x48>684</x48>
      <y48>839</y48>
      <x49>684</x49>
      <y49>832</y49>
      <x50>686</x50>
      <y50>828</y50>
      <x51>685</x51>
      <y51>823</y51>
      <x52>675</x52>
      <y52>797</y52>
      <x53>673</x53>
      <y53>795</y53>
      <x54>673</x54>
      <y54>792</y54>
      <x55>676</x55>
      <y55>791</y55>
      <x56>678</x56>
      <y56>795</y56>
      <x57>688</x57>
      <y57>799</y57>
      <x58>693</x58>
      <y58>795</y58>
      <x59>693</x59>
      <y59>793</y59>
      <x60>685</x60>
      <y60>786</y60>
      <x61>678</x61>
      <y61>775</y61>
      <x62>672</x62>
      <y62>757</y62>
      <x63>658</x63>
      <y63>749</y63>
      <x64>654</x64>
      <y64>745</y64>
      <x65>653</x65>
      <y65>724</y65>
      <x66>648</x66>
      <y66>719</y66>
    </polygon>
  </object>
  <object>
    <name>person</name>
    <bndbox>
      <xmin>566</xmin>
      <ymin>593</ymin>
      <xmax>627</xmax>
      <ymax>754</ymax>
    </bndbox>
    <polygon>
      <x1>583</x1>
      <y1>593</y1>
      <x2>579</x2>
      <y2>596</y2>
      <x3>579</x3>
      <y3>607</y3>
      <x4>581</x4>
      <y4>613</y4>
      <x5>570</x5>
      <y5>623</y5>
      <x6>567</x6>
      <y6>633</y6>
      <x7>566</x7>
      <y7>649</y7>
      <x8>569</x8>
      <y8>656</y8>
      <x9>574</x9>
      <y9>655</y9>
      <x10>578</x10>
      <y10>647</y10>
      <x11>580</x11>
      <y11>651</y11>
      <x12>580</x12>
      <y12>664</y12>
      <x13>578</x13>
      <y13>672</y13>
      <x14>579</x14>
      <y14>698</y14>
      <x15>577</x15>
      <y15>714</y15>
      <x16>581</x16>
      <y16>729</y16>
      <x17>582</x17>
      <y17>744</y17>
      <x18>585</x18>
      <y18>746</y18>
      <x19>591</x19>
      <y19>740</y19>
      <x20>586</x20>
      <y20>726</y20>
      <x21>586</x21>
      <y21>711</y21>
      <x22>589</x22>
      <y22>700</y22>
      <x23>589</x23>
      <y23>689</y23>
      <x24>593</x24>
      <y24>686</y24>
      <x25>598</x25>
      <y25>692</y25>
      <x26>597</x26>
      <y26>721</y26>
      <x27>600</x27>
      <y27>732</y27>
      <x28>602</x28>
      <y28>752</y28>
      <x29>606</x29>
      <y29>754</y29>
      <x30>615</x30>
      <y30>748</y30>
      <x31>622</x31>
      <y31>746</y31>
      <x32>623</x32>
      <y32>742</y32>
      <x33>627</x33>
      <y33>739</y33>
      <x34>611</x34>
      <y34>745</y34>
      <x35>608</x35>
      <y35>742</y35>
      <x36>606</x36>
      <y36>734</y36>
      <x37>607</x37>
      <y37>697</y37>
      <x38>611</x38>
      <y38>691</y38>
      <x39>609</x39>
      <y39>663</y39>
      <x40>611</x40>
      <y40>661</y40>
      <x41>619</x41>
      <y41>663</y41>
      <x42>625</x42>
      <y42>659</y42>
      <x43>627</x43>
      <y43>654</y43>
      <x44>619</x44>
      <y44>654</y44>
      <x45>616</x45>
      <y45>652</y45>
      <x46>612</x46>
      <y46>644</y46>
      <x47>609</x47>
      <y47>631</y47>
      <x48>592</x48>
      <y48>617</y48>
      <x49>592</x49>
      <y49>595</y49>
    </polygon>
  </object>
  <object>
    <name>person</name>
    <bndbox>
      <xmin>657</xmin>
      <ymin>554</ymin>
      <xmax>705</xmax>
      <ymax>687</ymax>
    </bndbox>
    <polygon>
      <x1>677</x1>
      <y1>554</y1>
      <x2>671</x2>
      <y2>555</y2>
      <x3>669</x3>
      <y3>557</y3>
      <x4>668</x4>
      <y4>577</y4>
      <x5>662</x5>
      <y5>582</y5>
      <x6>657</x6>
      <y6>605</y6>
      <x7>664</x7>
      <y7>610</y7>
      <x8>662</x8>
      <y8>687</y8>
      <x9>667</x9>
      <y9>687</y9>
      <x10>669</x10>
      <y10>682</y10>
      <x11>668</x11>
      <y11>670</y11>
      <x12>673</x12>
      <y12>635</y12>
      <x13>676</x13>
      <y13>629</y13>
      <x14>681</x14>
      <y14>635</y14>
      <x15>684</x15>
      <y15>665</y15>
      <x16>683</x16>
      <y16>681</y16>
      <x17>688</x17>
      <y17>684</y17>
      <x18>690</x18>
      <y18>683</y18>
      <x19>690</x19>
      <y19>619</y19>
      <x20>688</x20>
      <y20>611</y20>
      <x21>684</x21>
      <y21>605</y21>
      <x22>684</x22>
      <y22>601</y22>
      <x23>687</x23>
      <y23>596</y23>
      <x24>698</x24>
      <y24>599</y24>
      <x25>705</x25>
      <y25>593</y25>
      <x26>705</x26>
      <y26>591</y26>
      <x27>702</x27>
      <y27>589</y27>
      <x28>695</x28>
      <y28>590</y28>
      <x29>683</x29>
      <y29>575</y29>
      <x30>683</x30>
      <y30>562</y30>
      <x31>681</x31>
      <y31>557</y31>
    </polygon>
  </object>
  <object>
    <name>person</name>
    <bndbox>
      <xmin>853</xmin>
      <ymin>636</ymin>
      <xmax>914</xmax>
      <ymax>784</ymax>
    </bndbox>
    <polygon>
      <x1>890</x1>
      <y1>636</y1>
      <x2>887</x2>
      <y2>637</y2>
      <x3>884</x3>
      <y3>642</y3>
      <x4>884</x4>
      <y4>648</y4>
      <x5>888</x5>
      <y5>661</y5>
      <x6>879</x6>
      <y6>667</y6>
      <x7>875</x7>
      <y7>674</y7>
      <x8>871</x8>
      <y8>677</y8>
      <x9>863</x9>
      <y9>677</y9>
      <x10>856</x10>
      <y10>668</y10>
      <x11>853</x11>
      <y11>669</y11>
      <x12>853</x12>
      <y12>674</y12>
      <x13>864</x13>
      <y13>684</y13>
      <x14>873</x14>
      <y14>683</y14>
      <x15>877</x15>
      <y15>679</y15>
      <x16>884</x16>
      <y16>679</y16>
      <x17>886</x17>
      <y17>681</y17>
      <x18>886</x18>
      <y18>692</y18>
      <x19>879</x19>
      <y19>710</y19>
      <x20>879</x20>
      <y20>728</y20>
      <x21>883</x21>
      <y21>742</y21>
      <x22>883</x22>
      <y22>747</y22>
      <x23>880</x23>
      <y23>755</y23>
      <x24>883</x24>
      <y24>758</y24>
      <x25>887</x25>
      <y25>758</y25>
      <x26>890</x26>
      <y26>753</y26>
      <x27>889</x27>
      <y27>726</y27>
      <x28>891</x28>
      <y28>719</y28>
      <x29>893</x29>
      <y29>717</y29>
      <x30>896</x30>
      <y30>718</y30>
      <x31>899</x31>
      <y31>722</y31>
      <x32>905</x32>
      <y32>747</y32>
      <x33>906</x33>
      <y33>767</y33>
      <x34>904</x34>
      <y34>775</y34>
      <x35>907</x35>
      <y35>782</y35>
      <x36>912</x36>
      <y36>784</y36>
      <x37>914</x37>
      <y37>782</y37>
      <x38>912</x38>
      <y38>775</y38>
      <x39>913</x39>
      <y39>746</y39>
      <x40>908</x40>
      <y40>730</y40>
      <x41>911</x41>
      <y41>700</y41>
      <x42>907</x42>
      <y42>690</y42>
      <x43>908</x43>
      <y43>681</y43>
      <x44>912</x44>
      <y44>672</y44>
      <x45>912</x45>
      <y45>659</y45>
      <x46>903</x46>
      <y46>641</y46>
      <x47>898</x47>
      <y47>637</y47>
    </polygon>
  </object>
  <object>
    <name>person</name>
    <bndbox>
      <xmin>764</xmin>
      <ymin>606</ymin>
      <xmax>820</xmax>
      <ymax>752</ymax>
    </bndbox>
    <polygon>
      <x1>793</x1>
      <y1>606</y1>
      <x2>787</x2>
      <y2>611</y2>
      <x3>787</x3>
      <y3>620</y3>
      <x4>790</x4>
      <y4>625</y4>
      <x5>790</x5>
      <y5>628</y5>
      <x6>781</x6>
      <y6>638</y6>
      <x7>777</x7>
      <y7>650</y7>
      <x8>774</x8>
      <y8>653</y8>
      <x9>765</x9>
      <y9>653</y9>
      <x10>764</x10>
      <y10>655</y10>
      <x11>766</x11>
      <y11>658</y11>
      <x12>774</x12>
      <y12>660</y12>
      <x13>778</x13>
      <y13>656</y13>
      <x14>783</x14>
      <y14>655</y14>
      <x15>786</x15>
      <y15>652</y15>
      <x16>788</x16>
      <y16>653</y16>
      <x17>783</x17>
      <y17>664</y17>
      <x18>781</x18>
      <y18>674</y18>
      <x19>784</x19>
      <y19>698</y19>
      <x20>781</x20>
      <y20>723</y20>
      <x21>785</x21>
      <y21>726</y21>
      <x22>788</x22>
      <y22>726</y22>
      <x23>789</x23>
      <y23>724</y23>
      <x24>792</x24>
      <y24>683</y24>
      <x25>795</x25>
      <y25>679</y25>
      <x26>799</x26>
      <y26>683</y26>
      <x27>803</x27>
      <y27>704</y27>
      <x28>802</x28>
      <y28>723</y28>
      <x29>809</x29>
      <y29>752</y29>
      <x30>808</x30>
      <y30>688</y30>
      <x31>810</x31>
      <y31>669</y31>
      <x32>804</x32>
      <y32>657</y32>
      <x33>804</x33>
      <y33>653</y33>
      <x34>807</x34>
      <y34>650</y34>
      <x35>810</x35>
      <y35>650</y35>
      <x36>814</x36>
      <y36>655</y36>
      <x37>818</x37>
      <y37>655</y37>
      <x38>820</x38>
      <y38>653</y38>
      <x39>812</x39>
      <y39>643</y39>
      <x40>807</x40>
      <y40>632</y40>
      <x41>803</x41>
      <y41>612</y41>
      <x42>799</x42>
      <y42>608</y42>
    </polygon>
  </object>
  <object>
    <name>person</name>
    <bndbox>
      <xmin>702</xmin>
      <ymin>715</ymin>
      <xmax>804</xmax>
      <ymax>879</ymax>
    </bndbox>
    <polygon>
      <x1>752</x1>
      <y1>715</y1>
      <x2>746</x2>
      <y2>715</y2>
      <x3>740</x3>
      <y3>721</y3>
      <x4>741</x4>
      <y4>731</y4>
      <x5>745</x5>
      <y5>739</y5>
      <x6>743</x6>
      <y6>747</y6>
      <x7>736</x7>
      <y7>752</y7>
      <x8>725</x8>
      <y8>754</y8>
      <x9>722</x9>
      <y9>758</y9>
      <x10>721</x10>
      <y10>765</y10>
      <x11>718</x11>
      <y11>768</y11>
      <x12>715</x12>
      <y12>768</y12>
      <x13>712</x13>
      <y13>764</y13>
      <x14>709</x14>
      <y14>753</y14>
      <x15>704</x15>
      <y15>752</y15>
      <x16>702</x16>
      <y16>755</y16>
      <x17>702</x17>
      <y17>760</y17>
      <x18>717</x18>
      <y18>780</y18>
      <x19>725</x19>
      <y19>780</y19>
      <x20>731</x20>
      <y20>771</y20>
      <x21>735</x21>
      <y21>773</y21>
      <x22>737</x22>
      <y22>778</y22>
      <x23>732</x23>
      <y23>803</y23>
      <x24>732</x24>
      <y24>820</y24>
      <x25>728</x25>
      <y25>834</y25>
      <x26>728</x26>
      <y26>866</y26>
      <x27>722</x27>
      <y27>872</y27>
      <x28>730</x28>
      <y28>879</y28>
      <x29>737</x29>
      <y29>879</y29>
      <x30>735</x30>
      <y30>867</y30>
      <x31>736</x31>
      <y31>839</y31>
      <x32>738</x32>
      <y32>831</y32>
      <x33>745</x33>
      <y33>826</y33>
      <x34>747</x34>
      <y34>815</y34>
      <x35>751</x35>
      <y35>809</y35>
      <x36>755</x36>
      <y36>813</y36>
      <x37>760</x37>
      <y37>833</y37>
      <x38>761</x38>
      <y38>870</y38>
      <x39>764</x39>
      <y39>876</y39>
      <x40>767</x40>
      <y40>877</y40>
      <x41>770</x41>
      <y41>875</y41>
      <x42>771</x42>
      <y42>870</y42>
      <x43>768</x43>
      <y43>859</y43>
      <x44>771</x44>
      <y44>795</y44>
      <x45>767</x45>
      <y45>786</y45>
      <x46>767</x46>
      <y46>778</y46>
      <x47>772</x47>
      <y47>772</y47>
      <x48>779</x48>
      <y48>780</y48>
      <x49>788</x49>
      <y49>780</y49>
      <x50>792</x50>
      <y50>776</y50>
      <x51>797</x51>
      <y51>765</y51>
      <x52>804</x52>
      <y52>759</y52>
      <x53>801</x53>
      <y53>754</y53>
      <x54>796</x54>
      <y54>754</y54>
      <x55>791</x55>
      <y55>760</y55>
      <x56>791</x56>
      <y56>767</y56>
      <x57>789</x57>
      <y57>769</y57>
      <x58>783</x58>
      <y58>768</y58>
      <x59>780</x59>
      <y59>764</y59>
      <x60>778</x60>
      <y60>756</y60>
      <x61>763</x61>
      <y61>748</y61>
      <x62>756</x62>
      <y62>740</y62>
      <x63>758</x63>
      <y63>722</y63>
    </polygon>
  </object>
  <object>
    <name>person</name>
    <bndbox>
      <xmin>1226</xmin>
      <ymin>746</ymin>
      <xmax>1322</xmax>
      <ymax>889</ymax>
    </bndbox>
    <polygon>
      <x1>1280</x1>
      <y1>746</y1>
      <x2>1274</x2>
      <y2>746</y2>
      <x3>1271</x3>
      <y3>748</y3>
      <x4>1269</x4>
      <y4>752</y4>
      <x5>1268</x5>
      <y5>770</y5>
      <x6>1260</x6>
      <y6>775</y6>
      <x7>1250</x7>
      <y7>786</y7>
      <x8>1245</x8>
      <y8>786</y8>
      <x9>1234</x9>
      <y9>775</y9>
      <x10>1229</x10>
      <y10>775</y10>
      <x11>1226</x11>
      <y11>779</y11>
      <x12>1226</x12>
      <y12>781</y12>
      <x13>1243</x13>
      <y13>798</y13>
      <x14>1252</x14>
      <y14>800</y14>
      <x15>1256</x15>
      <y15>804</y15>
      <x16>1256</x16>
      <y16>809</y16>
      <x17>1251</x17>
      <y17>820</y17>
      <x18>1247</x18>
      <y18>835</y18>
      <x19>1248</x19>
      <y19>850</y19>
      <x20>1253</x20>
      <y20>856</y20>
      <x21>1252</x21>
      <y21>867</y21>
      <x22>1250</x22>
      <y22>872</y22>
      <x23>1245</x23>
      <y23>877</y23>
      <x24>1241</x24>
      <y24>879</y24>
      <x25>1232</x25>
      <y25>879</y25>
      <x26>1233</x26>
      <y26>883</y26>
      <x27>1236</x27>
      <y27>886</y27>
      <x28>1244</x28>
      <y28>889</y28>
      <x29>1251</x29>
      <y29>889</y29>
      <x30>1254</x30>
      <y30>886</y30>
      <x31>1257</x31>
      <y31>878</y31>
      <x32>1267</x32>
      <y32>865</y32>
      <x33>1276</x33>
      <y33>849</y33>
      <x34>1284</x34>
      <y34>826</y34>
      <x35>1284</x35>
      <y35>809</y35>
      <x36>1289</x36>
      <y36>792</y36>
      <x37>1292</x37>
      <y37>790</y37>
      <x38>1301</x38>
      <y38>795</y38>
      <x39>1313</x39>
      <y39>795</y39>
      <x40>1321</x40>
      <y40>785</y40>
      <x41>1322</x41>
      <y41>772</y41>
      <x42>1320</x42>
      <y42>770</y42>
      <x43>1317</x43>
      <y43>772</y43>
      <x44>1315</x44>
      <y44>780</y44>
      <x45>1313</x45>
      <y45>782</y45>
      <x46>1305</x46>
      <y46>781</y46>
      <x47>1297</x47>
      <y47>773</y47>
      <x48>1286</x48>
      <y48>768</y48>
      <x49>1284</x49>
      <y49>766</y49>
      <x50>1284</x50>
      <y50>751</y50>
    </polygon>
  </object>
  <object>
    <name>person</name>
    <bndbox>
      <xmin>352</xmin>
      <ymin>724</ymin>
      <xmax>426</xmax>
      <ymax>843</ymax>
    </bndbox>
    <polygon>
      <x1>370</x1>
      <y1>724</y1>
      <x2>367</x2>
      <y2>725</y2>
      <x3>359</x3>
      <y3>735</y3>
      <x4>362</x4>
      <y4>752</y4>
      <x5>361</x5>
      <y5>757</y5>
      <x6>352</x6>
      <y6>760</y6>
      <x7>358</x7>
      <y7>766</y7>
      <x8>365</x8>
      <y8>768</y8>
      <x9>369</x9>
      <y9>772</y9>
      <x10>371</x10>
      <y10>779</y10>
      <x11>368</x11>
      <y11>793</y11>
      <x12>370</x12>
      <y12>800</y12>
      <x13>385</x13>
      <y13>808</y13>
      <x14>392</x14>
      <y14>815</y14>
      <x15>392</x15>
      <y15>822</y15>
      <x16>382</x16>
      <y16>835</y16>
      <x17>382</x17>
      <y17>842</y17>
      <x18>389</x18>
      <y18>843</y18>
      <x19>400</x19>
      <y19>836</y19>
      <x20>407</x20>
      <y20>835</y20>
      <x21>411</x21>
      <y21>830</y21>
      <x22>415</x22>
      <y22>829</y22>
      <x23>416</x23>
      <y23>823</y23>
      <x24>424</x24>
      <y24>811</y24>
      <x25>424</x25>
      <y25>807</y25>
      <x26>422</x26>
      <y26>806</y26>
      <x27>410</x27>
      <y27>810</y27>
      <x28>405</x28>
      <y28>807</y28>
      <x29>394</x29>
      <y29>791</y29>
      <x30>394</x30>
      <y30>781</y30>
      <x31>396</x31>
      <y31>778</y31>
      <x32>417</x32>
      <y32>778</y32>
      <x33>424</x33>
      <y33>775</y33>
      <x34>426</x34>
      <y34>769</y34>
      <x35>422</x35>
      <y35>767</y35>
      <x36>411</x36>
      <y36>772</y36>
      <x37>401</x37>
      <y37>770</y37>
      <x38>395</x38>
      <y38>762</y38>
      <x39>384</x39>
      <y39>754</y39>
      <x40>384</x40>
      <y40>742</y40>
      <x41>381</x41>
      <y41>730</y41>
      <x42>376</x42>
      <y42>725</y42>
    </polygon>
  </object>
  <object>
    <name>person</name>
    <bndbox>
      <xmin>463</xmin>
      <ymin>680</ymin>
      <xmax>529</xmax>
      <ymax>841</ymax>
    </bndbox>
    <polygon>
      <x1>488</x1>
      <y1>680</y1>
      <x2>483</x2>
      <y2>687</y2>
      <x3>483</x3>
      <y3>698</y3>
      <x4>480</x4>
      <y4>701</y4>
      <x5>472</x5>
      <y5>700</y5>
      <x6>467</x6>
      <y6>707</y6>
      <x7>463</x7>
      <y7>724</y7>
      <x8>463</x8>
      <y8>736</y8>
      <x9>466</x9>
      <y9>741</y9>
      <x10>472</x10>
      <y10>742</y10>
      <x11>479</x11>
      <y11>739</y11>
      <x12>482</x12>
      <y12>744</y12>
      <x13>481</x13>
      <y13>779</y13>
      <x14>485</x14>
      <y14>788</y14>
      <x15>484</x15>
      <y15>802</y15>
      <x16>490</x16>
      <y16>817</y16>
      <x17>491</x17>
      <y17>829</y17>
      <x18>493</x18>
      <y18>831</y18>
      <x19>500</x19>
      <y19>830</y19>
      <x20>495</x20>
      <y20>812</y20>
      <x21>495</x21>
      <y21>797</y21>
      <x22>499</x22>
      <y22>794</y22>
      <x23>504</x23>
      <y23>800</y23>
      <x24>505</x24>
      <y24>819</y24>
      <x25>511</x25>
      <y25>827</y25>
      <x26>512</x26>
      <y26>835</y26>
      <x27>516</x27>
      <y27>840</y27>
      <x28>521</x28>
      <y28>841</y28>
      <x29>527</x29>
      <y29>838</y29>
      <x30>529</x30>
      <y30>833</y30>
      <x31>527</x31>
      <y31>830</y31>
      <x32>520</x32>
      <y32>828</y32>
      <x33>517</x33>
      <y33>824</y33>
      <x34>513</x34>
      <y34>801</y34>
      <x35>519</x35>
      <y35>796</y35>
      <x36>515</x36>
      <y36>765</y36>
      <x37>508</x37>
      <y37>741</y37>
      <x38>513</x38>
      <y38>728</y38>
      <x39>513</x39>
      <y39>723</y39>
      <x40>510</x40>
      <y40>720</y40>
      <x41>505</x41>
      <y41>719</y41>
      <x42>496</x42>
      <y42>709</y42>
      <x43>496</x43>
      <y43>702</y43>
      <x44>500</x44>
      <y44>691</y44>
      <x45>499</x45>
      <y45>682</y45>
      <x46>497</x46>
      <y46>680</y46>
    </polygon>
  </object>
  <object>
    <name>person</name>
    <bndbox>
      <xmin>920</xmin>
      <ymin>802</ymin>
      <xmax>1000</xmax>
      <ymax>935</ymax>
    </bndbox>
    <polygon>
      <x1>969</x1>
      <y1>802</y1>
      <x2>964</x2>
      <y2>808</y2>
      <x3>965</x3>
      <y3>817</y3>
      <x4>968</x4>
      <y4>823</y4>
      <x5>967</x5>
      <y5>829</y5>
      <x6>960</x6>
      <y6>832</y6>
      <x7>956</x7>
      <y7>836</y7>
      <x8>948</x8>
      <y8>853</y8>
      <x9>938</x9>
      <y9>854</y9>
      <x10>937</x10>
      <y10>851</y10>
      <x11>928</x11>
      <y11>842</y11>
      <x12>921</x12>
      <y12>841</y12>
      <x13>920</x13>
      <y13>845</y13>
      <x14>922</x14>
      <y14>849</y14>
      <x15>927</x15>
      <y15>853</y15>
      <x16>932</x16>
      <y16>854</y16>
      <x17>941</x17>
      <y17>860</y17>
      <x18>947</x18>
      <y18>860</y18>
      <x19>953</x19>
      <y19>863</y19>
      <x20>949</x20>
      <y20>873</y20>
      <x21>950</x21>
      <y21>897</y21>
      <x22>953</x22>
      <y22>906</y22>
      <x23>952</x23>
      <y23>916</y23>
      <x24>949</x24>
      <y24>920</y24>
      <x25>951</x25>
      <y25>926</y25>
      <x26>961</x26>
      <y26>932</y26>
      <x27>962</x27>
      <y27>930</y27>
      <x28>962</x28>
      <y28>903</y28>
      <x29>966</x29>
      <y29>895</y29>
      <x30>967</x30>
      <y30>885</y30>
      <x31>970</x31>
      <y31>883</y31>
      <x32>975</x32>
      <y32>888</y32>
      <x33>981</x33>
      <y33>915</y33>
      <x34>980</x34>
      <y34>931</y34>
      <x35>982</x35>
      <y35>934</y35>
      <x36>988</x36>
      <y36>935</y36>
      <x37>989</x37>
      <y37>922</y37>
      <x38>992</x38>
      <y38>914</y38>
      <x39>991</x39>
      <y39>906</y39>
      <x40>988</x40>
      <y40>900</y40>
      <x41>991</x41>
      <y41>887</y41>
      <x42>991</x42>
      <y42>869</y42>
      <x43>985</x43>
      <y43>849</y43>
      <x44>988</x44>
      <y44>845</y44>
      <x45>996</x45>
      <y45>847</y45>
      <x46>999</x46>
      <y46>846</y46>
      <x47>1000</x47>
      <y47>837</y47>
      <x48>990</x48>
      <y48>831</y48>
      <x49>985</x49>
      <y49>830</y49>
      <x50>982</x50>
      <y50>827</y50>
      <x51>981</x51>
      <y51>820</y51>
      <x52>983</x52>
      <y52>817</y52>
      <x53>983</x53>
      <y53>809</y53>
      <x54>981</x54>
      <y54>805</y54>
      <x55>977</x55>
      <y55>802</y55>
    </polygon>
  </object>
  <object>
    <name>person</name>
    <bndbox>
      <xmin>276</xmin>
      <ymin>727</ymin>
      <xmax>334</xmax>
      <ymax>813</ymax>
    </bndbox>
    <polygon>
      <x1>282</x1>
      <y1>727</y1>
      <x2>278</x2>
      <y2>730</y2>
      <x3>279</x3>
      <y3>746</y3>
      <x4>276</x4>
      <y4>753</y4>
      <x5>276</x5>
      <y5>762</y5>
      <x6>279</x6>
      <y6>775</y6>
      <x7>287</x7>
      <y7>788</y7>
      <x8>291</x8>
      <y8>807</y8>
      <x9>296</x9>
      <y9>811</y9>
      <x10>302</x10>
      <y10>813</y10>
      <x11>314</x11>
      <y11>813</y11>
      <x12>319</x12>
      <y12>810</y12>
      <x13>326</x13>
      <y13>802</y13>
      <x14>332</x14>
      <y14>801</y14>
      <x15>329</x15>
      <y15>795</y15>
      <x16>334</x16>
      <y16>788</y16>
      <x17>334</x17>
      <y17>781</y17>
      <x18>325</x18>
      <y18>778</y18>
      <x19>322</x19>
      <y19>772</y19>
      <x20>319</x20>
      <y20>770</y20>
      <x21>310</x21>
      <y21>775</y21>
      <x22>305</x22>
      <y22>775</y22>
      <x23>302</x23>
      <y23>772</y23>
      <x24>293</x24>
      <y24>751</y24>
      <x25>295</x25>
      <y25>741</y25>
      <x26>294</x26>
      <y26>730</y26>
      <x27>290</x27>
      <y27>727</y27>
    </polygon>
  </object>
</annotation>
