<?xml version="1.0" ?>
<annotation>
  <folder>VOC</folder>
  <filename>81-1.png</filename>
  <source>
    <database>roboflow.ai</database>
  </source>
  <size>
    <width>1792</width>
    <height>1024</height>
    <depth>3</depth>
  </size>
  <segmented>0</segmented>
  <object>
    <name>person</name>
    <bndbox>
      <xmin>782</xmin>
      <ymin>489</ymin>
      <xmax>946</xmax>
      <ymax>1021</ymax>
    </bndbox>
    <polygon>
      <x1>879</x1>
      <y1>489</y1>
      <x2>870</x2>
      <y2>493</y2>
      <x3>866</x3>
      <y3>497</y3>
      <x4>864</x4>
      <y4>501</y4>
      <x5>863</x5>
      <y5>515</y5>
      <x6>861</x6>
      <y6>521</y6>
      <x7>862</x7>
      <y7>534</y7>
      <x8>863</x8>
      <y8>536</y8>
      <x9>868</x9>
      <y9>538</y9>
      <x10>871</x10>
      <y10>542</y10>
      <x11>872</x11>
      <y11>557</y11>
      <x12>875</x12>
      <y12>562</y12>
      <x13>874</x13>
      <y13>576</y13>
      <x14>870</x14>
      <y14>585</y14>
      <x15>870</x15>
      <y15>590</y15>
      <x16>865</x16>
      <y16>592</y16>
      <x17>858</x17>
      <y17>599</y17>
      <x18>851</x18>
      <y18>599</y18>
      <x19>840</x19>
      <y19>602</y19>
      <x20>834</x20>
      <y20>608</y20>
      <x21>827</x21>
      <y21>610</y21>
      <x22>822</x22>
      <y22>615</y22>
      <x23>818</x23>
      <y23>625</y23>
      <x24>818</x24>
      <y24>629</y24>
      <x25>816</x25>
      <y25>634</y25>
      <x26>816</x26>
      <y26>643</y26>
      <x27>813</x27>
      <y27>654</y27>
      <x28>812</x28>
      <y28>672</y28>
      <x29>807</x29>
      <y29>685</y29>
      <x30>805</x30>
      <y30>697</y30>
      <x31>798</x31>
      <y31>717</y31>
      <x32>794</x32>
      <y32>733</y32>
      <x33>794</x33>
      <y33>752</y33>
      <x34>791</x34>
      <y34>764</y34>
      <x35>787</x35>
      <y35>806</y35>
      <x36>785</x36>
      <y36>816</y36>
      <x37>782</x37>
      <y37>822</y37>
      <x38>782</x38>
      <y38>828</y38>
      <x39>787</x39>
      <y39>836</y39>
      <x40>793</x40>
      <y40>836</y40>
      <x41>800</x41>
      <y41>827</y41>
      <x42>801</x42>
      <y42>824</y42>
      <x43>800</x43>
      <y43>819</y43>
      <x44>801</x44>
      <y44>788</y44>
      <x45>812</x45>
      <y45>766</y45>
      <x46>812</x46>
      <y46>761</y46>
      <x47>811</x47>
      <y47>760</y47>
      <x48>818</x48>
      <y48>752</y48>
      <x49>819</x49>
      <y49>749</y49>
      <x50>820</x50>
      <y50>731</y50>
      <x51>824</x51>
      <y51>721</y51>
      <x52>828</x52>
      <y52>700</y52>
      <x53>830</x53>
      <y53>698</y53>
      <x54>833</x54>
      <y54>698</y54>
      <x55>836</x55>
      <y55>700</y55>
      <x56>837</x56>
      <y56>705</y56>
      <x57>835</x57>
      <y57>710</y57>
      <x58>834</x58>
      <y58>719</y58>
      <x59>832</x59>
      <y59>723</y59>
      <x60>831</x60>
      <y60>732</y60>
      <x61>826</x61>
      <y61>741</y61>
      <x62>824</x62>
      <y62>753</y62>
      <x63>820</x63>
      <y63>762</y63>
      <x64>820</x64>
      <y64>768</y64>
      <x65>818</x65>
      <y65>775</y65>
      <x66>817</x66>
      <y66>819</y66>
      <x67>818</x67>
      <y67>820</y67>
      <x68>818</x68>
      <y68>827</y68>
      <x69>821</x69>
      <y69>841</y69>
      <x70>821</x70>
      <y70>848</y70>
      <x71>825</x71>
      <y71>859</y71>
      <x72>830</x72>
      <y72>890</y72>
      <x73>833</x73>
      <y73>899</y73>
      <x74>838</x74>
      <y74>907</y74>
      <x75>835</x75>
      <y75>913</y75>
      <x76>836</x76>
      <y76>923</y76>
      <x77>841</x77>
      <y77>935</y77>
      <x78>850</x78>
      <y78>949</y78>
      <x79>850</x79>
      <y79>954</y79>
      <x80>851</x80>
      <y80>955</y80>
      <x81>850</x81>
      <y81>957</y81>
      <x82>850</x82>
      <y82>966</y82>
      <x83>851</x83>
      <y83>967</y83>
      <x84>852</x84>
      <y84>986</y84>
      <x85>862</x85>
      <y85>997</y85>
      <x86>861</x86>
      <y86>1006</y86>
      <x87>856</x87>
      <y87>1016</y87>
      <x88>856</x88>
      <y88>1019</y88>
      <x89>858</x89>
      <y89>1020</y89>
      <x90>873</x90>
      <y90>1019</y90>
      <x91>874</x91>
      <y91>1020</y91>
      <x92>886</x92>
      <y92>1021</y92>
      <x93>894</x93>
      <y93>1019</y93>
      <x94>897</x94>
      <y94>1016</y94>
      <x95>898</x95>
      <y95>1013</y95>
      <x96>892</x96>
      <y96>1005</y96>
      <x97>891</x97>
      <y97>995</y97>
      <x98>895</x98>
      <y98>984</y98>
      <x99>899</x99>
      <y99>977</y99>
      <x100>900</x100>
      <y100>971</y100>
      <x101>904</x101>
      <y101>963</y101>
      <x102>904</x102>
      <y102>960</y102>
      <x103>909</x103>
      <y103>947</y103>
      <x104>910</x104>
      <y104>931</y104>
      <x105>908</x105>
      <y105>925</y105>
      <x106>908</x106>
      <y106>918</y106>
      <x107>915</x107>
      <y107>910</y107>
      <x108>916</x108>
      <y108>897</y108>
      <x109>919</x109>
      <y109>887</y109>
      <x110>921</x110>
      <y110>871</y110>
      <x111>923</x111>
      <y111>866</y111>
      <x112>924</x112>
      <y112>850</y112>
      <x113>925</x113>
      <y113>849</y113>
      <x114>926</x114>
      <y114>834</y114>
      <x115>927</x115>
      <y115>833</y115>
      <x116>928</x116>
      <y116>806</y116>
      <x117>929</x117>
      <y117>805</y117>
      <x118>928</x118>
      <y118>778</y118>
      <x119>926</x119>
      <y119>771</y119>
      <x120>921</x120>
      <y120>764</y120>
      <x121>919</x121>
      <y121>763</y121>
      <x122>877</x122>
      <y122>760</y122>
      <x123>871</x123>
      <y123>758</y123>
      <x124>865</x124>
      <y124>758</y124>
      <x125>852</x125>
      <y125>753</y125>
      <x126>843</x126>
      <y126>745</y126>
      <x127>841</x127>
      <y127>738</y127>
      <x128>845</x128>
      <y128>733</y128>
      <x129>855</x129>
      <y129>728</y129>
      <x130>856</x130>
      <y130>723</y130>
      <x131>851</x131>
      <y131>710</y131>
      <x132>851</x132>
      <y132>703</y132>
      <x133>856</x133>
      <y133>698</y133>
      <x134>863</x134>
      <y134>697</y134>
      <x135>870</x135>
      <y135>699</y135>
      <x136>873</x136>
      <y136>702</y136>
      <x137>873</x137>
      <y137>709</y137>
      <x138>871</x138>
      <y138>715</y138>
      <x139>872</x139>
      <y139>720</y139>
      <x140>878</x140>
      <y140>724</y140>
      <x141>886</x141>
      <y141>723</y141>
      <x142>889</x142>
      <y142>721</y142>
      <x143>897</x143>
      <y143>720</y143>
      <x144>901</x144>
      <y144>716</y144>
      <x145>902</x145>
      <y145>702</y145>
      <x146>905</x146>
      <y146>693</y146>
      <x147>913</x147>
      <y147>689</y147>
      <x148>919</x148>
      <y148>689</y148>
      <x149>925</x149>
      <y149>687</y149>
      <x150>935</x150>
      <y150>687</y150>
      <x151>940</x151>
      <y151>683</y151>
      <x152>945</x152>
      <y152>658</y152>
      <x153>946</x153>
      <y153>626</y153>
      <x154>940</x154>
      <y154>618</y154>
      <x155>938</x155>
      <y155>618</y155>
      <x156>921</x156>
      <y156>608</y156>
      <x157>913</x157>
      <y157>605</y157>
      <x158>911</x158>
      <y158>602</y158>
      <x159>911</x159>
      <y159>597</y159>
      <x160>914</x160>
      <y160>593</y160>
      <x161>922</x161>
      <y161>586</y161>
      <x162>931</x162>
      <y162>582</y162>
      <x163>941</x163>
      <y163>570</y163>
      <x164>942</x164>
      <y164>566</y164>
      <x165>942</x165>
      <y165>547</y165>
      <x166>937</x166>
      <y166>530</y166>
      <x167>933</x167>
      <y167>522</y167>
      <x168>916</x168>
      <y168>508</y168>
      <x169>909</x169>
      <y169>505</y169>
      <x170>898</x170>
      <y170>503</y170>
      <x171>894</x171>
      <y171>496</y171>
      <x172>888</x172>
      <y172>490</y172>
    </polygon>
  </object>
</annotation>
