<?xml version="1.0" ?>
<annotation>
  <folder>VOC</folder>
  <filename>82-2.png</filename>
  <source>
    <database>roboflow.ai</database>
  </source>
  <size>
    <width>1792</width>
    <height>1024</height>
    <depth>3</depth>
  </size>
  <segmented>0</segmented>
  <object>
    <name>person</name>
    <bndbox>
      <xmin>959</xmin>
      <ymin>537</ymin>
      <xmax>1096</xmax>
      <ymax>799</ymax>
    </bndbox>
    <polygon>
      <x1>1003</x1>
      <y1>537</y1>
      <x2>995</x2>
      <y2>537</y2>
      <x3>990</x3>
      <y3>540</y3>
      <x4>987</x4>
      <y4>544</y4>
      <x5>986</x5>
      <y5>553</y5>
      <x6>989</x6>
      <y6>564</y6>
      <x7>989</x7>
      <y7>572</y7>
      <x8>965</x8>
      <y8>596</y8>
      <x9>962</x9>
      <y9>604</y9>
      <x10>959</x10>
      <y10>625</y10>
      <x11>959</x11>
      <y11>641</y11>
      <x12>961</x12>
      <y12>644</y12>
      <x13>964</x13>
      <y13>646</y13>
      <x14>975</x14>
      <y14>647</y14>
      <x15>977</x15>
      <y15>650</y15>
      <x16>977</x16>
      <y16>660</y16>
      <x17>975</x17>
      <y17>668</y17>
      <x18>975</x18>
      <y18>676</y18>
      <x19>977</x19>
      <y19>680</y19>
      <x20>976</x20>
      <y20>711</y20>
      <x21>974</x21>
      <y21>726</y21>
      <x22>969</x22>
      <y22>741</y22>
      <x23>967</x23>
      <y23>755</y23>
      <x24>967</x24>
      <y24>786</y24>
      <x25>970</x25>
      <y25>791</y25>
      <x26>971</x26>
      <y26>797</y26>
      <x27>974</x27>
      <y27>799</y27>
      <x28>976</x28>
      <y28>795</y28>
      <x29>976</x29>
      <y29>787</y29>
      <x30>985</x30>
      <y30>744</y30>
      <x31>992</x31>
      <y31>730</y31>
      <x32>992</x32>
      <y32>724</y32>
      <x33>996</x33>
      <y33>716</y33>
      <x34>999</x34>
      <y34>718</y34>
      <x35>999</x35>
      <y35>727</y35>
      <x36>997</x36>
      <y36>731</y36>
      <x37>996</x37>
      <y37>748</y37>
      <x38>991</x38>
      <y38>773</y38>
      <x39>992</x39>
      <y39>779</y39>
      <x40>1005</x40>
      <y40>786</y40>
      <x41>1016</x41>
      <y41>787</y41>
      <x42>1020</x42>
      <y42>786</y42>
      <x43>1017</x43>
      <y43>781</y43>
      <x44>1011</x44>
      <y44>777</y44>
      <x45>1007</x45>
      <y45>770</y45>
      <x46>1006</x46>
      <y46>765</y46>
      <x47>1021</x47>
      <y47>701</y47>
      <x48>1024</x48>
      <y48>682</y48>
      <x49>1024</x49>
      <y49>672</y49>
      <x50>1027</x50>
      <y50>661</y50>
      <x51>1026</x51>
      <y51>647</y51>
      <x52>1023</x52>
      <y52>634</y52>
      <x53>1024</x53>
      <y53>628</y53>
      <x54>1027</x54>
      <y54>626</y54>
      <x55>1040</x55>
      <y55>630</y55>
      <x56>1067</x56>
      <y56>629</y56>
      <x57>1077</x57>
      <y57>630</y57>
      <x58>1090</x58>
      <y58>629</y58>
      <x59>1096</x59>
      <y59>625</y59>
      <x60>1096</x60>
      <y60>619</y60>
      <x61>1089</x61>
      <y61>614</y61>
      <x62>1076</x62>
      <y62>616</y62>
      <x63>1068</x63>
      <y63>622</y63>
      <x64>1066</x64>
      <y64>622</y64>
      <x65>1063</x65>
      <y65>620</y65>
      <x66>1047</x66>
      <y66>619</y66>
      <x67>1041</x67>
      <y67>617</y67>
      <x68>1029</x68>
      <y68>609</y68>
      <x69>1024</x69>
      <y69>604</y69>
      <x70>1020</x70>
      <y70>596</y70>
      <x71>1019</x71>
      <y71>583</y71>
      <x72>1016</x72>
      <y72>578</y72>
      <x73>1017</x73>
      <y73>566</y73>
      <x74>1016</x74>
      <y74>551</y74>
      <x75>1012</x75>
      <y75>543</y75>
    </polygon>
  </object>
</annotation>
