<?xml version="1.0" ?>
<annotation>
  <folder>VOC</folder>
  <filename>83-1.png</filename>
  <source>
    <database>roboflow.ai</database>
  </source>
  <size>
    <width>1792</width>
    <height>1024</height>
    <depth>3</depth>
  </size>
  <segmented>0</segmented>
  <object>
    <name>person</name>
    <bndbox>
      <xmin>735</xmin>
      <ymin>734</ymin>
      <xmax>927</xmax>
      <ymax>1022</ymax>
    </bndbox>
    <polygon>
      <x1>760</x1>
      <y1>734</y1>
      <x2>759</x2>
      <y2>749</y2>
      <x3>760</x3>
      <y3>752</y3>
      <x4>770</x4>
      <y4>764</y4>
      <x5>767</x5>
      <y5>780</y5>
      <x6>774</x6>
      <y6>785</y6>
      <x7>781</x7>
      <y7>784</y7>
      <x8>783</x8>
      <y8>786</y8>
      <x9>783</x9>
      <y9>805</y9>
      <x10>786</x10>
      <y10>815</y10>
      <x11>785</x11>
      <y11>822</y11>
      <x12>792</x12>
      <y12>829</y12>
      <x13>792</x13>
      <y13>831</y13>
      <x14>789</x14>
      <y14>834</y14>
      <x15>786</x15>
      <y15>834</y15>
      <x16>782</x16>
      <y16>831</y16>
      <x17>780</x17>
      <y17>832</y17>
      <x18>779</x18>
      <y18>848</y18>
      <x19>777</x19>
      <y19>854</y19>
      <x20>779</x20>
      <y20>873</y20>
      <x21>773</x21>
      <y21>885</y21>
      <x22>767</x22>
      <y22>889</y22>
      <x23>764</x23>
      <y23>888</y23>
      <x24>759</x24>
      <y24>882</y24>
      <x25>758</x25>
      <y25>883</y25>
      <x26>759</x26>
      <y26>893</y26>
      <x27>755</x27>
      <y27>901</y27>
      <x28>750</x28>
      <y28>906</y28>
      <x29>749</x29>
      <y29>914</y29>
      <x30>752</x30>
      <y30>921</y30>
      <x31>752</x31>
      <y31>927</y31>
      <x32>746</x32>
      <y32>933</y32>
      <x33>738</x33>
      <y33>931</y33>
      <x34>736</x34>
      <y34>934</y34>
      <x35>735</x35>
      <y35>940</y35>
      <x36>742</x36>
      <y36>954</y36>
      <x37>742</x37>
      <y37>962</y37>
      <x38>748</x38>
      <y38>969</y38>
      <x39>749</x39>
      <y39>976</y39>
      <x40>754</x40>
      <y40>983</y40>
      <x41>754</x41>
      <y41>991</y41>
      <x42>763</x42>
      <y42>1002</y42>
      <x43>766</x43>
      <y43>1018</y43>
      <x44>774</x44>
      <y44>1022</y44>
      <x45>777</x45>
      <y45>1021</y45>
      <x46>789</x46>
      <y46>1022</y46>
      <x47>797</x47>
      <y47>1019</y47>
      <x48>802</x48>
      <y48>1014</y48>
      <x49>808</x49>
      <y49>1020</y49>
      <x50>812</x50>
      <y50>1019</y50>
      <x51>824</x51>
      <y51>1020</y51>
      <x52>829</x52>
      <y52>1017</y52>
      <x53>835</x53>
      <y53>1020</y53>
      <x54>842</x54>
      <y54>1021</y54>
      <x55>861</x55>
      <y55>1021</y55>
      <x56>877</x56>
      <y56>1019</y56>
      <x57>893</x57>
      <y57>1020</y57>
      <x58>897</x58>
      <y58>1018</y58>
      <x59>899</x59>
      <y59>1013</y59>
      <x60>898</x60>
      <y60>1010</y60>
      <x61>896</x61>
      <y61>1010</y61>
      <x62>892</x62>
      <y62>1006</y62>
      <x63>892</x63>
      <y63>998</y63>
      <x64>897</x64>
      <y64>992</y64>
      <x65>902</x65>
      <y65>993</y65>
      <x66>909</x66>
      <y66>1002</y66>
      <x67>914</x67>
      <y67>1006</y67>
      <x68>924</x68>
      <y68>1007</y68>
      <x69>927</x69>
      <y69>1012</y69>
      <x70>925</x70>
      <y70>1005</y70>
      <x71>908</x71>
      <y71>985</y71>
      <x72>903</x72>
      <y72>975</y72>
      <x73>900</x73>
      <y73>972</y73>
      <x74>900</x74>
      <y74>970</y74>
      <x75>893</x75>
      <y75>964</y75>
      <x76>885</x76>
      <y76>943</y76>
      <x77>875</x77>
      <y77>931</y77>
      <x78>872</x78>
      <y78>924</y78>
      <x79>870</x79>
      <y79>924</y79>
      <x80>868</x80>
      <y80>930</y80>
      <x81>867</x81>
      <y81>950</y81>
      <x82>868</x82>
      <y82>956</y82>
      <x83>875</x83>
      <y83>965</y83>
      <x84>876</x84>
      <y84>972</y84>
      <x85>881</x85>
      <y85>976</y85>
      <x86>881</x86>
      <y86>978</y86>
      <x87>874</x87>
      <y87>987</y87>
      <x88>871</x88>
      <y88>987</y88>
      <x89>865</x89>
      <y89>984</y89>
      <x90>846</x90>
      <y90>963</y90>
      <x91>847</x91>
      <y91>942</y91>
      <x92>834</x92>
      <y92>931</y92>
      <x93>830</x93>
      <y93>922</y93>
      <x94>831</x94>
      <y94>902</y94>
      <x95>828</x95>
      <y95>891</y95>
      <x96>831</x96>
      <y96>882</y96>
      <x97>838</x97>
      <y97>876</y97>
      <x98>839</x98>
      <y98>870</y98>
      <x99>832</x99>
      <y99>860</y99>
      <x100>831</x100>
      <y100>856</y100>
      <x101>827</x101>
      <y101>852</y101>
      <x102>823</x102>
      <y102>844</y102>
      <x103>822</x103>
      <y103>838</y103>
      <x104>817</x104>
      <y104>829</y104>
      <x105>810</x105>
      <y105>825</y105>
      <x106>804</x106>
      <y106>814</y106>
      <x107>802</x107>
      <y107>805</y107>
      <x108>791</x108>
      <y108>790</y108>
      <x109>788</x109>
      <y109>780</y109>
      <x110>788</x110>
      <y110>774</y110>
      <x111>778</x111>
      <y111>767</y111>
      <x112>775</x112>
      <y112>758</y112>
      <x113>766</x113>
      <y113>745</y113>
      <x114>765</x114>
      <y114>739</y114>
    </polygon>
  </object>
  <object>
    <name>person</name>
    <bndbox>
      <xmin>769</xmin>
      <ymin>877</ymin>
      <xmax>829</xmax>
      <ymax>999</ymax>
    </bndbox>
    <polygon>
      <x1>789</x1>
      <y1>877</y1>
      <x2>798</x2>
      <y2>878</y2>
      <x3>804</x3>
      <y3>885</y3>
      <x4>806</x4>
      <y4>906</y4>
      <x5>812</x5>
      <y5>911</y5>
      <x6>817</x6>
      <y6>919</y6>
      <x7>814</x7>
      <y7>926</y7>
      <x8>816</x8>
      <y8>945</y8>
      <x9>823</x9>
      <y9>959</y9>
      <x10>829</x10>
      <y10>965</y10>
      <x11>828</x11>
      <y11>972</y11>
      <x12>821</x12>
      <y12>978</y12>
      <x13>816</x13>
      <y13>999</y13>
      <x14>809</x14>
      <y14>998</y14>
      <x15>807</x15>
      <y15>994</y15>
      <x16>808</x16>
      <y16>982</y16>
      <x17>804</x17>
      <y17>975</y17>
      <x18>807</x18>
      <y18>972</y18>
      <x19>807</x19>
      <y19>963</y19>
      <x20>800</x20>
      <y20>958</y20>
      <x21>798</x21>
      <y21>959</y21>
      <x22>797</x22>
      <y22>963</y22>
      <x23>801</x23>
      <y23>969</y23>
      <x24>801</x24>
      <y24>976</y24>
      <x25>794</x25>
      <y25>984</y25>
      <x26>788</x26>
      <y26>987</y26>
      <x27>785</x27>
      <y27>986</y27>
      <x28>780</x28>
      <y28>976</y28>
      <x29>780</x29>
      <y29>969</y29>
      <x30>777</x30>
      <y30>963</y30>
      <x31>776</x31>
      <y31>947</y31>
      <x32>773</x32>
      <y32>933</y32>
      <x33>769</x33>
      <y33>926</y33>
      <x34>769</x34>
      <y34>916</y34>
      <x35>775</x35>
      <y35>905</y35>
      <x36>775</x36>
      <y36>897</y36>
      <x37>777</x37>
      <y37>892</y37>
      <x38>781</x38>
      <y38>888</y38>
      <x39>784</x39>
      <y39>881</y39>
    </polygon>
  </object>
  <object>
    <name>person</name>
    <bndbox>
      <xmin>385</xmin>
      <ymin>689</ymin>
      <xmax>754</xmax>
      <ymax>1021</ymax>
    </bndbox>
    <polygon>
      <x1>522</x1>
      <y1>689</y1>
      <x2>519</x2>
      <y2>697</y2>
      <x3>526</x3>
      <y3>701</y3>
      <x4>526</x4>
      <y4>705</y4>
      <x5>522</x5>
      <y5>708</y5>
      <x6>519</x6>
      <y6>708</y6>
      <x7>515</x7>
      <y7>703</y7>
      <x8>511</x8>
      <y8>705</y8>
      <x9>511</x9>
      <y9>713</y9>
      <x10>514</x10>
      <y10>716</y10>
      <x11>514</x11>
      <y11>731</y11>
      <x12>511</x12>
      <y12>734</y12>
      <x13>508</x13>
      <y13>744</y13>
      <x14>509</x14>
      <y14>769</y14>
      <x15>505</x15>
      <y15>779</y15>
      <x16>508</x16>
      <y16>787</y16>
      <x17>511</x17>
      <y17>784</y17>
      <x18>514</x18>
      <y18>784</y18>
      <x19>516</x19>
      <y19>786</y19>
      <x20>516</x20>
      <y20>789</y20>
      <x21>511</x21>
      <y21>794</y21>
      <x22>514</x22>
      <y22>800</y22>
      <x23>517</x23>
      <y23>819</y23>
      <x24>524</x24>
      <y24>844</y24>
      <x25>520</x25>
      <y25>861</y25>
      <x26>511</x26>
      <y26>865</y26>
      <x27>517</x27>
      <y27>870</y27>
      <x28>517</x28>
      <y28>872</y28>
      <x29>512</x29>
      <y29>873</y29>
      <x30>504</x30>
      <y30>866</y30>
      <x31>502</x31>
      <y31>861</y31>
      <x32>498</x32>
      <y32>857</y32>
      <x33>493</x33>
      <y33>855</y33>
      <x34>489</x34>
      <y34>850</y34>
      <x35>487</x35>
      <y35>813</y35>
      <x36>485</x36>
      <y36>809</y36>
      <x37>477</x37>
      <y37>809</y37>
      <x38>478</x38>
      <y38>805</y38>
      <x39>485</x39>
      <y39>804</y39>
      <x40>485</x40>
      <y40>800</y40>
      <x41>480</x41>
      <y41>798</y41>
      <x42>478</x42>
      <y42>799</y42>
      <x43>477</x43>
      <y43>802</y43>
      <x44>470</x44>
      <y44>808</y44>
      <x45>470</x45>
      <y45>822</y45>
      <x46>473</x46>
      <y46>831</y46>
      <x47>478</x47>
      <y47>839</y47>
      <x48>479</x48>
      <y48>851</y48>
      <x49>477</x49>
      <y49>853</y49>
      <x50>471</x50>
      <y50>854</y50>
      <x51>467</x51>
      <y51>861</y51>
      <x52>464</x52>
      <y52>862</y52>
      <x53>459</x53>
      <y53>854</y53>
      <x54>451</x54>
      <y54>846</y54>
      <x55>448</x55>
      <y55>840</y55>
      <x56>447</x56>
      <y56>815</y56>
      <x57>444</x57>
      <y57>807</y57>
      <x58>436</x58>
      <y58>798</y58>
      <x59>430</x59>
      <y59>798</y59>
      <x60>422</x60>
      <y60>800</y60>
      <x61>421</x61>
      <y61>819</y61>
      <x62>425</x62>
      <y62>842</y62>
      <x63>422</x63>
      <y63>858</y63>
      <x64>415</x64>
      <y64>865</y64>
      <x65>414</x65>
      <y65>871</y65>
      <x66>409</x66>
      <y66>872</y66>
      <x67>407</x67>
      <y67>875</y67>
      <x68>402</x68>
      <y68>875</y68>
      <x69>397</x69>
      <y69>884</y69>
      <x70>394</x70>
      <y70>886</y70>
      <x71>389</x71>
      <y71>883</y71>
      <x72>385</x72>
      <y72>886</y72>
      <x73>385</x73>
      <y73>891</y73>
      <x74>391</x74>
      <y74>893</y74>
      <x75>394</x75>
      <y75>900</y75>
      <x76>398</x76>
      <y76>902</y76>
      <x77>403</x77>
      <y77>909</y77>
      <x78>408</x78>
      <y78>904</y78>
      <x79>411</x79>
      <y79>906</y79>
      <x80>413</x80>
      <y80>912</y80>
      <x81>412</x81>
      <y81>923</y81>
      <x82>415</x82>
      <y82>928</y82>
      <x83>420</x83>
      <y83>929</y83>
      <x84>429</x84>
      <y84>927</y84>
      <x85>428</x85>
      <y85>925</y85>
      <x86>423</x86>
      <y86>924</y86>
      <x87>420</x87>
      <y87>920</y87>
      <x88>421</x88>
      <y88>906</y88>
      <x89>424</x89>
      <y89>903</y89>
      <x90>429</x90>
      <y90>905</y90>
      <x91>429</x91>
      <y91>900</y91>
      <x92>439</x92>
      <y92>886</y92>
      <x93>445</x93>
      <y93>885</y93>
      <x94>452</x94>
      <y94>889</y94>
      <x95>468</x95>
      <y95>912</y95>
      <x96>470</x96>
      <y96>921</y96>
      <x97>475</x97>
      <y97>925</y97>
      <x98>490</x98>
      <y98>948</y98>
      <x99>494</x99>
      <y99>961</y99>
      <x100>503</x100>
      <y100>969</y100>
      <x101>506</x101>
      <y101>975</y101>
      <x102>505</x102>
      <y102>984</y102>
      <x103>501</x103>
      <y103>991</y103>
      <x104>501</x104>
      <y104>1006</y104>
      <x105>504</x105>
      <y105>1011</y105>
      <x106>511</x106>
      <y106>1017</y106>
      <x107>543</x107>
      <y107>1017</y107>
      <x108>556</x108>
      <y108>1020</y108>
      <x109>564</x109>
      <y109>1016</y109>
      <x110>577</x110>
      <y110>1021</y110>
      <x111>592</x111>
      <y111>1019</y111>
      <x112>616</x112>
      <y112>1019</y112>
      <x113>624</x113>
      <y113>1017</y113>
      <x114>618</x114>
      <y114>1005</y114>
      <x115>615</x115>
      <y115>1004</y115>
      <x116>612</x116>
      <y116>999</y116>
      <x117>604</x117>
      <y117>993</y117>
      <x118>599</x118>
      <y118>978</y118>
      <x119>590</x119>
      <y119>964</y119>
      <x120>591</x120>
      <y120>956</y120>
      <x121>599</x121>
      <y121>951</y121>
      <x122>600</x122>
      <y122>944</y122>
      <x123>604</x123>
      <y123>939</y123>
      <x124>613</x124>
      <y124>938</y124>
      <x125>619</x125>
      <y125>942</y125>
      <x126>624</x126>
      <y126>956</y126>
      <x127>629</x127>
      <y127>957</y127>
      <x128>629</x128>
      <y128>928</y128>
      <x129>635</x129>
      <y129>920</y129>
      <x130>637</x130>
      <y130>911</y130>
      <x131>642</x131>
      <y131>907</y131>
      <x132>651</x132>
      <y132>906</y132>
      <x133>658</x133>
      <y133>913</y133>
      <x134>657</x134>
      <y134>919</y134>
      <x135>660</x135>
      <y135>927</y135>
      <x136>667</x136>
      <y136>935</y136>
      <x137>670</x137>
      <y137>935</y137>
      <x138>673</x138>
      <y138>938</y138>
      <x139>673</x139>
      <y139>944</y139>
      <x140>667</x140>
      <y140>950</y140>
      <x141>672</x141>
      <y141>966</y141>
      <x142>674</x142>
      <y142>984</y142>
      <x143>676</x143>
      <y143>986</y143>
      <x144>684</x144>
      <y144>986</y144>
      <x145>690</x145>
      <y145>984</y145>
      <x146>686</x146>
      <y146>977</y146>
      <x147>686</x147>
      <y147>961</y147>
      <x148>678</x148>
      <y148>947</y148>
      <x149>678</x149>
      <y149>941</y149>
      <x150>671</x150>
      <y150>928</y150>
      <x151>671</x151>
      <y151>911</y151>
      <x152>673</x152>
      <y152>908</y152>
      <x153>672</x153>
      <y153>894</y153>
      <x154>675</x154>
      <y154>890</y154>
      <x155>684</x155>
      <y155>888</y155>
      <x156>693</x156>
      <y156>898</y156>
      <x157>692</x157>
      <y157>906</y157>
      <x158>704</x158>
      <y158>920</y158>
      <x159>704</x159>
      <y159>941</y159>
      <x160>707</x160>
      <y160>946</y160>
      <x161>704</x161>
      <y161>961</y161>
      <x162>709</x162>
      <y162>965</y162>
      <x163>715</x163>
      <y163>961</y163>
      <x164>717</x164>
      <y164>948</y164>
      <x165>724</x165>
      <y165>941</y165>
      <x166>724</x166>
      <y166>925</y166>
      <x167>720</x167>
      <y167>914</y167>
      <x168>719</x168>
      <y168>900</y168>
      <x169>710</x169>
      <y169>879</y169>
      <x170>711</x170>
      <y170>860</y170>
      <x171>715</x171>
      <y171>851</y171>
      <x172>716</x172>
      <y172>841</y172>
      <x173>718</x173>
      <y173>837</y173>
      <x174>723</x174>
      <y174>832</y174>
      <x175>731</x175>
      <y175>832</y175>
      <x176>744</x176>
      <y176>842</y176>
      <x177>745</x177>
      <y177>849</y177>
      <x178>749</x178>
      <y178>855</y178>
      <x179>750</x179>
      <y179>862</y179>
      <x180>753</x180>
      <y180>867</y180>
      <x181>754</x181>
      <y181>858</y181>
      <x182>752</x182>
      <y182>842</y182>
      <x183>744</x183>
      <y183>824</y183>
      <x184>744</x184>
      <y184>807</y184>
      <x185>750</x185>
      <y185>794</y185>
      <x186>751</x186>
      <y186>781</y186>
      <x187>746</x187>
      <y187>778</y187>
      <x188>743</x188>
      <y188>770</y188>
      <x189>739</x189>
      <y189>765</y189>
      <x190>733</x190>
      <y190>775</y190>
      <x191>728</x191>
      <y191>780</y191>
      <x192>724</x192>
      <y192>781</y192>
      <x193>718</x193>
      <y193>789</y193>
      <x194>716</x194>
      <y194>789</y194>
      <x195>713</x195>
      <y195>786</y195>
      <x196>713</x196>
      <y196>777</y196>
      <x197>715</x197>
      <y197>772</y197>
      <x198>709</x198>
      <y198>762</y198>
      <x199>709</x199>
      <y199>758</y199>
      <x200>702</x200>
      <y200>741</y200>
      <x201>700</x201>
      <y201>744</y201>
      <x202>702</x202>
      <y202>751</y202>
      <x203>700</x203>
      <y203>760</y203>
      <x204>706</x204>
      <y204>778</y204>
      <x205>706</x205>
      <y205>783</y205>
      <x206>695</x206>
      <y206>806</y206>
      <x207>692</x207>
      <y207>816</y207>
      <x208>688</x208>
      <y208>819</y208>
      <x209>684</x209>
      <y209>815</y209>
      <x210>684</x210>
      <y210>787</y210>
      <x211>682</x211>
      <y211>783</y211>
      <x212>676</x212>
      <y212>784</y212>
      <x213>665</x213>
      <y213>794</y213>
      <x214>657</x214>
      <y214>814</y214>
      <x215>657</x215>
      <y215>833</y215>
      <x216>652</x216>
      <y216>836</y216>
      <x217>637</x217>
      <y217>839</y217>
      <x218>633</x218>
      <y218>838</y218>
      <x219>626</x219>
      <y219>831</y219>
      <x220>628</x220>
      <y220>818</y220>
      <x221>619</x221>
      <y221>777</y221>
      <x222>618</x222>
      <y222>803</y222>
      <x223>611</x223>
      <y223>821</y223>
      <x224>610</x224>
      <y224>831</y224>
      <x225>608</x225>
      <y225>835</y225>
      <x226>609</x226>
      <y226>838</y226>
      <x227>615</x227>
      <y227>842</y227>
      <x228>615</x228>
      <y228>846</y228>
      <x229>605</x229>
      <y229>861</y229>
      <x230>601</x230>
      <y230>861</y230>
      <x231>599</x231>
      <y231>857</y231>
      <x232>596</x232>
      <y232>856</y232>
      <x233>596</x233>
      <y233>861</y233>
      <x234>599</x234>
      <y234>862</y234>
      <x235>599</x235>
      <y235>865</y235>
      <x236>596</x236>
      <y236>866</y236>
      <x237>594</x237>
      <y237>863</y237>
      <x238>589</x238>
      <y238>861</y238>
      <x239>589</x239>
      <y239>855</y239>
      <x240>592</x240>
      <y240>850</y240>
      <x241>591</x241>
      <y241>816</y241>
      <x242>575</x242>
      <y242>804</y242>
      <x243>571</x243>
      <y243>792</y243>
      <x244>566</x244>
      <y244>804</y244>
      <x245>563</x245>
      <y245>807</y245>
      <x246>556</x246>
      <y246>806</y246>
      <x247>552</x247>
      <y247>803</y247>
      <x248>552</x248>
      <y248>796</y248>
      <x249>556</x249>
      <y249>789</y249>
      <x250>556</x250>
      <y250>786</y250>
      <x251>550</x251>
      <y251>780</y251>
      <x252>550</x252>
      <y252>767</y252>
      <x253>546</x253>
      <y253>761</y253>
      <x254>543</x254>
      <y254>751</y254>
      <x255>543</x255>
      <y255>744</y255>
      <x256>541</x256>
      <y256>739</y256>
      <x257>543</x257>
      <y257>730</y257>
      <x258>541</x258>
      <y258>726</y258>
      <x259>535</x259>
      <y259>727</y259>
      <x260>532</x260>
      <y260>725</y260>
      <x261>530</x261>
      <y261>720</y261>
      <x262>529</x262>
      <y262>706</y262>
      <x263>531</x263>
      <y263>694</y263>
    </polygon>
  </object>
</annotation>
