<?xml version="1.0" ?>
<annotation>
  <folder>VOC</folder>
  <filename>84-2.png</filename>
  <source>
    <database>roboflow.ai</database>
  </source>
  <size>
    <width>1792</width>
    <height>1024</height>
    <depth>3</depth>
  </size>
  <segmented>0</segmented>
  <object>
    <name>person</name>
    <bndbox>
      <xmin>909</xmin>
      <ymin>459</ymin>
      <xmax>1054</xmax>
      <ymax>849</ymax>
    </bndbox>
    <polygon>
      <x1>1005</x1>
      <y1>459</y1>
      <x2>996</x2>
      <y2>460</y2>
      <x3>992</x3>
      <y3>462</y3>
      <x4>986</x4>
      <y4>468</y4>
      <x5>982</x5>
      <y5>475</y5>
      <x6>978</x6>
      <y6>478</y6>
      <x7>974</x7>
      <y7>487</y7>
      <x8>971</x8>
      <y8>490</y8>
      <x9>955</x9>
      <y9>486</y9>
      <x10>945</x10>
      <y10>486</y10>
      <x11>938</x11>
      <y11>489</y11>
      <x12>928</x12>
      <y12>499</y12>
      <x13>925</x13>
      <y13>505</y13>
      <x14>919</x14>
      <y14>512</y14>
      <x15>915</x15>
      <y15>521</y15>
      <x16>918</x16>
      <y16>533</y16>
      <x17>918</x17>
      <y17>538</y17>
      <x18>914</x18>
      <y18>554</y18>
      <x19>914</x19>
      <y19>563</y19>
      <x20>913</x20>
      <y20>564</y20>
      <x21>912</x21>
      <y21>579</y21>
      <x22>911</x22>
      <y22>580</y22>
      <x23>911</x23>
      <y23>592</y23>
      <x24>910</x24>
      <y24>593</y24>
      <x25>910</x25>
      <y25>605</y25>
      <x26>909</x26>
      <y26>606</y26>
      <x27>909</x27>
      <y27>637</y27>
      <x28>912</x28>
      <y28>648</y28>
      <x29>923</x29>
      <y29>666</y29>
      <x30>924</x30>
      <y30>676</y30>
      <x31>928</x31>
      <y31>688</y31>
      <x32>929</x32>
      <y32>699</y32>
      <x33>924</x33>
      <y33>714</y33>
      <x34>920</x34>
      <y34>734</y34>
      <x35>918</x35>
      <y35>809</y35>
      <x36>912</x36>
      <y36>819</y36>
      <x37>911</x37>
      <y37>828</y37>
      <x38>913</x38>
      <y38>836</y38>
      <x39>920</x39>
      <y39>841</y39>
      <x40>934</x40>
      <y40>843</y40>
      <x41>954</x41>
      <y41>849</y41>
      <x42>970</x42>
      <y42>848</y42>
      <x43>976</x43>
      <y43>843</y43>
      <x44>976</x44>
      <y44>837</y44>
      <x45>970</x45>
      <y45>831</y45>
      <x46>956</x46>
      <y46>825</y46>
      <x47>952</x47>
      <y47>821</y47>
      <x48>949</x48>
      <y48>815</y48>
      <x49>951</x49>
      <y49>813</y49>
      <x50>956</x50>
      <y50>812</y50>
      <x51>973</x51>
      <y51>812</y51>
      <x52>974</x52>
      <y52>813</y52>
      <x53>980</x53>
      <y53>812</y53>
      <x54>985</x54>
      <y54>810</y54>
      <x55>989</x55>
      <y55>803</y55>
      <x56>988</x56>
      <y56>797</y56>
      <x57>979</x57>
      <y57>790</y57>
      <x58>966</x58>
      <y58>786</y58>
      <x59>957</x59>
      <y59>781</y59>
      <x60>952</x60>
      <y60>781</y60>
      <x61>949</x61>
      <y61>783</y61>
      <x62>946</x62>
      <y62>781</y62>
      <x63>947</x63>
      <y63>765</y63>
      <x64>954</x64>
      <y64>753</y64>
      <x65>960</x65>
      <y65>748</y65>
      <x66>963</x66>
      <y66>742</y66>
      <x67>972</x67>
      <y67>705</y67>
      <x68>975</x68>
      <y68>680</y68>
      <x69>977</x69>
      <y69>675</y69>
      <x70>983</x70>
      <y70>669</y70>
      <x71>985</x71>
      <y71>664</y71>
      <x72>984</x72>
      <y72>652</y72>
      <x73>988</x73>
      <y73>647</y73>
      <x74>1009</x74>
      <y74>635</y74>
      <x75>1033</x75>
      <y75>614</y75>
      <x76>1051</x76>
      <y76>603</y76>
      <x77>1054</x77>
      <y77>599</y77>
      <x78>1054</x78>
      <y78>590</y78>
      <x79>1052</x79>
      <y79>586</y79>
      <x80>1047</x80>
      <y80>581</y80>
      <x81>1036</x81>
      <y81>581</y81>
      <x82>1020</x82>
      <y82>568</y82>
      <x83>1012</x83>
      <y83>566</y83>
      <x84>1009</x84>
      <y84>567</y84>
      <x85>997</x85>
      <y85>580</y85>
      <x86>987</x86>
      <y86>577</y86>
      <x87>982</x87>
      <y87>571</y87>
      <x88>980</x88>
      <y88>561</y88>
      <x89>980</x89>
      <y89>554</y89>
      <x90>983</x90>
      <y90>545</y90>
      <x91>983</x91>
      <y91>540</y91>
      <x92>981</x92>
      <y92>537</y92>
      <x93>982</x93>
      <y93>532</y93>
      <x94>989</x94>
      <y94>531</y94>
      <x95>995</x95>
      <y95>539</y95>
      <x96>999</x96>
      <y96>540</y96>
      <x97>1009</x97>
      <y97>536</y97>
      <x98>1019</x98>
      <y98>527</y98>
      <x99>1023</x99>
      <y99>519</y99>
      <x100>1026</x100>
      <y100>517</y100>
      <x101>1038</x101>
      <y101>521</y101>
      <x102>1046</x102>
      <y102>521</y102>
      <x103>1049</x103>
      <y103>516</y103>
      <x104>1049</x104>
      <y104>513</y104>
      <x105>1047</x105>
      <y105>509</y105>
      <x106>1035</x106>
      <y106>495</y106>
      <x107>1036</x107>
      <y107>480</y107>
      <x108>1033</x108>
      <y108>474</y108>
      <x109>1027</x109>
      <y109>469</y109>
    </polygon>
  </object>
</annotation>
