<?xml version="1.0" ?>
<annotation>
  <folder>VOC</folder>
  <filename>85-2.png</filename>
  <source>
    <database>roboflow.ai</database>
  </source>
  <size>
    <width>1792</width>
    <height>1024</height>
    <depth>3</depth>
  </size>
  <segmented>0</segmented>
  <object>
    <name>person</name>
    <bndbox>
      <xmin>412</xmin>
      <ymin>139</ymin>
      <xmax>780</xmax>
      <ymax>1006</ymax>
    </bndbox>
    <polygon>
      <x1>697</x1>
      <y1>139</y1>
      <x2>691</x2>
      <y2>141</y2>
      <x3>668</x3>
      <y3>140</y3>
      <x4>656</x4>
      <y4>146</y4>
      <x5>646</x5>
      <y5>154</y5>
      <x6>639</x6>
      <y6>161</y6>
      <x7>631</x7>
      <y7>172</y7>
      <x8>616</x8>
      <y8>197</y8>
      <x9>615</x9>
      <y9>201</y9>
      <x10>606</x10>
      <y10>218</y10>
      <x11>604</x11>
      <y11>219</y11>
      <x12>589</x12>
      <y12>205</y12>
      <x13>583</x13>
      <y13>201</y13>
      <x14>572</x14>
      <y14>202</y14>
      <x15>559</x15>
      <y15>209</y15>
      <x16>550</x16>
      <y16>216</y16>
      <x17>536</x17>
      <y17>215</y17>
      <x18>527</x18>
      <y18>218</y18>
      <x19>517</x19>
      <y19>226</y19>
      <x20>498</x20>
      <y20>247</y20>
      <x21>496</x21>
      <y21>252</y21>
      <x22>496</x22>
      <y22>259</y22>
      <x23>500</x23>
      <y23>264</y23>
      <x24>503</x24>
      <y24>265</y24>
      <x25>506</x25>
      <y25>268</y25>
      <x26>506</x26>
      <y26>270</y26>
      <x27>495</x27>
      <y27>282</y27>
      <x28>480</x28>
      <y28>303</y28>
      <x29>466</x29>
      <y29>329</y29>
      <x30>464</x30>
      <y30>337</y30>
      <x31>460</x31>
      <y31>345</y31>
      <x32>456</x32>
      <y32>359</y32>
      <x33>452</x33>
      <y33>368</y33>
      <x34>452</x34>
      <y34>371</y34>
      <x35>446</x35>
      <y35>387</y35>
      <x36>443</x36>
      <y36>403</y36>
      <x37>439</x37>
      <y37>414</y37>
      <x38>438</x38>
      <y38>425</y38>
      <x39>436</x39>
      <y39>431</y39>
      <x40>436</x40>
      <y40>438</y40>
      <x41>434</x41>
      <y41>445</y41>
      <x42>434</x42>
      <y42>452</y42>
      <x43>431</x43>
      <y43>465</y43>
      <x44>431</x44>
      <y44>472</y44>
      <x45>430</x45>
      <y45>473</y45>
      <x46>428</x46>
      <y46>489</y46>
      <x47>426</x47>
      <y47>494</y47>
      <x48>426</x48>
      <y48>500</y48>
      <x49>425</x49>
      <y49>501</y49>
      <x50>424</x50>
      <y50>514</y50>
      <x51>422</x51>
      <y51>522</y51>
      <x52>421</x52>
      <y52>547</y52>
      <x53>420</x53>
      <y53>548</y53>
      <x54>419</x54>
      <y54>567</y54>
      <x55>418</x55>
      <y55>568</y55>
      <x56>417</x56>
      <y56>584</y56>
      <x57>416</x57>
      <y57>585</y57>
      <x58>416</x58>
      <y58>601</y58>
      <x59>415</x59>
      <y59>602</y59>
      <x60>414</x60>
      <y60>621</y60>
      <x61>412</x61>
      <y61>630</y61>
      <x62>412</x62>
      <y62>642</y62>
      <x63>418</x63>
      <y63>655</y63>
      <x64>435</x64>
      <y64>671</y64>
      <x65>452</x65>
      <y65>679</y65>
      <x66>486</x66>
      <y66>705</y66>
      <x67>489</x67>
      <y67>712</y67>
      <x68>494</x68>
      <y68>737</y68>
      <x69>505</x69>
      <y69>769</y69>
      <x70>512</x70>
      <y70>802</y70>
      <x71>520</x71>
      <y71>823</y71>
      <x72>523</x72>
      <y72>875</y72>
      <x73>529</x73>
      <y73>900</y73>
      <x74>546</x74>
      <y74>941</y74>
      <x75>559</x75>
      <y75>957</y75>
      <x76>562</x76>
      <y76>972</y76>
      <x77>567</x77>
      <y77>981</y77>
      <x78>570</x78>
      <y78>990</y78>
      <x79>577</x79>
      <y79>996</y79>
      <x80>583</x80>
      <y80>997</y80>
      <x81>590</x81>
      <y81>1000</y81>
      <x82>623</x82>
      <y82>1002</y82>
      <x83>624</x83>
      <y83>1003</y83>
      <x84>636</x84>
      <y84>1004</y84>
      <x85>637</x85>
      <y85>1005</y85>
      <x86>646</x86>
      <y86>1005</y86>
      <x87>647</x87>
      <y87>1006</y87>
      <x88>697</x88>
      <y88>1005</y88>
      <x89>703</x89>
      <y89>1003</y89>
      <x90>706</x90>
      <y90>1000</y90>
      <x91>707</x91>
      <y91>996</y91>
      <x92>700</x92>
      <y92>984</y92>
      <x93>696</x93>
      <y93>981</y93>
      <x94>689</x94>
      <y94>979</y94>
      <x95>660</x95>
      <y95>977</y95>
      <x96>648</x96>
      <y96>974</y96>
      <x97>638</x97>
      <y97>968</y97>
      <x98>630</x98>
      <y98>966</y98>
      <x99>624</x99>
      <y99>963</y99>
      <x100>620</x100>
      <y100>956</y100>
      <x101>622</x101>
      <y101>954</y101>
      <x102>629</x102>
      <y102>952</y102>
      <x103>634</x103>
      <y103>949</y103>
      <x104>644</x104>
      <y104>947</y104>
      <x105>679</x105>
      <y105>948</y105>
      <x106>680</x106>
      <y106>949</y106>
      <x107>688</x107>
      <y107>947</y107>
      <x108>696</x108>
      <y108>948</y108>
      <x109>703</x109>
      <y109>943</y109>
      <x110>713</x110>
      <y110>939</y110>
      <x111>716</x111>
      <y111>935</y111>
      <x112>716</x112>
      <y112>928</y112>
      <x113>710</x113>
      <y113>918</y113>
      <x114>703</x114>
      <y114>912</y114>
      <x115>696</x115>
      <y115>910</y115>
      <x116>681</x116>
      <y116>911</y116>
      <x117>680</x117>
      <y117>910</y117>
      <x118>652</x118>
      <y118>909</y118>
      <x119>641</x119>
      <y119>905</y119>
      <x120>636</x120>
      <y120>896</y120>
      <x121>631</x121>
      <y121>891</y121>
      <x122>615</x122>
      <y122>845</y122>
      <x123>604</x123>
      <y123>819</y123>
      <x124>605</x124>
      <y124>772</y124>
      <x125>604</x125>
      <y125>771</y125>
      <x126>604</x126>
      <y126>761</y126>
      <x127>599</x127>
      <y127>748</y127>
      <x128>599</x128>
      <y128>743</y128>
      <x129>597</x129>
      <y129>739</y129>
      <x130>601</x130>
      <y130>733</y130>
      <x131>607</x131>
      <y131>716</y131>
      <x132>609</x132>
      <y132>702</y132>
      <x133>611</x133>
      <y133>698</y133>
      <x134>614</x134>
      <y134>679</y134>
      <x135>617</x135>
      <y135>670</y135>
      <x136>617</x136>
      <y136>662</y136>
      <x137>619</x137>
      <y137>660</y137>
      <x138>627</x138>
      <y138>661</y138>
      <x139>635</x139>
      <y139>668</y139>
      <x140>642</x140>
      <y140>671</y140>
      <x141>648</x141>
      <y141>677</y141>
      <x142>653</x142>
      <y142>680</y142>
      <x143>669</x143>
      <y143>681</y143>
      <x144>675</x144>
      <y144>673</y144>
      <x145>677</x145>
      <y145>668</y145>
      <x146>677</x146>
      <y146>662</y146>
      <x147>682</x147>
      <y147>656</y147>
      <x148>684</x148>
      <y148>649</y148>
      <x149>684</x149>
      <y149>640</y149>
      <x150>682</x150>
      <y150>633</y150>
      <x151>685</x151>
      <y151>629</y151>
      <x152>685</x152>
      <y152>625</y152>
      <x153>681</x153>
      <y153>621</y153>
      <x154>676</x154>
      <y154>620</y154>
      <x155>665</x155>
      <y155>614</y155>
      <x156>647</x156>
      <y156>613</y156>
      <x157>643</x157>
      <y157>610</y157>
      <x158>632</x158>
      <y158>609</y158>
      <x159>629</x159>
      <y159>606</y159>
      <x160>630</x160>
      <y160>594</y160>
      <x161>633</x161>
      <y161>585</y161>
      <x162>634</x162>
      <y162>558</y162>
      <x163>637</x163>
      <y163>544</y163>
      <x164>637</x164>
      <y164>516</y164>
      <x165>638</x165>
      <y165>515</y165>
      <x166>638</x166>
      <y166>510</y166>
      <x167>641</x167>
      <y167>506</y167>
      <x168>655</x168>
      <y168>509</y168>
      <x169>669</x169>
      <y169>509</y169>
      <x170>675</x170>
      <y170>504</y170>
      <x171>690</x171>
      <y171>511</y171>
      <x172>695</x172>
      <y172>509</y172>
      <x173>701</x173>
      <y173>503</y173>
      <x174>706</x174>
      <y174>492</y174>
      <x175>711</x175>
      <y175>486</y175>
      <x176>712</x176>
      <y176>480</y176>
      <x177>719</x177>
      <y177>467</y177>
      <x178>719</x178>
      <y178>465</y178>
      <x179>716</x179>
      <y179>462</y179>
      <x180>710</x180>
      <y180>459</y180>
      <x181>698</x181>
      <y181>455</y181>
      <x182>684</x182>
      <y182>454</y182>
      <x183>679</x183>
      <y183>455</y183>
      <x184>676</x184>
      <y184>457</y184>
      <x185>666</x185>
      <y185>449</y185>
      <x186>657</x186>
      <y186>446</y186>
      <x187>645</x187>
      <y187>444</y187>
      <x188>642</x188>
      <y188>441</y188>
      <x189>642</x189>
      <y189>429</y189>
      <x190>643</x190>
      <y190>428</y190>
      <x191>643</x191>
      <y191>419</y191>
      <x192>644</x192>
      <y192>418</y192>
      <x193>644</x193>
      <y193>399</y193>
      <x194>641</x194>
      <y194>383</y194>
      <x195>635</x195>
      <y195>370</y195>
      <x196>635</x196>
      <y196>365</y196>
      <x197>639</x197>
      <y197>354</y197>
      <x198>637</x198>
      <y198>348</y198>
      <x199>637</x199>
      <y199>335</y199>
      <x200>639</x200>
      <y200>331</y200>
      <x201>637</x201>
      <y201>323</y201>
      <x202>636</x202>
      <y202>284</y202>
      <x203>638</x203>
      <y203>282</y203>
      <x204>640</x204>
      <y204>282</y204>
      <x205>642</x205>
      <y205>284</y205>
      <x206>643</x206>
      <y206>289</y206>
      <x207>647</x207>
      <y207>293</y207>
      <x208>655</x208>
      <y208>297</y208>
      <x209>667</x209>
      <y209>296</y209>
      <x210>682</x210>
      <y210>281</y210>
      <x211>686</x211>
      <y211>279</y211>
      <x212>690</x212>
      <y212>275</y212>
      <x213>702</x213>
      <y213>269</y213>
      <x214>709</x214>
      <y214>270</y214>
      <x215>712</x215>
      <y215>267</y215>
      <x216>714</x216>
      <y216>262</y216>
      <x217>714</x217>
      <y217>257</y217>
      <x218>717</x218>
      <y218>250</y218>
      <x219>723</x219>
      <y219>245</y219>
      <x220>731</x220>
      <y220>228</y220>
      <x221>738</x221>
      <y221>221</y221>
      <x222>748</x222>
      <y222>222</y222>
      <x223>759</x223>
      <y223>225</y223>
      <x224>765</x224>
      <y224>225</y224>
      <x225>776</x225>
      <y225>222</y225>
      <x226>779</x226>
      <y226>219</y226>
      <x227>780</x227>
      <y227>215</y227>
      <x228>779</x228>
      <y228>201</y228>
      <x229>773</x229>
      <y229>193</y229>
      <x230>770</x230>
      <y230>178</y230>
      <x231>768</x231>
      <y231>174</y231>
      <x232>764</x232>
      <y232>170</y232>
      <x233>757</x233>
      <y233>166</y233>
      <x234>752</x234>
      <y234>159</y234>
      <x235>742</x235>
      <y235>154</y235>
      <x236>737</x236>
      <y236>150</y236>
      <x237>731</x237>
      <y237>148</y237>
      <x238>725</x238>
      <y238>148</y238>
      <x239>710</x239>
      <y239>141</y239>
      <x240>698</x240>
      <y240>140</y240>
    </polygon>
  </object>
</annotation>
