<?xml version="1.0" ?>
<annotation>
  <folder>VOC</folder>
  <filename>86-1.png</filename>
  <source>
    <database>roboflow.ai</database>
  </source>
  <size>
    <width>1792</width>
    <height>1024</height>
    <depth>3</depth>
  </size>
  <segmented>0</segmented>
  <object>
    <name>person</name>
    <bndbox>
      <xmin>522</xmin>
      <ymin>462</ymin>
      <xmax>859</xmax>
      <ymax>933</ymax>
    </bndbox>
    <polygon>
      <x1>596</x1>
      <y1>466</y1>
      <x2>582</x2>
      <y2>474</y2>
      <x3>576</x3>
      <y3>479</y3>
      <x4>572</x4>
      <y4>486</y4>
      <x5>569</x5>
      <y5>495</y5>
      <x6>569</x6>
      <y6>509</y6>
      <x7>571</x7>
      <y7>515</y7>
      <x8>572</x8>
      <y8>526</y8>
      <x9>576</x9>
      <y9>535</y9>
      <x10>583</x10>
      <y10>546</y10>
      <x11>584</x11>
      <y11>562</y11>
      <x12>576</x12>
      <y12>576</y12>
      <x13>570</x13>
      <y13>582</y13>
      <x14>545</x14>
      <y14>591</y14>
      <x15>533</x15>
      <y15>603</y15>
      <x16>528</x16>
      <y16>615</y16>
      <x17>528</x17>
      <y17>619</y17>
      <x18>522</x18>
      <y18>638</y18>
      <x19>522</x19>
      <y19>651</y19>
      <x20>523</x20>
      <y20>654</y20>
      <x21>528</x21>
      <y21>658</y21>
      <x22>556</x22>
      <y22>665</y22>
      <x23>571</x23>
      <y23>671</y23>
      <x24>576</x24>
      <y24>674</y24>
      <x25>584</x25>
      <y25>682</y25>
      <x26>588</x26>
      <y26>688</y26>
      <x27>589</x27>
      <y27>692</y27>
      <x28>594</x28>
      <y28>700</y28>
      <x29>620</x29>
      <y29>754</y29>
      <x30>638</x30>
      <y30>787</y30>
      <x31>640</x31>
      <y31>794</y31>
      <x32>639</x32>
      <y32>797</y32>
      <x33>639</x33>
      <y33>829</y33>
      <x34>640</x34>
      <y34>830</y34>
      <x35>641</x35>
      <y35>842</y35>
      <x36>643</x36>
      <y36>844</y36>
      <x37>652</x37>
      <y37>848</y37>
      <x38>657</x38>
      <y38>848</y38>
      <x39>658</x39>
      <y39>849</y39>
      <x40>673</x40>
      <y40>849</y40>
      <x41>678</x41>
      <y41>847</y41>
      <x42>682</x42>
      <y42>847</y42>
      <x43>687</x43>
      <y43>843</y43>
      <x44>684</x44>
      <y44>833</y44>
      <x45>684</x45>
      <y45>829</y45>
      <x46>681</x46>
      <y46>824</y46>
      <x47>676</x47>
      <y47>824</y47>
      <x48>673</x48>
      <y48>821</y48>
      <x49>671</x49>
      <y49>815</y49>
      <x50>667</x50>
      <y50>811</y50>
      <x51>660</x51>
      <y51>811</y51>
      <x52>657</x52>
      <y52>809</y52>
      <x53>657</x53>
      <y53>807</y53>
      <x54>662</x54>
      <y54>804</y54>
      <x55>667</x55>
      <y55>804</y55>
      <x56>671</x56>
      <y56>800</y56>
      <x57>675</x57>
      <y57>799</y57>
      <x58>685</x58>
      <y58>793</y58>
      <x59>704</x59>
      <y59>789</y59>
      <x60>717</x60>
      <y60>781</y60>
      <x61>725</x61>
      <y61>780</y61>
      <x62>733</x62>
      <y62>783</y62>
      <x63>737</x63>
      <y63>780</y63>
      <x64>739</x64>
      <y64>780</y64>
      <x65>740</x65>
      <y65>781</y65>
      <x66>739</x66>
      <y66>783</y66>
      <x67>739</x67>
      <y67>794</y67>
      <x68>737</x68>
      <y68>796</y68>
      <x69>731</x69>
      <y69>798</y69>
      <x70>717</x70>
      <y70>812</y70>
      <x71>716</x71>
      <y71>814</y71>
      <x72>717</x72>
      <y72>824</y72>
      <x73>723</x73>
      <y73>828</y73>
      <x74>743</x74>
      <y74>824</y74>
      <x75>749</x75>
      <y75>824</y75>
      <x76>750</x76>
      <y76>823</y76>
      <x77>767</x77>
      <y77>824</y77>
      <x78>775</x78>
      <y78>829</y78>
      <x79>780</x79>
      <y79>835</y79>
      <x80>780</x80>
      <y80>837</y80>
      <x81>778</x81>
      <y81>841</y81>
      <x82>773</x82>
      <y82>846</y82>
      <x83>768</x83>
      <y83>848</y83>
      <x84>763</x84>
      <y84>852</y84>
      <x85>759</x85>
      <y85>862</y85>
      <x86>752</x86>
      <y86>873</y86>
      <x87>751</x87>
      <y87>879</y87>
      <x88>753</x88>
      <y88>883</y88>
      <x89>753</x89>
      <y89>887</y89>
      <x90>751</x90>
      <y90>891</y90>
      <x91>747</x91>
      <y91>895</y91>
      <x92>740</x92>
      <y92>896</y92>
      <x93>736</x93>
      <y93>900</y93>
      <x94>735</x94>
      <y94>905</y94>
      <x95>732</x95>
      <y95>910</y95>
      <x96>731</x96>
      <y96>919</y96>
      <x97>733</x97>
      <y97>922</y97>
      <x98>737</x98>
      <y98>924</y98>
      <x99>757</x99>
      <y99>927</y99>
      <x100>763</x100>
      <y100>929</y100>
      <x101>776</x101>
      <y101>929</y101>
      <x102>795</x102>
      <y102>933</y102>
      <x103>796</x103>
      <y103>932</y103>
      <x104>807</x104>
      <y104>932</y104>
      <x105>814</x105>
      <y105>925</y105>
      <x106>815</x106>
      <y106>917</y106>
      <x107>813</x107>
      <y107>914</y107>
      <x108>807</x108>
      <y108>911</y108>
      <x109>802</x109>
      <y109>911</y109>
      <x110>791</x110>
      <y110>907</y110>
      <x111>782</x111>
      <y111>900</y111>
      <x112>782</x112>
      <y112>898</y112>
      <x113>796</x113>
      <y113>884</y113>
      <x114>802</x114>
      <y114>881</y114>
      <x115>819</x115>
      <y115>867</y115>
      <x116>824</x116>
      <y116>858</y116>
      <x117>824</x117>
      <y117>848</y117>
      <x118>810</x118>
      <y118>821</y118>
      <x119>809</x119>
      <y119>813</y119>
      <x120>805</x120>
      <y120>801</y120>
      <x121>801</x121>
      <y121>794</y121>
      <x122>797</x122>
      <y122>777</y122>
      <x123>792</x123>
      <y123>773</y123>
      <x124>780</x124>
      <y124>769</y124>
      <x125>772</x125>
      <y125>768</y125>
      <x126>769</x126>
      <y126>766</y126>
      <x127>769</x127>
      <y127>764</y127>
      <x128>772</x128>
      <y128>758</y128>
      <x129>780</x129>
      <y129>757</y129>
      <x130>789</x130>
      <y130>751</y130>
      <x131>803</x131>
      <y131>739</y131>
      <x132>807</x132>
      <y132>734</y132>
      <x133>821</x133>
      <y133>731</y133>
      <x134>833</x134>
      <y134>725</y134>
      <x135>842</x135>
      <y135>716</y135>
      <x136>848</x136>
      <y136>714</y136>
      <x137>858</x137>
      <y137>706</y137>
      <x138>859</x138>
      <y138>702</y138>
      <x139>856</x139>
      <y139>697</y139>
      <x140>849</x140>
      <y140>692</y140>
      <x141>837</x141>
      <y141>687</y141>
      <x142>833</x142>
      <y142>687</y142>
      <x143>822</x143>
      <y143>692</y143>
      <x144>817</x144>
      <y144>693</y144>
      <x145>809</x145>
      <y145>702</y145>
      <x146>803</x146>
      <y146>705</y146>
      <x147>794</x147>
      <y147>713</y147>
      <x148>789</x148>
      <y148>715</y148>
      <x149>777</x149>
      <y149>724</y149>
      <x150>772</x150>
      <y150>725</y150>
      <x151>755</x151>
      <y151>733</y151>
      <x152>748</x152>
      <y152>733</y152>
      <x153>740</x153>
      <y153>735</y153>
      <x154>736</x154>
      <y154>734</y154>
      <x155>716</x155>
      <y155>711</y155>
      <x156>714</x156>
      <y156>707</y156>
      <x157>701</x157>
      <y157>695</y157>
      <x158>698</x158>
      <y158>690</y158>
      <x159>695</x159>
      <y159>680</y159>
      <x160>697</x160>
      <y160>677</y160>
      <x161>716</x161>
      <y161>676</y161>
      <x162>727</x162>
      <y162>670</y162>
      <x163>735</x163>
      <y163>668</y163>
      <x164>739</x164>
      <y164>665</y164>
      <x165>740</x165>
      <y165>661</y165>
      <x166>733</x166>
      <y166>653</y166>
      <x167>724</x167>
      <y167>648</y167>
      <x168>715</x168>
      <y168>647</y168>
      <x169>706</x169>
      <y169>651</y169>
      <x170>699</x170>
      <y170>652</y170>
      <x171>689</x171>
      <y171>657</y171>
      <x172>682</x172>
      <y172>652</y172>
      <x173>678</x173>
      <y173>643</y173>
      <x174>656</x174>
      <y174>622</y174>
      <x175>648</x175>
      <y175>619</y175>
      <x176>636</x176>
      <y176>609</y176>
      <x177>633</x177>
      <y177>608</y177>
      <x178>627</x178>
      <y178>601</y178>
      <x179>621</x179>
      <y179>598</y179>
      <x180>621</x180>
      <y180>596</y180>
      <x181>627</x181>
      <y181>586</y181>
      <x182>631</x182>
      <y182>572</y182>
      <x183>634</x183>
      <y183>569</y183>
      <x184>642</x184>
      <y184>569</y184>
      <x185>650</x185>
      <y185>566</y185>
      <x186>657</x186>
      <y186>558</y186>
      <x187>659</x187>
      <y187>547</y187>
      <x188>661</x188>
      <y188>543</y188>
      <x189>661</x189>
      <y189>537</y189>
      <x190>662</x190>
      <y190>536</y190>
      <x191>660</x191>
      <y191>531</y191>
      <x192>660</x192>
      <y192>505</y192>
      <x193>659</x193>
      <y193>504</y193>
      <x194>658</x194>
      <y194>494</y194>
      <x195>653</x195>
      <y195>485</y195>
      <x196>653</x196>
      <y196>477</y196>
      <x197>655</x197>
      <y197>473</y197>
      <x198>654</x198>
      <y198>470</y198>
      <x199>649</x199>
      <y199>464</y199>
      <x200>641</x200>
      <y200>462</y200>
      <x201>611</x201>
      <y201>462</y201>
    </polygon>
  </object>
</annotation>
