<?xml version="1.0" ?>
<annotation>
  <folder>VOC</folder>
  <filename>86-2.png</filename>
  <source>
    <database>roboflow.ai</database>
  </source>
  <size>
    <width>1792</width>
    <height>1024</height>
    <depth>3</depth>
  </size>
  <segmented>0</segmented>
  <object>
    <name>person</name>
    <bndbox>
      <xmin>488</xmin>
      <ymin>376</ymin>
      <xmax>776</xmax>
      <ymax>720</ymax>
    </bndbox>
    <polygon>
      <x1>608</x1>
      <y1>380</y1>
      <x2>586</x2>
      <y2>402</y2>
      <x3>581</x3>
      <y3>404</y3>
      <x4>577</x4>
      <y4>408</y4>
      <x5>570</x5>
      <y5>421</y5>
      <x6>569</x6>
      <y6>440</y6>
      <x7>571</x7>
      <y7>448</y7>
      <x8>577</x8>
      <y8>460</y8>
      <x9>587</x9>
      <y9>472</y9>
      <x10>586</x10>
      <y10>478</y10>
      <x11>583</x11>
      <y11>481</y11>
      <x12>577</x12>
      <y12>483</y12>
      <x13>564</x13>
      <y13>484</y13>
      <x14>559</x14>
      <y14>486</y14>
      <x15>550</x15>
      <y15>487</y15>
      <x16>546</x16>
      <y16>489</y16>
      <x17>538</x17>
      <y17>490</y17>
      <x18>532</x18>
      <y18>493</y18>
      <x19>512</x19>
      <y19>509</y19>
      <x20>505</x20>
      <y20>516</y20>
      <x21>499</x21>
      <y21>526</y21>
      <x22>497</x22>
      <y22>542</y22>
      <x23>496</x23>
      <y23>543</y23>
      <x24>496</x24>
      <y24>558</y24>
      <x25>499</x25>
      <y25>572</y25>
      <x26>499</x26>
      <y26>578</y26>
      <x27>501</x27>
      <y27>584</y27>
      <x28>501</x28>
      <y28>592</y28>
      <x29>495</x29>
      <y29>612</y29>
      <x30>490</x30>
      <y30>637</y30>
      <x31>489</x31>
      <y31>663</y31>
      <x32>488</x32>
      <y32>664</y32>
      <x33>488</x33>
      <y33>681</y33>
      <x34>489</x34>
      <y34>684</y34>
      <x35>492</x35>
      <y35>687</y35>
      <x36>494</x36>
      <y36>687</y36>
      <x37>500</x37>
      <y37>684</y37>
      <x38>506</x38>
      <y38>684</y38>
      <x39>514</x39>
      <y39>681</y39>
      <x40>529</x40>
      <y40>678</y40>
      <x41>537</x41>
      <y41>686</y41>
      <x42>540</x42>
      <y42>692</y42>
      <x43>555</x43>
      <y43>706</y43>
      <x44>563</x44>
      <y44>710</y44>
      <x45>571</x45>
      <y45>707</y45>
      <x46>581</x46>
      <y46>697</y46>
      <x47>582</x47>
      <y47>694</y47>
      <x48>595</x48>
      <y48>683</y48>
      <x49>602</x49>
      <y49>672</y49>
      <x50>611</x50>
      <y50>663</y50>
      <x51>622</x51>
      <y51>664</y51>
      <x52>655</x52>
      <y52>654</y52>
      <x53>659</x53>
      <y53>651</y53>
      <x54>667</x54>
      <y54>635</y54>
      <x55>669</x55>
      <y55>625</y55>
      <x56>674</x56>
      <y56>612</y56>
      <x57>681</x57>
      <y57>577</y57>
      <x58>683</x58>
      <y58>573</y58>
      <x59>688</x59>
      <y59>570</y59>
      <x60>697</x60>
      <y60>581</y60>
      <x61>713</x61>
      <y61>597</y61>
      <x62>718</x62>
      <y62>605</y62>
      <x63>728</x63>
      <y63>612</y63>
      <x64>730</x64>
      <y64>617</y64>
      <x65>730</x65>
      <y65>622</y65>
      <x66>729</x66>
      <y66>623</y66>
      <x67>729</x67>
      <y67>629</y67>
      <x68>730</x68>
      <y68>630</y68>
      <x69>729</x69>
      <y69>662</y69>
      <x70>721</x70>
      <y70>679</y70>
      <x71>719</x71>
      <y71>681</y71>
      <x72>716</x72>
      <y72>690</y72>
      <x73>715</x73>
      <y73>701</y73>
      <x74>717</x74>
      <y74>703</y74>
      <x75>717</x75>
      <y75>710</y75>
      <x76>728</x76>
      <y76>720</y76>
      <x77>736</x77>
      <y77>720</y77>
      <x78>746</x78>
      <y78>717</y78>
      <x79>750</x79>
      <y79>713</y79>
      <x80>751</x80>
      <y80>710</y80>
      <x81>751</x81>
      <y81>702</y81>
      <x82>753</x82>
      <y82>696</y82>
      <x83>753</x83>
      <y83>687</y83>
      <x84>754</x84>
      <y84>686</y84>
      <x85>754</x85>
      <y85>676</y85>
      <x86>759</x86>
      <y86>659</y86>
      <x87>760</x87>
      <y87>648</y87>
      <x88>765</x88>
      <y88>642</y88>
      <x89>769</x89>
      <y89>640</y89>
      <x90>773</x90>
      <y90>636</y90>
      <x91>775</x91>
      <y91>630</y91>
      <x92>776</x92>
      <y92>605</y92>
      <x93>772</x93>
      <y93>588</y93>
      <x94>763</x94>
      <y94>570</y94>
      <x95>735</x95>
      <y95>537</y95>
      <x96>714</x96>
      <y96>499</y96>
      <x97>704</x97>
      <y97>488</y97>
      <x98>698</x98>
      <y98>485</y98>
      <x99>695</x99>
      <y99>482</y99>
      <x100>690</x100>
      <y100>471</y100>
      <x101>683</x101>
      <y101>463</y101>
      <x102>682</x102>
      <y102>455</y102>
      <x103>684</x103>
      <y103>448</y103>
      <x104>684</x104>
      <y104>441</y104>
      <x105>683</x105>
      <y105>440</y105>
      <x106>682</x106>
      <y106>430</y106>
      <x107>684</x107>
      <y107>426</y107>
      <x108>684</x108>
      <y108>415</y108>
      <x109>681</x109>
      <y109>404</y109>
      <x110>677</x110>
      <y110>398</y110>
      <x111>670</x111>
      <y111>391</y111>
      <x112>667</x112>
      <y112>386</y112>
      <x113>661</x113>
      <y113>381</y113>
      <x114>648</x114>
      <y114>376</y114>
      <x115>624</x115>
      <y115>376</y115>
      <x116>623</x116>
      <y116>377</y116>
      <x117>616</x117>
      <y117>377</y117>
      <x118>611</x118>
      <y118>380</y118>
    </polygon>
  </object>
  <object>
    <name>person</name>
    <bndbox>
      <xmin>922</xmin>
      <ymin>293</ymin>
      <xmax>1195</xmax>
      <ymax>579</ymax>
    </bndbox>
    <polygon>
      <x1>1105</x1>
      <y1>304</y1>
      <x2>1099</x2>
      <y2>301</y2>
      <x3>1088</x3>
      <y3>299</y3>
      <x4>1082</x4>
      <y4>296</y4>
      <x5>1072</x5>
      <y5>293</y5>
      <x6>1057</x6>
      <y6>294</y6>
      <x7>1056</x7>
      <y7>295</y7>
      <x8>1051</x8>
      <y8>295</y8>
      <x9>1046</x9>
      <y9>297</y9>
      <x10>1037</x10>
      <y10>307</y10>
      <x11>1037</x11>
      <y11>309</y11>
      <x12>1033</x12>
      <y12>317</y12>
      <x13>1032</x13>
      <y13>334</y13>
      <x14>1033</x14>
      <y14>335</y14>
      <x15>1033</x15>
      <y15>345</y15>
      <x16>1035</x16>
      <y16>351</y16>
      <x17>1035</x17>
      <y17>354</y17>
      <x18>1033</x18>
      <y18>356</y18>
      <x19>1033</x19>
      <y19>365</y19>
      <x20>1034</x20>
      <y20>366</y20>
      <x21>1033</x21>
      <y21>371</y21>
      <x22>1028</x22>
      <y22>375</y22>
      <x23>1022</x23>
      <y23>376</y23>
      <x24>1019</x24>
      <y24>378</y24>
      <x25>1016</x25>
      <y25>378</y25>
      <x26>1013</x26>
      <y26>380</y26>
      <x27>1007</x27>
      <y27>381</y27>
      <x28>1000</x28>
      <y28>385</y28>
      <x29>998</x29>
      <y29>385</y29>
      <x30>985</x30>
      <y30>393</y30>
      <x31>968</x31>
      <y31>401</y31>
      <x32>959</x32>
      <y32>407</y32>
      <x33>954</x33>
      <y33>412</y33>
      <x34>949</x34>
      <y34>423</y34>
      <x35>949</x35>
      <y35>428</y35>
      <x36>945</x36>
      <y36>440</y36>
      <x37>945</x37>
      <y37>444</y37>
      <x38>941</x38>
      <y38>458</y38>
      <x39>941</x39>
      <y39>463</y39>
      <x40>936</x40>
      <y40>477</y40>
      <x41>934</x41>
      <y41>495</y41>
      <x42>930</x42>
      <y42>503</y42>
      <x43>929</x43>
      <y43>517</y43>
      <x44>924</x44>
      <y44>528</y44>
      <x45>924</x45>
      <y45>532</y45>
      <x46>923</x46>
      <y46>533</y46>
      <x47>923</x47>
      <y47>539</y47>
      <x48>922</x48>
      <y48>540</y48>
      <x49>923</x49>
      <y49>552</y49>
      <x50>927</x50>
      <y50>564</y50>
      <x51>927</x51>
      <y51>567</y51>
      <x52>930</x52>
      <y52>572</y52>
      <x53>944</x53>
      <y53>576</y53>
      <x54>952</x54>
      <y54>576</y54>
      <x55>956</x55>
      <y55>574</y55>
      <x56>961</x56>
      <y56>578</y56>
      <x57>964</x57>
      <y57>578</y57>
      <x58>965</x58>
      <y58>579</y58>
      <x59>973</x59>
      <y59>578</y59>
      <x60>1016</x60>
      <y60>562</y60>
      <x61>1017</x61>
      <y61>561</y61>
      <x62>1018</x62>
      <y62>552</y62>
      <x63>1022</x63>
      <y63>547</y63>
      <x64>1043</x64>
      <y64>542</y64>
      <x65>1057</x65>
      <y65>535</y65>
      <x66>1066</x66>
      <y66>533</y66>
      <x67>1073</x67>
      <y67>530</y67>
      <x68>1076</x68>
      <y68>530</y68>
      <x69>1083</x69>
      <y69>527</y69>
      <x70>1096</x70>
      <y70>525</y70>
      <x71>1106</x71>
      <y71>519</y71>
      <x72>1114</x72>
      <y72>519</y72>
      <x73>1121</x73>
      <y73>517</y73>
      <x74>1125</x74>
      <y74>515</y74>
      <x75>1127</x75>
      <y75>510</y75>
      <x76>1128</x76>
      <y76>497</y76>
      <x77>1129</x77>
      <y77>496</y77>
      <x78>1129</x78>
      <y78>484</y78>
      <x79>1132</x79>
      <y79>480</y79>
      <x80>1138</x80>
      <y80>478</y80>
      <x81>1147</x81>
      <y81>473</y81>
      <x82>1149</x82>
      <y82>473</y82>
      <x83>1155</x83>
      <y83>469</y83>
      <x84>1165</x84>
      <y84>469</y84>
      <x85>1189</x85>
      <y85>461</y85>
      <x86>1195</x86>
      <y86>457</y86>
      <x87>1194</x87>
      <y87>450</y87>
      <x88>1191</x88>
      <y88>443</y88>
      <x89>1185</x89>
      <y89>437</y89>
      <x90>1178</x90>
      <y90>424</y90>
      <x91>1171</x91>
      <y91>416</y91>
      <x92>1157</x92>
      <y92>394</y92>
      <x93>1148</x93>
      <y93>383</y93>
      <x94>1140</x94>
      <y94>376</y94>
      <x95>1133</x95>
      <y95>372</y95>
      <x96>1124</x96>
      <y96>369</y96>
      <x97>1119</x97>
      <y97>370</y97>
      <x98>1117</x98>
      <y98>373</y98>
      <x99>1114</x99>
      <y99>371</y99>
      <x100>1114</x100>
      <y100>364</y100>
      <x101>1115</x101>
      <y101>363</y101>
      <x102>1115</x102>
      <y102>348</y102>
      <x103>1114</x103>
      <y103>347</y103>
      <x104>1115</x104>
      <y104>346</y104>
      <x105>1115</x105>
      <y105>336</y105>
      <x106>1117</x106>
      <y106>333</y106>
      <x107>1118</x107>
      <y107>324</y107>
      <x108>1112</x108>
      <y108>311</y108>
    </polygon>
  </object>
</annotation>
