<?xml version="1.0" ?>
<annotation>
  <folder>VOC</folder>
  <filename>88-1.png</filename>
  <source>
    <database>roboflow.ai</database>
  </source>
  <size>
    <width>1792</width>
    <height>1024</height>
    <depth>3</depth>
  </size>
  <segmented>0</segmented>
  <object>
    <name>person</name>
    <bndbox>
      <xmin>972</xmin>
      <ymin>703</ymin>
      <xmax>1019</xmax>
      <ymax>801</ymax>
    </bndbox>
    <polygon>
      <x1>980</x1>
      <y1>703</y1>
      <x2>976</x2>
      <y2>706</y2>
      <x3>976</x3>
      <y3>715</y3>
      <x4>982</x4>
      <y4>723</y4>
      <x5>983</x5>
      <y5>736</y5>
      <x6>980</x6>
      <y6>740</y6>
      <x7>976</x7>
      <y7>740</y7>
      <x8>972</x8>
      <y8>744</y8>
      <x9>980</x9>
      <y9>747</y9>
      <x10>982</x10>
      <y10>750</y10>
      <x11>977</x11>
      <y11>779</y11>
      <x12>977</x12>
      <y12>794</y12>
      <x13>983</x13>
      <y13>801</y13>
      <x14>983</x14>
      <y14>788</y14>
      <x15>986</x15>
      <y15>770</y15>
      <x16>988</x16>
      <y16>765</y16>
      <x17>991</x17>
      <y17>763</y17>
      <x18>998</x18>
      <y18>770</y18>
      <x19>1000</x19>
      <y19>775</y19>
      <x20>1010</x20>
      <y20>784</y20>
      <x21>1010</x21>
      <y21>800</y21>
      <x22>1019</x22>
      <y22>787</y22>
      <x23>1003</x23>
      <y23>762</y23>
      <x24>998</x24>
      <y24>757</y24>
      <x25>998</x25>
      <y25>725</y25>
      <x26>992</x26>
      <y26>711</y26>
      <x27>986</x27>
      <y27>704</y27>
    </polygon>
  </object>
  <object>
    <name>person</name>
    <bndbox>
      <xmin>1124</xmin>
      <ymin>505</ymin>
      <xmax>1144</xmax>
      <ymax>559</ymax>
    </bndbox>
    <polygon>
      <x1>1129</x1>
      <y1>505</y1>
      <x2>1125</x2>
      <y2>513</y2>
      <x3>1124</x3>
      <y3>530</y3>
      <x4>1128</x4>
      <y4>546</y4>
      <x5>1124</x5>
      <y5>547</y5>
      <x6>1124</x6>
      <y6>555</y6>
      <x7>1127</x7>
      <y7>555</y7>
      <x8>1128</x8>
      <y8>548</y8>
      <x9>1131</x9>
      <y9>547</y9>
      <x10>1138</x10>
      <y10>551</y10>
      <x11>1144</x11>
      <y11>559</y11>
      <x12>1143</x12>
      <y12>549</y12>
      <x13>1138</x13>
      <y13>546</y13>
      <x14>1134</x14>
      <y14>509</y14>
      <x15>1132</x15>
      <y15>505</y15>
    </polygon>
  </object>
  <object>
    <name>person</name>
    <bndbox>
      <xmin>1050</xmin>
      <ymin>764</ymin>
      <xmax>1080</xmax>
      <ymax>859</ymax>
    </bndbox>
    <polygon>
      <x1>1068</x1>
      <y1>764</y1>
      <x2>1061</x2>
      <y2>764</y2>
      <x3>1059</x3>
      <y3>767</y3>
      <x4>1060</x4>
      <y4>779</y4>
      <x5>1054</x5>
      <y5>786</y5>
      <x6>1054</x6>
      <y6>802</y6>
      <x7>1050</x7>
      <y7>816</y7>
      <x8>1056</x8>
      <y8>829</y8>
      <x9>1057</x9>
      <y9>850</y9>
      <x10>1060</x10>
      <y10>859</y10>
      <x11>1062</x11>
      <y11>857</y11>
      <x12>1063</x12>
      <y12>831</y12>
      <x13>1066</x13>
      <y13>825</y13>
      <x14>1070</x14>
      <y14>829</y14>
      <x15>1072</x15>
      <y15>850</y15>
      <x16>1076</x16>
      <y16>851</y16>
      <x17>1076</x17>
      <y17>826</y17>
      <x18>1080</x18>
      <y18>816</y18>
      <x19>1079</x19>
      <y19>781</y19>
      <x20>1069</x20>
      <y20>774</y20>
    </polygon>
  </object>
  <object>
    <name>person</name>
    <bndbox>
      <xmin>824</xmin>
      <ymin>461</ymin>
      <xmax>844</xmax>
      <ymax>524</ymax>
    </bndbox>
    <polygon>
      <x1>835</x1>
      <y1>461</y1>
      <x2>829</x2>
      <y2>486</y2>
      <x3>830</x3>
      <y3>504</y3>
      <x4>824</x4>
      <y4>513</y4>
      <x5>824</x5>
      <y5>515</y5>
      <x6>828</x6>
      <y6>520</y6>
      <x7>835</x7>
      <y7>523</y7>
      <x8>842</x8>
      <y8>524</y8>
      <x9>842</x9>
      <y9>515</y9>
      <x10>839</x10>
      <y10>507</y10>
      <x11>839</x11>
      <y11>497</y11>
      <x12>844</x12>
      <y12>485</y12>
      <x13>840</x13>
      <y13>471</y13>
      <x14>840</x14>
      <y14>464</y14>
      <x15>838</x15>
      <y15>461</y15>
    </polygon>
  </object>
  <object>
    <name>person</name>
    <bndbox>
      <xmin>1073</xmin>
      <ymin>691</ymin>
      <xmax>1104</xmax>
      <ymax>759</ymax>
    </bndbox>
    <polygon>
      <x1>1082</x1>
      <y1>691</y1>
      <x2>1075</x2>
      <y2>706</y2>
      <x3>1073</x3>
      <y3>716</y3>
      <x4>1075</x4>
      <y4>724</y4>
      <x5>1075</x5>
      <y5>749</y5>
      <x6>1080</x6>
      <y6>749</y6>
      <x7>1088</x7>
      <y7>752</y7>
      <x8>1088</x8>
      <y8>747</y8>
      <x9>1090</x9>
      <y9>745</y9>
      <x10>1095</x10>
      <y10>745</y10>
      <x11>1097</x11>
      <y11>747</y11>
      <x12>1098</x12>
      <y12>758</y12>
      <x13>1102</x13>
      <y13>759</y13>
      <x14>1104</x14>
      <y14>755</y14>
      <x15>1103</x15>
      <y15>746</y15>
      <x16>1093</x16>
      <y16>728</y16>
      <x17>1092</x17>
      <y17>697</y17>
      <x18>1088</x18>
      <y18>691</y18>
    </polygon>
  </object>
</annotation>
