<?xml version="1.0" ?>
<annotation>
  <folder>VOC</folder>
  <filename>9-2.png</filename>
  <source>
    <database>roboflow.ai</database>
  </source>
  <size>
    <width>1792</width>
    <height>1024</height>
    <depth>3</depth>
  </size>
  <segmented>0</segmented>
  <object>
    <name>person</name>
    <bndbox>
      <xmin>1197</xmin>
      <ymin>739</ymin>
      <xmax>1279</xmax>
      <ymax>905</ymax>
    </bndbox>
    <polygon>
      <x1>1256</x1>
      <y1>739</y1>
      <x2>1247</x2>
      <y2>740</y2>
      <x3>1243</x3>
      <y3>742</y3>
      <x4>1240</x4>
      <y4>747</y4>
      <x5>1240</x5>
      <y5>755</y5>
      <x6>1241</x6>
      <y6>758</y6>
      <x7>1245</x7>
      <y7>763</y7>
      <x8>1249</x8>
      <y8>771</y8>
      <x9>1249</x9>
      <y9>775</y9>
      <x10>1246</x10>
      <y10>780</y10>
      <x11>1233</x11>
      <y11>790</y11>
      <x12>1231</x12>
      <y12>790</y12>
      <x13>1228</x13>
      <y13>792</y13>
      <x14>1226</x14>
      <y14>791</y14>
      <x15>1221</x15>
      <y15>791</y15>
      <x16>1220</x16>
      <y16>792</y16>
      <x17>1220</x17>
      <y17>797</y17>
      <x18>1223</x18>
      <y18>802</y18>
      <x19>1227</x19>
      <y19>806</y19>
      <x20>1234</x20>
      <y20>806</y20>
      <x21>1239</x21>
      <y21>802</y21>
      <x22>1243</x22>
      <y22>801</y22>
      <x23>1246</x23>
      <y23>806</y23>
      <x24>1248</x24>
      <y24>816</y24>
      <x25>1245</x25>
      <y25>824</y25>
      <x26>1230</x26>
      <y26>841</y26>
      <x27>1226</x27>
      <y27>851</y27>
      <x28>1219</x28>
      <y28>862</y28>
      <x29>1219</x29>
      <y29>864</y29>
      <x30>1206</x30>
      <y30>893</y30>
      <x31>1201</x31>
      <y31>898</y31>
      <x32>1197</x32>
      <y32>900</y32>
      <x33>1200</x33>
      <y33>905</y33>
      <x34>1208</x34>
      <y34>904</y34>
      <x35>1213</x35>
      <y35>899</y35>
      <x36>1220</x36>
      <y36>885</y36>
      <x37>1223</x37>
      <y37>882</y37>
      <x38>1226</x38>
      <y38>876</y38>
      <x39>1227</x39>
      <y39>870</y39>
      <x40>1230</x40>
      <y40>865</y40>
      <x41>1240</x41>
      <y41>855</y41>
      <x42>1243</x42>
      <y42>854</y42>
      <x43>1247</x43>
      <y43>851</y43>
      <x44>1248</x44>
      <y44>849</y44>
      <x45>1250</x45>
      <y45>849</y45>
      <x46>1253</x46>
      <y46>853</y46>
      <x47>1253</x47>
      <y47>861</y47>
      <x48>1250</x48>
      <y48>871</y48>
      <x49>1247</x49>
      <y49>876</y49>
      <x50>1245</x50>
      <y50>890</y50>
      <x51>1240</x51>
      <y51>897</y51>
      <x52>1240</x52>
      <y52>900</y52>
      <x53>1248</x53>
      <y53>901</y53>
      <x54>1250</x54>
      <y54>899</y54>
      <x55>1252</x55>
      <y55>890</y55>
      <x56>1261</x56>
      <y56>873</y56>
      <x57>1264</x57>
      <y57>858</y57>
      <x58>1271</x58>
      <y58>847</y58>
      <x59>1278</x59>
      <y59>833</y59>
      <x60>1279</x60>
      <y60>823</y60>
      <x61>1278</x61>
      <y61>822</y61>
      <x62>1278</x62>
      <y62>816</y62>
      <x63>1274</x63>
      <y63>808</y63>
      <x64>1274</x64>
      <y64>793</y64>
      <x65>1278</x65>
      <y65>786</y65>
      <x66>1278</x66>
      <y66>783</y66>
      <x67>1279</x67>
      <y67>782</y67>
      <x68>1279</x68>
      <y68>770</y68>
      <x69>1277</x69>
      <y69>765</y69>
      <x70>1268</x70>
      <y70>755</y70>
      <x71>1268</x71>
      <y71>753</y71>
      <x72>1264</x72>
      <y72>745</y72>
      <x73>1260</x73>
      <y73>741</y73>
    </polygon>
  </object>
  <object>
    <name>person</name>
    <bndbox>
      <xmin>722</xmin>
      <ymin>843</ymin>
      <xmax>886</xmax>
      <ymax>957</ymax>
    </bndbox>
    <polygon>
      <x1>723</x1>
      <y1>873</y1>
      <x2>722</x2>
      <y2>887</y2>
      <x3>726</x3>
      <y3>900</y3>
      <x4>725</x4>
      <y4>913</y4>
      <x5>728</x5>
      <y5>935</y5>
      <x6>722</x6>
      <y6>941</y6>
      <x7>723</x7>
      <y7>942</y7>
      <x8>730</x8>
      <y8>941</y8>
      <x9>735</x9>
      <y9>930</y9>
      <x10>739</x10>
      <y10>914</y10>
      <x11>743</x11>
      <y11>916</y11>
      <x12>756</x12>
      <y12>931</y12>
      <x13>758</x13>
      <y13>939</y13>
      <x14>756</x14>
      <y14>954</y14>
      <x15>758</x15>
      <y15>957</y15>
      <x16>765</x16>
      <y16>956</y16>
      <x17>767</x17>
      <y17>947</y17>
      <x18>770</x18>
      <y18>943</y18>
      <x19>781</x19>
      <y19>942</y19>
      <x20>792</x20>
      <y20>938</y20>
      <x21>797</x21>
      <y21>934</y21>
      <x22>800</x22>
      <y22>934</y22>
      <x23>819</x23>
      <y23>915</y23>
      <x24>826</x24>
      <y24>916</y24>
      <x25>841</x25>
      <y25>924</y25>
      <x26>853</x26>
      <y26>927</y26>
      <x27>858</x27>
      <y27>930</y27>
      <x28>866</x28>
      <y28>930</y28>
      <x29>870</x29>
      <y29>928</y29>
      <x30>884</x30>
      <y30>925</y30>
      <x31>886</x31>
      <y31>922</y31>
      <x32>885</x32>
      <y32>920</y32>
      <x33>876</x33>
      <y33>920</y33>
      <x34>871</x34>
      <y34>922</y34>
      <x35>866</x35>
      <y35>921</y35>
      <x36>843</x36>
      <y36>909</y36>
      <x37>830</x37>
      <y37>905</y37>
      <x38>820</x38>
      <y38>900</y38>
      <x39>815</x39>
      <y39>895</y39>
      <x40>814</x40>
      <y40>892</y40>
      <x41>807</x41>
      <y41>886</y41>
      <x42>798</x42>
      <y42>886</y42>
      <x43>784</x43>
      <y43>895</y43>
      <x44>780</x44>
      <y44>899</y44>
      <x45>778</x45>
      <y45>899</y45>
      <x46>775</x46>
      <y46>896</y46>
      <x47>772</x47>
      <y47>885</y47>
      <x48>767</x48>
      <y48>881</y48>
      <x49>761</x49>
      <y49>879</y49>
      <x50>755</x50>
      <y50>874</y50>
      <x51>755</x51>
      <y51>869</y51>
      <x52>760</x52>
      <y52>859</y52>
      <x53>760</x53>
      <y53>850</y53>
      <x54>758</x54>
      <y54>846</y54>
      <x55>753</x55>
      <y55>843</y55>
      <x56>744</x56>
      <y56>843</y56>
      <x57>739</x57>
      <y57>847</y57>
      <x58>738</x58>
      <y58>849</y58>
      <x59>738</x59>
      <y59>859</y59>
      <x60>740</x60>
      <y60>863</y60>
      <x61>739</x61>
      <y61>868</y61>
      <x62>737</x62>
      <y62>870</y62>
      <x63>725</x63>
      <y63>870</y63>
    </polygon>
  </object>
  <object>
    <name>person</name>
    <bndbox>
      <xmin>989</xmin>
      <ymin>655</ymin>
      <xmax>1054</xmax>
      <ymax>806</ymax>
    </bndbox>
    <polygon>
      <x1>1025</x1>
      <y1>655</y1>
      <x2>1019</x2>
      <y2>661</y2>
      <x3>1019</x3>
      <y3>669</y3>
      <x4>1021</x4>
      <y4>674</y4>
      <x5>1020</x5>
      <y5>678</y5>
      <x6>1017</x6>
      <y6>681</y6>
      <x7>1008</x7>
      <y7>684</y7>
      <x8>1002</x8>
      <y8>693</y8>
      <x9>998</x9>
      <y9>722</y9>
      <x10>993</x10>
      <y10>739</y10>
      <x11>993</x11>
      <y11>753</y11>
      <x12>989</x12>
      <y12>767</y12>
      <x13>991</x13>
      <y13>772</y13>
      <x14>998</x14>
      <y14>772</y14>
      <x15>1018</x15>
      <y15>752</y15>
      <x16>1023</x16>
      <y16>753</y16>
      <x17>1026</x17>
      <y17>757</y17>
      <x18>1034</x18>
      <y18>779</y18>
      <x19>1040</x19>
      <y19>788</y19>
      <x20>1042</x20>
      <y20>794</y20>
      <x21>1041</x21>
      <y21>803</y21>
      <x22>1047</x22>
      <y22>806</y22>
      <x23>1054</x23>
      <y23>802</y23>
      <x24>1054</x24>
      <y24>798</y24>
      <x25>1039</x25>
      <y25>759</y25>
      <x26>1040</x26>
      <y26>740</y26>
      <x27>1044</x27>
      <y27>729</y27>
      <x28>1046</x28>
      <y28>727</y28>
      <x29>1052</x29>
      <y29>727</y29>
      <x30>1053</x30>
      <y30>696</y30>
      <x31>1051</x31>
      <y31>687</y31>
      <x32>1048</x32>
      <y32>683</y32>
      <x33>1042</x33>
      <y33>680</y33>
      <x34>1036</x34>
      <y34>679</y34>
      <x35>1032</x35>
      <y35>676</y35>
      <x36>1034</x36>
      <y36>667</y36>
      <x37>1034</x37>
      <y37>659</y37>
      <x38>1030</x38>
      <y38>655</y38>
    </polygon>
  </object>
  <object>
    <name>person</name>
    <bndbox>
      <xmin>679</xmin>
      <ymin>620</ymin>
      <xmax>734</xmax>
      <ymax>784</ymax>
    </bndbox>
    <polygon>
      <x1>701</x1>
      <y1>620</y1>
      <x2>697</x2>
      <y2>622</y2>
      <x3>695</x3>
      <y3>626</y3>
      <x4>695</x4>
      <y4>643</y4>
      <x5>683</x5>
      <y5>654</y5>
      <x6>683</x6>
      <y6>675</y6>
      <x7>679</x7>
      <y7>707</y7>
      <x8>682</x8>
      <y8>711</y8>
      <x9>689</x9>
      <y9>711</y9>
      <x10>691</x10>
      <y10>715</y10>
      <x11>691</x11>
      <y11>732</y11>
      <x12>688</x12>
      <y12>744</y12>
      <x13>691</x13>
      <y13>764</y13>
      <x14>690</x14>
      <y14>780</y14>
      <x15>699</x15>
      <y15>778</y15>
      <x16>699</x16>
      <y16>746</y16>
      <x17>704</x17>
      <y17>736</y17>
      <x18>705</x18>
      <y18>770</y18>
      <x19>703</x19>
      <y19>779</y19>
      <x20>706</x20>
      <y20>783</y20>
      <x21>710</x21>
      <y21>784</y21>
      <x22>712</x22>
      <y22>781</y22>
      <x23>712</x23>
      <y23>765</y23>
      <x24>715</x24>
      <y24>756</y24>
      <x25>719</x25>
      <y25>725</y25>
      <x26>721</x26>
      <y26>720</y26>
      <x27>722</x27>
      <y27>700</y27>
      <x28>724</x28>
      <y28>698</y28>
      <x29>726</x29>
      <y29>700</y29>
      <x30>726</x30>
      <y30>704</y30>
      <x31>730</x31>
      <y31>709</y31>
      <x32>733</x32>
      <y32>707</y32>
      <x33>734</x33>
      <y33>703</y33>
      <x34>730</x34>
      <y34>683</y34>
      <x35>724</x35>
      <y35>667</y35>
      <x36>722</x36>
      <y36>654</y36>
      <x37>718</x37>
      <y37>649</y37>
      <x38>712</x38>
      <y38>647</y38>
      <x39>709</x39>
      <y39>644</y39>
      <x40>709</x40>
      <y40>624</y40>
      <x41>706</x41>
      <y41>621</y41>
    </polygon>
  </object>
  <object>
    <name>person</name>
    <bndbox>
      <xmin>1087</xmin>
      <ymin>640</ymin>
      <xmax>1141</xmax>
      <ymax>792</ymax>
    </bndbox>
    <polygon>
      <x1>1109</x1>
      <y1>640</y1>
      <x2>1105</x2>
      <y2>645</y2>
      <x3>1105</x3>
      <y3>653</y3>
      <x4>1108</x4>
      <y4>659</y4>
      <x5>1108</x5>
      <y5>665</y5>
      <x6>1099</x6>
      <y6>675</y6>
      <x7>1099</x7>
      <y7>682</y7>
      <x8>1096</x8>
      <y8>697</y8>
      <x9>1087</x9>
      <y9>722</y9>
      <x10>1087</x10>
      <y10>733</y10>
      <x11>1089</x11>
      <y11>735</y11>
      <x12>1092</x12>
      <y12>732</y12>
      <x13>1093</x13>
      <y13>721</y13>
      <x14>1098</x14>
      <y14>714</y14>
      <x15>1100</x15>
      <y15>705</y15>
      <x16>1103</x16>
      <y16>703</y16>
      <x17>1106</x17>
      <y17>706</y17>
      <x18>1107</x18>
      <y18>713</y18>
      <x19>1102</x19>
      <y19>727</y19>
      <x20>1103</x20>
      <y20>736</y20>
      <x21>1102</x21>
      <y21>748</y21>
      <x22>1105</x22>
      <y22>760</y22>
      <x23>1114</x23>
      <y23>777</y23>
      <x24>1114</x24>
      <y24>789</y24>
      <x25>1115</x25>
      <y25>791</y25>
      <x26>1118</x26>
      <y26>792</y26>
      <x27>1123</x27>
      <y27>787</y27>
      <x28>1122</x28>
      <y28>775</y28>
      <x29>1128</x29>
      <y29>756</y29>
      <x30>1128</x30>
      <y30>742</y30>
      <x31>1132</x31>
      <y31>729</y31>
      <x32>1136</x32>
      <y32>722</y32>
      <x33>1137</x33>
      <y33>712</y33>
      <x34>1141</x34>
      <y34>702</y34>
      <x35>1141</x35>
      <y35>695</y35>
      <x36>1138</x36>
      <y36>679</y36>
      <x37>1134</x37>
      <y37>668</y37>
      <x38>1123</x38>
      <y38>660</y38>
      <x39>1121</x39>
      <y39>655</y39>
      <x40>1121</x40>
      <y40>647</y40>
      <x41>1119</x41>
      <y41>643</y41>
      <x42>1115</x42>
      <y42>640</y42>
    </polygon>
  </object>
</annotation>
