<?xml version="1.0" ?>
<annotation>
  <folder>VOC</folder>
  <filename>97-2.png</filename>
  <source>
    <database>roboflow.ai</database>
  </source>
  <size>
    <width>1792</width>
    <height>1024</height>
    <depth>3</depth>
  </size>
  <segmented>0</segmented>
  <object>
    <name>person</name>
    <bndbox>
      <xmin>925</xmin>
      <ymin>456</ymin>
      <xmax>1246</xmax>
      <ymax>947</ymax>
    </bndbox>
    <polygon>
      <x1>1068</x1>
      <y1>456</y1>
      <x2>1056</x2>
      <y2>456</y2>
      <x3>1055</x3>
      <y3>457</y3>
      <x4>1048</x4>
      <y4>457</y4>
      <x5>1043</x5>
      <y5>459</y5>
      <x6>1029</x6>
      <y6>471</y6>
      <x7>1025</x7>
      <y7>478</y7>
      <x8>1023</x8>
      <y8>485</y8>
      <x9>1023</x9>
      <y9>501</y9>
      <x10>1033</x10>
      <y10>522</y10>
      <x11>1032</x11>
      <y11>532</y11>
      <x12>1027</x12>
      <y12>535</y12>
      <x13>1013</x13>
      <y13>540</y13>
      <x14>1000</x14>
      <y14>541</y14>
      <x15>983</x15>
      <y15>550</y15>
      <x16>984</x16>
      <y16>555</y16>
      <x17>986</x17>
      <y17>557</y17>
      <x18>988</x18>
      <y18>557</y18>
      <x19>1005</x19>
      <y19>566</y19>
      <x20>1015</x20>
      <y20>565</y20>
      <x21>1016</x21>
      <y21>564</y21>
      <x22>1027</x22>
      <y22>564</y22>
      <x23>1028</x23>
      <y23>563</y23>
      <x24>1032</x24>
      <y24>564</y24>
      <x25>1029</x25>
      <y25>567</y25>
      <x26>1029</x26>
      <y26>570</y26>
      <x27>1027</x27>
      <y27>572</y27>
      <x28>1025</x28>
      <y28>580</y28>
      <x29>1025</x29>
      <y29>585</y29>
      <x30>1028</x30>
      <y30>592</y30>
      <x31>1027</x31>
      <y31>593</y31>
      <x32>1027</x32>
      <y32>602</y32>
      <x33>1021</x33>
      <y33>617</y33>
      <x34>1020</x34>
      <y34>625</y34>
      <x35>1016</x35>
      <y35>635</y35>
      <x36>1009</x36>
      <y36>663</y36>
      <x37>1007</x37>
      <y37>667</y37>
      <x38>1006</x38>
      <y38>676</y38>
      <x39>1007</x39>
      <y39>677</y39>
      <x40>1008</x40>
      <y40>698</y40>
      <x41>1004</x41>
      <y41>710</y41>
      <x42>999</x42>
      <y42>719</y42>
      <x43>994</x43>
      <y43>724</y43>
      <x44>989</x44>
      <y44>726</y44>
      <x45>970</x45>
      <y45>726</y45>
      <x46>969</x46>
      <y46>727</y46>
      <x47>945</x47>
      <y47>726</y47>
      <x48>940</x48>
      <y48>728</y48>
      <x49>927</x49>
      <y49>728</y49>
      <x50>925</x50>
      <y50>732</y50>
      <x51>925</x51>
      <y51>739</y51>
      <x52>929</x52>
      <y52>753</y52>
      <x53>934</x53>
      <y53>762</y53>
      <x54>939</x54>
      <y54>767</y54>
      <x55>949</x55>
      <y55>768</y55>
      <x56>953</x56>
      <y56>770</y56>
      <x57>966</x57>
      <y57>783</y57>
      <x58>976</x58>
      <y58>784</y58>
      <x59>980</x59>
      <y59>786</y59>
      <x60>984</x60>
      <y60>793</y60>
      <x61>994</x61>
      <y61>798</y61>
      <x62>1003</x62>
      <y62>806</y62>
      <x63>1012</x63>
      <y63>818</y63>
      <x64>1026</x64>
      <y64>824</y64>
      <x65>1038</x65>
      <y65>826</y65>
      <x66>1042</x66>
      <y66>830</y66>
      <x67>1037</x67>
      <y67>855</y67>
      <x68>1037</x68>
      <y68>871</y68>
      <x69>1038</x69>
      <y69>872</y69>
      <x70>1040</x70>
      <y70>893</y70>
      <x71>1037</x71>
      <y71>899</y71>
      <x72>1036</x72>
      <y72>908</y72>
      <x73>1030</x73>
      <y73>919</y73>
      <x74>1026</x74>
      <y74>920</y74>
      <x75>1022</x75>
      <y75>924</y75>
      <x76>1018</x76>
      <y76>926</y76>
      <x77>1012</x77>
      <y77>926</y77>
      <x78>1010</x78>
      <y78>930</y78>
      <x79>1010</x79>
      <y79>942</y79>
      <x80>1012</x80>
      <y80>944</y80>
      <x81>1015</x81>
      <y81>944</y81>
      <x82>1018</x82>
      <y82>947</y82>
      <x83>1027</x83>
      <y83>947</y83>
      <x84>1028</x84>
      <y84>946</y84>
      <x85>1038</x85>
      <y85>945</y85>
      <x86>1064</x86>
      <y86>936</y86>
      <x87>1081</x87>
      <y87>934</y87>
      <x88>1090</x88>
      <y88>930</y88>
      <x89>1113</x89>
      <y89>915</y89>
      <x90>1113</x90>
      <y90>911</y90>
      <x91>1110</x91>
      <y91>909</y91>
      <x92>1099</x92>
      <y92>909</y92>
      <x93>1091</x93>
      <y93>903</y93>
      <x94>1079</x94>
      <y94>899</y94>
      <x95>1068</x95>
      <y95>899</y95>
      <x96>1064</x96>
      <y96>892</y96>
      <x97>1068</x97>
      <y97>883</y97>
      <x98>1068</x98>
      <y98>879</y98>
      <x99>1073</x99>
      <y99>869</y99>
      <x100>1076</x100>
      <y100>866</y100>
      <x101>1080</x101>
      <y101>865</y101>
      <x102>1082</x102>
      <y102>863</y102>
      <x103>1084</x103>
      <y103>857</y103>
      <x104>1088</x104>
      <y104>851</y104>
      <x105>1089</x105>
      <y105>845</y105>
      <x106>1097</x106>
      <y106>823</y106>
      <x107>1105</x107>
      <y107>813</y107>
      <x108>1107</x108>
      <y108>806</y108>
      <x109>1115</x109>
      <y109>793</y109>
      <x110>1116</x110>
      <y110>787</y110>
      <x111>1121</x111>
      <y111>778</y111>
      <x112>1124</x112>
      <y112>764</y112>
      <x113>1131</x113>
      <y113>748</y113>
      <x114>1132</x114>
      <y114>736</y114>
      <x115>1130</x115>
      <y115>731</y115>
      <x116>1124</x116>
      <y116>725</y116>
      <x117>1106</x117>
      <y117>718</y117>
      <x118>1094</x118>
      <y118>716</y118>
      <x119>1088</x119>
      <y119>713</y119>
      <x120>1080</x120>
      <y120>712</y120>
      <x121>1069</x121>
      <y121>708</y121>
      <x122>1065</x122>
      <y122>708</y122>
      <x123>1057</x123>
      <y123>701</y123>
      <x124>1053</x124>
      <y124>701</y124>
      <x125>1046</x125>
      <y125>706</y125>
      <x126>1039</x126>
      <y126>703</y126>
      <x127>1039</x127>
      <y127>694</y127>
      <x128>1041</x128>
      <y128>691</y128>
      <x129>1042</x129>
      <y129>682</y129>
      <x130>1050</x130>
      <y130>674</y130>
      <x131>1053</x131>
      <y131>665</y131>
      <x132>1056</x132>
      <y132>661</y132>
      <x133>1059</x133>
      <y133>660</y133>
      <x134>1063</x134>
      <y134>656</y134>
      <x135>1065</x135>
      <y135>650</y135>
      <x136>1068</x136>
      <y136>647</y136>
      <x137>1073</x137>
      <y137>655</y137>
      <x138>1091</x138>
      <y138>665</y138>
      <x139>1101</x139>
      <y139>669</y139>
      <x140>1118</x140>
      <y140>681</y140>
      <x141>1126</x141>
      <y141>682</y141>
      <x142>1129</x142>
      <y142>684</y142>
      <x143>1139</x143>
      <y143>684</y143>
      <x144>1142</x144>
      <y144>681</y144>
      <x145>1141</x145>
      <y145>680</y145>
      <x146>1141</x146>
      <y146>674</y146>
      <x147>1146</x147>
      <y147>673</y147>
      <x148>1151</x148>
      <y148>677</y148>
      <x149>1152</x149>
      <y149>681</y149>
      <x150>1155</x150>
      <y150>684</y150>
      <x151>1157</x151>
      <y151>684</y151>
      <x152>1167</x152>
      <y152>692</y152>
      <x153>1180</x153>
      <y153>699</y153>
      <x154>1183</x154>
      <y154>699</y154>
      <x155>1196</x155>
      <y155>705</y155>
      <x156>1201</x156>
      <y156>706</y156>
      <x157>1205</x157>
      <y157>710</y157>
      <x158>1204</x158>
      <y158>718</y158>
      <x159>1209</x159>
      <y159>735</y159>
      <x160>1211</x160>
      <y160>737</y160>
      <x161>1214</x161>
      <y161>738</y161>
      <x162>1216</x162>
      <y162>737</y162>
      <x163>1236</x163>
      <y163>738</y163>
      <x164>1241</x164>
      <y164>736</y164>
      <x165>1246</x165>
      <y165>729</y165>
      <x166>1246</x166>
      <y166>718</y166>
      <x167>1245</x167>
      <y167>716</y167>
      <x168>1223</x168>
      <y168>699</y168>
      <x169>1187</x169>
      <y169>662</y169>
      <x170>1171</x170>
      <y170>653</y170>
      <x171>1153</x171>
      <y171>636</y171>
      <x172>1132</x172>
      <y172>610</y172>
      <x173>1130</x173>
      <y173>604</y173>
      <x174>1122</x174>
      <y174>592</y174>
      <x175>1109</x175>
      <y175>579</y175>
      <x176>1084</x176>
      <y176>561</y176>
      <x177>1076</x177>
      <y177>559</y177>
      <x178>1071</x178>
      <y178>556</y178>
      <x179>1071</x179>
      <y179>552</y179>
      <x180>1074</x180>
      <y180>546</y180>
      <x181>1079</x181>
      <y181>542</y181>
      <x182>1088</x182>
      <y182>540</y182>
      <x183>1094</x183>
      <y183>533</y183>
      <x184>1095</x184>
      <y184>530</y184>
      <x185>1096</x185>
      <y185>499</y185>
      <x186>1092</x186>
      <y186>494</y186>
      <x187>1093</x187>
      <y187>492</y187>
      <x188>1097</x188>
      <y188>489</y188>
      <x189>1111</x189>
      <y189>486</y189>
      <x190>1113</x190>
      <y190>484</y190>
      <x191>1114</x191>
      <y191>478</y191>
      <x192>1109</x192>
      <y192>472</y192>
      <x193>1104</x193>
      <y193>469</y193>
      <x194>1092</x194>
      <y194>467</y194>
      <x195>1081</x195>
      <y195>462</y195>
      <x196>1076</x196>
      <y196>458</y196>
    </polygon>
  </object>
</annotation>
