<?xml version="1.0" ?>
<annotation>
  <folder>VOC</folder>
  <filename>98-2.png</filename>
  <source>
    <database>roboflow.ai</database>
  </source>
  <size>
    <width>1792</width>
    <height>1024</height>
    <depth>3</depth>
  </size>
  <segmented>0</segmented>
  <object>
    <name>person</name>
    <bndbox>
      <xmin>786</xmin>
      <ymin>351</ymin>
      <xmax>1085</xmax>
      <ymax>681</ymax>
    </bndbox>
    <polygon>
      <x1>1062</x1>
      <y1>352</y1>
      <x2>1052</x2>
      <y2>351</y2>
      <x3>1051</x3>
      <y3>352</y3>
      <x4>1039</x4>
      <y4>353</y4>
      <x5>1024</x5>
      <y5>365</y5>
      <x6>1023</x6>
      <y6>369</y6>
      <x7>1024</x7>
      <y7>370</y7>
      <x8>1024</x8>
      <y8>373</y8>
      <x9>1027</x9>
      <y9>377</y9>
      <x10>1028</x10>
      <y10>391</y10>
      <x11>1029</x11>
      <y11>392</y11>
      <x12>1029</x12>
      <y12>402</y12>
      <x13>1032</x13>
      <y13>408</y13>
      <x14>1031</x14>
      <y14>412</y14>
      <x15>1027</x15>
      <y15>416</y15>
      <x16>1024</x16>
      <y16>417</y16>
      <x17>1011</x17>
      <y17>418</y17>
      <x18>995</x18>
      <y18>426</y18>
      <x19>981</x19>
      <y19>445</y19>
      <x20>980</x20>
      <y20>450</y20>
      <x21>975</x21>
      <y21>457</y21>
      <x22>973</x22>
      <y22>463</y22>
      <x23>965</x23>
      <y23>472</y23>
      <x24>963</x24>
      <y24>477</y24>
      <x25>955</x25>
      <y25>487</y25>
      <x26>950</x26>
      <y26>497</y26>
      <x27>948</x27>
      <y27>499</y27>
      <x28>941</x28>
      <y28>498</y28>
      <x29>934</x29>
      <y29>494</y29>
      <x30>930</x30>
      <y30>494</y30>
      <x31>920</x31>
      <y31>491</y31>
      <x32>914</x32>
      <y32>491</y32>
      <x33>908</x33>
      <y33>493</y33>
      <x34>895</x34>
      <y34>505</y34>
      <x35>873</x35>
      <y35>531</y35>
      <x36>862</x36>
      <y36>538</y36>
      <x37>842</x37>
      <y37>559</y37>
      <x38>831</x38>
      <y38>559</y38>
      <x39>825</x39>
      <y39>561</y39>
      <x40>817</x40>
      <y40>561</y40>
      <x41>816</x41>
      <y41>562</y41>
      <x42>803</x42>
      <y42>563</y42>
      <x43>802</x43>
      <y43>564</y43>
      <x44>801</x44>
      <y44>563</y44>
      <x45>790</x45>
      <y45>563</y45>
      <x46>787</x46>
      <y46>565</y46>
      <x47>786</x47>
      <y47>571</y47>
      <x48>791</x48>
      <y48>578</y48>
      <x49>797</x49>
      <y49>584</y49>
      <x50>811</x50>
      <y50>589</y50>
      <x51>814</x51>
      <y51>591</y51>
      <x52>821</x52>
      <y52>592</y52>
      <x53>828</x53>
      <y53>595</y53>
      <x54>832</x54>
      <y54>595</y54>
      <x55>838</x55>
      <y55>597</y55>
      <x56>851</x56>
      <y56>597</y56>
      <x57>854</x57>
      <y57>595</y57>
      <x58>856</x58>
      <y58>591</y58>
      <x59>857</x59>
      <y59>581</y59>
      <x60>858</x60>
      <y60>580</y60>
      <x61>858</x61>
      <y61>573</y61>
      <x62>861</x62>
      <y62>569</y62>
      <x63>893</x63>
      <y63>552</y63>
      <x64>900</x64>
      <y64>546</y64>
      <x65>904</x65>
      <y65>544</y65>
      <x66>913</x66>
      <y66>533</y66>
      <x67>919</x67>
      <y67>531</y67>
      <x68>922</x68>
      <y68>533</y68>
      <x69>922</x69>
      <y69>536</y69>
      <x70>920</x70>
      <y70>539</y70>
      <x71>914</x71>
      <y71>557</y71>
      <x72>912</x72>
      <y72>583</y72>
      <x73>911</x73>
      <y73>584</y73>
      <x74>911</x74>
      <y74>590</y74>
      <x75>910</x75>
      <y75>591</y75>
      <x76>909</x76>
      <y76>601</y76>
      <x77>908</x77>
      <y77>602</y77>
      <x78>908</x78>
      <y78>608</y78>
      <x79>907</x79>
      <y79>609</y79>
      <x80>907</x80>
      <y80>616</y80>
      <x81>905</x81>
      <y81>623</y81>
      <x82>904</x82>
      <y82>635</y82>
      <x83>895</x83>
      <y83>646</y83>
      <x84>891</x84>
      <y84>654</y84>
      <x85>887</x85>
      <y85>666</y85>
      <x86>888</x86>
      <y86>674</y86>
      <x87>901</x87>
      <y87>681</y87>
      <x88>908</x88>
      <y88>681</y88>
      <x89>913</x89>
      <y89>673</y89>
      <x90>914</x90>
      <y90>667</y90>
      <x91>916</x91>
      <y91>663</y91>
      <x92>924</x92>
      <y92>654</y92>
      <x93>924</x93>
      <y93>650</y93>
      <x94>925</x94>
      <y94>649</y94>
      <x95>924</x95>
      <y95>637</y95>
      <x96>925</x96>
      <y96>636</y96>
      <x97>925</x97>
      <y97>632</y97>
      <x98>927</x98>
      <y98>626</y98>
      <x99>927</x99>
      <y99>621</y99>
      <x100>933</x100>
      <y100>604</y100>
      <x101>937</x101>
      <y101>597</y101>
      <x102>942</x102>
      <y102>577</y102>
      <x103>947</x103>
      <y103>567</y103>
      <x104>953</x104>
      <y104>561</y104>
      <x105>957</x105>
      <y105>561</y105>
      <x106>965</x106>
      <y106>565</y106>
      <x107>972</x107>
      <y107>566</y107>
      <x108>977</x108>
      <y108>568</y108>
      <x109>988</x109>
      <y109>568</y109>
      <x110>1008</x110>
      <y110>562</y110>
      <x111>1016</x111>
      <y111>557</y111>
      <x112>1018</x112>
      <y112>549</y112>
      <x113>1023</x113>
      <y113>543</y113>
      <x114>1024</x114>
      <y114>540</y114>
      <x115>1028</x115>
      <y115>536</y115>
      <x116>1034</x116>
      <y116>535</y116>
      <x117>1040</x117>
      <y117>538</y117>
      <x118>1046</x118>
      <y118>539</y118>
      <x119>1051</x119>
      <y119>537</y119>
      <x120>1056</x120>
      <y120>533</y120>
      <x121>1064</x121>
      <y121>521</y121>
      <x122>1069</x122>
      <y122>511</y122>
      <x123>1069</x123>
      <y123>509</y123>
      <x124>1073</x124>
      <y124>502</y124>
      <x125>1073</x125>
      <y125>500</y125>
      <x126>1079</x126>
      <y126>487</y126>
      <x127>1081</x127>
      <y127>478</y127>
      <x128>1084</x128>
      <y128>472</y128>
      <x129>1084</x129>
      <y129>469</y129>
      <x130>1085</x130>
      <y130>468</y130>
      <x131>1085</x131>
      <y131>449</y131>
      <x132>1082</x132>
      <y132>443</y132>
      <x133>1081</x133>
      <y133>437</y133>
      <x134>1076</x134>
      <y134>427</y134>
      <x135>1068</x135>
      <y135>419</y135>
      <x136>1065</x136>
      <y136>418</y136>
      <x137>1062</x137>
      <y137>415</y137>
      <x138>1063</x138>
      <y138>403</y138>
      <x139>1068</x139>
      <y139>393</y139>
      <x140>1069</x140>
      <y140>380</y140>
      <x141>1073</x141>
      <y141>373</y141>
      <x142>1073</x142>
      <y142>366</y142>
      <x143>1069</x143>
      <y143>358</y143>
      <x144>1066</x144>
      <y144>354</y144>
    </polygon>
  </object>
  <object>
    <name>person</name>
    <bndbox>
      <xmin>1060</xmin>
      <ymin>394</ymin>
      <xmax>1327</xmax>
      <ymax>752</ymax>
    </bndbox>
    <polygon>
      <x1>1256</x1>
      <y1>396</y1>
      <x2>1247</x2>
      <y2>394</y2>
      <x3>1233</x3>
      <y3>400</y3>
      <x4>1226</x4>
      <y4>405</y4>
      <x5>1224</x5>
      <y5>410</y5>
      <x6>1228</x6>
      <y6>420</y6>
      <x7>1228</x7>
      <y7>430</y7>
      <x8>1229</x8>
      <y8>431</y8>
      <x9>1231</x9>
      <y9>443</y9>
      <x10>1235</x10>
      <y10>457</y10>
      <x11>1234</x11>
      <y11>461</y11>
      <x12>1232</x12>
      <y12>463</y12>
      <x13>1227</x13>
      <y13>464</y13>
      <x14>1222</x14>
      <y14>468</y14>
      <x15>1217</x15>
      <y15>470</y15>
      <x16>1209</x16>
      <y16>477</y16>
      <x17>1198</x17>
      <y17>498</y17>
      <x18>1195</x18>
      <y18>507</y18>
      <x19>1194</x19>
      <y19>514</y19>
      <x20>1184</x20>
      <y20>540</y20>
      <x21>1179</x21>
      <y21>543</y21>
      <x22>1172</x22>
      <y22>543</y22>
      <x23>1165</x23>
      <y23>545</y23>
      <x24>1158</x24>
      <y24>553</y24>
      <x25>1153</x25>
      <y25>563</y25>
      <x26>1153</x26>
      <y26>566</y26>
      <x27>1151</x27>
      <y27>569</y27>
      <x28>1151</x28>
      <y28>571</y28>
      <x29>1144</x29>
      <y29>584</y29>
      <x30>1143</x30>
      <y30>589</y30>
      <x31>1139</x31>
      <y31>596</y31>
      <x32>1139</x32>
      <y32>598</y32>
      <x33>1124</x33>
      <y33>628</y33>
      <x34>1119</x34>
      <y34>635</y34>
      <x35>1112</x35>
      <y35>649</y35>
      <x36>1103</x36>
      <y36>662</y36>
      <x37>1102</x37>
      <y37>665</y37>
      <x38>1097</x38>
      <y38>671</y38>
      <x39>1094</x39>
      <y39>672</y39>
      <x40>1084</x40>
      <y40>683</y40>
      <x41>1061</x41>
      <y41>705</y41>
      <x42>1061</x42>
      <y42>708</y42>
      <x43>1060</x43>
      <y43>709</y43>
      <x44>1061</x44>
      <y44>711</y44>
      <x45>1065</x45>
      <y45>714</y45>
      <x46>1072</x46>
      <y46>716</y46>
      <x47>1088</x47>
      <y47>716</y47>
      <x48>1101</x48>
      <y48>712</y48>
      <x49>1107</x49>
      <y49>712</y49>
      <x50>1109</x50>
      <y50>714</y50>
      <x51>1109</x51>
      <y51>716</y51>
      <x52>1097</x52>
      <y52>728</y52>
      <x53>1088</x53>
      <y53>733</y53>
      <x54>1081</x54>
      <y54>739</y54>
      <x55>1080</x55>
      <y55>746</y55>
      <x56>1084</x56>
      <y56>751</y56>
      <x57>1087</x57>
      <y57>752</y57>
      <x58>1108</x58>
      <y58>751</y58>
      <x59>1119</x59>
      <y59>747</y59>
      <x60>1124</x60>
      <y60>747</y60>
      <x61>1131</x61>
      <y61>744</y61>
      <x62>1135</x62>
      <y62>737</y62>
      <x63>1137</x63>
      <y63>721</y63>
      <x64>1139</x64>
      <y64>717</y64>
      <x65>1143</x65>
      <y65>713</y65>
      <x66>1155</x66>
      <y66>691</y66>
      <x67>1162</x67>
      <y67>682</y67>
      <x68>1164</x68>
      <y68>676</y68>
      <x69>1167</x69>
      <y69>673</y69>
      <x70>1170</x70>
      <y70>667</y70>
      <x71>1170</x71>
      <y71>665</y71>
      <x72>1176</x72>
      <y72>655</y72>
      <x73>1179</x73>
      <y73>638</y73>
      <x74>1183</x74>
      <y74>631</y74>
      <x75>1193</x75>
      <y75>622</y75>
      <x76>1196</x76>
      <y76>622</y76>
      <x77>1202</x77>
      <y77>624</y77>
      <x78>1212</x78>
      <y78>632</y78>
      <x79>1219</x79>
      <y79>634</y79>
      <x80>1228</x80>
      <y80>634</y80>
      <x81>1241</x81>
      <y81>630</y81>
      <x82>1244</x82>
      <y82>628</y82>
      <x83>1250</x83>
      <y83>621</y83>
      <x84>1262</x84>
      <y84>615</y84>
      <x85>1264</x85>
      <y85>608</y85>
      <x86>1264</x86>
      <y86>601</y86>
      <x87>1268</x87>
      <y87>590</y87>
      <x88>1268</x88>
      <y88>576</y88>
      <x89>1271</x89>
      <y89>572</y89>
      <x90>1287</x90>
      <y90>562</y90>
      <x91>1292</x91>
      <y91>560</y91>
      <x92>1298</x92>
      <y92>555</y92>
      <x93>1309</x93>
      <y93>550</y93>
      <x94>1311</x94>
      <y94>548</y94>
      <x95>1313</x95>
      <y95>548</y95>
      <x96>1325</x96>
      <y96>541</y96>
      <x97>1327</x97>
      <y97>535</y97>
      <x98>1326</x98>
      <y98>533</y98>
      <x99>1326</x99>
      <y99>520</y99>
      <x100>1325</x100>
      <y100>519</y100>
      <x101>1325</x101>
      <y101>512</y101>
      <x102>1324</x102>
      <y102>511</y102>
      <x103>1324</x103>
      <y103>506</y103>
      <x104>1321</x104>
      <y104>498</y104>
      <x105>1321</x105>
      <y105>495</y105>
      <x106>1316</x106>
      <y106>485</y106>
      <x107>1304</x107>
      <y107>472</y107>
      <x108>1289</x108>
      <y108>465</y108>
      <x109>1284</x109>
      <y109>465</y109>
      <x110>1283</x110>
      <y110>464</y110>
      <x111>1282</x111>
      <y111>465</y111>
      <x112>1277</x112>
      <y112>465</y112>
      <x113>1272</x113>
      <y113>460</y113>
      <x114>1267</x114>
      <y114>448</y114>
      <x115>1267</x115>
      <y115>443</y115>
      <x116>1269</x116>
      <y116>441</y116>
      <x117>1270</x117>
      <y117>433</y117>
      <x118>1271</x118>
      <y118>432</y118>
      <x119>1271</x119>
      <y119>418</y119>
      <x120>1270</x120>
      <y120>417</y120>
      <x121>1270</x121>
      <y121>413</y121>
      <x122>1267</x122>
      <y122>406</y122>
    </polygon>
  </object>
  <object>
    <name>person</name>
    <bndbox>
      <xmin>611</xmin>
      <ymin>324</ymin>
      <xmax>794</xmax>
      <ymax>611</ymax>
    </bndbox>
    <polygon>
      <x1>642</x1>
      <y1>326</y1>
      <x2>632</x2>
      <y2>337</y2>
      <x3>625</x3>
      <y3>352</y3>
      <x4>622</x4>
      <y4>363</y4>
      <x5>619</x5>
      <y5>367</y5>
      <x6>618</x6>
      <y6>373</y6>
      <x7>612</x7>
      <y7>388</y7>
      <x8>615</x8>
      <y8>395</y8>
      <x9>611</x9>
      <y9>405</y9>
      <x10>611</x10>
      <y10>417</y10>
      <x11>618</x11>
      <y11>437</y11>
      <x12>622</x12>
      <y12>459</y12>
      <x13>624</x13>
      <y13>464</y13>
      <x14>630</x14>
      <y14>468</y14>
      <x15>633</x15>
      <y15>472</y15>
      <x16>632</x16>
      <y16>475</y16>
      <x17>632</x17>
      <y17>491</y17>
      <x18>635</x18>
      <y18>501</y18>
      <x19>640</x19>
      <y19>506</y19>
      <x20>648</x20>
      <y20>509</y20>
      <x21>680</x21>
      <y21>515</y21>
      <x22>695</x22>
      <y22>515</y22>
      <x23>703</x23>
      <y23>519</y23>
      <x24>714</x24>
      <y24>521</y24>
      <x25>718</x25>
      <y25>523</y25>
      <x26>727</x26>
      <y26>533</y26>
      <x27>740</x27>
      <y27>553</y27>
      <x28>751</x28>
      <y28>564</y28>
      <x29>756</x29>
      <y29>571</y29>
      <x30>759</x30>
      <y30>580</y30>
      <x31>761</x31>
      <y31>582</y31>
      <x32>770</x32>
      <y32>601</y32>
      <x33>774</x33>
      <y33>605</y33>
      <x34>776</x34>
      <y34>605</y34>
      <x35>781</x35>
      <y35>611</y35>
      <x36>783</x36>
      <y36>609</y36>
      <x37>787</x37>
      <y37>609</y37>
      <x38>792</x38>
      <y38>607</y38>
      <x39>794</x39>
      <y39>605</y39>
      <x40>794</x40>
      <y40>602</y40>
      <x41>791</x41>
      <y41>592</y41>
      <x42>767</x42>
      <y42>564</y42>
      <x43>766</x43>
      <y43>557</y43>
      <x44>752</x44>
      <y44>527</y44>
      <x45>752</x45>
      <y45>524</y45>
      <x46>741</x46>
      <y46>492</y46>
      <x47>733</x47>
      <y47>477</y47>
      <x48>731</x48>
      <y48>475</y48>
      <x49>725</x49>
      <y49>473</y49>
      <x50>705</x50>
      <y50>472</y50>
      <x51>695</x51>
      <y51>474</y51>
      <x52>692</x52>
      <y52>471</y52>
      <x53>693</x53>
      <y53>470</y53>
      <x54>693</x54>
      <y54>461</y54>
      <x55>695</x55>
      <y55>456</y55>
      <x56>695</x56>
      <y56>450</y56>
      <x57>697</x57>
      <y57>443</y57>
      <x58>697</x58>
      <y58>430</y58>
      <x59>691</x59>
      <y59>417</y59>
      <x60>684</x60>
      <y60>395</y60>
      <x61>684</x61>
      <y61>392</y61>
      <x62>679</x62>
      <y62>380</y62>
      <x63>675</x63>
      <y63>376</y63>
      <x64>668</x64>
      <y64>376</y64>
      <x65>667</x65>
      <y65>375</y65>
      <x66>672</x66>
      <y66>371</y66>
      <x67>672</x67>
      <y67>354</y67>
      <x68>671</x68>
      <y68>353</y68>
      <x69>670</x69>
      <y69>340</y69>
      <x70>663</x70>
      <y70>336</y70>
      <x71>663</x71>
      <y71>333</y71>
      <x72>657</x72>
      <y72>326</y72>
      <x73>653</x73>
      <y73>324</y73>
      <x74>647</x74>
      <y74>324</y74>
    </polygon>
  </object>
</annotation>
