<?xml version="1.0" ?>
<annotation>
  <folder>VOC</folder>
  <filename>99-1.png</filename>
  <source>
    <database>roboflow.ai</database>
  </source>
  <size>
    <width>1792</width>
    <height>1024</height>
    <depth>3</depth>
  </size>
  <segmented>0</segmented>
  <object>
    <name>person</name>
    <bndbox>
      <xmin>291</xmin>
      <ymin>0</ymin>
      <xmax>1363</xmax>
      <ymax>1019</ymax>
    </bndbox>
    <polygon>
      <x1>433</x1>
      <y1>23</y1>
      <x2>433</x2>
      <y2>34</y2>
      <x3>431</x3>
      <y3>37</y3>
      <x4>418</x4>
      <y4>44</y4>
      <x5>408</x5>
      <y5>57</y5>
      <x6>406</x6>
      <y6>68</y6>
      <x7>401</x7>
      <y7>79</y7>
      <x8>401</x8>
      <y8>94</y8>
      <x9>392</x9>
      <y9>100</y9>
      <x10>390</x10>
      <y10>106</y10>
      <x11>386</x11>
      <y11>110</y11>
      <x12>385</x12>
      <y12>123</y12>
      <x13>377</x13>
      <y13>142</y13>
      <x14>377</x14>
      <y14>151</y14>
      <x15>380</x15>
      <y15>154</y15>
      <x16>389</x16>
      <y16>155</y16>
      <x17>392</x17>
      <y17>165</y17>
      <x18>383</x18>
      <y18>173</y18>
      <x19>380</x19>
      <y19>180</y19>
      <x20>375</x20>
      <y20>183</y20>
      <x21>366</x21>
      <y21>181</y21>
      <x22>365</x22>
      <y22>189</y22>
      <x23>367</x23>
      <y23>192</y23>
      <x24>367</x24>
      <y24>201</y24>
      <x25>363</x25>
      <y25>216</y25>
      <x26>363</x26>
      <y26>222</y26>
      <x27>367</x27>
      <y27>228</y27>
      <x28>365</x28>
      <y28>243</y28>
      <x29>351</x29>
      <y29>261</y29>
      <x30>350</x30>
      <y30>276</y30>
      <x31>348</x31>
      <y31>280</y31>
      <x32>349</x32>
      <y32>292</y32>
      <x33>346</x33>
      <y33>296</y33>
      <x34>340</x34>
      <y34>296</y34>
      <x35>337</x35>
      <y35>294</y35>
      <x36>336</x36>
      <y36>288</y36>
      <x37>338</x37>
      <y37>282</y37>
      <x38>336</x38>
      <y38>279</y38>
      <x39>329</x39>
      <y39>277</y39>
      <x40>325</x40>
      <y40>280</y40>
      <x41>324</x41>
      <y41>291</y41>
      <x42>326</x42>
      <y42>296</y42>
      <x43>326</x43>
      <y43>307</y43>
      <x44>337</x44>
      <y44>318</y44>
      <x45>333</x45>
      <y45>322</y45>
      <x46>326</x46>
      <y46>322</y46>
      <x47>324</x47>
      <y47>334</y47>
      <x48>320</x48>
      <y48>338</y48>
      <x49>327</x49>
      <y49>347</y49>
      <x50>325</x50>
      <y50>349</y50>
      <x51>317</x51>
      <y51>349</y51>
      <x52>312</x52>
      <y52>354</y52>
      <x53>315</x53>
      <y53>359</y53>
      <x54>312</x54>
      <y54>364</y54>
      <x55>312</x55>
      <y55>375</y55>
      <x56>315</x56>
      <y56>387</y56>
      <x57>317</x57>
      <y57>389</y57>
      <x58>324</x58>
      <y58>388</y58>
      <x59>330</x59>
      <y59>393</y59>
      <x60>339</x60>
      <y60>391</y60>
      <x61>351</x61>
      <y61>401</y61>
      <x62>346</x62>
      <y62>407</y62>
      <x63>336</x63>
      <y63>404</y63>
      <x64>329</x64>
      <y64>405</y64>
      <x65>326</x65>
      <y65>413</y65>
      <x66>326</x66>
      <y66>429</y66>
      <x67>329</x67>
      <y67>436</y67>
      <x68>330</x68>
      <y68>450</y68>
      <x69>329</x69>
      <y69>476</y69>
      <x70>336</x70>
      <y70>481</y70>
      <x71>338</x71>
      <y71>487</y71>
      <x72>354</x72>
      <y72>490</y72>
      <x73>358</x73>
      <y73>493</y73>
      <x74>351</x74>
      <y74>501</y74>
      <x75>353</x75>
      <y75>507</y75>
      <x76>352</x76>
      <y76>528</y76>
      <x77>357</x77>
      <y77>535</y77>
      <x78>352</x78>
      <y78>558</y78>
      <x79>359</x79>
      <y79>567</y79>
      <x80>363</x80>
      <y80>558</y80>
      <x81>361</x81>
      <y81>537</y81>
      <x82>364</x82>
      <y82>529</y82>
      <x83>365</x83>
      <y83>508</y83>
      <x84>362</x84>
      <y84>493</y84>
      <x85>368</x85>
      <y85>490</y85>
      <x86>374</x86>
      <y86>497</y86>
      <x87>382</x87>
      <y87>497</y87>
      <x88>384</x88>
      <y88>499</y88>
      <x89>373</x89>
      <y89>507</y89>
      <x90>376</x90>
      <y90>511</y90>
      <x91>376</x91>
      <y91>517</y91>
      <x92>372</x92>
      <y92>519</y92>
      <x93>371</x93>
      <y93>522</y93>
      <x94>384</x94>
      <y94>533</y94>
      <x95>386</x95>
      <y95>553</y95>
      <x96>383</x96>
      <y96>571</y96>
      <x97>387</x97>
      <y97>578</y97>
      <x98>385</x98>
      <y98>582</y98>
      <x99>387</x99>
      <y99>597</y99>
      <x100>391</x100>
      <y100>603</y100>
      <x101>393</x101>
      <y101>611</y101>
      <x102>391</x102>
      <y102>623</y102>
      <x103>393</x103>
      <y103>627</y103>
      <x104>406</x104>
      <y104>631</y104>
      <x105>407</x105>
      <y105>637</y105>
      <x106>403</x106>
      <y106>645</y106>
      <x107>402</x107>
      <y107>654</y107>
      <x108>393</x108>
      <y108>661</y108>
      <x109>391</x109>
      <y109>676</y109>
      <x110>387</x110>
      <y110>678</y110>
      <x111>381</x111>
      <y111>674</y111>
      <x112>369</x112>
      <y112>690</y112>
      <x113>369</x113>
      <y113>705</y113>
      <x114>367</x114>
      <y114>707</y114>
      <x115>365</x115>
      <y115>706</y115>
      <x116>363</x116>
      <y116>694</y116>
      <x117>354</x117>
      <y117>688</y117>
      <x118>347</x118>
      <y118>687</y118>
      <x119>344</x119>
      <y119>689</y119>
      <x120>354</x120>
      <y120>694</y120>
      <x121>352</x121>
      <y121>698</y121>
      <x122>338</x122>
      <y122>698</y122>
      <x123>323</x123>
      <y123>701</y123>
      <x124>317</x124>
      <y124>706</y124>
      <x125>314</x125>
      <y125>724</y125>
      <x126>318</x126>
      <y126>728</y126>
      <x127>324</x127>
      <y127>729</y127>
      <x128>327</x128>
      <y128>732</y128>
      <x129>323</x129>
      <y129>744</y129>
      <x130>323</x130>
      <y130>766</y130>
      <x131>321</x131>
      <y131>772</y131>
      <x132>322</x132>
      <y132>796</y132>
      <x133>317</x133>
      <y133>803</y133>
      <x134>317</x134>
      <y134>809</y134>
      <x135>324</x135>
      <y135>816</y135>
      <x136>324</x136>
      <y136>834</y136>
      <x137>330</x137>
      <y137>839</y137>
      <x138>334</x138>
      <y138>849</y138>
      <x139>332</x139>
      <y139>855</y139>
      <x140>333</x140>
      <y140>864</y140>
      <x141>326</x141>
      <y141>868</y141>
      <x142>320</x142>
      <y142>866</y142>
      <x143>317</x143>
      <y143>863</y143>
      <x144>317</x144>
      <y144>855</y144>
      <x145>311</x145>
      <y145>854</y145>
      <x146>309</x146>
      <y146>856</y146>
      <x147>310</x147>
      <y147>863</y147>
      <x148>305</x148>
      <y148>869</y148>
      <x149>301</x149>
      <y149>867</y149>
      <x150>298</x150>
      <y150>860</y150>
      <x151>296</x151>
      <y151>861</y151>
      <x152>291</x152>
      <y152>880</y152>
      <x153>296</x153>
      <y153>893</y153>
      <x154>310</x154>
      <y154>907</y154>
      <x155>318</x155>
      <y155>909</y155>
      <x156>329</x156>
      <y156>919</y156>
      <x157>329</x157>
      <y157>921</y157>
      <x158>322</x158>
      <y158>927</y158>
      <x159>323</x159>
      <y159>936</y159>
      <x160>330</x160>
      <y160>941</y160>
      <x161>337</x161>
      <y161>943</y161>
      <x162>347</x162>
      <y162>951</y162>
      <x163>349</x163>
      <y163>963</y163>
      <x164>345</x164>
      <y164>966</y164>
      <x165>338</x165>
      <y165>966</y165>
      <x166>335</x166>
      <y166>963</y166>
      <x167>333</x167>
      <y167>954</y167>
      <x168>310</x168>
      <y168>954</y168>
      <x169>304</x169>
      <y169>968</y169>
      <x170>308</x170>
      <y170>977</y170>
      <x171>296</x171>
      <y171>983</y171>
      <x172>295</x172>
      <y172>994</y172>
      <x173>293</x173>
      <y173>997</y173>
      <x174>296</x174>
      <y174>1003</y174>
      <x175>301</x175>
      <y175>1006</y175>
      <x176>304</x176>
      <y176>1011</y176>
      <x177>308</x177>
      <y177>1010</y177>
      <x178>306</x178>
      <y178>1007</y178>
      <x179>307</x179>
      <y179>1004</y179>
      <x180>312</x180>
      <y180>1004</y180>
      <x181>315</x181>
      <y181>1009</y181>
      <x182>331</x182>
      <y182>1015</y182>
      <x183>338</x183>
      <y183>1012</y183>
      <x184>344</x184>
      <y184>1015</y184>
      <x185>361</x185>
      <y185>1015</y185>
      <x186>366</x186>
      <y186>1012</y186>
      <x187>373</x187>
      <y187>1017</y187>
      <x188>387</x188>
      <y188>1016</y188>
      <x189>391</x189>
      <y189>1010</y189>
      <x190>388</x190>
      <y190>1008</y190>
      <x191>382</x191>
      <y191>1008</y191>
      <x192>378</x192>
      <y192>1005</y192>
      <x193>379</x193>
      <y193>999</y193>
      <x194>382</x194>
      <y194>998</y194>
      <x195>387</x195>
      <y195>1001</y195>
      <x196>396</x196>
      <y196>1002</y196>
      <x197>400</x197>
      <y197>1008</y197>
      <x198>415</x198>
      <y198>1016</y198>
      <x199>427</x199>
      <y199>1013</y199>
      <x200>443</x200>
      <y200>1016</y200>
      <x201>454</x201>
      <y201>1014</y201>
      <x202>457</x202>
      <y202>1017</y202>
      <x203>466</x203>
      <y203>1005</y203>
      <x204>471</x204>
      <y204>1006</y204>
      <x205>478</x205>
      <y205>999</y205>
      <x206>485</x206>
      <y206>1002</y206>
      <x207>485</x207>
      <y207>1011</y207>
      <x208>488</x208>
      <y208>1011</y208>
      <x209>487</x209>
      <y209>1005</y209>
      <x210>501</x210>
      <y210>995</y210>
      <x211>503</x211>
      <y211>1003</y211>
      <x212>496</x212>
      <y212>1010</y212>
      <x213>498</x213>
      <y213>1012</y213>
      <x214>513</x214>
      <y214>1013</y214>
      <x215>520</x215>
      <y215>1016</y215>
      <x216>528</x216>
      <y216>1014</y216>
      <x217>545</x217>
      <y217>1018</y217>
      <x218>570</x218>
      <y218>1016</y218>
      <x219>599</x219>
      <y219>1019</y219>
      <x220>606</x220>
      <y220>1015</y220>
      <x221>609</x221>
      <y221>1017</y221>
      <x222>641</x222>
      <y222>1017</y222>
      <x223>645</x223>
      <y223>1019</y223>
      <x224>699</x224>
      <y224>1019</y224>
      <x225>704</x225>
      <y225>1017</y225>
      <x226>721</x226>
      <y226>1019</y226>
      <x227>759</x227>
      <y227>1017</y227>
      <x228>768</x228>
      <y228>1019</y228>
      <x229>773</x229>
      <y229>1017</y229>
      <x230>826</x230>
      <y230>1018</y230>
      <x231>844</x231>
      <y231>1013</y231>
      <x232>858</x232>
      <y232>1019</y232>
      <x233>866</x233>
      <y233>1019</y233>
      <x234>871</x234>
      <y234>1015</y234>
      <x235>888</x235>
      <y235>1017</y235>
      <x236>892</x236>
      <y236>1014</y236>
      <x237>898</x237>
      <y237>1014</y237>
      <x238>905</x238>
      <y238>1019</y238>
      <x239>922</x239>
      <y239>1019</y239>
      <x240>940</x240>
      <y240>1017</y240>
      <x241>948</x241>
      <y241>1008</y241>
      <x242>953</x242>
      <y242>1008</y242>
      <x243>954</x243>
      <y243>1010</y243>
      <x244>958</x244>
      <y244>990</y244>
      <x245>961</x245>
      <y245>987</y245>
      <x246>967</x246>
      <y246>1002</y246>
      <x247>967</x247>
      <y247>1010</y247>
      <x248>982</x248>
      <y248>1018</y248>
      <x249>1045</x249>
      <y249>1018</y249>
      <x250>1058</x250>
      <y250>1015</y250>
      <x251>1068</x251>
      <y251>1017</y251>
      <x252>1077</x252>
      <y252>1014</y252>
      <x253>1085</x253>
      <y253>1014</y253>
      <x254>1094</x254>
      <y254>1018</y254>
      <x255>1111</x255>
      <y255>1019</y255>
      <x256>1144</x256>
      <y256>1017</y256>
      <x257>1151</x257>
      <y257>1012</y257>
      <x258>1173</x258>
      <y258>1012</y258>
      <x259>1187</x259>
      <y259>1015</y259>
      <x260>1208</x260>
      <y260>1013</y260>
      <x261>1215</x261>
      <y261>1009</y261>
      <x262>1222</x262>
      <y262>1009</y262>
      <x263>1229</x263>
      <y263>997</y263>
      <x264>1235</x264>
      <y264>996</y264>
      <x265>1240</x265>
      <y265>1003</y265>
      <x266>1243</x266>
      <y266>1003</y266>
      <x267>1256</x267>
      <y267>993</y267>
      <x268>1259</x268>
      <y268>994</y268>
      <x269>1260</x269>
      <y269>1003</y269>
      <x270>1264</x270>
      <y270>1005</y270>
      <x271>1268</x271>
      <y271>1003</y271>
      <x272>1268</x272>
      <y272>997</y272>
      <x273>1264</x273>
      <y273>994</y273>
      <x274>1260</x274>
      <y274>994</y274>
      <x275>1258</x275>
      <y275>991</y275>
      <x276>1269</x276>
      <y276>979</y276>
      <x277>1272</x277>
      <y277>979</y277>
      <x278>1275</x278>
      <y278>982</y278>
      <x279>1274</x279>
      <y279>992</y279>
      <x280>1276</x280>
      <y280>995</y280>
      <x281>1286</x281>
      <y281>994</y281>
      <x282>1292</x282>
      <y282>999</y282>
      <x283>1298</x283>
      <y283>999</y283>
      <x284>1300</x284>
      <y284>992</y284>
      <x285>1299</x285>
      <y285>984</y285>
      <x286>1290</x286>
      <y286>985</y286>
      <x287>1286</x287>
      <y287>973</y287>
      <x288>1277</x288>
      <y288>970</y288>
      <x289>1292</x289>
      <y289>967</y289>
      <x290>1299</x290>
      <y290>962</y290>
      <x291>1304</x291>
      <y291>971</y291>
      <x292>1310</x292>
      <y292>959</y292>
      <x293>1321</x293>
      <y293>964</y293>
      <x294>1321</x294>
      <y294>972</y294>
      <x295>1325</x295>
      <y295>975</y295>
      <x296>1328</x296>
      <y296>971</y296>
      <x297>1325</x297>
      <y297>963</y297>
      <x298>1330</x298>
      <y298>956</y298>
      <x299>1328</x299>
      <y299>954</y299>
      <x300>1313</x300>
      <y300>953</y300>
      <x301>1306</x301>
      <y301>958</y301>
      <x302>1301</x302>
      <y302>955</y302>
      <x303>1302</x303>
      <y303>948</y303>
      <x304>1309</x304>
      <y304>939</y304>
      <x305>1309</x305>
      <y305>927</y305>
      <x306>1324</x306>
      <y306>917</y306>
      <x307>1327</x307>
      <y307>911</y307>
      <x308>1326</x308>
      <y308>870</y308>
      <x309>1329</x309>
      <y309>864</y309>
      <x310>1327</x310>
      <y310>858</y310>
      <x311>1327</x311>
      <y311>840</y311>
      <x312>1329</x312>
      <y312>836</y312>
      <x313>1331</x313>
      <y313>816</y313>
      <x314>1335</x314>
      <y314>816</y314>
      <x315>1336</x315>
      <y315>823</y315>
      <x316>1339</x316>
      <y316>828</y316>
      <x317>1341</x317>
      <y317>828</y317>
      <x318>1342</x318>
      <y318>816</y318>
      <x319>1347</x319>
      <y319>803</y319>
      <x320>1339</x320>
      <y320>796</y320>
      <x321>1331</x321>
      <y321>796</y321>
      <x322>1325</x322>
      <y322>787</y322>
      <x323>1327</x323>
      <y323>785</y323>
      <x324>1342</x324>
      <y324>784</y324>
      <x325>1346</x325>
      <y325>781</y325>
      <x326>1347</x326>
      <y326>774</y326>
      <x327>1344</x327>
      <y327>769</y327>
      <x328>1344</x328>
      <y328>761</y328>
      <x329>1348</x329>
      <y329>754</y329>
      <x330>1356</x330>
      <y330>760</y330>
      <x331>1356</x331>
      <y331>769</y331>
      <x332>1350</x332>
      <y332>774</y332>
      <x333>1354</x333>
      <y333>776</y333>
      <x334>1359</x334>
      <y334>788</y334>
      <x335>1360</x335>
      <y335>800</y335>
      <x336>1362</x336>
      <y336>798</y336>
      <x337>1363</x337>
      <y337>778</y337>
      <x338>1360</x338>
      <y338>755</y338>
      <x339>1354</x339>
      <y339>738</y339>
      <x340>1353</x340>
      <y340>724</y340>
      <x341>1350</x341>
      <y341>718</y341>
      <x342>1342</x342>
      <y342>711</y342>
      <x343>1342</x343>
      <y343>701</y343>
      <x344>1318</x344>
      <y344>698</y344>
      <x345>1316</x345>
      <y345>694</y345>
      <x346>1320</x346>
      <y346>689</y346>
      <x347>1325</x347>
      <y347>692</y347>
      <x348>1332</x348>
      <y348>690</y348>
      <x349>1341</x349>
      <y349>691</y349>
      <x350>1348</x350>
      <y350>683</y350>
      <x351>1348</x351>
      <y351>676</y351>
      <x352>1344</x352>
      <y352>672</y352>
      <x353>1341</x353>
      <y353>659</y353>
      <x354>1335</x354>
      <y354>653</y354>
      <x355>1328</x355>
      <y355>621</y355>
      <x356>1322</x356>
      <y356>612</y356>
      <x357>1322</x357>
      <y357>603</y357>
      <x358>1315</x358>
      <y358>588</y358>
      <x359>1313</x359>
      <y359>577</y359>
      <x360>1303</x360>
      <y360>557</y360>
      <x361>1299</x361>
      <y361>541</y361>
      <x362>1290</x362>
      <y362>529</y362>
      <x363>1287</x363>
      <y363>521</y363>
      <x364>1286</x364>
      <y364>508</y364>
      <x365>1282</x365>
      <y365>500</y365>
      <x366>1283</x366>
      <y366>479</y366>
      <x367>1280</x367>
      <y367>473</y367>
      <x368>1280</x368>
      <y368>464</y368>
      <x369>1267</x369>
      <y369>457</y369>
      <x370>1273</x370>
      <y370>452</y370>
      <x371>1272</x371>
      <y371>448</y371>
      <x372>1267</x372>
      <y372>445</y372>
      <x373>1276</x373>
      <y373>439</y373>
      <x374>1283</x374>
      <y374>430</y374>
      <x375>1284</x375>
      <y375>422</y375>
      <x376>1278</x376>
      <y376>417</y376>
      <x377>1278</x377>
      <y377>415</y377>
      <x378>1284</x378>
      <y378>410</y378>
      <x379>1279</x379>
      <y379>407</y379>
      <x380>1275</x380>
      <y380>409</y380>
      <x381>1278</x381>
      <y381>417</y381>
      <x382>1273</x382>
      <y382>423</y382>
      <x383>1276</x383>
      <y383>431</y383>
      <x384>1272</x384>
      <y384>436</y384>
      <x385>1249</x385>
      <y385>434</y385>
      <x386>1245</x386>
      <y386>430</y386>
      <x387>1245</x387>
      <y387>408</y387>
      <x388>1243</x388>
      <y388>404</y388>
      <x389>1234</x389>
      <y389>405</y389>
      <x390>1228</x390>
      <y390>396</y390>
      <x391>1238</x391>
      <y391>389</y391>
      <x392>1240</x392>
      <y392>382</y392>
      <x393>1226</x393>
      <y393>374</y393>
      <x394>1224</x394>
      <y394>366</y394>
      <x395>1218</x395>
      <y395>361</y395>
      <x396>1219</x396>
      <y396>351</y396>
      <x397>1211</x397>
      <y397>346</y397>
      <x398>1212</x398>
      <y398>340</y398>
      <x399>1206</x399>
      <y399>331</y399>
      <x400>1207</x400>
      <y400>328</y400>
      <x401>1213</x401>
      <y401>324</y401>
      <x402>1222</x402>
      <y402>331</y402>
      <x403>1227</x403>
      <y403>330</y403>
      <x404>1234</x404>
      <y404>325</y404>
      <x405>1242</x405>
      <y405>324</y405>
      <x406>1244</x406>
      <y406>311</y406>
      <x407>1231</x407>
      <y407>310</y407>
      <x408>1228</x408>
      <y408>303</y408>
      <x409>1235</x409>
      <y409>291</y409>
      <x410>1245</x410>
      <y410>291</y410>
      <x411>1252</x411>
      <y411>284</y411>
      <x412>1250</x412>
      <y412>280</y412>
      <x413>1236</x413>
      <y413>281</y413>
      <x414>1232</x414>
      <y414>278</y414>
      <x415>1232</x415>
      <y415>261</y415>
      <x416>1234</x416>
      <y416>256</y416>
      <x417>1233</x417>
      <y417>230</y417>
      <x418>1235</x418>
      <y418>227</y418>
      <x419>1232</x419>
      <y419>222</y419>
      <x420>1233</x420>
      <y420>212</y420>
      <x421>1231</x421>
      <y421>203</y421>
      <x422>1228</x422>
      <y422>200</y422>
      <x423>1229</x423>
      <y423>198</y423>
      <x424>1241</x424>
      <y424>194</y424>
      <x425>1252</x425>
      <y425>196</y425>
      <x426>1259</x426>
      <y426>193</y426>
      <x427>1285</x427>
      <y427>195</y427>
      <x428>1289</x428>
      <y428>200</y428>
      <x429>1289</x429>
      <y429>221</y429>
      <x430>1291</x430>
      <y430>223</y430>
      <x431>1306</x431>
      <y431>225</y431>
      <x432>1313</x432>
      <y432>222</y432>
      <x433>1319</x433>
      <y433>229</y433>
      <x434>1325</x434>
      <y434>231</y434>
      <x435>1327</x435>
      <y435>227</y435>
      <x436>1328</x436>
      <y436>214</y436>
      <x437>1325</x437>
      <y437>210</y437>
      <x438>1318</x438>
      <y438>207</y438>
      <x439>1317</x439>
      <y439>205</y439>
      <x440>1320</x440>
      <y440>202</y440>
      <x441>1320</x441>
      <y441>199</y441>
      <x442>1313</x442>
      <y442>195</y442>
      <x443>1312</x443>
      <y443>184</y443>
      <x444>1305</x444>
      <y444>184</y444>
      <x445>1300</x445>
      <y445>177</y445>
      <x446>1305</x446>
      <y446>169</y446>
      <x447>1312</x447>
      <y447>168</y447>
      <x448>1314</x448>
      <y448>165</y448>
      <x449>1314</x449>
      <y449>154</y449>
      <x450>1311</x450>
      <y450>149</y450>
      <x451>1312</x451>
      <y451>142</y451>
      <x452>1308</x452>
      <y452>137</y452>
      <x453>1308</x453>
      <y453>120</y453>
      <x454>1310</x454>
      <y454>116</y454>
      <x455>1299</x455>
      <y455>112</y455>
      <x456>1284</x456>
      <y456>114</y456>
      <x457>1281</x457>
      <y457>109</y457>
      <x458>1278</x458>
      <y458>93</y458>
      <x459>1273</x459>
      <y459>85</y459>
      <x460>1268</x460>
      <y460>60</y460>
      <x461>1274</x461>
      <y461>55</y461>
      <x462>1284</x462>
      <y462>55</y462>
      <x463>1288</x463>
      <y463>50</y463>
      <x464>1285</x464>
      <y464>45</y464>
      <x465>1275</x465>
      <y465>38</y465>
      <x466>1272</x466>
      <y466>25</y466>
      <x467>1265</x467>
      <y467>18</y467>
      <x468>1259</x468>
      <y468>18</y468>
      <x469>1257</x469>
      <y469>22</y469>
      <x470>1257</x470>
      <y470>31</y470>
      <x471>1255</x471>
      <y471>33</y471>
      <x472>1253</x472>
      <y472>18</y472>
      <x473>1222</x473>
      <y473>6</y473>
      <x474>1202</x474>
      <y474>11</y474>
      <x475>1190</x475>
      <y475>9</y475>
      <x476>1173</x476>
      <y476>13</y476>
      <x477>1164</x477>
      <y477>9</y477>
      <x478>1158</x478>
      <y478>18</y478>
      <x479>1161</x479>
      <y479>25</y479>
      <x480>1157</x480>
      <y480>27</y480>
      <x481>1150</x481>
      <y481>21</y481>
      <x482>1149</x482>
      <y482>16</y482>
      <x483>1143</x483>
      <y483>7</y483>
      <x484>1124</x484>
      <y484>5</y484>
      <x485>1117</x485>
      <y485>8</y485>
      <x486>1081</x486>
      <y486>8</y486>
      <x487>1074</x487>
      <y487>6</y487>
      <x488>1028</x488>
      <y488>3</y488>
      <x489>1027</x489>
      <y489>0</y489>
      <x490>1024</x490>
      <y490>0</y490>
      <x491>1024</x491>
      <y491>2</y491>
      <x492>1020</x492>
      <y492>4</y492>
      <x493>1015</x493>
      <y493>4</y493>
      <x494>1012</x494>
      <y494>0</y494>
      <x495>1004</x495>
      <y495>11</y495>
      <x496>999</x496>
      <y496>13</y496>
      <x497>988</x497>
      <y497>12</y497>
      <x498>985</x498>
      <y498>14</y498>
      <x499>977</x499>
      <y499>7</y499>
      <x500>967</x500>
      <y500>8</y500>
      <x501>962</x501>
      <y501>6</y501>
      <x502>918</x502>
      <y502>7</y502>
      <x503>912</x503>
      <y503>9</y503>
      <x504>907</x504>
      <y504>15</y504>
      <x505>898</x505>
      <y505>9</y505>
      <x506>872</x506>
      <y506>10</y506>
      <x507>865</x507>
      <y507>7</y507>
      <x508>858</x508>
      <y508>18</y508>
      <x509>855</x509>
      <y509>18</y509>
      <x510>849</x510>
      <y510>12</y510>
      <x511>843</x511>
      <y511>15</y511>
      <x512>837</x512>
      <y512>8</y512>
      <x513>826</x513>
      <y513>10</y513>
      <x514>814</x514>
      <y514>9</y514>
      <x515>812</x515>
      <y515>15</y515>
      <x516>807</x516>
      <y516>17</y516>
      <x517>788</x517>
      <y517>7</y517>
      <x518>732</x518>
      <y518>7</y518>
      <x519>728</x519>
      <y519>5</y519>
      <x520>725</x520>
      <y520>0</y520>
      <x521>721</x521>
      <y521>0</y521>
      <x522>721</x522>
      <y522>2</y522>
      <x523>717</x523>
      <y523>4</y523>
      <x524>709</x524>
      <y524>3</y524>
      <x525>708</x525>
      <y525>0</y525>
      <x526>682</x526>
      <y526>0</y526>
      <x527>682</x527>
      <y527>2</y527>
      <x528>678</x528>
      <y528>4</y528>
      <x529>673</x529>
      <y529>4</y529>
      <x530>671</x530>
      <y530>0</y530>
      <x531>658</x531>
      <y531>0</y531>
      <x532>657</x532>
      <y532>3</y532>
      <x533>651</x533>
      <y533>5</y533>
      <x534>632</x534>
      <y534>6</y534>
      <x535>621</x535>
      <y535>9</y535>
      <x536>614</x536>
      <y536>6</y536>
      <x537>590</x537>
      <y537>7</y537>
      <x538>584</x538>
      <y538>3</y538>
      <x539>583</x539>
      <y539>0</y539>
      <x540>581</x540>
      <y540>3</y540>
      <x541>571</x541>
      <y541>5</y541>
      <x542>564</x542>
      <y542>9</y542>
      <x543>557</x543>
      <y543>3</y543>
      <x544>557</x544>
      <y544>0</y544>
      <x545>553</x545>
      <y545>0</y545>
      <x546>553</x546>
      <y546>2</y546>
      <x547>546</x547>
      <y547>7</y547>
      <x548>527</x548>
      <y548>8</y548>
      <x549>522</x549>
      <y549>12</y549>
      <x550>514</x550>
      <y550>13</y550>
      <x551>513</x551>
      <y551>17</y551>
      <x552>508</x552>
      <y552>17</y552>
      <x553>503</x553>
      <y553>9</y553>
      <x554>497</x554>
      <y554>8</y554>
      <x555>489</x555>
      <y555>10</y555>
      <x556>480</x556>
      <y556>20</y556>
      <x557>477</x557>
      <y557>20</y557>
      <x558>473</x558>
      <y558>16</y558>
      <x559>473</x559>
      <y559>10</y559>
      <x560>470</x560>
      <y560>10</y560>
      <x561>466</x561>
      <y561>14</y561>
      <x562>458</x562>
      <y562>13</y562>
      <x563>454</x563>
      <y563>16</y563>
      <x564>443</x564>
      <y564>16</y564>
    </polygon>
  </object>
  <object>
    <name>person</name>
    <bndbox>
      <xmin>137</xmin>
      <ymin>0</ymin>
      <xmax>1677</xmax>
      <ymax>1020</ymax>
    </bndbox>
    <polygon>
      <x1>212</x1>
      <y1>78</y1>
      <x2>207</x2>
      <y2>88</y2>
      <x3>209</x3>
      <y3>94</y3>
      <x4>200</x4>
      <y4>101</y4>
      <x5>198</x5>
      <y5>107</y5>
      <x6>191</x6>
      <y6>113</y6>
      <x7>184</x7>
      <y7>126</y7>
      <x8>182</x8>
      <y8>138</y8>
      <x9>179</x9>
      <y9>143</y9>
      <x10>180</x10>
      <y10>150</y10>
      <x11>177</x11>
      <y11>156</y11>
      <x12>175</x12>
      <y12>167</y12>
      <x13>164</x13>
      <y13>187</y13>
      <x14>160</x14>
      <y14>221</y14>
      <x15>156</x15>
      <y15>228</y15>
      <x16>156</x16>
      <y16>236</y16>
      <x17>154</x17>
      <y17>242</y17>
      <x18>154</x18>
      <y18>263</y18>
      <x19>152</x19>
      <y19>268</y19>
      <x20>152</x20>
      <y20>278</y20>
      <x21>150</x21>
      <y21>282</y21>
      <x22>150</x22>
      <y22>298</y22>
      <x23>152</x23>
      <y23>306</y23>
      <x24>145</x24>
      <y24>325</y24>
      <x25>146</x25>
      <y25>346</y25>
      <x26>143</x26>
      <y26>376</y26>
      <x27>143</x27>
      <y27>388</y27>
      <x28>147</x28>
      <y28>395</y28>
      <x29>147</x29>
      <y29>445</y29>
      <x30>144</x30>
      <y30>452</y30>
      <x31>146</x31>
      <y31>471</y31>
      <x32>139</x32>
      <y32>478</y32>
      <x33>139</x33>
      <y33>487</y33>
      <x34>137</x34>
      <y34>494</y34>
      <x35>139</x35>
      <y35>497</y35>
      <x36>139</x36>
      <y36>522</y36>
      <x37>141</x37>
      <y37>528</y37>
      <x38>140</x38>
      <y38>554</y38>
      <x39>144</x39>
      <y39>567</y39>
      <x40>148</x40>
      <y40>569</y40>
      <x41>145</x41>
      <y41>577</y41>
      <x42>151</x42>
      <y42>582</y42>
      <x43>151</x43>
      <y43>586</y43>
      <x44>147</x44>
      <y44>590</y44>
      <x45>149</x45>
      <y45>598</y45>
      <x46>148</x46>
      <y46>604</y46>
      <x47>151</x47>
      <y47>611</y47>
      <x48>154</x48>
      <y48>649</y48>
      <x49>161</x49>
      <y49>665</y49>
      <x50>161</x50>
      <y50>677</y50>
      <x51>169</x51>
      <y51>698</y51>
      <x52>167</x52>
      <y52>703</y52>
      <x53>159</x53>
      <y53>712</y53>
      <x54>155</x54>
      <y54>713</y54>
      <x55>149</x55>
      <y55>711</y55>
      <x56>143</x56>
      <y56>714</y56>
      <x57>140</x57>
      <y57>717</y57>
      <x58>140</x58>
      <y58>723</y58>
      <x59>143</x59>
      <y59>726</y59>
      <x60>151</x60>
      <y60>728</y60>
      <x61>153</x61>
      <y61>731</y61>
      <x62>152</x62>
      <y62>766</y62>
      <x63>155</x63>
      <y63>778</y63>
      <x64>156</x64>
      <y64>793</y64>
      <x65>162</x65>
      <y65>803</y65>
      <x66>163</x66>
      <y66>809</y66>
      <x67>166</x67>
      <y67>814</y67>
      <x68>166</x68>
      <y68>828</y68>
      <x69>159</x69>
      <y69>833</y69>
      <x70>159</x70>
      <y70>836</y70>
      <x71>165</x71>
      <y71>837</y71>
      <x72>170</x72>
      <y72>830</y72>
      <x73>179</x73>
      <y73>842</y73>
      <x74>182</x74>
      <y74>857</y74>
      <x75>189</x75>
      <y75>866</y75>
      <x76>190</x76>
      <y76>875</y76>
      <x77>186</x77>
      <y77>887</y77>
      <x78>191</x78>
      <y78>906</y78>
      <x79>201</x79>
      <y79>921</y79>
      <x80>201</x80>
      <y80>930</y80>
      <x81>199</x81>
      <y81>934</y81>
      <x82>219</x82>
      <y82>942</y82>
      <x83>227</x83>
      <y83>942</y83>
      <x84>237</x84>
      <y84>949</y84>
      <x85>234</x85>
      <y85>954</y85>
      <x86>221</x86>
      <y86>952</y86>
      <x87>214</x87>
      <y87>954</y87>
      <x88>203</x88>
      <y88>954</y88>
      <x89>199</x89>
      <y89>962</y89>
      <x90>215</x90>
      <y90>966</y90>
      <x91>220</x91>
      <y91>973</y91>
      <x92>237</x92>
      <y92>977</y92>
      <x93>231</x93>
      <y93>981</y93>
      <x94>231</x94>
      <y94>984</y94>
      <x95>238</x95>
      <y95>992</y95>
      <x96>246</x96>
      <y96>995</y96>
      <x97>251</x97>
      <y97>999</y97>
      <x98>287</x98>
      <y98>1013</y98>
      <x99>341</x99>
      <y99>1018</y99>
      <x100>380</x100>
      <y100>1018</y100>
      <x101>387</x101>
      <y101>1017</y101>
      <x102>394</x102>
      <y102>1013</y102>
      <x103>412</x103>
      <y103>1017</y103>
      <x104>418</x104>
      <y104>1017</y104>
      <x105>422</x105>
      <y105>1015</y105>
      <x106>446</x106>
      <y106>1016</y106>
      <x107>452</x107>
      <y107>1013</y107>
      <x108>457</x108>
      <y108>1015</y108>
      <x109>463</x109>
      <y109>1009</y109>
      <x110>473</x110>
      <y110>1007</y110>
      <x111>478</x111>
      <y111>1001</y111>
      <x112>483</x112>
      <y112>1003</y112>
      <x113>484</x113>
      <y113>1012</y113>
      <x114>494</x114>
      <y114>1010</y114>
      <x115>501</x115>
      <y115>1014</y115>
      <x116>512</x116>
      <y116>1017</y116>
      <x117>541</x117>
      <y117>1017</y117>
      <x118>548</x118>
      <y118>1019</y118>
      <x119>556</x119>
      <y119>1019</y119>
      <x120>562</x120>
      <y120>1017</y120>
      <x121>600</x121>
      <y121>1018</y121>
      <x122>603</x122>
      <y122>1016</y122>
      <x123>610</x123>
      <y123>1018</y123>
      <x124>733</x124>
      <y124>1019</y124>
      <x125>760</x125>
      <y125>1017</y125>
      <x126>764</x126>
      <y126>1019</y126>
      <x127>771</x127>
      <y127>1017</y127>
      <x128>799</x128>
      <y128>1019</y128>
      <x129>838</x129>
      <y129>1017</y129>
      <x130>843</x130>
      <y130>1014</y130>
      <x131>858</x131>
      <y131>1019</y131>
      <x132>866</x132>
      <y132>1019</y132>
      <x133>870</x133>
      <y133>1016</y133>
      <x134>877</x134>
      <y134>1018</y134>
      <x135>894</x135>
      <y135>1017</y135>
      <x136>898</x136>
      <y136>1014</y136>
      <x137>904</x137>
      <y137>1019</y137>
      <x138>935</x138>
      <y138>1019</y138>
      <x139>942</x139>
      <y139>1016</y139>
      <x140>948</x140>
      <y140>1008</y140>
      <x141>951</x141>
      <y141>1008</y141>
      <x142>959</x142>
      <y142>1013</y142>
      <x143>986</x143>
      <y143>1019</y143>
      <x144>1054</x144>
      <y144>1017</y144>
      <x145>1130</x145>
      <y145>1019</y145>
      <x146>1145</x146>
      <y146>1018</y146>
      <x147>1152</x147>
      <y147>1014</y147>
      <x148>1159</x148>
      <y148>1016</y148>
      <x149>1172</x149>
      <y149>1013</y149>
      <x150>1185</x150>
      <y150>1018</y150>
      <x151>1200</x151>
      <y151>1016</y151>
      <x152>1205</x152>
      <y152>1018</y152>
      <x153>1216</x153>
      <y153>1017</y153>
      <x154>1234</x154>
      <y154>1020</y154>
      <x155>1256</x155>
      <y155>1020</y155>
      <x156>1261</x156>
      <y156>1017</y156>
      <x157>1261</x157>
      <y157>1013</y157>
      <x158>1263</x158>
      <y158>1011</y158>
      <x159>1271</x159>
      <y159>1011</y159>
      <x160>1272</x160>
      <y160>1017</y160>
      <x161>1285</x161>
      <y161>1019</y161>
      <x162>1291</x162>
      <y162>1016</y162>
      <x163>1307</x163>
      <y163>1017</y163>
      <x164>1312</x164>
      <y164>1015</y164>
      <x165>1326</x165>
      <y165>1017</y165>
      <x166>1333</x166>
      <y166>1014</y166>
      <x167>1344</x167>
      <y167>1014</y167>
      <x168>1355</x168>
      <y168>1018</y168>
      <x169>1467</x169>
      <y169>1018</y169>
      <x170>1500</x170>
      <y170>1008</y170>
      <x171>1509</x171>
      <y171>1009</y171>
      <x172>1513</x172>
      <y172>1005</y172>
      <x173>1513</x173>
      <y173>1002</y173>
      <x174>1516</x174>
      <y174>998</y174>
      <x175>1521</x175>
      <y175>998</y175>
      <x176>1527</x176>
      <y176>995</y176>
      <x177>1530</x177>
      <y177>991</y177>
      <x178>1528</x178>
      <y178>984</y178>
      <x179>1540</x179>
      <y179>978</y179>
      <x180>1546</x180>
      <y180>977</y180>
      <x181>1551</x181>
      <y181>971</y181>
      <x182>1555</x182>
      <y182>963</y182>
      <x183>1555</x183>
      <y183>947</y183>
      <x184>1561</x184>
      <y184>940</y184>
      <x185>1562</x185>
      <y185>928</y185>
      <x186>1565</x186>
      <y186>928</y186>
      <x187>1564</x187>
      <y187>935</y187>
      <x188>1569</x188>
      <y188>942</y188>
      <x189>1572</x189>
      <y189>942</y189>
      <x190>1579</x190>
      <y190>938</y190>
      <x191>1583</x191>
      <y191>933</y191>
      <x192>1585</x192>
      <y192>925</y192>
      <x193>1591</x193>
      <y193>919</y193>
      <x194>1593</x194>
      <y194>912</y194>
      <x195>1603</x195>
      <y195>901</y195>
      <x196>1603</x196>
      <y196>896</y196>
      <x197>1596</x197>
      <y197>891</y197>
      <x198>1597</x198>
      <y198>886</y198>
      <x199>1600</x199>
      <y199>883</y199>
      <x200>1606</x200>
      <y200>884</y200>
      <x201>1613</x201>
      <y201>879</y201>
      <x202>1617</x202>
      <y202>866</y202>
      <x203>1618</x203>
      <y203>856</y203>
      <x204>1622</x204>
      <y204>852</y204>
      <x205>1628</x205>
      <y205>851</y205>
      <x206>1632</x206>
      <y206>844</y206>
      <x207>1630</x207>
      <y207>839</y207>
      <x208>1619</x208>
      <y208>836</y208>
      <x209>1619</x209>
      <y209>830</y209>
      <x210>1623</x210>
      <y210>825</y210>
      <x211>1634</x211>
      <y211>826</y211>
      <x212>1640</x212>
      <y212>821</y212>
      <x213>1642</x213>
      <y213>816</y213>
      <x214>1640</x214>
      <y214>808</y214>
      <x215>1637</x215>
      <y215>807</y215>
      <x216>1627</x216>
      <y216>812</y216>
      <x217>1625</x217>
      <y217>810</y217>
      <x218>1625</x218>
      <y218>800</y218>
      <x219>1628</x219>
      <y219>798</y219>
      <x220>1633</x220>
      <y220>800</y220>
      <x221>1649</x221>
      <y221>799</y221>
      <x222>1653</x222>
      <y222>803</y222>
      <x223>1656</x223>
      <y223>801</y223>
      <x224>1656</x224>
      <y224>775</y224>
      <x225>1662</x225>
      <y225>767</y225>
      <x226>1663</x226>
      <y226>760</y226>
      <x227>1661</x227>
      <y227>757</y227>
      <x228>1653</x228>
      <y228>755</y228>
      <x229>1650</x229>
      <y229>752</y229>
      <x230>1650</x230>
      <y230>729</y230>
      <x231>1652</x231>
      <y231>724</y231>
      <x232>1652</x232>
      <y232>714</y232>
      <x233>1654</x233>
      <y233>710</y233>
      <x234>1652</x234>
      <y234>703</y234>
      <x235>1655</x235>
      <y235>697</y235>
      <x236>1655</x236>
      <y236>693</y236>
      <x237>1661</x237>
      <y237>692</y237>
      <x238>1666</x238>
      <y238>699</y238>
      <x239>1675</x239>
      <y239>702</y239>
      <x240>1677</x240>
      <y240>699</y240>
      <x241>1677</x241>
      <y241>694</y241>
      <x242>1675</x242>
      <y242>688</y242>
      <x243>1671</x243>
      <y243>683</y243>
      <x244>1670</x244>
      <y244>670</y244>
      <x245>1663</x245>
      <y245>647</y245>
      <x246>1655</x246>
      <y246>639</y246>
      <x247>1656</x247>
      <y247>633</y247>
      <x248>1652</x248>
      <y248>622</y248>
      <x249>1649</x249>
      <y249>606</y249>
      <x250>1647</x250>
      <y250>602</y250>
      <x251>1640</x251>
      <y251>597</y251>
      <x252>1639</x252>
      <y252>589</y252>
      <x253>1636</x253>
      <y253>583</y253>
      <x254>1637</x254>
      <y254>576</y254>
      <x255>1625</x255>
      <y255>560</y255>
      <x256>1623</x256>
      <y256>546</y256>
      <x257>1621</x257>
      <y257>543</y257>
      <x258>1621</x258>
      <y258>536</y258>
      <x259>1615</x259>
      <y259>529</y259>
      <x260>1614</x260>
      <y260>522</y260>
      <x261>1604</x261>
      <y261>513</y261>
      <x262>1599</x262>
      <y262>505</y262>
      <x263>1594</x263>
      <y263>490</y263>
      <x264>1587</x264>
      <y264>480</y264>
      <x265>1593</x265>
      <y265>471</y265>
      <x266>1592</x266>
      <y266>464</y266>
      <x267>1584</x267>
      <y267>463</y267>
      <x268>1578</x268>
      <y268>457</y268>
      <x269>1578</x269>
      <y269>452</y269>
      <x270>1569</x270>
      <y270>445</y270>
      <x271>1565</x271>
      <y271>434</y271>
      <x272>1555</x272>
      <y272>428</y272>
      <x273>1552</x273>
      <y273>419</y273>
      <x274>1548</x274>
      <y274>416</y274>
      <x275>1552</x275>
      <y275>408</y275>
      <x276>1550</x276>
      <y276>406</y276>
      <x277>1543</x277>
      <y277>408</y277>
      <x278>1534</x278>
      <y278>401</y278>
      <x279>1536</x279>
      <y279>396</y279>
      <x280>1535</x280>
      <y280>388</y280>
      <x281>1538</x281>
      <y281>383</y281>
      <x282>1540</x282>
      <y282>367</y282>
      <x283>1535</x283>
      <y283>360</y283>
      <x284>1538</x284>
      <y284>354</y284>
      <x285>1538</x285>
      <y285>348</y285>
      <x286>1541</x286>
      <y286>344</y286>
      <x287>1544</x287>
      <y287>343</y287>
      <x288>1551</x288>
      <y288>349</y288>
      <x289>1552</x289>
      <y289>345</y289>
      <x290>1545</x290>
      <y290>336</y290>
      <x291>1544</x291>
      <y291>332</y291>
      <x292>1539</x292>
      <y292>329</y292>
      <x293>1539</x293>
      <y293>324</y293>
      <x294>1533</x294>
      <y294>317</y294>
      <x295>1530</x295>
      <y295>310</y295>
      <x296>1535</x296>
      <y296>305</y296>
      <x297>1544</x297>
      <y297>304</y297>
      <x298>1549</x298>
      <y298>314</y298>
      <x299>1551</x299>
      <y299>315</y299>
      <x300>1554</x300>
      <y300>313</y300>
      <x301>1555</x301>
      <y301>275</y301>
      <x302>1558</x302>
      <y302>272</y302>
      <x303>1563</x303>
      <y303>272</y303>
      <x304>1565</x304>
      <y304>270</y304>
      <x305>1563</x305>
      <y305>263</y305>
      <x306>1558</x306>
      <y306>266</y306>
      <x307>1555</x307>
      <y307>263</y307>
      <x308>1557</x308>
      <y308>251</y308>
      <x309>1567</x309>
      <y309>243</y309>
      <x310>1564</x310>
      <y310>235</y310>
      <x311>1565</x311>
      <y311>228</y311>
      <x312>1563</x312>
      <y312>226</y312>
      <x313>1558</x313>
      <y313>226</y313>
      <x314>1553</x314>
      <y314>220</y314>
      <x315>1556</x315>
      <y315>213</y315>
      <x316>1551</x316>
      <y316>205</y316>
      <x317>1557</x317>
      <y317>200</y317>
      <x318>1552</x318>
      <y318>196</y318>
      <x319>1545</x319>
      <y319>198</y319>
      <x320>1539</x320>
      <y320>197</y320>
      <x321>1536</x321>
      <y321>191</y321>
      <x322>1543</x322>
      <y322>186</y322>
      <x323>1542</x323>
      <y323>184</y323>
      <x324>1540</x324>
      <y324>184</y324>
      <x325>1535</x325>
      <y325>179</y325>
      <x326>1529</x326>
      <y326>181</y326>
      <x327>1526</x327>
      <y327>177</y327>
      <x328>1528</x328>
      <y328>171</y328>
      <x329>1521</x329>
      <y329>168</y329>
      <x330>1515</x330>
      <y330>169</y330>
      <x331>1512</x331>
      <y331>172</y331>
      <x332>1514</x332>
      <y332>177</y332>
      <x333>1512</x333>
      <y333>186</y333>
      <x334>1517</x334>
      <y334>195</y334>
      <x335>1519</x335>
      <y335>207</y335>
      <x336>1516</x336>
      <y336>211</y336>
      <x337>1514</x337>
      <y337>211</y337>
      <x338>1508</x338>
      <y338>205</y338>
      <x339>1501</x339>
      <y339>191</y339>
      <x340>1501</x340>
      <y340>183</y340>
      <x341>1503</x341>
      <y341>179</y341>
      <x342>1499</x342>
      <y342>173</y342>
      <x343>1499</x343>
      <y343>156</y343>
      <x344>1496</x344>
      <y344>145</y344>
      <x345>1489</x345>
      <y345>136</y345>
      <x346>1488</x346>
      <y346>131</y346>
      <x347>1476</x347>
      <y347>108</y347>
      <x348>1475</x348>
      <y348>102</y348>
      <x349>1470</x349>
      <y349>96</y349>
      <x350>1464</x350>
      <y350>74</y350>
      <x351>1444</x351>
      <y351>53</y351>
      <x352>1441</x352>
      <y352>44</y352>
      <x353>1435</x353>
      <y353>40</y353>
      <x354>1428</x354>
      <y354>31</y354>
      <x355>1413</x355>
      <y355>17</y355>
      <x356>1384</x356>
      <y356>6</y356>
      <x357>1374</x357>
      <y357>6</y357>
      <x358>1370</x358>
      <y358>8</y358>
      <x359>1354</x359>
      <y359>10</y359>
      <x360>1351</x360>
      <y360>12</y360>
      <x361>1344</x361>
      <y361>12</y361>
      <x362>1325</x362>
      <y362>5</y362>
      <x363>1321</x363>
      <y363>2</y363>
      <x364>1321</x364>
      <y364>0</y364>
      <x365>1294</x365>
      <y365>0</y365>
      <x366>1293</x366>
      <y366>3</y366>
      <x367>1290</x367>
      <y367>3</y367>
      <x368>1289</x368>
      <y368>0</y368>
      <x369>1262</x369>
      <y369>0</y369>
      <x370>1262</x370>
      <y370>2</y370>
      <x371>1257</x371>
      <y371>6</y371>
      <x372>1243</x372>
      <y372>4</y372>
      <x373>1232</x373>
      <y373>5</y373>
      <x374>1227</x374>
      <y374>4</y374>
      <x375>1225</x375>
      <y375>0</y375>
      <x376>985</x376>
      <y376>0</y376>
      <x377>985</x377>
      <y377>3</y377>
      <x378>981</x378>
      <y378>6</y378>
      <x379>918</x379>
      <y379>6</y379>
      <x380>912</x380>
      <y380>7</y380>
      <x381>906</x381>
      <y381>11</y381>
      <x382>891</x382>
      <y382>7</y382>
      <x383>879</x383>
      <y383>7</y383>
      <x384>872</x384>
      <y384>9</y384>
      <x385>864</x385>
      <y385>7</y385>
      <x386>858</x386>
      <y386>14</y386>
      <x387>856</x387>
      <y387>14</y387>
      <x388>849</x388>
      <y388>5</y388>
      <x389>843</x389>
      <y389>7</y389>
      <x390>836</x390>
      <y390>3</y390>
      <x391>819</x391>
      <y391>6</y391>
      <x392>743</x392>
      <y392>6</y392>
      <x393>738</x393>
      <y393>4</y393>
      <x394>731</x394>
      <y394>4</y394>
      <x395>729</x395>
      <y395>0</y395>
      <x396>648</x396>
      <y396>0</y396>
      <x397>647</x397>
      <y397>3</y397>
      <x398>620</x398>
      <y398>6</y398>
      <x399>617</x399>
      <y399>5</y399>
      <x400>614</x400>
      <y400>0</y400>
      <x401>532</x401>
      <y401>0</y401>
      <x402>531</x402>
      <y402>3</y402>
      <x403>523</x403>
      <y403>6</y403>
      <x404>490</x404>
      <y404>6</y404>
      <x405>486</x405>
      <y405>4</y405>
      <x406>478</x406>
      <y406>6</y406>
      <x407>472</x407>
      <y407>4</y407>
      <x408>463</x408>
      <y408>8</y408>
      <x409>459</x409>
      <y409>8</y409>
      <x410>451</x410>
      <y410>13</y410>
      <x411>445</x411>
      <y411>11</y411>
      <x412>427</x412>
      <y412>14</y412>
      <x413>416</x413>
      <y413>12</y413>
      <x414>394</x414>
      <y414>12</y414>
      <x415>389</x415>
      <y415>7</y415>
      <x416>382</x416>
      <y416>7</y416>
      <x417>367</x417>
      <y417>14</y417>
      <x418>360</x418>
      <y418>13</y418>
      <x419>352</x419>
      <y419>18</y419>
      <x420>348</x420>
      <y420>18</y420>
      <x421>339</x421>
      <y421>28</y421>
      <x422>335</x422>
      <y422>19</y422>
      <x423>335</x423>
      <y423>11</y423>
      <x424>331</x424>
      <y424>9</y424>
      <x425>324</x425>
      <y425>14</y425>
      <x426>317</x426>
      <y426>15</y426>
      <x427>311</x427>
      <y427>21</y427>
      <x428>294</x428>
      <y428>29</y428>
      <x429>283</x429>
      <y429>40</y429>
      <x430>274</x430>
      <y430>36</y430>
      <x431>274</x431>
      <y431>45</y431>
      <x432>270</x432>
      <y432>50</y432>
      <x433>264</x433>
      <y433>47</y433>
      <x434>260</x434>
      <y434>47</y434>
      <x435>254</x435>
      <y435>54</y435>
      <x436>249</x436>
      <y436>54</y436>
      <x437>238</x437>
      <y437>58</y437>
    </polygon>
  </object>
</annotation>
