<annotation>
  <folder>my-project-name</folder>
  <filename>106-1.png</filename>
  <path>/my-project-name/106-1.png</path><source>
    <database>Unspecified</database>
  </source>
  <size>
    <width>1024</width>
    <height>1024</height>
    <depth>3</depth>
  </size>
  <object>
    <name>Person</name>
    <pose>Unspecified</pose><truncated>0</truncated><difficult>0</difficult><bndbox>
      <xmin>718</xmin>
      <ymin>576</ymin>
      <xmax>923</xmax>
      <ymax>938</ymax>
    </bndbox>
    </object>
</annotation>