<annotation>
  <folder>my-project-name</folder>
  <filename>111-1.png</filename>
  <path>/my-project-name/111-1.png</path><source>
    <database>Unspecified</database>
  </source>
  <size>
    <width>1024</width>
    <height>1024</height>
    <depth>3</depth>
  </size>
  <object>
    <name>Person</name>
    <pose>Unspecified</pose><truncated>0</truncated><difficult>0</difficult><bndbox>
      <xmin>877</xmin>
      <ymin>716</ymin>
      <xmax>1023</xmax>
      <ymax>829</ymax>
    </bndbox>
    </object>
  <object>
    <name>Person</name>
    <pose>Unspecified</pose><truncated>0</truncated><difficult>0</difficult><bndbox>
      <xmin>0</xmin>
      <ymin>383</ymin>
      <xmax>1023</xmax>
      <ymax>1023</ymax>
    </bndbox>
    </object>
  <object>
    <name>Person</name>
    <pose>Unspecified</pose><truncated>0</truncated><difficult>0</difficult><bndbox>
      <xmin>570</xmin>
      <ymin>870</ymin>
      <xmax>631</xmax>
      <ymax>969</ymax>
    </bndbox>
    </object>
  <object>
    <name>Person</name>
    <pose>Unspecified</pose><truncated>0</truncated><difficult>0</difficult><bndbox>
      <xmin>721</xmin>
      <ymin>851</ymin>
      <xmax>840</xmax>
      <ymax>968</ymax>
    </bndbox>
    </object>
  <object>
    <name>Person</name>
    <pose>Unspecified</pose><truncated>0</truncated><difficult>0</difficult><bndbox>
      <xmin>358</xmin>
      <ymin>828</ymin>
      <xmax>419</xmax>
      <ymax>963</ymax>
    </bndbox>
    </object>
  <object>
    <name>Person</name>
    <pose>Unspecified</pose><truncated>0</truncated><difficult>0</difficult><bndbox>
      <xmin>341</xmin>
      <ymin>742</ymin>
      <xmax>421</xmax>
      <ymax>862</ymax>
    </bndbox>
    </object>
  <object>
    <name>Person</name>
    <pose>Unspecified</pose><truncated>0</truncated><difficult>0</difficult><bndbox>
      <xmin>198</xmin>
      <ymin>689</ymin>
      <xmax>267</xmax>
      <ymax>806</ymax>
    </bndbox>
    </object>
  <object>
    <name>Person</name>
    <pose>Unspecified</pose><truncated>0</truncated><difficult>0</difficult><bndbox>
      <xmin>651</xmin>
      <ymin>612</ymin>
      <xmax>749</xmax>
      <ymax>715</ymax>
    </bndbox>
    </object>
  <object>
    <name>Person</name>
    <pose>Unspecified</pose><truncated>0</truncated><difficult>0</difficult><bndbox>
      <xmin>375</xmin>
      <ymin>589</ymin>
      <xmax>513</xmax>
      <ymax>704</ymax>
    </bndbox>
    </object>
  <object>
    <name>Person</name>
    <pose>Unspecified</pose><truncated>0</truncated><difficult>0</difficult><bndbox>
      <xmin>583</xmin>
      <ymin>549</ymin>
      <xmax>620</xmax>
      <ymax>681</ymax>
    </bndbox>
    </object>
  <object>
    <name>Person</name>
    <pose>Unspecified</pose><truncated>0</truncated><difficult>0</difficult><bndbox>
      <xmin>447</xmin>
      <ymin>517</ymin>
      <xmax>497</xmax>
      <ymax>627</ymax>
    </bndbox>
    </object>
  <object>
    <name>Person</name>
    <pose>Unspecified</pose><truncated>0</truncated><difficult>0</difficult><bndbox>
      <xmin>393</xmin>
      <ymin>462</ymin>
      <xmax>448</xmax>
      <ymax>570</ymax>
    </bndbox>
    </object>
  <object>
    <name>Person</name>
    <pose>Unspecified</pose><truncated>0</truncated><difficult>0</difficult><bndbox>
      <xmin>560</xmin>
      <ymin>353</ymin>
      <xmax>643</xmax>
      <ymax>454</ymax>
    </bndbox>
    </object>
  <object>
    <name>Person</name>
    <pose>Unspecified</pose><truncated>0</truncated><difficult>0</difficult><bndbox>
      <xmin>574</xmin>
      <ymin>872</ymin>
      <xmax>627</xmax>
      <ymax>966</ymax>
    </bndbox>
    </object>
</annotation>