<annotation>
  <folder>my-project-name</folder>
  <filename>112-2.png</filename>
  <path>/my-project-name/112-2.png</path><source>
    <database>Unspecified</database>
  </source>
  <size>
    <width>1024</width>
    <height>1024</height>
    <depth>3</depth>
  </size>
  <object>
    <name>Person</name>
    <pose>Unspecified</pose><truncated>0</truncated><difficult>0</difficult><bndbox>
      <xmin>0</xmin>
      <ymin>732</ymin>
      <xmax>1023</xmax>
      <ymax>1023</ymax>
    </bndbox>
    </object>
  <object>
    <name>Person</name>
    <pose>Unspecified</pose><truncated>0</truncated><difficult>0</difficult><bndbox>
      <xmin>175</xmin>
      <ymin>420</ymin>
      <xmax>641</xmax>
      <ymax>527</ymax>
    </bndbox>
    </object>
</annotation>