<annotation>
  <folder>my-project-name</folder>
  <filename>117-1.png</filename>
  <path>/my-project-name/117-1.png</path><source>
    <database>Unspecified</database>
  </source>
  <size>
    <width>1024</width>
    <height>1024</height>
    <depth>3</depth>
  </size>
  <object>
    <name>Person</name>
    <pose>Unspecified</pose><truncated>0</truncated><difficult>0</difficult><bndbox>
      <xmin>227</xmin>
      <ymin>325</ymin>
      <xmax>553</xmax>
      <ymax>880</ymax>
    </bndbox>
    </object>
  <object>
    <name>Person</name>
    <pose>Unspecified</pose><truncated>0</truncated><difficult>0</difficult><bndbox>
      <xmin>485</xmin>
      <ymin>639</ymin>
      <xmax>583</xmax>
      <ymax>806</ymax>
    </bndbox>
    </object>
  <object>
    <name>Person</name>
    <pose>Unspecified</pose><truncated>0</truncated><difficult>0</difficult><bndbox>
      <xmin>227</xmin>
      <ymin>324</ymin>
      <xmax>552</xmax>
      <ymax>880</ymax>
    </bndbox>
    </object>
</annotation>