<annotation>
  <folder>my-project-name</folder>
  <filename>12-1.png</filename>
  <path>/my-project-name/12-1.png</path><source>
    <database>Unspecified</database>
  </source>
  <size>
    <width>1024</width>
    <height>1024</height>
    <depth>3</depth>
  </size>
  <object>
    <name>Person</name>
    <pose>Unspecified</pose><truncated>0</truncated><difficult>0</difficult><bndbox>
      <xmin>135</xmin>
      <ymin>378</ymin>
      <xmax>279</xmax>
      <ymax>802</ymax>
    </bndbox>
    </object>
  <object>
    <name>Person</name>
    <pose>Unspecified</pose><truncated>0</truncated><difficult>0</difficult><bndbox>
      <xmin>260</xmin>
      <ymin>350</ymin>
      <xmax>419</xmax>
      <ymax>833</ymax>
    </bndbox>
    </object>
  <object>
    <name>Person</name>
    <pose>Unspecified</pose><truncated>0</truncated><difficult>0</difficult><bndbox>
      <xmin>515</xmin>
      <ymin>345</ymin>
      <xmax>663</xmax>
      <ymax>902</ymax>
    </bndbox>
    </object>
  <object>
    <name>Person</name>
    <pose>Unspecified</pose><truncated>0</truncated><difficult>0</difficult><bndbox>
      <xmin>768</xmin>
      <ymin>372</ymin>
      <xmax>947</xmax>
      <ymax>921</ymax>
    </bndbox>
    </object>
  <object>
    <name>Person</name>
    <pose>Unspecified</pose><truncated>0</truncated><difficult>0</difficult><bndbox>
      <xmin>874</xmin>
      <ymin>493</ymin>
      <xmax>915</xmax>
      <ymax>586</ymax>
    </bndbox>
    </object>
  <object>
    <name>Person</name>
    <pose>Unspecified</pose><truncated>0</truncated><difficult>0</difficult><bndbox>
      <xmin>421</xmin>
      <ymin>357</ymin>
      <xmax>549</xmax>
      <ymax>841</ymax>
    </bndbox>
    </object>
  <object>
    <name>Person</name>
    <pose>Unspecified</pose><truncated>0</truncated><difficult>0</difficult><bndbox>
      <xmin>838</xmin>
      <ymin>747</ymin>
      <xmax>907</xmax>
      <ymax>921</ymax>
    </bndbox>
    </object>
  <object>
    <name>Person</name>
    <pose>Unspecified</pose><truncated>0</truncated><difficult>0</difficult><bndbox>
      <xmin>873</xmin>
      <ymin>452</ymin>
      <xmax>945</xmax>
      <ymax>599</ymax>
    </bndbox>
    </object>
  <object>
    <name>Person</name>
    <pose>Unspecified</pose><truncated>0</truncated><difficult>0</difficult><bndbox>
      <xmin>781</xmin>
      <ymin>439</ymin>
      <xmax>903</xmax>
      <ymax>745</ymax>
    </bndbox>
    </object>
  <object>
    <name>Person</name>
    <pose>Unspecified</pose><truncated>0</truncated><difficult>0</difficult><bndbox>
      <xmin>513</xmin>
      <ymin>345</ymin>
      <xmax>730</xmax>
      <ymax>901</ymax>
    </bndbox>
    </object>
  <object>
    <name>Person</name>
    <pose>Unspecified</pose><truncated>0</truncated><difficult>0</difficult><bndbox>
      <xmin>653</xmin>
      <ymin>389</ymin>
      <xmax>766</xmax>
      <ymax>844</ymax>
    </bndbox>
    </object>
</annotation>