<annotation>
  <folder>my-project-name</folder>
  <filename>129-2.png</filename>
  <path>/my-project-name/129-2.png</path><source>
    <database>Unspecified</database>
  </source>
  <size>
    <width>1024</width>
    <height>1024</height>
    <depth>3</depth>
  </size>
  <object>
    <name>Person</name>
    <pose>Unspecified</pose><truncated>0</truncated><difficult>0</difficult><bndbox>
      <xmin>371</xmin>
      <ymin>295</ymin>
      <xmax>924</xmax>
      <ymax>1023</ymax>
    </bndbox>
    </object>
</annotation>