<annotation>
  <folder>my-project-name</folder>
  <filename>14-1.png</filename>
  <path>/my-project-name/14-1.png</path><source>
    <database>Unspecified</database>
  </source>
  <size>
    <width>1024</width>
    <height>1024</height>
    <depth>3</depth>
  </size>
  <object>
    <name>Person</name>
    <pose>Unspecified</pose><truncated>0</truncated><difficult>0</difficult><bndbox>
      <xmin>35</xmin>
      <ymin>407</ymin>
      <xmax>345</xmax>
      <ymax>729</ymax>
    </bndbox>
    </object>
</annotation>