<annotation>
  <folder>my-project-name</folder>
  <filename>141-1.png</filename>
  <path>/my-project-name/141-1.png</path><source>
    <database>Unspecified</database>
  </source>
  <size>
    <width>1024</width>
    <height>1024</height>
    <depth>3</depth>
  </size>
  <object>
    <name>Person</name>
    <pose>Unspecified</pose><truncated>0</truncated><difficult>0</difficult><bndbox>
      <xmin>508</xmin>
      <ymin>505</ymin>
      <xmax>553</xmax>
      <ymax>625</ymax>
    </bndbox>
    </object>
</annotation>