<annotation>
  <folder>my-project-name</folder>
  <filename>141-2.png</filename>
  <path>/my-project-name/141-2.png</path><source>
    <database>Unspecified</database>
  </source>
  <size>
    <width>1024</width>
    <height>1024</height>
    <depth>3</depth>
  </size>
  <object>
    <name>Person</name>
    <pose>Unspecified</pose><truncated>0</truncated><difficult>0</difficult><bndbox>
      <xmin>391</xmin>
      <ymin>646</ymin>
      <xmax>503</xmax>
      <ymax>813</ymax>
    </bndbox>
    </object>
  <object>
    <name>Person</name>
    <pose>Unspecified</pose><truncated>0</truncated><difficult>0</difficult><bndbox>
      <xmin>241</xmin>
      <ymin>739</ymin>
      <xmax>337</xmax>
      <ymax>887</ymax>
    </bndbox>
    </object>
</annotation>