<annotation>
  <folder>my-project-name</folder>
  <filename>145-1.png</filename>
  <path>/my-project-name/145-1.png</path><source>
    <database>Unspecified</database>
  </source>
  <size>
    <width>1024</width>
    <height>1024</height>
    <depth>3</depth>
  </size>
  <object>
    <name>Person</name>
    <pose>Unspecified</pose><truncated>0</truncated><difficult>0</difficult><bndbox>
      <xmin>637</xmin>
      <ymin>480</ymin>
      <xmax>859</xmax>
      <ymax>730</ymax>
    </bndbox>
    </object>
  <object>
    <name>Person</name>
    <pose>Unspecified</pose><truncated>0</truncated><difficult>0</difficult><bndbox>
      <xmin>529</xmin>
      <ymin>328</ymin>
      <xmax>611</xmax>
      <ymax>508</ymax>
    </bndbox>
    </object>
</annotation>