<annotation>
  <folder>my-project-name</folder>
  <filename>145-2.png</filename>
  <path>/my-project-name/145-2.png</path><source>
    <database>Unspecified</database>
  </source>
  <size>
    <width>1024</width>
    <height>1024</height>
    <depth>3</depth>
  </size>
  <object>
    <name>Person</name>
    <pose>Unspecified</pose><truncated>0</truncated><difficult>0</difficult><bndbox>
      <xmin>499</xmin>
      <ymin>373</ymin>
      <xmax>560</xmax>
      <ymax>540</ymax>
    </bndbox>
    </object>
  <object>
    <name>Person</name>
    <pose>Unspecified</pose><truncated>0</truncated><difficult>0</difficult><bndbox>
      <xmin>581</xmin>
      <ymin>475</ymin>
      <xmax>659</xmax>
      <ymax>559</ymax>
    </bndbox>
    </object>
  <object>
    <name>Person</name>
    <pose>Unspecified</pose><truncated>0</truncated><difficult>0</difficult><bndbox>
      <xmin>624</xmin>
      <ymin>395</ymin>
      <xmax>669</xmax>
      <ymax>472</ymax>
    </bndbox>
    </object>
  <object>
    <name>Person</name>
    <pose>Unspecified</pose><truncated>0</truncated><difficult>0</difficult><bndbox>
      <xmin>670</xmin>
      <ymin>426</ymin>
      <xmax>778</xmax>
      <ymax>593</ymax>
    </bndbox>
    </object>
  <object>
    <name>Person</name>
    <pose>Unspecified</pose><truncated>0</truncated><difficult>0</difficult><bndbox>
      <xmin>143</xmin>
      <ymin>621</ymin>
      <xmax>372</xmax>
      <ymax>772</ymax>
    </bndbox>
    </object>
  <object>
    <name>Person</name>
    <pose>Unspecified</pose><truncated>0</truncated><difficult>0</difficult><bndbox>
      <xmin>382</xmin>
      <ymin>404</ymin>
      <xmax>453</xmax>
      <ymax>554</ymax>
    </bndbox>
    </object>
  <object>
    <name>Person</name>
    <pose>Unspecified</pose><truncated>0</truncated><difficult>0</difficult><bndbox>
      <xmin>553</xmin>
      <ymin>592</ymin>
      <xmax>690</xmax>
      <ymax>792</ymax>
    </bndbox>
    </object>
  <object>
    <name>Person</name>
    <pose>Unspecified</pose><truncated>0</truncated><difficult>0</difficult><bndbox>
      <xmin>689</xmin>
      <ymin>566</ymin>
      <xmax>894</xmax>
      <ymax>821</ymax>
    </bndbox>
    </object>
  <object>
    <name>Person</name>
    <pose>Unspecified</pose><truncated>0</truncated><difficult>0</difficult><bndbox>
      <xmin>251</xmin>
      <ymin>437</ymin>
      <xmax>363</xmax>
      <ymax>581</ymax>
    </bndbox>
    </object>
</annotation>