<annotation>
  <folder>my-project-name</folder>
  <filename>149-2.png</filename>
  <path>/my-project-name/149-2.png</path><source>
    <database>Unspecified</database>
  </source>
  <size>
    <width>1024</width>
    <height>1024</height>
    <depth>3</depth>
  </size>
  <object>
    <name>Person</name>
    <pose>Unspecified</pose><truncated>0</truncated><difficult>0</difficult><bndbox>
      <xmin>581</xmin>
      <ymin>680</ymin>
      <xmax>670</xmax>
      <ymax>860</ymax>
    </bndbox>
    </object>
  <object>
    <name>Person</name>
    <pose>Unspecified</pose><truncated>0</truncated><difficult>0</difficult><bndbox>
      <xmin>284</xmin>
      <ymin>614</ymin>
      <xmax>367</xmax>
      <ymax>749</ymax>
    </bndbox>
    </object>
</annotation>