<annotation>
  <folder>my-project-name</folder>
  <filename>15-1.png</filename>
  <path>/my-project-name/15-1.png</path><source>
    <database>Unspecified</database>
  </source>
  <size>
    <width>1024</width>
    <height>1024</height>
    <depth>3</depth>
  </size>
  <object>
    <name>Person</name>
    <pose>Unspecified</pose><truncated>0</truncated><difficult>0</difficult><bndbox>
      <xmin>428</xmin>
      <ymin>464</ymin>
      <xmax>605</xmax>
      <ymax>1023</ymax>
    </bndbox>
    </object>
  <object>
    <name>Person</name>
    <pose>Unspecified</pose><truncated>0</truncated><difficult>0</difficult><bndbox>
      <xmin>555</xmin>
      <ymin>609</ymin>
      <xmax>583</xmax>
      <ymax>728</ymax>
    </bndbox>
    </object>
  <object>
    <name>Person</name>
    <pose>Unspecified</pose><truncated>0</truncated><difficult>0</difficult><bndbox>
      <xmin>572</xmin>
      <ymin>399</ymin>
      <xmax>752</xmax>
      <ymax>997</ymax>
    </bndbox>
    </object>
  <object>
    <name>Person</name>
    <pose>Unspecified</pose><truncated>0</truncated><difficult>0</difficult><bndbox>
      <xmin>249</xmin>
      <ymin>473</ymin>
      <xmax>445</xmax>
      <ymax>1023</ymax>
    </bndbox>
    </object>
  <object>
    <name>Person</name>
    <pose>Unspecified</pose><truncated>0</truncated><difficult>0</difficult><bndbox>
      <xmin>44</xmin>
      <ymin>443</ymin>
      <xmax>316</xmax>
      <ymax>1015</ymax>
    </bndbox>
    </object>
  <object>
    <name>Person</name>
    <pose>Unspecified</pose><truncated>0</truncated><difficult>0</difficult><bndbox>
      <xmin>238</xmin>
      <ymin>317</ymin>
      <xmax>395</xmax>
      <ymax>540</ymax>
    </bndbox>
    </object>
</annotation>