<annotation>
  <folder>my-project-name</folder>
  <filename>2-2.png</filename>
  <path>/my-project-name/2-2.png</path><source>
    <database>Unspecified</database>
  </source>
  <size>
    <width>1024</width>
    <height>1024</height>
    <depth>3</depth>
  </size>
  <object>
    <name>Person</name>
    <pose>Unspecified</pose><truncated>0</truncated><difficult>0</difficult><bndbox>
      <xmin>675</xmin>
      <ymin>488</ymin>
      <xmax>764</xmax>
      <ymax>571</ymax>
    </bndbox>
    </object>
  <object>
    <name>Person</name>
    <pose>Unspecified</pose><truncated>0</truncated><difficult>0</difficult><bndbox>
      <xmin>590</xmin>
      <ymin>491</ymin>
      <xmax>646</xmax>
      <ymax>561</ymax>
    </bndbox>
    </object>
</annotation>