<annotation>
  <folder>my-project-name</folder>
  <filename>21-2.png</filename>
  <path>/my-project-name/21-2.png</path><source>
    <database>Unspecified</database>
  </source>
  <size>
    <width>1024</width>
    <height>1024</height>
    <depth>3</depth>
  </size>
  <object>
    <name>Person</name>
    <pose>Unspecified</pose><truncated>0</truncated><difficult>0</difficult><bndbox>
      <xmin>194</xmin>
      <ymin>350</ymin>
      <xmax>410</xmax>
      <ymax>691</ymax>
    </bndbox>
    </object>
  <object>
    <name>Person</name>
    <pose>Unspecified</pose><truncated>0</truncated><difficult>0</difficult><bndbox>
      <xmin>42</xmin>
      <ymin>379</ymin>
      <xmax>208</xmax>
      <ymax>647</ymax>
    </bndbox>
    </object>
</annotation>