<annotation>
  <folder>my-project-name</folder>
  <filename>23-2.png</filename>
  <path>/my-project-name/23-2.png</path><source>
    <database>Unspecified</database>
  </source>
  <size>
    <width>1024</width>
    <height>1024</height>
    <depth>3</depth>
  </size>
  <object>
    <name>Person</name>
    <pose>Unspecified</pose><truncated>0</truncated><difficult>0</difficult><bndbox>
      <xmin>233</xmin>
      <ymin>487</ymin>
      <xmax>432</xmax>
      <ymax>894</ymax>
    </bndbox>
    </object>
  <object>
    <name>Person</name>
    <pose>Unspecified</pose><truncated>0</truncated><difficult>0</difficult><bndbox>
      <xmin>487</xmin>
      <ymin>585</ymin>
      <xmax>773</xmax>
      <ymax>975</ymax>
    </bndbox>
    </object>
</annotation>