<annotation>
  <folder>my-project-name</folder>
  <filename>27-2.png</filename>
  <path>/my-project-name/27-2.png</path><source>
    <database>Unspecified</database>
  </source>
  <size>
    <width>1024</width>
    <height>1024</height>
    <depth>3</depth>
  </size>
  <object>
    <name>Person</name>
    <pose>Unspecified</pose><truncated>0</truncated><difficult>0</difficult><bndbox>
      <xmin>427</xmin>
      <ymin>431</ymin>
      <xmax>576</xmax>
      <ymax>814</ymax>
    </bndbox>
    </object>
</annotation>