<annotation>
  <folder>my-project-name</folder>
  <filename>29-2.png</filename>
  <path>/my-project-name/29-2.png</path><source>
    <database>Unspecified</database>
  </source>
  <size>
    <width>1024</width>
    <height>1024</height>
    <depth>3</depth>
  </size>
  <object>
    <name>Person</name>
    <pose>Unspecified</pose><truncated>0</truncated><difficult>0</difficult><bndbox>
      <xmin>669</xmin>
      <ymin>259</ymin>
      <xmax>1023</xmax>
      <ymax>1023</ymax>
    </bndbox>
    </object>
  <object>
    <name>Person</name>
    <pose>Unspecified</pose><truncated>0</truncated><difficult>0</difficult><bndbox>
      <xmin>0</xmin>
      <ymin>213</ymin>
      <xmax>361</xmax>
      <ymax>1023</ymax>
    </bndbox>
    </object>
  <object>
    <name>Person</name>
    <pose>Unspecified</pose><truncated>0</truncated><difficult>0</difficult><bndbox>
      <xmin>323</xmin>
      <ymin>333</ymin>
      <xmax>701</xmax>
      <ymax>1023</ymax>
    </bndbox>
    </object>
</annotation>