<annotation>
  <folder>my-project-name</folder>
  <filename>33-1.png</filename>
  <path>/my-project-name/33-1.png</path><source>
    <database>Unspecified</database>
  </source>
  <size>
    <width>1024</width>
    <height>1024</height>
    <depth>3</depth>
  </size>
  <object>
    <name>Person</name>
    <pose>Unspecified</pose><truncated>0</truncated><difficult>0</difficult><bndbox>
      <xmin>55</xmin>
      <ymin>283</ymin>
      <xmax>443</xmax>
      <ymax>1023</ymax>
    </bndbox>
    </object>
  <object>
    <name>Person</name>
    <pose>Unspecified</pose><truncated>0</truncated><difficult>0</difficult><bndbox>
      <xmin>518</xmin>
      <ymin>331</ymin>
      <xmax>1023</xmax>
      <ymax>1023</ymax>
    </bndbox>
    </object>
</annotation>