<annotation>
  <folder>my-project-name</folder>
  <filename>35-2.png</filename>
  <path>/my-project-name/35-2.png</path><source>
    <database>Unspecified</database>
  </source>
  <size>
    <width>1024</width>
    <height>1024</height>
    <depth>3</depth>
  </size>
  <object>
    <name>Person</name>
    <pose>Unspecified</pose><truncated>0</truncated><difficult>0</difficult><bndbox>
      <xmin>215</xmin>
      <ymin>354</ymin>
      <xmax>735</xmax>
      <ymax>955</ymax>
    </bndbox>
    </object>
  <object>
    <name>Person</name>
    <pose>Unspecified</pose><truncated>0</truncated><difficult>0</difficult><bndbox>
      <xmin>577</xmin>
      <ymin>667</ymin>
      <xmax>649</xmax>
      <ymax>839</ymax>
    </bndbox>
    </object>
  <object>
    <name>Person</name>
    <pose>Unspecified</pose><truncated>0</truncated><difficult>0</difficult><bndbox>
      <xmin>327</xmin>
      <ymin>663</ymin>
      <xmax>432</xmax>
      <ymax>832</ymax>
    </bndbox>
    </object>
</annotation>