<annotation>
  <folder>my-project-name</folder>
  <filename>36-1.png</filename>
  <path>/my-project-name/36-1.png</path><source>
    <database>Unspecified</database>
  </source>
  <size>
    <width>1024</width>
    <height>1024</height>
    <depth>3</depth>
  </size>
  <object>
    <name>Person</name>
    <pose>Unspecified</pose><truncated>0</truncated><difficult>0</difficult><bndbox>
      <xmin>374</xmin>
      <ymin>658</ymin>
      <xmax>475</xmax>
      <ymax>876</ymax>
    </bndbox>
    </object>
  <object>
    <name>Person</name>
    <pose>Unspecified</pose><truncated>0</truncated><difficult>0</difficult><bndbox>
      <xmin>494</xmin>
      <ymin>718</ymin>
      <xmax>587</xmax>
      <ymax>923</ymax>
    </bndbox>
    </object>
</annotation>