<annotation>
  <folder>my-project-name</folder>
  <filename>36-2.png</filename>
  <path>/my-project-name/36-2.png</path><source>
    <database>Unspecified</database>
  </source>
  <size>
    <width>1024</width>
    <height>1024</height>
    <depth>3</depth>
  </size>
  <object>
    <name>Person</name>
    <pose>Unspecified</pose><truncated>0</truncated><difficult>0</difficult><bndbox>
      <xmin>657</xmin>
      <ymin>549</ymin>
      <xmax>788</xmax>
      <ymax>978</ymax>
    </bndbox>
    </object>
  <object>
    <name>Person</name>
    <pose>Unspecified</pose><truncated>0</truncated><difficult>0</difficult><bndbox>
      <xmin>831</xmin>
      <ymin>499</ymin>
      <xmax>939</xmax>
      <ymax>918</ymax>
    </bndbox>
    </object>
  <object>
    <name>Person</name>
    <pose>Unspecified</pose><truncated>0</truncated><difficult>0</difficult><bndbox>
      <xmin>326</xmin>
      <ymin>524</ymin>
      <xmax>428</xmax>
      <ymax>853</ymax>
    </bndbox>
    </object>
  <object>
    <name>Person</name>
    <pose>Unspecified</pose><truncated>0</truncated><difficult>0</difficult><bndbox>
      <xmin>183</xmin>
      <ymin>516</ymin>
      <xmax>329</xmax>
      <ymax>873</ymax>
    </bndbox>
    </object>
  <object>
    <name>Person</name>
    <pose>Unspecified</pose><truncated>0</truncated><difficult>0</difficult><bndbox>
      <xmin>502</xmin>
      <ymin>518</ymin>
      <xmax>625</xmax>
      <ymax>914</ymax>
    </bndbox>
    </object>
  <object>
    <name>Person</name>
    <pose>Unspecified</pose><truncated>0</truncated><difficult>0</difficult><bndbox>
      <xmin>421</xmin>
      <ymin>525</ymin>
      <xmax>509</xmax>
      <ymax>859</ymax>
    </bndbox>
    </object>
</annotation>