<annotation>
  <folder>my-project-name</folder>
  <filename>39-2.png</filename>
  <path>/my-project-name/39-2.png</path><source>
    <database>Unspecified</database>
  </source>
  <size>
    <width>1024</width>
    <height>1024</height>
    <depth>3</depth>
  </size>
  <object>
    <name>Person</name>
    <pose>Unspecified</pose><truncated>0</truncated><difficult>0</difficult><bndbox>
      <xmin>681</xmin>
      <ymin>414</ymin>
      <xmax>884</xmax>
      <ymax>708</ymax>
    </bndbox>
    </object>
  <object>
    <name>Person</name>
    <pose>Unspecified</pose><truncated>0</truncated><difficult>0</difficult><bndbox>
      <xmin>73</xmin>
      <ymin>345</ymin>
      <xmax>274</xmax>
      <ymax>672</ymax>
    </bndbox>
    </object>
  <object>
    <name>Person</name>
    <pose>Unspecified</pose><truncated>0</truncated><difficult>0</difficult><bndbox>
      <xmin>314</xmin>
      <ymin>346</ymin>
      <xmax>465</xmax>
      <ymax>642</ymax>
    </bndbox>
    </object>
  <object>
    <name>Person</name>
    <pose>Unspecified</pose><truncated>0</truncated><difficult>0</difficult><bndbox>
      <xmin>541</xmin>
      <ymin>342</ymin>
      <xmax>660</xmax>
      <ymax>636</ymax>
    </bndbox>
    </object>
</annotation>