<annotation>
  <folder>my-project-name</folder>
  <filename>46-1.png</filename>
  <path>/my-project-name/46-1.png</path><source>
    <database>Unspecified</database>
  </source>
  <size>
    <width>1024</width>
    <height>1024</height>
    <depth>3</depth>
  </size>
  <object>
    <name>Person</name>
    <pose>Unspecified</pose><truncated>0</truncated><difficult>0</difficult><bndbox>
      <xmin>265</xmin>
      <ymin>128</ymin>
      <xmax>749</xmax>
      <ymax>1023</ymax>
    </bndbox>
    </object>
  <object>
    <name>Person</name>
    <pose>Unspecified</pose><truncated>0</truncated><difficult>0</difficult><bndbox>
      <xmin>350</xmin>
      <ymin>465</ymin>
      <xmax>408</xmax>
      <ymax>534</ymax>
    </bndbox>
    </object>
  <object>
    <name>Person</name>
    <pose>Unspecified</pose><truncated>0</truncated><difficult>0</difficult><bndbox>
      <xmin>608</xmin>
      <ymin>457</ymin>
      <xmax>654</xmax>
      <ymax>528</ymax>
    </bndbox>
    </object>
</annotation>