<annotation>
  <folder>my-project-name</folder>
  <filename>50-1.png</filename>
  <path>/my-project-name/50-1.png</path><source>
    <database>Unspecified</database>
  </source>
  <size>
    <width>1024</width>
    <height>1024</height>
    <depth>3</depth>
  </size>
  <object>
    <name>Person</name>
    <pose>Unspecified</pose><truncated>0</truncated><difficult>0</difficult><bndbox>
      <xmin>456</xmin>
      <ymin>579</ymin>
      <xmax>648</xmax>
      <ymax>784</ymax>
    </bndbox>
    </object>
  <object>
    <name>Person</name>
    <pose>Unspecified</pose><truncated>0</truncated><difficult>0</difficult><bndbox>
      <xmin>297</xmin>
      <ymin>592</ymin>
      <xmax>456</xmax>
      <ymax>783</ymax>
    </bndbox>
    </object>
</annotation>