<annotation>
  <folder>my-project-name</folder>
  <filename>52-2.png</filename>
  <path>/my-project-name/52-2.png</path><source>
    <database>Unspecified</database>
  </source>
  <size>
    <width>1024</width>
    <height>1024</height>
    <depth>3</depth>
  </size>
  <object>
    <name>Person</name>
    <pose>Unspecified</pose><truncated>0</truncated><difficult>0</difficult><bndbox>
      <xmin>492</xmin>
      <ymin>707</ymin>
      <xmax>539</xmax>
      <ymax>868</ymax>
    </bndbox>
    </object>
  <object>
    <name>Person</name>
    <pose>Unspecified</pose><truncated>0</truncated><difficult>0</difficult><bndbox>
      <xmin>535</xmin>
      <ymin>556</ymin>
      <xmax>580</xmax>
      <ymax>685</ymax>
    </bndbox>
    </object>
</annotation>