<annotation>
  <folder>my-project-name</folder>
  <filename>54-2.png</filename>
  <path>/my-project-name/54-2.png</path><source>
    <database>Unspecified</database>
  </source>
  <size>
    <width>1024</width>
    <height>1024</height>
    <depth>3</depth>
  </size>
  <object>
    <name>Person</name>
    <pose>Unspecified</pose><truncated>0</truncated><difficult>0</difficult><bndbox>
      <xmin>366</xmin>
      <ymin>274</ymin>
      <xmax>795</xmax>
      <ymax>1023</ymax>
    </bndbox>
    </object>
</annotation>