<annotation>
  <folder>my-project-name</folder>
  <filename>72-2.png</filename>
  <path>/my-project-name/72-2.png</path><source>
    <database>Unspecified</database>
  </source>
  <size>
    <width>1024</width>
    <height>1024</height>
    <depth>3</depth>
  </size>
  <object>
    <name>Person</name>
    <pose>Unspecified</pose><truncated>0</truncated><difficult>0</difficult><bndbox>
      <xmin>377</xmin>
      <ymin>174</ymin>
      <xmax>948</xmax>
      <ymax>1023</ymax>
    </bndbox>
    </object>
  <object>
    <name>Person</name>
    <pose>Unspecified</pose><truncated>0</truncated><difficult>0</difficult><bndbox>
      <xmin>485</xmin>
      <ymin>480</ymin>
      <xmax>657</xmax>
      <ymax>566</ymax>
    </bndbox>
    </object>
</annotation>