<annotation>
  <folder>my-project-name</folder>
  <filename>75-2.png</filename>
  <path>/my-project-name/75-2.png</path><source>
    <database>Unspecified</database>
  </source>
  <size>
    <width>1024</width>
    <height>1024</height>
    <depth>3</depth>
  </size>
  <object>
    <name>Person</name>
    <pose>Unspecified</pose><truncated>0</truncated><difficult>0</difficult><bndbox>
      <xmin>364</xmin>
      <ymin>303</ymin>
      <xmax>600</xmax>
      <ymax>808</ymax>
    </bndbox>
    </object>
</annotation>