<annotation>
  <folder>my-project-name</folder>
  <filename>76-2.png</filename>
  <path>/my-project-name/76-2.png</path><source>
    <database>Unspecified</database>
  </source>
  <size>
    <width>1024</width>
    <height>1024</height>
    <depth>3</depth>
  </size>
  <object>
    <name>Person</name>
    <pose>Unspecified</pose><truncated>0</truncated><difficult>0</difficult><bndbox>
      <xmin>562</xmin>
      <ymin>353</ymin>
      <xmax>629</xmax>
      <ymax>526</ymax>
    </bndbox>
    </object>
  <object>
    <name>Person</name>
    <pose>Unspecified</pose><truncated>0</truncated><difficult>0</difficult><bndbox>
      <xmin>653</xmin>
      <ymin>484</ymin>
      <xmax>753</xmax>
      <ymax>649</ymax>
    </bndbox>
    </object>
  <object>
    <name>Person</name>
    <pose>Unspecified</pose><truncated>0</truncated><difficult>0</difficult><bndbox>
      <xmin>289</xmin>
      <ymin>345</ymin>
      <xmax>343</xmax>
      <ymax>485</ymax>
    </bndbox>
    </object>
</annotation>