<annotation>
  <folder>my-project-name</folder>
  <filename>89-1.png</filename>
  <path>/my-project-name/89-1.png</path><source>
    <database>Unspecified</database>
  </source>
  <size>
    <width>1024</width>
    <height>1024</height>
    <depth>3</depth>
  </size>
  <object>
    <name>Person</name>
    <pose>Unspecified</pose><truncated>0</truncated><difficult>0</difficult><bndbox>
      <xmin>479</xmin>
      <ymin>235</ymin>
      <xmax>886</xmax>
      <ymax>1007</ymax>
    </bndbox>
    </object>
  <object>
    <name>Person</name>
    <pose>Unspecified</pose><truncated>0</truncated><difficult>0</difficult><bndbox>
      <xmin>577</xmin>
      <ymin>768</ymin>
      <xmax>667</xmax>
      <ymax>859</ymax>
    </bndbox>
    </object>
</annotation>