<annotation>
  <folder>my-project-name</folder>
  <filename>98-2.png</filename>
  <path>/my-project-name/98-2.png</path><source>
    <database>Unspecified</database>
  </source>
  <size>
    <width>1024</width>
    <height>1024</height>
    <depth>3</depth>
  </size>
  <object>
    <name>Person</name>
    <pose>Unspecified</pose><truncated>0</truncated><difficult>0</difficult><bndbox>
      <xmin>798</xmin>
      <ymin>537</ymin>
      <xmax>1023</xmax>
      <ymax>734</ymax>
    </bndbox>
    </object>
  <object>
    <name>Person</name>
    <pose>Unspecified</pose><truncated>0</truncated><difficult>0</difficult><bndbox>
      <xmin>314</xmin>
      <ymin>559</ymin>
      <xmax>412</xmax>
      <ymax>730</ymax>
    </bndbox>
    </object>
  <object>
    <name>Person</name>
    <pose>Unspecified</pose><truncated>0</truncated><difficult>0</difficult><bndbox>
      <xmin>117</xmin>
      <ymin>661</ymin>
      <xmax>350</xmax>
      <ymax>872</ymax>
    </bndbox>
    </object>
  <object>
    <name>Person</name>
    <pose>Unspecified</pose><truncated>0</truncated><difficult>0</difficult><bndbox>
      <xmin>624</xmin>
      <ymin>499</ymin>
      <xmax>728</xmax>
      <ymax>672</ymax>
    </bndbox>
    </object>
</annotation>