<annotation>
  <folder>my-project-name</folder>
  <filename>1-1.png</filename>
  <path>/my-project-name/1-1.png</path><source>
    <database>Unspecified</database>
  </source>
  <size>
    <width>1456</width>
    <height>816</height>
    <depth>3</depth>
  </size>
  <object>
    <name>Person</name>
    <pose>Unspecified</pose><truncated>0</truncated><difficult>0</difficult><bndbox>
      <xmin>68</xmin>
      <ymin>20</ymin>
      <xmax>1331</xmax>
      <ymax>814</ymax>
    </bndbox>
    </object>
  <object>
    <name>Person</name>
    <pose>Unspecified</pose><truncated>0</truncated><difficult>0</difficult><bndbox>
      <xmin>166</xmin>
      <ymin>590</ymin>
      <xmax>257</xmax>
      <ymax>691</ymax>
    </bndbox>
    </object>
  <object>
    <name>Person</name>
    <pose>Unspecified</pose><truncated>0</truncated><difficult>0</difficult><bndbox>
      <xmin>711</xmin>
      <ymin>570</ymin>
      <xmax>764</xmax>
      <ymax>686</ymax>
    </bndbox>
    </object>
  <object>
    <name>Person</name>
    <pose>Unspecified</pose><truncated>0</truncated><difficult>0</difficult><bndbox>
      <xmin>761</xmin>
      <ymin>565</ymin>
      <xmax>812</xmax>
      <ymax>672</ymax>
    </bndbox>
    </object>
  <object>
    <name>Person</name>
    <pose>Unspecified</pose><truncated>0</truncated><difficult>0</difficult><bndbox>
      <xmin>1183</xmin>
      <ymin>515</ymin>
      <xmax>1260</xmax>
      <ymax>632</ymax>
    </bndbox>
    </object>
  <object>
    <name>Person</name>
    <pose>Unspecified</pose><truncated>0</truncated><difficult>0</difficult><bndbox>
      <xmin>593</xmin>
      <ymin>509</ymin>
      <xmax>660</xmax>
      <ymax>627</ymax>
    </bndbox>
    </object>
  <object>
    <name>Person</name>
    <pose>Unspecified</pose><truncated>0</truncated><difficult>0</difficult><bndbox>
      <xmin>476</xmin>
      <ymin>501</ymin>
      <xmax>543</xmax>
      <ymax>625</ymax>
    </bndbox>
    </object>
  <object>
    <name>Person</name>
    <pose>Unspecified</pose><truncated>0</truncated><difficult>0</difficult><bndbox>
      <xmin>367</xmin>
      <ymin>488</ymin>
      <xmax>425</xmax>
      <ymax>610</ymax>
    </bndbox>
    </object>
  <object>
    <name>Person</name>
    <pose>Unspecified</pose><truncated>0</truncated><difficult>0</difficult><bndbox>
      <xmin>547</xmin>
      <ymin>476</ymin>
      <xmax>599</xmax>
      <ymax>555</ymax>
    </bndbox>
    </object>
  <object>
    <name>Person</name>
    <pose>Unspecified</pose><truncated>0</truncated><difficult>0</difficult><bndbox>
      <xmin>205</xmin>
      <ymin>471</ymin>
      <xmax>295</xmax>
      <ymax>645</ymax>
    </bndbox>
    </object>
  <object>
    <name>Person</name>
    <pose>Unspecified</pose><truncated>0</truncated><difficult>0</difficult><bndbox>
      <xmin>127</xmin>
      <ymin>462</ymin>
      <xmax>186</xmax>
      <ymax>567</ymax>
    </bndbox>
    </object>
  <object>
    <name>Person</name>
    <pose>Unspecified</pose><truncated>0</truncated><difficult>0</difficult><bndbox>
      <xmin>361</xmin>
      <ymin>409</ymin>
      <xmax>450</xmax>
      <ymax>500</ymax>
    </bndbox>
    </object>
  <object>
    <name>Person</name>
    <pose>Unspecified</pose><truncated>0</truncated><difficult>0</difficult><bndbox>
      <xmin>828</xmin>
      <ymin>388</ymin>
      <xmax>975</xmax>
      <ymax>564</ymax>
    </bndbox>
    </object>
  <object>
    <name>Person</name>
    <pose>Unspecified</pose><truncated>0</truncated><difficult>0</difficult><bndbox>
      <xmin>405</xmin>
      <ymin>306</ymin>
      <xmax>497</xmax>
      <ymax>411</ymax>
    </bndbox>
    </object>
  <object>
    <name>Person</name>
    <pose>Unspecified</pose><truncated>0</truncated><difficult>0</difficult><bndbox>
      <xmin>196</xmin>
      <ymin>305</ymin>
      <xmax>273</xmax>
      <ymax>423</ymax>
    </bndbox>
    </object>
</annotation>