<annotation>
  <folder>my-project-name</folder>
  <filename>1-2.png</filename>
  <path>/my-project-name/1-2.png</path><source>
    <database>Unspecified</database>
  </source>
  <size>
    <width>1456</width>
    <height>816</height>
    <depth>3</depth>
  </size>
  <object>
    <name>Person</name>
    <pose>Unspecified</pose><truncated>0</truncated><difficult>0</difficult><bndbox>
      <xmin>747</xmin>
      <ymin>465</ymin>
      <xmax>802</xmax>
      <ymax>587</ymax>
    </bndbox>
    </object>
  <object>
    <name>Person</name>
    <pose>Unspecified</pose><truncated>0</truncated><difficult>0</difficult><bndbox>
      <xmin>559</xmin>
      <ymin>422</ymin>
      <xmax>601</xmax>
      <ymax>560</ymax>
    </bndbox>
    </object>
</annotation>