<annotation>
  <folder>my-project-name</folder>
  <filename>10-1.png</filename>
  <path>/my-project-name/10-1.png</path><source>
    <database>Unspecified</database>
  </source>
  <size>
    <width>1456</width>
    <height>816</height>
    <depth>3</depth>
  </size>
  <object>
    <name>Person</name>
    <pose>Unspecified</pose><truncated>0</truncated><difficult>0</difficult><bndbox>
      <xmin>517</xmin>
      <ymin>127</ymin>
      <xmax>734</xmax>
      <ymax>762</ymax>
    </bndbox>
    </object>
  <object>
    <name>Person</name>
    <pose>Unspecified</pose><truncated>0</truncated><difficult>0</difficult><bndbox>
      <xmin>787</xmin>
      <ymin>97</ymin>
      <xmax>1006</xmax>
      <ymax>701</ymax>
    </bndbox>
    </object>
</annotation>