<annotation>
  <folder>my-project-name</folder>
  <filename>10-2.png</filename>
  <path>/my-project-name/10-2.png</path><source>
    <database>Unspecified</database>
  </source>
  <size>
    <width>1456</width>
    <height>816</height>
    <depth>3</depth>
  </size>
  <object>
    <name>Person</name>
    <pose>Unspecified</pose><truncated>0</truncated><difficult>0</difficult><bndbox>
      <xmin>464</xmin>
      <ymin>604</ymin>
      <xmax>551</xmax>
      <ymax>766</ymax>
    </bndbox>
    </object>
  <object>
    <name>Person</name>
    <pose>Unspecified</pose><truncated>0</truncated><difficult>0</difficult><bndbox>
      <xmin>543</xmin>
      <ymin>595</ymin>
      <xmax>618</xmax>
      <ymax>749</ymax>
    </bndbox>
    </object>
</annotation>