<annotation>
  <folder>my-project-name</folder>
  <filename>11-1.png</filename>
  <path>/my-project-name/11-1.png</path><source>
    <database>Unspecified</database>
  </source>
  <size>
    <width>1456</width>
    <height>816</height>
    <depth>3</depth>
  </size>
  <object>
    <name>Person</name>
    <pose>Unspecified</pose><truncated>0</truncated><difficult>0</difficult><bndbox>
      <xmin>681</xmin>
      <ymin>229</ymin>
      <xmax>822</xmax>
      <ymax>465</ymax>
    </bndbox>
    </object>
  <object>
    <name>Person</name>
    <pose>Unspecified</pose><truncated>0</truncated><difficult>0</difficult><bndbox>
      <xmin>815</xmin>
      <ymin>373</ymin>
      <xmax>904</xmax>
      <ymax>631</ymax>
    </bndbox>
    </object>
  <object>
    <name>Person</name>
    <pose>Unspecified</pose><truncated>0</truncated><difficult>0</difficult><bndbox>
      <xmin>543</xmin>
      <ymin>409</ymin>
      <xmax>621</xmax>
      <ymax>656</ymax>
    </bndbox>
    </object>
  <object>
    <name>Person</name>
    <pose>Unspecified</pose><truncated>0</truncated><difficult>0</difficult><bndbox>
      <xmin>906</xmin>
      <ymin>443</ymin>
      <xmax>1024</xmax>
      <ymax>714</ymax>
    </bndbox>
    </object>
</annotation>