<annotation>
  <folder>my-project-name</folder>
  <filename>11-2.png</filename>
  <path>/my-project-name/11-2.png</path><source>
    <database>Unspecified</database>
  </source>
  <size>
    <width>1456</width>
    <height>816</height>
    <depth>3</depth>
  </size>
  <object>
    <name>Person</name>
    <pose>Unspecified</pose><truncated>0</truncated><difficult>0</difficult><bndbox>
      <xmin>252</xmin>
      <ymin>57</ymin>
      <xmax>822</xmax>
      <ymax>812</ymax>
    </bndbox>
    </object>
  <object>
    <name>Person</name>
    <pose>Unspecified</pose><truncated>0</truncated><difficult>0</difficult><bndbox>
      <xmin>659</xmin>
      <ymin>370</ymin>
      <xmax>733</xmax>
      <ymax>419</ymax>
    </bndbox>
    </object>
</annotation>