<annotation>
  <folder>my-project-name</folder>
  <filename>12-1.png</filename>
  <path>/my-project-name/12-1.png</path><source>
    <database>Unspecified</database>
  </source>
  <size>
    <width>1456</width>
    <height>816</height>
    <depth>3</depth>
  </size>
  <object>
    <name>Person</name>
    <pose>Unspecified</pose><truncated>0</truncated><difficult>0</difficult><bndbox>
      <xmin>497</xmin>
      <ymin>505</ymin>
      <xmax>877</xmax>
      <ymax>812</ymax>
    </bndbox>
    </object>
  <object>
    <name>Person</name>
    <pose>Unspecified</pose><truncated>0</truncated><difficult>0</difficult><bndbox>
      <xmin>630</xmin>
      <ymin>669</ymin>
      <xmax>724</xmax>
      <ymax>780</ymax>
    </bndbox>
    </object>
</annotation>