<annotation>
  <folder>my-project-name</folder>
  <filename>12-2.png</filename>
  <path>/my-project-name/12-2.png</path><source>
    <database>Unspecified</database>
  </source>
  <size>
    <width>1456</width>
    <height>816</height>
    <depth>3</depth>
  </size>
  <object>
    <name>Person</name>
    <pose>Unspecified</pose><truncated>0</truncated><difficult>0</difficult><bndbox>
      <xmin>553</xmin>
      <ymin>330</ymin>
      <xmax>843</xmax>
      <ymax>814</ymax>
    </bndbox>
    </object>
  <object>
    <name>Person</name>
    <pose>Unspecified</pose><truncated>0</truncated><difficult>0</difficult><bndbox>
      <xmin>776</xmin>
      <ymin>319</ymin>
      <xmax>897</xmax>
      <ymax>531</ymax>
    </bndbox>
    </object>
  <object>
    <name>Person</name>
    <pose>Unspecified</pose><truncated>0</truncated><difficult>0</difficult><bndbox>
      <xmin>102</xmin>
      <ymin>310</ymin>
      <xmax>355</xmax>
      <ymax>803</ymax>
    </bndbox>
    </object>
  <object>
    <name>Person</name>
    <pose>Unspecified</pose><truncated>0</truncated><difficult>0</difficult><bndbox>
      <xmin>215</xmin>
      <ymin>308</ymin>
      <xmax>545</xmax>
      <ymax>733</ymax>
    </bndbox>
    </object>
  <object>
    <name>Person</name>
    <pose>Unspecified</pose><truncated>0</truncated><difficult>0</difficult><bndbox>
      <xmin>513</xmin>
      <ymin>262</ymin>
      <xmax>613</xmax>
      <ymax>571</ymax>
    </bndbox>
    </object>
  <object>
    <name>Person</name>
    <pose>Unspecified</pose><truncated>0</truncated><difficult>0</difficult><bndbox>
      <xmin>408</xmin>
      <ymin>242</ymin>
      <xmax>489</xmax>
      <ymax>347</ymax>
    </bndbox>
    </object>
</annotation>