<annotation>
  <folder>my-project-name</folder>
  <filename>13-1.png</filename>
  <path>/my-project-name/13-1.png</path><source>
    <database>Unspecified</database>
  </source>
  <size>
    <width>1456</width>
    <height>816</height>
    <depth>3</depth>
  </size>
  <object>
    <name>Person</name>
    <pose>Unspecified</pose><truncated>0</truncated><difficult>0</difficult><bndbox>
      <xmin>724</xmin>
      <ymin>678</ymin>
      <xmax>813</xmax>
      <ymax>805</ymax>
    </bndbox>
    </object>
  <object>
    <name>Person</name>
    <pose>Unspecified</pose><truncated>0</truncated><difficult>0</difficult><bndbox>
      <xmin>631</xmin>
      <ymin>668</ymin>
      <xmax>707</xmax>
      <ymax>801</ymax>
    </bndbox>
    </object>
  <object>
    <name>Person</name>
    <pose>Unspecified</pose><truncated>0</truncated><difficult>0</difficult><bndbox>
      <xmin>802</xmin>
      <ymin>265</ymin>
      <xmax>966</xmax>
      <ymax>649</ymax>
    </bndbox>
    </object>
  <object>
    <name>Person</name>
    <pose>Unspecified</pose><truncated>0</truncated><difficult>0</difficult><bndbox>
      <xmin>506</xmin>
      <ymin>257</ymin>
      <xmax>649</xmax>
      <ymax>584</ymax>
    </bndbox>
    </object>
  <object>
    <name>Person</name>
    <pose>Unspecified</pose><truncated>0</truncated><difficult>0</difficult><bndbox>
      <xmin>627</xmin>
      <ymin>40</ymin>
      <xmax>841</xmax>
      <ymax>403</ymax>
    </bndbox>
    </object>
</annotation>