<annotation>
  <folder>my-project-name</folder>
  <filename>14-2.png</filename>
  <path>/my-project-name/14-2.png</path><source>
    <database>Unspecified</database>
  </source>
  <size>
    <width>1456</width>
    <height>816</height>
    <depth>3</depth>
  </size>
  <object>
    <name>Person</name>
    <pose>Unspecified</pose><truncated>0</truncated><difficult>0</difficult><bndbox>
      <xmin>607</xmin>
      <ymin>468</ymin>
      <xmax>703</xmax>
      <ymax>750</ymax>
    </bndbox>
    </object>
  <object>
    <name>Person</name>
    <pose>Unspecified</pose><truncated>0</truncated><difficult>0</difficult><bndbox>
      <xmin>707</xmin>
      <ymin>478</ymin>
      <xmax>796</xmax>
      <ymax>740</ymax>
    </bndbox>
    </object>
</annotation>