<annotation>
  <folder>my-project-name</folder>
  <filename>15-1.png</filename>
  <path>/my-project-name/15-1.png</path><source>
    <database>Unspecified</database>
  </source>
  <size>
    <width>1456</width>
    <height>816</height>
    <depth>3</depth>
  </size>
  <object>
    <name>Person</name>
    <pose>Unspecified</pose><truncated>0</truncated><difficult>0</difficult><bndbox>
      <xmin>882</xmin>
      <ymin>214</ymin>
      <xmax>1277</xmax>
      <ymax>813</ymax>
    </bndbox>
    </object>
  <object>
    <name>Person</name>
    <pose>Unspecified</pose><truncated>0</truncated><difficult>0</difficult><bndbox>
      <xmin>211</xmin>
      <ymin>251</ymin>
      <xmax>570</xmax>
      <ymax>813</ymax>
    </bndbox>
    </object>
  <object>
    <name>Person</name>
    <pose>Unspecified</pose><truncated>0</truncated><difficult>0</difficult><bndbox>
      <xmin>527</xmin>
      <ymin>294</ymin>
      <xmax>922</xmax>
      <ymax>813</ymax>
    </bndbox>
    </object>
</annotation>