<annotation>
  <folder>my-project-name</folder>
  <filename>16-2.png</filename>
  <path>/my-project-name/16-2.png</path><source>
    <database>Unspecified</database>
  </source>
  <size>
    <width>1456</width>
    <height>816</height>
    <depth>3</depth>
  </size>
  <object>
    <name>Person</name>
    <pose>Unspecified</pose><truncated>0</truncated><difficult>0</difficult><bndbox>
      <xmin>600</xmin>
      <ymin>190</ymin>
      <xmax>885</xmax>
      <ymax>813</ymax>
    </bndbox>
    </object>
</annotation>