<annotation>
  <folder>my-project-name</folder>
  <filename>17-2.png</filename>
  <path>/my-project-name/17-2.png</path><source>
    <database>Unspecified</database>
  </source>
  <size>
    <width>1456</width>
    <height>816</height>
    <depth>3</depth>
  </size>
  <object>
    <name>Person</name>
    <pose>Unspecified</pose><truncated>0</truncated><difficult>0</difficult><bndbox>
      <xmin>540</xmin>
      <ymin>408</ymin>
      <xmax>801</xmax>
      <ymax>814</ymax>
    </bndbox>
    </object>
  <object>
    <name>Person</name>
    <pose>Unspecified</pose><truncated>0</truncated><difficult>0</difficult><bndbox>
      <xmin>280</xmin>
      <ymin>352</ymin>
      <xmax>550</xmax>
      <ymax>812</ymax>
    </bndbox>
    </object>
  <object>
    <name>Person</name>
    <pose>Unspecified</pose><truncated>0</truncated><difficult>0</difficult><bndbox>
      <xmin>838</xmin>
      <ymin>429</ymin>
      <xmax>1036</xmax>
      <ymax>814</ymax>
    </bndbox>
    </object>
  <object>
    <name>Person</name>
    <pose>Unspecified</pose><truncated>0</truncated><difficult>0</difficult><bndbox>
      <xmin>580</xmin>
      <ymin>417</ymin>
      <xmax>719</xmax>
      <ymax>810</ymax>
    </bndbox>
    </object>
  <object>
    <name>Person</name>
    <pose>Unspecified</pose><truncated>0</truncated><difficult>0</difficult><bndbox>
      <xmin>110</xmin>
      <ymin>353</ymin>
      <xmax>554</xmax>
      <ymax>815</ymax>
    </bndbox>
    </object>
  <object>
    <name>Person</name>
    <pose>Unspecified</pose><truncated>0</truncated><difficult>0</difficult><bndbox>
      <xmin>108</xmin>
      <ymin>352</ymin>
      <xmax>342</xmax>
      <ymax>813</ymax>
    </bndbox>
    </object>
</annotation>