<annotation>
  <folder>my-project-name</folder>
  <filename>18-1.png</filename>
  <path>/my-project-name/18-1.png</path><source>
    <database>Unspecified</database>
  </source>
  <size>
    <width>1456</width>
    <height>816</height>
    <depth>3</depth>
  </size>
  <object>
    <name>Person</name>
    <pose>Unspecified</pose><truncated>0</truncated><difficult>0</difficult><bndbox>
      <xmin>634</xmin>
      <ymin>302</ymin>
      <xmax>811</xmax>
      <ymax>515</ymax>
    </bndbox>
    </object>
  <object>
    <name>Person</name>
    <pose>Unspecified</pose><truncated>0</truncated><difficult>0</difficult><bndbox>
      <xmin>393</xmin>
      <ymin>230</ymin>
      <xmax>519</xmax>
      <ymax>497</ymax>
    </bndbox>
    </object>
  <object>
    <name>Person</name>
    <pose>Unspecified</pose><truncated>0</truncated><difficult>0</difficult><bndbox>
      <xmin>799</xmin>
      <ymin>50</ymin>
      <xmax>932</xmax>
      <ymax>246</ymax>
    </bndbox>
    </object>
</annotation>