<annotation>
  <folder>my-project-name</folder>
  <filename>19-2.png</filename>
  <path>/my-project-name/19-2.png</path><source>
    <database>Unspecified</database>
  </source>
  <size>
    <width>1456</width>
    <height>816</height>
    <depth>3</depth>
  </size>
  <object>
    <name>Person</name>
    <pose>Unspecified</pose><truncated>0</truncated><difficult>0</difficult><bndbox>
      <xmin>406</xmin>
      <ymin>452</ymin>
      <xmax>557</xmax>
      <ymax>812</ymax>
    </bndbox>
    </object>
  <object>
    <name>Person</name>
    <pose>Unspecified</pose><truncated>0</truncated><difficult>0</difficult><bndbox>
      <xmin>340</xmin>
      <ymin>473</ymin>
      <xmax>495</xmax>
      <ymax>813</ymax>
    </bndbox>
    </object>
</annotation>