<annotation>
  <folder>my-project-name</folder>
  <filename>2-1.png</filename>
  <path>/my-project-name/2-1.png</path><source>
    <database>Unspecified</database>
  </source>
  <size>
    <width>1456</width>
    <height>816</height>
    <depth>3</depth>
  </size>
  <object>
    <name>Person</name>
    <pose>Unspecified</pose><truncated>0</truncated><difficult>0</difficult><bndbox>
      <xmin>448</xmin>
      <ymin>13</ymin>
      <xmax>742</xmax>
      <ymax>380</ymax>
    </bndbox>
    </object>
  <object>
    <name>Person</name>
    <pose>Unspecified</pose><truncated>0</truncated><difficult>0</difficult><bndbox>
      <xmin>780</xmin>
      <ymin>84</ymin>
      <xmax>1013</xmax>
      <ymax>393</ymax>
    </bndbox>
    </object>
  <object>
    <name>Person</name>
    <pose>Unspecified</pose><truncated>0</truncated><difficult>0</difficult><bndbox>
      <xmin>338</xmin>
      <ymin>273</ymin>
      <xmax>681</xmax>
      <ymax>595</ymax>
    </bndbox>
    </object>
  <object>
    <name>Person</name>
    <pose>Unspecified</pose><truncated>0</truncated><difficult>0</difficult><bndbox>
      <xmin>987</xmin>
      <ymin>17</ymin>
      <xmax>1210</xmax>
      <ymax>280</ymax>
    </bndbox>
    </object>
  <object>
    <name>Person</name>
    <pose>Unspecified</pose><truncated>0</truncated><difficult>0</difficult><bndbox>
      <xmin>681</xmin>
      <ymin>0</ymin>
      <xmax>946</xmax>
      <ymax>183</ymax>
    </bndbox>
    </object>
  <object>
    <name>Person</name>
    <pose>Unspecified</pose><truncated>0</truncated><difficult>0</difficult><bndbox>
      <xmin>416</xmin>
      <ymin>583</ymin>
      <xmax>689</xmax>
      <ymax>809</ymax>
    </bndbox>
    </object>
  <object>
    <name>Person</name>
    <pose>Unspecified</pose><truncated>0</truncated><difficult>0</difficult><bndbox>
      <xmin>201</xmin>
      <ymin>120</ymin>
      <xmax>447</xmax>
      <ymax>531</ymax>
    </bndbox>
    </object>
</annotation>