<annotation>
  <folder>my-project-name</folder>
  <filename>20-1.png</filename>
  <path>/my-project-name/20-1.png</path><source>
    <database>Unspecified</database>
  </source>
  <size>
    <width>1456</width>
    <height>816</height>
    <depth>3</depth>
  </size>
  <object>
    <name>Person</name>
    <pose>Unspecified</pose><truncated>0</truncated><difficult>0</difficult><bndbox>
      <xmin>596</xmin>
      <ymin>275</ymin>
      <xmax>855</xmax>
      <ymax>546</ymax>
    </bndbox>
    </object>
  <object>
    <name>Person</name>
    <pose>Unspecified</pose><truncated>0</truncated><difficult>0</difficult><bndbox>
      <xmin>230</xmin>
      <ymin>227</ymin>
      <xmax>606</xmax>
      <ymax>752</ymax>
    </bndbox>
    </object>
</annotation>