<annotation>
  <folder>my-project-name</folder>
  <filename>20-2.png</filename>
  <path>/my-project-name/20-2.png</path><source>
    <database>Unspecified</database>
  </source>
  <size>
    <width>1456</width>
    <height>816</height>
    <depth>3</depth>
  </size>
  <object>
    <name>Person</name>
    <pose>Unspecified</pose><truncated>0</truncated><difficult>0</difficult><bndbox>
      <xmin>386</xmin>
      <ymin>143</ymin>
      <xmax>669</xmax>
      <ymax>738</ymax>
    </bndbox>
    </object>
  <object>
    <name>Person</name>
    <pose>Unspecified</pose><truncated>0</truncated><difficult>0</difficult><bndbox>
      <xmin>743</xmin>
      <ymin>263</ymin>
      <xmax>937</xmax>
      <ymax>742</ymax>
    </bndbox>
    </object>
  <object>
    <name>Person</name>
    <pose>Unspecified</pose><truncated>0</truncated><difficult>0</difficult><bndbox>
      <xmin>48</xmin>
      <ymin>121</ymin>
      <xmax>266</xmax>
      <ymax>759</ymax>
    </bndbox>
    </object>
  <object>
    <name>Person</name>
    <pose>Unspecified</pose><truncated>0</truncated><difficult>0</difficult><bndbox>
      <xmin>1149</xmin>
      <ymin>103</ymin>
      <xmax>1405</xmax>
      <ymax>740</ymax>
    </bndbox>
    </object>
</annotation>