<annotation>
  <folder>my-project-name</folder>
  <filename>21-1.png</filename>
  <path>/my-project-name/21-1.png</path><source>
    <database>Unspecified</database>
  </source>
  <size>
    <width>1456</width>
    <height>816</height>
    <depth>3</depth>
  </size>
  <object>
    <name>Person</name>
    <pose>Unspecified</pose><truncated>0</truncated><difficult>0</difficult><bndbox>
      <xmin>920</xmin>
      <ymin>405</ymin>
      <xmax>1071</xmax>
      <ymax>756</ymax>
    </bndbox>
    </object>
  <object>
    <name>Person</name>
    <pose>Unspecified</pose><truncated>0</truncated><difficult>0</difficult><bndbox>
      <xmin>726</xmin>
      <ymin>486</ymin>
      <xmax>889</xmax>
      <ymax>797</ymax>
    </bndbox>
    </object>
</annotation>