<annotation>
  <folder>my-project-name</folder>
  <filename>24-1.png</filename>
  <path>/my-project-name/24-1.png</path><source>
    <database>Unspecified</database>
  </source>
  <size>
    <width>1456</width>
    <height>816</height>
    <depth>3</depth>
  </size>
  <object>
    <name>Person</name>
    <pose>Unspecified</pose><truncated>0</truncated><difficult>0</difficult><bndbox>
      <xmin>540</xmin>
      <ymin>421</ymin>
      <xmax>665</xmax>
      <ymax>700</ymax>
    </bndbox>
    </object>
  <object>
    <name>Person</name>
    <pose>Unspecified</pose><truncated>0</truncated><difficult>0</difficult><bndbox>
      <xmin>585</xmin>
      <ymin>642</ymin>
      <xmax>760</xmax>
      <ymax>815</ymax>
    </bndbox>
    </object>
  <object>
    <name>Person</name>
    <pose>Unspecified</pose><truncated>0</truncated><difficult>0</difficult><bndbox>
      <xmin>770</xmin>
      <ymin>624</ymin>
      <xmax>958</xmax>
      <ymax>814</ymax>
    </bndbox>
    </object>
</annotation>