<annotation>
  <folder>my-project-name</folder>
  <filename>24-2.png</filename>
  <path>/my-project-name/24-2.png</path><source>
    <database>Unspecified</database>
  </source>
  <size>
    <width>1456</width>
    <height>816</height>
    <depth>3</depth>
  </size>
  <object>
    <name>Person</name>
    <pose>Unspecified</pose><truncated>0</truncated><difficult>0</difficult><bndbox>
      <xmin>469</xmin>
      <ymin>197</ymin>
      <xmax>768</xmax>
      <ymax>804</ymax>
    </bndbox>
    </object>
  <object>
    <name>Person</name>
    <pose>Unspecified</pose><truncated>0</truncated><difficult>0</difficult><bndbox>
      <xmin>772</xmin>
      <ymin>156</ymin>
      <xmax>1126</xmax>
      <ymax>798</ymax>
    </bndbox>
    </object>
</annotation>