<annotation>
  <folder>my-project-name</folder>
  <filename>26-1.png</filename>
  <path>/my-project-name/26-1.png</path><source>
    <database>Unspecified</database>
  </source>
  <size>
    <width>1456</width>
    <height>816</height>
    <depth>3</depth>
  </size>
  <object>
    <name>Person</name>
    <pose>Unspecified</pose><truncated>0</truncated><difficult>0</difficult><bndbox>
      <xmin>664</xmin>
      <ymin>230</ymin>
      <xmax>1029</xmax>
      <ymax>812</ymax>
    </bndbox>
    </object>
  <object>
    <name>Person</name>
    <pose>Unspecified</pose><truncated>0</truncated><difficult>0</difficult><bndbox>
      <xmin>377</xmin>
      <ymin>266</ymin>
      <xmax>685</xmax>
      <ymax>813</ymax>
    </bndbox>
    </object>
  <object>
    <name>Person</name>
    <pose>Unspecified</pose><truncated>0</truncated><difficult>0</difficult><bndbox>
      <xmin>663</xmin>
      <ymin>230</ymin>
      <xmax>1029</xmax>
      <ymax>812</ymax>
    </bndbox>
    </object>
</annotation>