<annotation>
  <folder>my-project-name</folder>
  <filename>27-1.png</filename>
  <path>/my-project-name/27-1.png</path><source>
    <database>Unspecified</database>
  </source>
  <size>
    <width>1456</width>
    <height>816</height>
    <depth>3</depth>
  </size>
  <object>
    <name>Person</name>
    <pose>Unspecified</pose><truncated>0</truncated><difficult>0</difficult><bndbox>
      <xmin>157</xmin>
      <ymin>172</ymin>
      <xmax>457</xmax>
      <ymax>789</ymax>
    </bndbox>
    </object>
  <object>
    <name>Person</name>
    <pose>Unspecified</pose><truncated>0</truncated><difficult>0</difficult><bndbox>
      <xmin>477</xmin>
      <ymin>278</ymin>
      <xmax>769</xmax>
      <ymax>803</ymax>
    </bndbox>
    </object>
</annotation>