<annotation>
  <folder>my-project-name</folder>
  <filename>27-2.png</filename>
  <path>/my-project-name/27-2.png</path><source>
    <database>Unspecified</database>
  </source>
  <size>
    <width>1456</width>
    <height>816</height>
    <depth>3</depth>
  </size>
  <object>
    <name>Person</name>
    <pose>Unspecified</pose><truncated>0</truncated><difficult>0</difficult><bndbox>
      <xmin>732</xmin>
      <ymin>557</ymin>
      <xmax>893</xmax>
      <ymax>787</ymax>
    </bndbox>
    </object>
  <object>
    <name>Person</name>
    <pose>Unspecified</pose><truncated>0</truncated><difficult>0</difficult><bndbox>
      <xmin>382</xmin>
      <ymin>556</ymin>
      <xmax>558</xmax>
      <ymax>783</ymax>
    </bndbox>
    </object>
</annotation>