<annotation>
  <folder>my-project-name</folder>
  <filename>28-2.png</filename>
  <path>/my-project-name/28-2.png</path><source>
    <database>Unspecified</database>
  </source>
  <size>
    <width>1456</width>
    <height>816</height>
    <depth>3</depth>
  </size>
  <object>
    <name>Person</name>
    <pose>Unspecified</pose><truncated>0</truncated><difficult>0</difficult><bndbox>
      <xmin>616</xmin>
      <ymin>118</ymin>
      <xmax>801</xmax>
      <ymax>530</ymax>
    </bndbox>
    </object>
  <object>
    <name>Person</name>
    <pose>Unspecified</pose><truncated>0</truncated><difficult>0</difficult><bndbox>
      <xmin>347</xmin>
      <ymin>140</ymin>
      <xmax>471</xmax>
      <ymax>514</ymax>
    </bndbox>
    </object>
  <object>
    <name>Person</name>
    <pose>Unspecified</pose><truncated>0</truncated><difficult>0</difficult><bndbox>
      <xmin>481</xmin>
      <ymin>134</ymin>
      <xmax>602</xmax>
      <ymax>553</ymax>
    </bndbox>
    </object>
</annotation>