<annotation>
  <folder>my-project-name</folder>
  <filename>3-2.png</filename>
  <path>/my-project-name/3-2.png</path><source>
    <database>Unspecified</database>
  </source>
  <size>
    <width>1456</width>
    <height>816</height>
    <depth>3</depth>
  </size>
  <object>
    <name>Person</name>
    <pose>Unspecified</pose><truncated>0</truncated><difficult>0</difficult><bndbox>
      <xmin>671</xmin>
      <ymin>569</ymin>
      <xmax>730</xmax>
      <ymax>751</ymax>
    </bndbox>
    </object>
  <object>
    <name>Person</name>
    <pose>Unspecified</pose><truncated>0</truncated><difficult>0</difficult><bndbox>
      <xmin>792</xmin>
      <ymin>549</ymin>
      <xmax>887</xmax>
      <ymax>716</ymax>
    </bndbox>
    </object>
  <object>
    <name>Person</name>
    <pose>Unspecified</pose><truncated>0</truncated><difficult>0</difficult><bndbox>
      <xmin>688</xmin>
      <ymin>517</ymin>
      <xmax>761</xmax>
      <ymax>610</ymax>
    </bndbox>
    </object>
</annotation>