<annotation>
  <folder>my-project-name</folder>
  <filename>30-1.png</filename>
  <path>/my-project-name/30-1.png</path><source>
    <database>Unspecified</database>
  </source>
  <size>
    <width>1456</width>
    <height>816</height>
    <depth>3</depth>
  </size>
  <object>
    <name>Person</name>
    <pose>Unspecified</pose><truncated>0</truncated><difficult>0</difficult><bndbox>
      <xmin>1001</xmin>
      <ymin>87</ymin>
      <xmax>1363</xmax>
      <ymax>803</ymax>
    </bndbox>
    </object>
  <object>
    <name>Person</name>
    <pose>Unspecified</pose><truncated>0</truncated><difficult>0</difficult><bndbox>
      <xmin>639</xmin>
      <ymin>323</ymin>
      <xmax>991</xmax>
      <ymax>811</ymax>
    </bndbox>
    </object>
</annotation>