<annotation>
  <folder>my-project-name</folder>
  <filename>32-1.png</filename>
  <path>/my-project-name/32-1.png</path><source>
    <database>Unspecified</database>
  </source>
  <size>
    <width>1456</width>
    <height>816</height>
    <depth>3</depth>
  </size>
  <object>
    <name>Person</name>
    <pose>Unspecified</pose><truncated>0</truncated><difficult>0</difficult><bndbox>
      <xmin>583</xmin>
      <ymin>36</ymin>
      <xmax>929</xmax>
      <ymax>728</ymax>
    </bndbox>
    </object>
</annotation>