<annotation>
  <folder>my-project-name</folder>
  <filename>32-2.png</filename>
  <path>/my-project-name/32-2.png</path><source>
    <database>Unspecified</database>
  </source>
  <size>
    <width>1456</width>
    <height>816</height>
    <depth>3</depth>
  </size>
  <object>
    <name>Person</name>
    <pose>Unspecified</pose><truncated>0</truncated><difficult>0</difficult><bndbox>
      <xmin>795</xmin>
      <ymin>435</ymin>
      <xmax>900</xmax>
      <ymax>669</ymax>
    </bndbox>
    </object>
  <object>
    <name>Person</name>
    <pose>Unspecified</pose><truncated>0</truncated><difficult>0</difficult><bndbox>
      <xmin>445</xmin>
      <ymin>421</ymin>
      <xmax>559</xmax>
      <ymax>636</ymax>
    </bndbox>
    </object>
  <object>
    <name>Person</name>
    <pose>Unspecified</pose><truncated>0</truncated><difficult>0</difficult><bndbox>
      <xmin>547</xmin>
      <ymin>404</ymin>
      <xmax>664</xmax>
      <ymax>633</ymax>
    </bndbox>
    </object>
</annotation>