<annotation>
  <folder>my-project-name</folder>
  <filename>34-1.png</filename>
  <path>/my-project-name/34-1.png</path><source>
    <database>Unspecified</database>
  </source>
  <size>
    <width>1456</width>
    <height>816</height>
    <depth>3</depth>
  </size>
  <object>
    <name>Person</name>
    <pose>Unspecified</pose><truncated>0</truncated><difficult>0</difficult><bndbox>
      <xmin>1000</xmin>
      <ymin>183</ymin>
      <xmax>1071</xmax>
      <ymax>362</ymax>
    </bndbox>
    </object>
  <object>
    <name>Person</name>
    <pose>Unspecified</pose><truncated>0</truncated><difficult>0</difficult><bndbox>
      <xmin>1121</xmin>
      <ymin>209</ymin>
      <xmax>1191</xmax>
      <ymax>364</ymax>
    </bndbox>
    </object>
  <object>
    <name>Person</name>
    <pose>Unspecified</pose><truncated>0</truncated><difficult>0</difficult><bndbox>
      <xmin>1203</xmin>
      <ymin>208</ymin>
      <xmax>1251</xmax>
      <ymax>381</ymax>
    </bndbox>
    </object>
</annotation>