<annotation>
  <folder>my-project-name</folder>
  <filename>36-2.png</filename>
  <path>/my-project-name/36-2.png</path><source>
    <database>Unspecified</database>
  </source>
  <size>
    <width>1456</width>
    <height>816</height>
    <depth>3</depth>
  </size>
  <object>
    <name>Person</name>
    <pose>Unspecified</pose><truncated>0</truncated><difficult>0</difficult><bndbox>
      <xmin>554</xmin>
      <ymin>567</ymin>
      <xmax>702</xmax>
      <ymax>789</ymax>
    </bndbox>
    </object>
  <object>
    <name>Person</name>
    <pose>Unspecified</pose><truncated>0</truncated><difficult>0</difficult><bndbox>
      <xmin>714</xmin>
      <ymin>548</ymin>
      <xmax>873</xmax>
      <ymax>788</ymax>
    </bndbox>
    </object>
</annotation>