<annotation>
  <folder>my-project-name</folder>
  <filename>37-2.png</filename>
  <path>/my-project-name/37-2.png</path><source>
    <database>Unspecified</database>
  </source>
  <size>
    <width>1456</width>
    <height>816</height>
    <depth>3</depth>
  </size>
  <object>
    <name>Person</name>
    <pose>Unspecified</pose><truncated>0</truncated><difficult>0</difficult><bndbox>
      <xmin>404</xmin>
      <ymin>386</ymin>
      <xmax>782</xmax>
      <ymax>763</ymax>
    </bndbox>
    </object>
  <object>
    <name>Person</name>
    <pose>Unspecified</pose><truncated>0</truncated><difficult>0</difficult><bndbox>
      <xmin>765</xmin>
      <ymin>374</ymin>
      <xmax>1039</xmax>
      <ymax>763</ymax>
    </bndbox>
    </object>
</annotation>