<annotation>
  <folder>my-project-name</folder>
  <filename>38-1.png</filename>
  <path>/my-project-name/38-1.png</path><source>
    <database>Unspecified</database>
  </source>
  <size>
    <width>1456</width>
    <height>816</height>
    <depth>3</depth>
  </size>
  <object>
    <name>Person</name>
    <pose>Unspecified</pose><truncated>0</truncated><difficult>0</difficult><bndbox>
      <xmin>691</xmin>
      <ymin>556</ymin>
      <xmax>821</xmax>
      <ymax>812</ymax>
    </bndbox>
    </object>
  <object>
    <name>Person</name>
    <pose>Unspecified</pose><truncated>0</truncated><difficult>0</difficult><bndbox>
      <xmin>804</xmin>
      <ymin>514</ymin>
      <xmax>933</xmax>
      <ymax>767</ymax>
    </bndbox>
    </object>
  <object>
    <name>Person</name>
    <pose>Unspecified</pose><truncated>0</truncated><difficult>0</difficult><bndbox>
      <xmin>960</xmin>
      <ymin>463</ymin>
      <xmax>1104</xmax>
      <ymax>737</ymax>
    </bndbox>
    </object>
</annotation>