<annotation>
  <folder>my-project-name</folder>
  <filename>38-2.png</filename>
  <path>/my-project-name/38-2.png</path><source>
    <database>Unspecified</database>
  </source>
  <size>
    <width>1456</width>
    <height>816</height>
    <depth>3</depth>
  </size>
  <object>
    <name>Person</name>
    <pose>Unspecified</pose><truncated>0</truncated><difficult>0</difficult><bndbox>
      <xmin>1040</xmin>
      <ymin>645</ymin>
      <xmax>1138</xmax>
      <ymax>789</ymax>
    </bndbox>
    </object>
  <object>
    <name>Person</name>
    <pose>Unspecified</pose><truncated>0</truncated><difficult>0</difficult><bndbox>
      <xmin>1115</xmin>
      <ymin>638</ymin>
      <xmax>1213</xmax>
      <ymax>786</ymax>
    </bndbox>
    </object>
</annotation>