<annotation>
  <folder>my-project-name</folder>
  <filename>39-2.png</filename>
  <path>/my-project-name/39-2.png</path><source>
    <database>Unspecified</database>
  </source>
  <size>
    <width>1456</width>
    <height>816</height>
    <depth>3</depth>
  </size>
  <object>
    <name>Person</name>
    <pose>Unspecified</pose><truncated>0</truncated><difficult>0</difficult><bndbox>
      <xmin>458</xmin>
      <ymin>0</ymin>
      <xmax>1044</xmax>
      <ymax>563</ymax>
    </bndbox>
    </object>
  <object>
    <name>Person</name>
    <pose>Unspecified</pose><truncated>0</truncated><difficult>0</difficult><bndbox>
      <xmin>546</xmin>
      <ymin>153</ymin>
      <xmax>597</xmax>
      <ymax>383</ymax>
    </bndbox>
    </object>
  <object>
    <name>Person</name>
    <pose>Unspecified</pose><truncated>0</truncated><difficult>0</difficult><bndbox>
      <xmin>898</xmin>
      <ymin>149</ymin>
      <xmax>965</xmax>
      <ymax>428</ymax>
    </bndbox>
    </object>
</annotation>