<annotation>
  <folder>my-project-name</folder>
  <filename>4-1.png</filename>
  <path>/my-project-name/4-1.png</path><source>
    <database>Unspecified</database>
  </source>
  <size>
    <width>1456</width>
    <height>816</height>
    <depth>3</depth>
  </size>
  <object>
    <name>Person</name>
    <pose>Unspecified</pose><truncated>0</truncated><difficult>0</difficult><bndbox>
      <xmin>562</xmin>
      <ymin>403</ymin>
      <xmax>688</xmax>
      <ymax>640</ymax>
    </bndbox>
    </object>
  <object>
    <name>Person</name>
    <pose>Unspecified</pose><truncated>0</truncated><difficult>0</difficult><bndbox>
      <xmin>698</xmin>
      <ymin>206</ymin>
      <xmax>802</xmax>
      <ymax>394</ymax>
    </bndbox>
    </object>
  <object>
    <name>Person</name>
    <pose>Unspecified</pose><truncated>0</truncated><difficult>0</difficult><bndbox>
      <xmin>946</xmin>
      <ymin>428</ymin>
      <xmax>1009</xmax>
      <ymax>641</ymax>
    </bndbox>
    </object>
  <object>
    <name>Person</name>
    <pose>Unspecified</pose><truncated>0</truncated><difficult>0</difficult><bndbox>
      <xmin>790</xmin>
      <ymin>305</ymin>
      <xmax>878</xmax>
      <ymax>475</ymax>
    </bndbox>
    </object>
</annotation>