<annotation>
  <folder>my-project-name</folder>
  <filename>41-1.png</filename>
  <path>/my-project-name/41-1.png</path><source>
    <database>Unspecified</database>
  </source>
  <size>
    <width>1456</width>
    <height>816</height>
    <depth>3</depth>
  </size>
  <object>
    <name>Person</name>
    <pose>Unspecified</pose><truncated>0</truncated><difficult>0</difficult><bndbox>
      <xmin>670</xmin>
      <ymin>583</ymin>
      <xmax>781</xmax>
      <ymax>762</ymax>
    </bndbox>
    </object>
  <object>
    <name>Person</name>
    <pose>Unspecified</pose><truncated>0</truncated><difficult>0</difficult><bndbox>
      <xmin>561</xmin>
      <ymin>575</ymin>
      <xmax>677</xmax>
      <ymax>752</ymax>
    </bndbox>
    </object>
</annotation>