<annotation>
  <folder>my-project-name</folder>
  <filename>42-1.png</filename>
  <path>/my-project-name/42-1.png</path><source>
    <database>Unspecified</database>
  </source>
  <size>
    <width>1456</width>
    <height>816</height>
    <depth>3</depth>
  </size>
  <object>
    <name>Person</name>
    <pose>Unspecified</pose><truncated>0</truncated><difficult>0</difficult><bndbox>
      <xmin>508</xmin>
      <ymin>329</ymin>
      <xmax>766</xmax>
      <ymax>701</ymax>
    </bndbox>
    </object>
  <object>
    <name>Person</name>
    <pose>Unspecified</pose><truncated>0</truncated><difficult>0</difficult><bndbox>
      <xmin>728</xmin>
      <ymin>339</ymin>
      <xmax>949</xmax>
      <ymax>708</ymax>
    </bndbox>
    </object>
</annotation>