<annotation>
  <folder>my-project-name</folder>
  <filename>43-1.png</filename>
  <path>/my-project-name/43-1.png</path><source>
    <database>Unspecified</database>
  </source>
  <size>
    <width>1456</width>
    <height>816</height>
    <depth>3</depth>
  </size>
  <object>
    <name>Person</name>
    <pose>Unspecified</pose><truncated>0</truncated><difficult>0</difficult><bndbox>
      <xmin>582</xmin>
      <ymin>577</ymin>
      <xmax>661</xmax>
      <ymax>766</ymax>
    </bndbox>
    </object>
  <object>
    <name>Person</name>
    <pose>Unspecified</pose><truncated>0</truncated><difficult>0</difficult><bndbox>
      <xmin>454</xmin>
      <ymin>578</ymin>
      <xmax>565</xmax>
      <ymax>774</ymax>
    </bndbox>
    </object>
</annotation>