<annotation>
  <folder>my-project-name</folder>
  <filename>45-1.png</filename>
  <path>/my-project-name/45-1.png</path><source>
    <database>Unspecified</database>
  </source>
  <size>
    <width>1456</width>
    <height>816</height>
    <depth>3</depth>
  </size>
  <object>
    <name>Person</name>
    <pose>Unspecified</pose><truncated>0</truncated><difficult>0</difficult><bndbox>
      <xmin>432</xmin>
      <ymin>192</ymin>
      <xmax>1064</xmax>
      <ymax>768</ymax>
    </bndbox>
    </object>
  <object>
    <name>Person</name>
    <pose>Unspecified</pose><truncated>0</truncated><difficult>0</difficult><bndbox>
      <xmin>558</xmin>
      <ymin>309</ymin>
      <xmax>661</xmax>
      <ymax>433</ymax>
    </bndbox>
    </object>
</annotation>