<annotation>
  <folder>my-project-name</folder>
  <filename>45-2.png</filename>
  <path>/my-project-name/45-2.png</path><source>
    <database>Unspecified</database>
  </source>
  <size>
    <width>1456</width>
    <height>816</height>
    <depth>3</depth>
  </size>
  <object>
    <name>Person</name>
    <pose>Unspecified</pose><truncated>0</truncated><difficult>0</difficult><bndbox>
      <xmin>719</xmin>
      <ymin>528</ymin>
      <xmax>877</xmax>
      <ymax>815</ymax>
    </bndbox>
    </object>
  <object>
    <name>Person</name>
    <pose>Unspecified</pose><truncated>0</truncated><difficult>0</difficult><bndbox>
      <xmin>489</xmin>
      <ymin>526</ymin>
      <xmax>688</xmax>
      <ymax>815</ymax>
    </bndbox>
    </object>
</annotation>