<annotation>
  <folder>my-project-name</folder>
  <filename>46-2.png</filename>
  <path>/my-project-name/46-2.png</path><source>
    <database>Unspecified</database>
  </source>
  <size>
    <width>1456</width>
    <height>816</height>
    <depth>3</depth>
  </size>
  <object>
    <name>Person</name>
    <pose>Unspecified</pose><truncated>0</truncated><difficult>0</difficult><bndbox>
      <xmin>237</xmin>
      <ymin>0</ymin>
      <xmax>1164</xmax>
      <ymax>722</ymax>
    </bndbox>
    </object>
  <object>
    <name>Person</name>
    <pose>Unspecified</pose><truncated>0</truncated><difficult>0</difficult><bndbox>
      <xmin>384</xmin>
      <ymin>392</ymin>
      <xmax>438</xmax>
      <ymax>515</ymax>
    </bndbox>
    </object>
  <object>
    <name>Person</name>
    <pose>Unspecified</pose><truncated>0</truncated><difficult>0</difficult><bndbox>
      <xmin>949</xmin>
      <ymin>341</ymin>
      <xmax>1000</xmax>
      <ymax>507</ymax>
    </bndbox>
    </object>
</annotation>