<annotation>
  <folder>my-project-name</folder>
  <filename>47-1.png</filename>
  <path>/my-project-name/47-1.png</path><source>
    <database>Unspecified</database>
  </source>
  <size>
    <width>1456</width>
    <height>816</height>
    <depth>3</depth>
  </size>
  <object>
    <name>Person</name>
    <pose>Unspecified</pose><truncated>0</truncated><difficult>0</difficult><bndbox>
      <xmin>509</xmin>
      <ymin>636</ymin>
      <xmax>685</xmax>
      <ymax>796</ymax>
    </bndbox>
    </object>
  <object>
    <name>Person</name>
    <pose>Unspecified</pose><truncated>0</truncated><difficult>0</difficult><bndbox>
      <xmin>728</xmin>
      <ymin>537</ymin>
      <xmax>990</xmax>
      <ymax>812</ymax>
    </bndbox>
    </object>
  <object>
    <name>Person</name>
    <pose>Unspecified</pose><truncated>0</truncated><difficult>0</difficult><bndbox>
      <xmin>201</xmin>
      <ymin>16</ymin>
      <xmax>1013</xmax>
      <ymax>611</ymax>
    </bndbox>
    </object>
</annotation>