<annotation>
  <folder>my-project-name</folder>
  <filename>47-2.png</filename>
  <path>/my-project-name/47-2.png</path><source>
    <database>Unspecified</database>
  </source>
  <size>
    <width>1456</width>
    <height>816</height>
    <depth>3</depth>
  </size>
  <object>
    <name>Person</name>
    <pose>Unspecified</pose><truncated>0</truncated><difficult>0</difficult><bndbox>
      <xmin>206</xmin>
      <ymin>446</ymin>
      <xmax>541</xmax>
      <ymax>809</ymax>
    </bndbox>
    </object>
  <object>
    <name>Person</name>
    <pose>Unspecified</pose><truncated>0</truncated><difficult>0</difficult><bndbox>
      <xmin>812</xmin>
      <ymin>509</ymin>
      <xmax>1090</xmax>
      <ymax>786</ymax>
    </bndbox>
    </object>
  <object>
    <name>Person</name>
    <pose>Unspecified</pose><truncated>0</truncated><difficult>0</difficult><bndbox>
      <xmin>617</xmin>
      <ymin>518</ymin>
      <xmax>822</xmax>
      <ymax>814</ymax>
    </bndbox>
    </object>
  <object>
    <name>Person</name>
    <pose>Unspecified</pose><truncated>0</truncated><difficult>0</difficult><bndbox>
      <xmin>949</xmin>
      <ymin>484</ymin>
      <xmax>1281</xmax>
      <ymax>813</ymax>
    </bndbox>
    </object>
</annotation>