<annotation>
  <folder>my-project-name</folder>
  <filename>5-1.png</filename>
  <path>/my-project-name/5-1.png</path><source>
    <database>Unspecified</database>
  </source>
  <size>
    <width>1456</width>
    <height>816</height>
    <depth>3</depth>
  </size>
  <object>
    <name>Person</name>
    <pose>Unspecified</pose><truncated>0</truncated><difficult>0</difficult><bndbox>
      <xmin>557</xmin>
      <ymin>359</ymin>
      <xmax>743</xmax>
      <ymax>766</ymax>
    </bndbox>
    </object>
  <object>
    <name>Person</name>
    <pose>Unspecified</pose><truncated>0</truncated><difficult>0</difficult><bndbox>
      <xmin>756</xmin>
      <ymin>388</ymin>
      <xmax>1024</xmax>
      <ymax>766</ymax>
    </bndbox>
    </object>
</annotation>