<annotation>
  <folder>my-project-name</folder>
  <filename>51-2.png</filename>
  <path>/my-project-name/51-2.png</path><source>
    <database>Unspecified</database>
  </source>
  <size>
    <width>1456</width>
    <height>816</height>
    <depth>3</depth>
  </size>
  <object>
    <name>Person</name>
    <pose>Unspecified</pose><truncated>0</truncated><difficult>0</difficult><bndbox>
      <xmin>1080</xmin>
      <ymin>427</ymin>
      <xmax>1330</xmax>
      <ymax>812</ymax>
    </bndbox>
    </object>
  <object>
    <name>Person</name>
    <pose>Unspecified</pose><truncated>0</truncated><difficult>0</difficult><bndbox>
      <xmin>1031</xmin>
      <ymin>423</ymin>
      <xmax>1070</xmax>
      <ymax>544</ymax>
    </bndbox>
    </object>
</annotation>