<annotation>
  <folder>my-project-name</folder>
  <filename>52-1.png</filename>
  <path>/my-project-name/52-1.png</path><source>
    <database>Unspecified</database>
  </source>
  <size>
    <width>1456</width>
    <height>816</height>
    <depth>3</depth>
  </size>
  <object>
    <name>Person</name>
    <pose>Unspecified</pose><truncated>0</truncated><difficult>0</difficult><bndbox>
      <xmin>1220</xmin>
      <ymin>507</ymin>
      <xmax>1303</xmax>
      <ymax>647</ymax>
    </bndbox>
    </object>
  <object>
    <name>Person</name>
    <pose>Unspecified</pose><truncated>0</truncated><difficult>0</difficult><bndbox>
      <xmin>510</xmin>
      <ymin>491</ymin>
      <xmax>552</xmax>
      <ymax>628</ymax>
    </bndbox>
    </object>
</annotation>