<annotation>
  <folder>my-project-name</folder>
  <filename>52-2.png</filename>
  <path>/my-project-name/52-2.png</path><source>
    <database>Unspecified</database>
  </source>
  <size>
    <width>1456</width>
    <height>816</height>
    <depth>3</depth>
  </size>
  <object>
    <name>Person</name>
    <pose>Unspecified</pose><truncated>0</truncated><difficult>0</difficult><bndbox>
      <xmin>465</xmin>
      <ymin>491</ymin>
      <xmax>736</xmax>
      <ymax>812</ymax>
    </bndbox>
    </object>
  <object>
    <name>Person</name>
    <pose>Unspecified</pose><truncated>0</truncated><difficult>0</difficult><bndbox>
      <xmin>487</xmin>
      <ymin>493</ymin>
      <xmax>642</xmax>
      <ymax>805</ymax>
    </bndbox>
    </object>
  <object>
    <name>Person</name>
    <pose>Unspecified</pose><truncated>0</truncated><difficult>0</difficult><bndbox>
      <xmin>788</xmin>
      <ymin>356</ymin>
      <xmax>1303</xmax>
      <ymax>812</ymax>
    </bndbox>
    </object>
</annotation>