<annotation>
  <folder>my-project-name</folder>
  <filename>53-1.png</filename>
  <path>/my-project-name/53-1.png</path><source>
    <database>Unspecified</database>
  </source>
  <size>
    <width>1456</width>
    <height>816</height>
    <depth>3</depth>
  </size>
  <object>
    <name>Person</name>
    <pose>Unspecified</pose><truncated>0</truncated><difficult>0</difficult><bndbox>
      <xmin>645</xmin>
      <ymin>518</ymin>
      <xmax>841</xmax>
      <ymax>746</ymax>
    </bndbox>
    </object>
</annotation>