<annotation>
  <folder>my-project-name</folder>
  <filename>54-2.png</filename>
  <path>/my-project-name/54-2.png</path><source>
    <database>Unspecified</database>
  </source>
  <size>
    <width>1456</width>
    <height>816</height>
    <depth>3</depth>
  </size>
  <object>
    <name>Person</name>
    <pose>Unspecified</pose><truncated>0</truncated><difficult>0</difficult><bndbox>
      <xmin>502</xmin>
      <ymin>26</ymin>
      <xmax>938</xmax>
      <ymax>813</ymax>
    </bndbox>
    </object>
  <object>
    <name>Person</name>
    <pose>Unspecified</pose><truncated>0</truncated><difficult>0</difficult><bndbox>
      <xmin>109</xmin>
      <ymin>58</ymin>
      <xmax>478</xmax>
      <ymax>812</ymax>
    </bndbox>
    </object>
</annotation>