<annotation>
  <folder>my-project-name</folder>
  <filename>55-1.png</filename>
  <path>/my-project-name/55-1.png</path><source>
    <database>Unspecified</database>
  </source>
  <size>
    <width>1456</width>
    <height>816</height>
    <depth>3</depth>
  </size>
  <object>
    <name>Person</name>
    <pose>Unspecified</pose><truncated>0</truncated><difficult>0</difficult><bndbox>
      <xmin>426</xmin>
      <ymin>554</ymin>
      <xmax>521</xmax>
      <ymax>641</ymax>
    </bndbox>
    </object>
  <object>
    <name>Person</name>
    <pose>Unspecified</pose><truncated>0</truncated><difficult>0</difficult><bndbox>
      <xmin>824</xmin>
      <ymin>487</ymin>
      <xmax>918</xmax>
      <ymax>572</ymax>
    </bndbox>
    </object>
  <object>
    <name>Person</name>
    <pose>Unspecified</pose><truncated>0</truncated><difficult>0</difficult><bndbox>
      <xmin>763</xmin>
      <ymin>361</ymin>
      <xmax>814</xmax>
      <ymax>465</ymax>
    </bndbox>
    </object>
  <object>
    <name>Person</name>
    <pose>Unspecified</pose><truncated>0</truncated><difficult>0</difficult><bndbox>
      <xmin>942</xmin>
      <ymin>501</ymin>
      <xmax>1012</xmax>
      <ymax>601</ymax>
    </bndbox>
    </object>
  <object>
    <name>Person</name>
    <pose>Unspecified</pose><truncated>0</truncated><difficult>0</difficult><bndbox>
      <xmin>626</xmin>
      <ymin>265</ymin>
      <xmax>699</xmax>
      <ymax>421</ymax>
    </bndbox>
    </object>
  <object>
    <name>Person</name>
    <pose>Unspecified</pose><truncated>0</truncated><difficult>0</difficult><bndbox>
      <xmin>558</xmin>
      <ymin>291</ymin>
      <xmax>623</xmax>
      <ymax>436</ymax>
    </bndbox>
    </object>
  <object>
    <name>Person</name>
    <pose>Unspecified</pose><truncated>0</truncated><difficult>0</difficult><bndbox>
      <xmin>301</xmin>
      <ymin>499</ymin>
      <xmax>364</xmax>
      <ymax>617</ymax>
    </bndbox>
    </object>
  <object>
    <name>Person</name>
    <pose>Unspecified</pose><truncated>0</truncated><difficult>0</difficult><bndbox>
      <xmin>476</xmin>
      <ymin>270</ymin>
      <xmax>544</xmax>
      <ymax>372</ymax>
    </bndbox>
    </object>
  <object>
    <name>Person</name>
    <pose>Unspecified</pose><truncated>0</truncated><difficult>0</difficult><bndbox>
      <xmin>987</xmin>
      <ymin>282</ymin>
      <xmax>1052</xmax>
      <ymax>386</ymax>
    </bndbox>
    </object>
  <object>
    <name>Person</name>
    <pose>Unspecified</pose><truncated>0</truncated><difficult>0</difficult><bndbox>
      <xmin>884</xmin>
      <ymin>94</ymin>
      <xmax>958</xmax>
      <ymax>184</ymax>
    </bndbox>
    </object>
  <object>
    <name>Person</name>
    <pose>Unspecified</pose><truncated>0</truncated><difficult>0</difficult><bndbox>
      <xmin>626</xmin>
      <ymin>151</ymin>
      <xmax>670</xmax>
      <ymax>262</ymax>
    </bndbox>
    </object>
  <object>
    <name>Person</name>
    <pose>Unspecified</pose><truncated>0</truncated><difficult>0</difficult><bndbox>
      <xmin>843</xmin>
      <ymin>356</ymin>
      <xmax>917</xmax>
      <ymax>450</ymax>
    </bndbox>
    </object>
  <object>
    <name>Person</name>
    <pose>Unspecified</pose><truncated>0</truncated><difficult>0</difficult><bndbox>
      <xmin>1043</xmin>
      <ymin>401</ymin>
      <xmax>1100</xmax>
      <ymax>521</ymax>
    </bndbox>
    </object>
  <object>
    <name>Person</name>
    <pose>Unspecified</pose><truncated>0</truncated><difficult>0</difficult><bndbox>
      <xmin>382</xmin>
      <ymin>584</ymin>
      <xmax>447</xmax>
      <ymax>678</ymax>
    </bndbox>
    </object>
  <object>
    <name>Person</name>
    <pose>Unspecified</pose><truncated>0</truncated><difficult>0</difficult><bndbox>
      <xmin>710</xmin>
      <ymin>606</ymin>
      <xmax>772</xmax>
      <ymax>714</ymax>
    </bndbox>
    </object>
  <object>
    <name>Person</name>
    <pose>Unspecified</pose><truncated>0</truncated><difficult>0</difficult><bndbox>
      <xmin>701</xmin>
      <ymin>309</ymin>
      <xmax>759</xmax>
      <ymax>444</ymax>
    </bndbox>
    </object>
  <object>
    <name>Person</name>
    <pose>Unspecified</pose><truncated>0</truncated><difficult>0</difficult><bndbox>
      <xmin>694</xmin>
      <ymin>89</ymin>
      <xmax>726</xmax>
      <ymax>170</ymax>
    </bndbox>
    </object>
  <object>
    <name>Person</name>
    <pose>Unspecified</pose><truncated>0</truncated><difficult>0</difficult><bndbox>
      <xmin>779</xmin>
      <ymin>46</ymin>
      <xmax>816</xmax>
      <ymax>139</ymax>
    </bndbox>
    </object>
</annotation>