<annotation>
  <folder>my-project-name</folder>
  <filename>55-2.png</filename>
  <path>/my-project-name/55-2.png</path><source>
    <database>Unspecified</database>
  </source>
  <size>
    <width>1456</width>
    <height>816</height>
    <depth>3</depth>
  </size>
  <object>
    <name>Person</name>
    <pose>Unspecified</pose><truncated>0</truncated><difficult>0</difficult><bndbox>
      <xmin>775</xmin>
      <ymin>99</ymin>
      <xmax>1208</xmax>
      <ymax>478</ymax>
    </bndbox>
    </object>
  <object>
    <name>Person</name>
    <pose>Unspecified</pose><truncated>0</truncated><difficult>0</difficult><bndbox>
      <xmin>363</xmin>
      <ymin>99</ymin>
      <xmax>706</xmax>
      <ymax>677</ymax>
    </bndbox>
    </object>
</annotation>