<annotation>
  <folder>my-project-name</folder>
  <filename>56-1.png</filename>
  <path>/my-project-name/56-1.png</path><source>
    <database>Unspecified</database>
  </source>
  <size>
    <width>1456</width>
    <height>816</height>
    <depth>3</depth>
  </size>
  <object>
    <name>Person</name>
    <pose>Unspecified</pose><truncated>0</truncated><difficult>0</difficult><bndbox>
      <xmin>807</xmin>
      <ymin>201</ymin>
      <xmax>1189</xmax>
      <ymax>650</ymax>
    </bndbox>
    </object>
  <object>
    <name>Person</name>
    <pose>Unspecified</pose><truncated>0</truncated><difficult>0</difficult><bndbox>
      <xmin>922</xmin>
      <ymin>433</ymin>
      <xmax>1012</xmax>
      <ymax>502</ymax>
    </bndbox>
    </object>
  <object>
    <name>Person</name>
    <pose>Unspecified</pose><truncated>0</truncated><difficult>0</difficult><bndbox>
      <xmin>211</xmin>
      <ymin>204</ymin>
      <xmax>592</xmax>
      <ymax>680</ymax>
    </bndbox>
    </object>
</annotation>