<annotation>
  <folder>my-project-name</folder>
  <filename>56-2.png</filename>
  <path>/my-project-name/56-2.png</path><source>
    <database>Unspecified</database>
  </source>
  <size>
    <width>1456</width>
    <height>816</height>
    <depth>3</depth>
  </size>
  <object>
    <name>Person</name>
    <pose>Unspecified</pose><truncated>0</truncated><difficult>0</difficult><bndbox>
      <xmin>874</xmin>
      <ymin>620</ymin>
      <xmax>944</xmax>
      <ymax>705</ymax>
    </bndbox>
    </object>
  <object>
    <name>Person</name>
    <pose>Unspecified</pose><truncated>0</truncated><difficult>0</difficult><bndbox>
      <xmin>883</xmin>
      <ymin>535</ymin>
      <xmax>982</xmax>
      <ymax>607</ymax>
    </bndbox>
    </object>
  <object>
    <name>Person</name>
    <pose>Unspecified</pose><truncated>0</truncated><difficult>0</difficult><bndbox>
      <xmin>243</xmin>
      <ymin>516</ymin>
      <xmax>353</xmax>
      <ymax>714</ymax>
    </bndbox>
    </object>
  <object>
    <name>Person</name>
    <pose>Unspecified</pose><truncated>0</truncated><difficult>0</difficult><bndbox>
      <xmin>408</xmin>
      <ymin>409</ymin>
      <xmax>546</xmax>
      <ymax>748</ymax>
    </bndbox>
    </object>
  <object>
    <name>Person</name>
    <pose>Unspecified</pose><truncated>0</truncated><difficult>0</difficult><bndbox>
      <xmin>644</xmin>
      <ymin>398</ymin>
      <xmax>793</xmax>
      <ymax>720</ymax>
    </bndbox>
    </object>
  <object>
    <name>Person</name>
    <pose>Unspecified</pose><truncated>0</truncated><difficult>0</difficult><bndbox>
      <xmin>805</xmin>
      <ymin>336</ymin>
      <xmax>886</xmax>
      <ymax>500</ymax>
    </bndbox>
    </object>
  <object>
    <name>Person</name>
    <pose>Unspecified</pose><truncated>0</truncated><difficult>0</difficult><bndbox>
      <xmin>284</xmin>
      <ymin>311</ymin>
      <xmax>398</xmax>
      <ymax>527</ymax>
    </bndbox>
    </object>
  <object>
    <name>Person</name>
    <pose>Unspecified</pose><truncated>0</truncated><difficult>0</difficult><bndbox>
      <xmin>652</xmin>
      <ymin>310</ymin>
      <xmax>717</xmax>
      <ymax>386</ymax>
    </bndbox>
    </object>
  <object>
    <name>Person</name>
    <pose>Unspecified</pose><truncated>0</truncated><difficult>0</difficult><bndbox>
      <xmin>433</xmin>
      <ymin>270</ymin>
      <xmax>489</xmax>
      <ymax>365</ymax>
    </bndbox>
    </object>
  <object>
    <name>Person</name>
    <pose>Unspecified</pose><truncated>0</truncated><difficult>0</difficult><bndbox>
      <xmin>522</xmin>
      <ymin>249</ymin>
      <xmax>647</xmax>
      <ymax>590</ymax>
    </bndbox>
    </object>
</annotation>