<annotation>
  <folder>my-project-name</folder>
  <filename>57-1.png</filename>
  <path>/my-project-name/57-1.png</path><source>
    <database>Unspecified</database>
  </source>
  <size>
    <width>1456</width>
    <height>816</height>
    <depth>3</depth>
  </size>
  <object>
    <name>Person</name>
    <pose>Unspecified</pose><truncated>0</truncated><difficult>0</difficult><bndbox>
      <xmin>593</xmin>
      <ymin>165</ymin>
      <xmax>641</xmax>
      <ymax>206</ymax>
    </bndbox>
    </object>
  <object>
    <name>Person</name>
    <pose>Unspecified</pose><truncated>0</truncated><difficult>0</difficult><bndbox>
      <xmin>444</xmin>
      <ymin>192</ymin>
      <xmax>473</xmax>
      <ymax>252</ymax>
    </bndbox>
    </object>
  <object>
    <name>Person</name>
    <pose>Unspecified</pose><truncated>0</truncated><difficult>0</difficult><bndbox>
      <xmin>785</xmin>
      <ymin>68</ymin>
      <xmax>813</xmax>
      <ymax>110</ymax>
    </bndbox>
    </object>
  <object>
    <name>Person</name>
    <pose>Unspecified</pose><truncated>0</truncated><difficult>0</difficult><bndbox>
      <xmin>340</xmin>
      <ymin>265</ymin>
      <xmax>384</xmax>
      <ymax>305</ymax>
    </bndbox>
    </object>
  <object>
    <name>Person</name>
    <pose>Unspecified</pose><truncated>0</truncated><difficult>0</difficult><bndbox>
      <xmin>1021</xmin>
      <ymin>228</ymin>
      <xmax>1055</xmax>
      <ymax>290</ymax>
    </bndbox>
    </object>
  <object>
    <name>Person</name>
    <pose>Unspecified</pose><truncated>0</truncated><difficult>0</difficult><bndbox>
      <xmin>748</xmin>
      <ymin>74</ymin>
      <xmax>773</xmax>
      <ymax>116</ymax>
    </bndbox>
    </object>
  <object>
    <name>Person</name>
    <pose>Unspecified</pose><truncated>0</truncated><difficult>0</difficult><bndbox>
      <xmin>286</xmin>
      <ymin>163</ymin>
      <xmax>310</xmax>
      <ymax>202</ymax>
    </bndbox>
    </object>
</annotation>