<annotation>
  <folder>my-project-name</folder>
  <filename>57-2.png</filename>
  <path>/my-project-name/57-2.png</path><source>
    <database>Unspecified</database>
  </source>
  <size>
    <width>1456</width>
    <height>816</height>
    <depth>3</depth>
  </size>
  <object>
    <name>Person</name>
    <pose>Unspecified</pose><truncated>0</truncated><difficult>0</difficult><bndbox>
      <xmin>434</xmin>
      <ymin>259</ymin>
      <xmax>1001</xmax>
      <ymax>803</ymax>
    </bndbox>
    </object>
</annotation>