<annotation>
  <folder>my-project-name</folder>
  <filename>58-1.png</filename>
  <path>/my-project-name/58-1.png</path><source>
    <database>Unspecified</database>
  </source>
  <size>
    <width>1456</width>
    <height>816</height>
    <depth>3</depth>
  </size>
  <object>
    <name>Person</name>
    <pose>Unspecified</pose><truncated>0</truncated><difficult>0</difficult><bndbox>
      <xmin>534</xmin>
      <ymin>159</ymin>
      <xmax>738</xmax>
      <ymax>497</ymax>
    </bndbox>
    </object>
  <object>
    <name>Person</name>
    <pose>Unspecified</pose><truncated>0</truncated><difficult>0</difficult><bndbox>
      <xmin>694</xmin>
      <ymin>400</ymin>
      <xmax>873</xmax>
      <ymax>762</ymax>
    </bndbox>
    </object>
  <object>
    <name>Person</name>
    <pose>Unspecified</pose><truncated>0</truncated><difficult>0</difficult><bndbox>
      <xmin>782</xmin>
      <ymin>176</ymin>
      <xmax>986</xmax>
      <ymax>435</ymax>
    </bndbox>
    </object>
</annotation>