<annotation>
  <folder>my-project-name</folder>
  <filename>59-1.png</filename>
  <path>/my-project-name/59-1.png</path><source>
    <database>Unspecified</database>
  </source>
  <size>
    <width>1456</width>
    <height>816</height>
    <depth>3</depth>
  </size>
  <object>
    <name>Person</name>
    <pose>Unspecified</pose><truncated>0</truncated><difficult>0</difficult><bndbox>
      <xmin>547</xmin>
      <ymin>637</ymin>
      <xmax>609</xmax>
      <ymax>718</ymax>
    </bndbox>
    </object>
  <object>
    <name>Person</name>
    <pose>Unspecified</pose><truncated>0</truncated><difficult>0</difficult><bndbox>
      <xmin>248</xmin>
      <ymin>195</ymin>
      <xmax>688</xmax>
      <ymax>712</ymax>
    </bndbox>
    </object>
  <object>
    <name>Person</name>
    <pose>Unspecified</pose><truncated>0</truncated><difficult>0</difficult><bndbox>
      <xmin>680</xmin>
      <ymin>113</ymin>
      <xmax>1247</xmax>
      <ymax>813</ymax>
    </bndbox>
    </object>
  <object>
    <name>Person</name>
    <pose>Unspecified</pose><truncated>0</truncated><difficult>0</difficult><bndbox>
      <xmin>858</xmin>
      <ymin>533</ymin>
      <xmax>973</xmax>
      <ymax>690</ymax>
    </bndbox>
    </object>
  <object>
    <name>Person</name>
    <pose>Unspecified</pose><truncated>0</truncated><difficult>0</difficult><bndbox>
      <xmin>888</xmin>
      <ymin>282</ymin>
      <xmax>1018</xmax>
      <ymax>477</ymax>
    </bndbox>
    </object>
</annotation>