<annotation>
  <folder>my-project-name</folder>
  <filename>59-2.png</filename>
  <path>/my-project-name/59-2.png</path><source>
    <database>Unspecified</database>
  </source>
  <size>
    <width>1456</width>
    <height>816</height>
    <depth>3</depth>
  </size>
  <object>
    <name>Person</name>
    <pose>Unspecified</pose><truncated>0</truncated><difficult>0</difficult><bndbox>
      <xmin>573</xmin>
      <ymin>725</ymin>
      <xmax>668</xmax>
      <ymax>782</ymax>
    </bndbox>
    </object>
  <object>
    <name>Person</name>
    <pose>Unspecified</pose><truncated>0</truncated><difficult>0</difficult><bndbox>
      <xmin>294</xmin>
      <ymin>482</ymin>
      <xmax>453</xmax>
      <ymax>811</ymax>
    </bndbox>
    </object>
  <object>
    <name>Person</name>
    <pose>Unspecified</pose><truncated>0</truncated><difficult>0</difficult><bndbox>
      <xmin>574</xmin>
      <ymin>356</ymin>
      <xmax>732</xmax>
      <ymax>683</ymax>
    </bndbox>
    </object>
  <object>
    <name>Person</name>
    <pose>Unspecified</pose><truncated>0</truncated><difficult>0</difficult><bndbox>
      <xmin>468</xmin>
      <ymin>111</ymin>
      <xmax>657</xmax>
      <ymax>341</ymax>
    </bndbox>
    </object>
  <object>
    <name>Person</name>
    <pose>Unspecified</pose><truncated>0</truncated><difficult>0</difficult><bndbox>
      <xmin>210</xmin>
      <ymin>21</ymin>
      <xmax>508</xmax>
      <ymax>485</ymax>
    </bndbox>
    </object>
  <object>
    <name>Person</name>
    <pose>Unspecified</pose><truncated>0</truncated><difficult>0</difficult><bndbox>
      <xmin>729</xmin>
      <ymin>424</ymin>
      <xmax>886</xmax>
      <ymax>755</ymax>
    </bndbox>
    </object>
  <object>
    <name>Person</name>
    <pose>Unspecified</pose><truncated>0</truncated><difficult>0</difficult><bndbox>
      <xmin>752</xmin>
      <ymin>16</ymin>
      <xmax>1198</xmax>
      <ymax>790</ymax>
    </bndbox>
    </object>
</annotation>