<annotation>
  <folder>my-project-name</folder>
  <filename>6-1.png</filename>
  <path>/my-project-name/6-1.png</path><source>
    <database>Unspecified</database>
  </source>
  <size>
    <width>1456</width>
    <height>816</height>
    <depth>3</depth>
  </size>
  <object>
    <name>Person</name>
    <pose>Unspecified</pose><truncated>0</truncated><difficult>0</difficult><bndbox>
      <xmin>630</xmin>
      <ymin>183</ymin>
      <xmax>720</xmax>
      <ymax>412</ymax>
    </bndbox>
    </object>
  <object>
    <name>Person</name>
    <pose>Unspecified</pose><truncated>0</truncated><difficult>0</difficult><bndbox>
      <xmin>693</xmin>
      <ymin>363</ymin>
      <xmax>803</xmax>
      <ymax>633</ymax>
    </bndbox>
    </object>
  <object>
    <name>Person</name>
    <pose>Unspecified</pose><truncated>0</truncated><difficult>0</difficult><bndbox>
      <xmin>310</xmin>
      <ymin>341</ymin>
      <xmax>450</xmax>
      <ymax>602</ymax>
    </bndbox>
    </object>
  <object>
    <name>Person</name>
    <pose>Unspecified</pose><truncated>0</truncated><difficult>0</difficult><bndbox>
      <xmin>917</xmin>
      <ymin>345</ymin>
      <xmax>1094</xmax>
      <ymax>587</ymax>
    </bndbox>
    </object>
  <object>
    <name>Person</name>
    <pose>Unspecified</pose><truncated>0</truncated><difficult>0</difficult><bndbox>
      <xmin>684</xmin>
      <ymin>36</ymin>
      <xmax>743</xmax>
      <ymax>195</ymax>
    </bndbox>
    </object>
  <object>
    <name>Person</name>
    <pose>Unspecified</pose><truncated>0</truncated><difficult>0</difficult><bndbox>
      <xmin>1091</xmin>
      <ymin>49</ymin>
      <xmax>1178</xmax>
      <ymax>205</ymax>
    </bndbox>
    </object>
  <object>
    <name>Person</name>
    <pose>Unspecified</pose><truncated>0</truncated><difficult>0</difficult><bndbox>
      <xmin>1252</xmin>
      <ymin>134</ymin>
      <xmax>1324</xmax>
      <ymax>338</ymax>
    </bndbox>
    </object>
  <object>
    <name>Person</name>
    <pose>Unspecified</pose><truncated>0</truncated><difficult>0</difficult><bndbox>
      <xmin>469</xmin>
      <ymin>665</ymin>
      <xmax>634</xmax>
      <ymax>792</ymax>
    </bndbox>
    </object>
  <object>
    <name>Person</name>
    <pose>Unspecified</pose><truncated>0</truncated><difficult>0</difficult><bndbox>
      <xmin>299</xmin>
      <ymin>117</ymin>
      <xmax>362</xmax>
      <ymax>311</ymax>
    </bndbox>
    </object>
  <object>
    <name>Person</name>
    <pose>Unspecified</pose><truncated>0</truncated><difficult>0</difficult><bndbox>
      <xmin>115</xmin>
      <ymin>362</ymin>
      <xmax>247</xmax>
      <ymax>583</ymax>
    </bndbox>
    </object>
</annotation>