<annotation>
  <folder>my-project-name</folder>
  <filename>7-2.png</filename>
  <path>/my-project-name/7-2.png</path><source>
    <database>Unspecified</database>
  </source>
  <size>
    <width>1456</width>
    <height>816</height>
    <depth>3</depth>
  </size>
  <object>
    <name>Person</name>
    <pose>Unspecified</pose><truncated>0</truncated><difficult>0</difficult><bndbox>
      <xmin>911</xmin>
      <ymin>50</ymin>
      <xmax>1402</xmax>
      <ymax>811</ymax>
    </bndbox>
    </object>
  <object>
    <name>Person</name>
    <pose>Unspecified</pose><truncated>0</truncated><difficult>0</difficult><bndbox>
      <xmin>343</xmin>
      <ymin>74</ymin>
      <xmax>1004</xmax>
      <ymax>812</ymax>
    </bndbox>
    </object>
  <object>
    <name>Person</name>
    <pose>Unspecified</pose><truncated>0</truncated><difficult>0</difficult><bndbox>
      <xmin>596</xmin>
      <ymin>637</ymin>
      <xmax>776</xmax>
      <ymax>726</ymax>
    </bndbox>
    </object>
</annotation>