<annotation>
  <folder>my-project-name</folder>
  <filename>8-1.png</filename>
  <path>/my-project-name/8-1.png</path><source>
    <database>Unspecified</database>
  </source>
  <size>
    <width>1456</width>
    <height>816</height>
    <depth>3</depth>
  </size>
  <object>
    <name>Person</name>
    <pose>Unspecified</pose><truncated>0</truncated><difficult>0</difficult><bndbox>
      <xmin>749</xmin>
      <ymin>406</ymin>
      <xmax>920</xmax>
      <ymax>664</ymax>
    </bndbox>
    </object>
  <object>
    <name>Person</name>
    <pose>Unspecified</pose><truncated>0</truncated><difficult>0</difficult><bndbox>
      <xmin>823</xmin>
      <ymin>76</ymin>
      <xmax>1206</xmax>
      <ymax>797</ymax>
    </bndbox>
    </object>
  <object>
    <name>Person</name>
    <pose>Unspecified</pose><truncated>0</truncated><difficult>0</difficult><bndbox>
      <xmin>616</xmin>
      <ymin>708</ymin>
      <xmax>713</xmax>
      <ymax>788</ymax>
    </bndbox>
    </object>
  <object>
    <name>Person</name>
    <pose>Unspecified</pose><truncated>0</truncated><difficult>0</difficult><bndbox>
      <xmin>458</xmin>
      <ymin>703</ymin>
      <xmax>555</xmax>
      <ymax>813</ymax>
    </bndbox>
    </object>
  <object>
    <name>Person</name>
    <pose>Unspecified</pose><truncated>0</truncated><difficult>0</difficult><bndbox>
      <xmin>366</xmin>
      <ymin>576</ymin>
      <xmax>474</xmax>
      <ymax>718</ymax>
    </bndbox>
    </object>
  <object>
    <name>Person</name>
    <pose>Unspecified</pose><truncated>0</truncated><difficult>0</difficult><bndbox>
      <xmin>523</xmin>
      <ymin>252</ymin>
      <xmax>764</xmax>
      <ymax>707</ymax>
    </bndbox>
    </object>
  <object>
    <name>Person</name>
    <pose>Unspecified</pose><truncated>0</truncated><difficult>0</difficult><bndbox>
      <xmin>302</xmin>
      <ymin>101</ymin>
      <xmax>616</xmax>
      <ymax>541</ymax>
    </bndbox>
    </object>
</annotation>