<?xml version="1.0" ?>
<annotation>
  <folder>VOC</folder>
  <filename>117-1.png</filename>
  <source>
    <database>roboflow.ai</database>
  </source>
  <size>
    <width>1024</width>
    <height>1024</height>
    <depth>3</depth>
  </size>
  <segmented>0</segmented>
  <object>
    <name>person</name>
    <bndbox>
      <xmin>227</xmin>
      <ymin>325</ymin>
      <xmax>553</xmax>
      <ymax>880</ymax>
    </bndbox>
    <polygon>
      <x1>349</x1>
      <y1>326</y1>
      <x2>341</x2>
      <y2>329</y2>
      <x3>331</x3>
      <y3>336</y3>
      <x4>322</x4>
      <y4>352</y4>
      <x5>320</x5>
      <y5>401</y5>
      <x6>317</x6>
      <y6>404</y6>
      <x7>306</x7>
      <y7>404</y7>
      <x8>294</x8>
      <y8>410</y8>
      <x9>285</x9>
      <y9>411</y9>
      <x10>277</x10>
      <y10>414</y10>
      <x11>273</x11>
      <y11>419</y11>
      <x12>271</x12>
      <y12>437</y12>
      <x13>257</x13>
      <y13>443</y13>
      <x14>253</x14>
      <y14>447</y14>
      <x15>248</x15>
      <y15>449</y15>
      <x16>240</x16>
      <y16>457</y16>
      <x17>237</x17>
      <y17>463</y17>
      <x18>234</x18>
      <y18>473</y18>
      <x19>234</x19>
      <y19>488</y19>
      <x20>231</x20>
      <y20>506</y20>
      <x21>231</x21>
      <y21>527</y21>
      <x22>227</x22>
      <y22>556</y22>
      <x23>230</x23>
      <y23>589</y23>
      <x24>239</x24>
      <y24>607</y24>
      <x25>247</x25>
      <y25>613</y25>
      <x26>246</x26>
      <y26>623</y26>
      <x27>247</x27>
      <y27>640</y27>
      <x28>252</x28>
      <y28>650</y28>
      <x29>252</x29>
      <y29>654</y29>
      <x30>256</x30>
      <y30>663</y30>
      <x31>259</x31>
      <y31>665</y31>
      <x32>260</x32>
      <y32>669</y32>
      <x33>265</x33>
      <y33>674</y33>
      <x34>277</x34>
      <y34>679</y34>
      <x35>286</x35>
      <y35>678</y35>
      <x36>298</x36>
      <y36>673</y36>
      <x37>307</x37>
      <y37>674</y37>
      <x38>317</x38>
      <y38>677</y38>
      <x39>322</x39>
      <y39>677</y39>
      <x40>325</x40>
      <y40>679</y40>
      <x41>340</x41>
      <y41>681</y41>
      <x42>349</x42>
      <y42>687</y42>
      <x43>381</x43>
      <y43>689</y43>
      <x44>384</x44>
      <y44>695</y44>
      <x45>390</x45>
      <y45>698</y45>
      <x46>388</x46>
      <y46>701</y46>
      <x47>392</x47>
      <y47>704</y47>
      <x48>393</x48>
      <y48>710</y48>
      <x49>387</x49>
      <y49>733</y49>
      <x50>384</x50>
      <y50>738</y50>
      <x51>384</x51>
      <y51>742</y51>
      <x52>381</x52>
      <y52>745</y52>
      <x53>375</x53>
      <y53>757</y53>
      <x54>373</x54>
      <y54>765</y54>
      <x55>364</x55>
      <y55>779</y55>
      <x56>363</x56>
      <y56>786</y56>
      <x57>359</x57>
      <y57>793</y57>
      <x58>358</x58>
      <y58>798</y58>
      <x59>353</x59>
      <y59>802</y59>
      <x60>352</x60>
      <y60>807</y60>
      <x61>344</x61>
      <y61>817</y61>
      <x62>344</x62>
      <y62>820</y62>
      <x63>340</x63>
      <y63>828</y63>
      <x64>340</x64>
      <y64>837</y64>
      <x65>343</x65>
      <y65>842</y65>
      <x66>348</x66>
      <y66>847</y66>
      <x67>360</x67>
      <y67>855</y67>
      <x68>365</x68>
      <y68>860</y68>
      <x69>370</x69>
      <y69>869</y69>
      <x70>381</x70>
      <y70>877</y70>
      <x71>394</x71>
      <y71>880</y71>
      <x72>411</x72>
      <y72>880</y72>
      <x73>421</x73>
      <y73>876</y73>
      <x74>426</x74>
      <y74>872</y74>
      <x75>429</x75>
      <y75>868</y75>
      <x76>429</x76>
      <y76>859</y76>
      <x77>423</x77>
      <y77>849</y77>
      <x78>418</x78>
      <y78>845</y78>
      <x79>414</x79>
      <y79>833</y79>
      <x80>407</x80>
      <y80>824</y80>
      <x81>404</x81>
      <y81>815</y81>
      <x82>395</x82>
      <y82>801</y82>
      <x83>396</x83>
      <y83>796</y83>
      <x84>403</x84>
      <y84>789</y84>
      <x85>407</x85>
      <y85>782</y85>
      <x86>408</x86>
      <y86>773</y86>
      <x87>410</x87>
      <y87>769</y87>
      <x88>418</x88>
      <y88>761</y88>
      <x89>421</x89>
      <y89>761</y89>
      <x90>424</x90>
      <y90>764</y90>
      <x91>431</x91>
      <y91>780</y91>
      <x92>440</x92>
      <y92>792</y92>
      <x93>444</x93>
      <y93>801</y93>
      <x94>446</x94>
      <y94>813</y94>
      <x95>455</x95>
      <y95>826</y95>
      <x96>455</x96>
      <y96>834</y96>
      <x97>452</x97>
      <y97>848</y97>
      <x98>453</x98>
      <y98>864</y98>
      <x99>457</x99>
      <y99>868</y99>
      <x100>463</x100>
      <y100>871</y100>
      <x101>472</x101>
      <y101>873</y101>
      <x102>486</x102>
      <y102>873</y102>
      <x103>500</x103>
      <y103>877</y103>
      <x104>515</x104>
      <y104>875</y104>
      <x105>538</x105>
      <y105>867</y105>
      <x106>548</x106>
      <y106>861</y106>
      <x107>552</x107>
      <y107>857</y107>
      <x108>553</x108>
      <y108>854</y108>
      <x109>550</x109>
      <y109>844</y109>
      <x110>541</x110>
      <y110>837</y110>
      <x111>522</x111>
      <y111>829</y111>
      <x112>519</x112>
      <y112>826</y112>
      <x113>513</x113>
      <y113>824</y113>
      <x114>505</x114>
      <y114>817</y114>
      <x115>495</x115>
      <y115>813</y115>
      <x116>495</x116>
      <y116>810</y116>
      <x117>492</x117>
      <y117>806</y117>
      <x118>486</x118>
      <y118>787</y118>
      <x119>478</x119>
      <y119>781</y119>
      <x120>473</x120>
      <y120>774</y120>
      <x121>468</x121>
      <y121>761</y121>
      <x122>464</x122>
      <y122>757</y122>
      <x123>462</x123>
      <y123>746</y123>
      <x124>456</x124>
      <y124>734</y124>
      <x125>455</x125>
      <y125>727</y125>
      <x126>448</x126>
      <y126>710</y126>
      <x127>447</x127>
      <y127>701</y127>
      <x128>444</x128>
      <y128>693</y128>
      <x129>441</x129>
      <y129>666</y129>
      <x130>438</x130>
      <y130>655</y130>
      <x131>421</x131>
      <y131>641</y131>
      <x132>405</x132>
      <y132>633</y132>
      <x133>396</x133>
      <y133>631</y133>
      <x134>391</x134>
      <y134>626</y134>
      <x135>389</x135>
      <y135>602</y135>
      <x136>407</x136>
      <y136>584</y136>
      <x137>413</x137>
      <y137>580</y137>
      <x138>421</x138>
      <y138>583</y138>
      <x139>423</x139>
      <y139>585</y139>
      <x140>423</x140>
      <y140>589</y140>
      <x141>430</x141>
      <y141>590</y141>
      <x142>433</x142>
      <y142>585</y142>
      <x143>437</x143>
      <y143>582</y143>
      <x144>438</x144>
      <y144>578</y144>
      <x145>441</x145>
      <y145>575</y145>
      <x146>440</x146>
      <y146>553</y146>
      <x147>438</x147>
      <y147>552</y147>
      <x148>435</x148>
      <y148>554</y148>
      <x149>434</x149>
      <y149>562</y149>
      <x150>431</x150>
      <y150>556</y150>
      <x151>425</x151>
      <y151>557</y151>
      <x152>421</x152>
      <y152>556</y152>
      <x153>419</x153>
      <y153>561</y153>
      <x154>417</x154>
      <y154>562</y154>
      <x155>413</x155>
      <y155>554</y155>
      <x156>411</x156>
      <y156>559</y156>
      <x157>408</x157>
      <y157>562</y157>
      <x158>405</x158>
      <y158>563</y158>
      <x159>403</x159>
      <y159>566</y159>
      <x160>400</x160>
      <y160>566</y160>
      <x161>399</x161>
      <y161>562</y161>
      <x162>394</x162>
      <y162>559</y162>
      <x163>396</x163>
      <y163>552</y163>
      <x164>394</x164>
      <y164>550</y164>
      <x165>390</x165>
      <y165>523</y165>
      <x166>379</x166>
      <y166>494</y166>
      <x167>375</x167>
      <y167>475</y167>
      <x168>374</x168>
      <y168>463</y168>
      <x169>364</x169>
      <y169>441</y169>
      <x170>366</x170>
      <y170>437</y170>
      <x171>382</x171>
      <y171>422</y171>
      <x172>384</x172>
      <y172>417</y172>
      <x173>387</x173>
      <y173>414</y173>
      <x174>388</x174>
      <y174>407</y174>
      <x175>398</x175>
      <y175>395</y175>
      <x176>401</x176>
      <y176>378</y176>
      <x177>402</x177>
      <y177>358</y177>
      <x178>401</x178>
      <y178>353</y178>
      <x179>398</x179>
      <y179>349</y179>
      <x180>391</x180>
      <y180>343</y180>
      <x181>390</x181>
      <y181>340</y181>
      <x182>383</x182>
      <y182>333</y182>
      <x183>367</x183>
      <y183>325</y183>
    </polygon>
  </object>
  <object>
    <name>person</name>
    <bndbox>
      <xmin>485</xmin>
      <ymin>639</ymin>
      <xmax>583</xmax>
      <ymax>806</ymax>
    </bndbox>
    <polygon>
      <x1>486</x1>
      <y1>641</y1>
      <x2>485</x2>
      <y2>662</y2>
      <x3>493</x3>
      <y3>702</y3>
      <x4>497</x4>
      <y4>704</y4>
      <x5>498</x5>
      <y5>709</y5>
      <x6>503</x6>
      <y6>713</y6>
      <x7>505</x7>
      <y7>739</y7>
      <x8>509</x8>
      <y8>753</y8>
      <x9>502</x9>
      <y9>785</y9>
      <x10>503</x10>
      <y10>792</y10>
      <x11>510</x11>
      <y11>797</y11>
      <x12>524</x12>
      <y12>800</y12>
      <x13>530</x13>
      <y13>799</y13>
      <x14>540</x14>
      <y14>805</y14>
      <x15>567</x15>
      <y15>806</y15>
      <x16>582</x16>
      <y16>803</y16>
      <x17>583</x17>
      <y17>792</y17>
      <x18>581</x18>
      <y18>788</y18>
      <x19>577</x19>
      <y19>792</y19>
      <x20>573</x20>
      <y20>791</y20>
      <x21>573</x21>
      <y21>796</y21>
      <x22>570</x22>
      <y22>800</y22>
      <x23>565</x23>
      <y23>798</y23>
      <x24>561</x24>
      <y24>800</y24>
      <x25>559</x25>
      <y25>797</y25>
      <x26>559</x26>
      <y26>786</y26>
      <x27>570</x27>
      <y27>782</y27>
      <x28>564</x28>
      <y28>777</y28>
      <x29>555</x29>
      <y29>775</y29>
      <x30>549</x30>
      <y30>765</y30>
      <x31>536</x31>
      <y31>759</y31>
      <x32>533</x32>
      <y32>755</y32>
      <x33>531</x33>
      <y33>761</y33>
      <x34>522</x34>
      <y34>768</y34>
      <x35>514</x35>
      <y35>769</y35>
      <x36>512</x36>
      <y36>767</y36>
      <x37>512</x37>
      <y37>755</y37>
      <x38>516</x38>
      <y38>754</y38>
      <x39>518</x39>
      <y39>757</y39>
      <x40>522</x40>
      <y40>756</y40>
      <x41>526</x41>
      <y41>759</y41>
      <x42>527</x42>
      <y42>754</y42>
      <x43>534</x43>
      <y43>752</y43>
      <x44>537</x44>
      <y44>747</y44>
      <x45>538</x45>
      <y45>736</y45>
      <x46>533</x46>
      <y46>729</y46>
      <x47>528</x47>
      <y47>733</y47>
      <x48>532</x48>
      <y48>738</y48>
      <x49>531</x49>
      <y49>743</y49>
      <x50>521</x50>
      <y50>752</y50>
      <x51>516</x51>
      <y51>753</y51>
      <x52>513</x52>
      <y52>750</y52>
      <x53>512</x53>
      <y53>703</y53>
      <x54>500</x54>
      <y54>704</y54>
      <x55>496</x55>
      <y55>699</y55>
      <x56>498</x56>
      <y56>694</y56>
      <x57>502</x57>
      <y57>694</y57>
      <x58>503</x58>
      <y58>689</y58>
      <x59>499</x59>
      <y59>685</y59>
      <x60>501</x60>
      <y60>681</y60>
      <x61>497</x61>
      <y61>681</y61>
      <x62>495</x62>
      <y62>641</y62>
      <x63>493</x63>
      <y63>639</y63>
    </polygon>
  </object>
  <object>
    <name>person</name>
    <bndbox>
      <xmin>227</xmin>
      <ymin>324</ymin>
      <xmax>552</xmax>
      <ymax>880</ymax>
    </bndbox>
    <polygon>
      <x1>350</x1>
      <y1>325</y1>
      <x2>338</x2>
      <y2>330</y2>
      <x3>330</x3>
      <y3>336</y3>
      <x4>321</x4>
      <y4>352</y4>
      <x5>320</x5>
      <y5>358</y5>
      <x6>320</x6>
      <y6>389</y6>
      <x7>321</x7>
      <y7>390</y7>
      <x8>319</x8>
      <y8>401</y8>
      <x9>317</x9>
      <y9>403</y9>
      <x10>304</x10>
      <y10>404</y10>
      <x11>295</x11>
      <y11>409</y11>
      <x12>284</x12>
      <y12>411</y12>
      <x13>275</x13>
      <y13>415</y13>
      <x14>272</x14>
      <y14>422</y14>
      <x15>271</x15>
      <y15>436</y15>
      <x16>265</x16>
      <y16>440</y16>
      <x17>258</x17>
      <y17>442</y17>
      <x18>253</x18>
      <y18>447</y18>
      <x19>248</x19>
      <y19>449</y19>
      <x20>239</x20>
      <y20>458</y20>
      <x21>236</x21>
      <y21>465</y21>
      <x22>233</x22>
      <y22>481</y22>
      <x23>234</x23>
      <y23>489</y23>
      <x24>232</x24>
      <y24>503</y24>
      <x25>232</x25>
      <y25>525</y25>
      <x26>229</x26>
      <y26>538</y26>
      <x27>227</x27>
      <y27>558</y27>
      <x28>231</x28>
      <y28>591</y28>
      <x29>234</x29>
      <y29>598</y29>
      <x30>238</x30>
      <y30>602</y30>
      <x31>238</x31>
      <y31>605</y31>
      <x32>240</x32>
      <y32>608</y32>
      <x33>247</x33>
      <y33>614</y33>
      <x34>247</x34>
      <y34>625</y34>
      <x35>246</x35>
      <y35>626</y35>
      <x36>247</x36>
      <y36>640</y36>
      <x37>252</x37>
      <y37>650</y37>
      <x38>253</x38>
      <y38>658</y38>
      <x39>255</x39>
      <y39>662</y39>
      <x40>259</x40>
      <y40>665</y40>
      <x41>260</x41>
      <y41>669</y41>
      <x42>269</x42>
      <y42>677</y42>
      <x43>273</x43>
      <y43>677</y43>
      <x44>277</x44>
      <y44>679</y44>
      <x45>287</x45>
      <y45>678</y45>
      <x46>289</x46>
      <y46>676</y46>
      <x47>292</x47>
      <y47>676</y47>
      <x48>298</x48>
      <y48>673</y48>
      <x49>331</x49>
      <y49>679</y49>
      <x50>345</x50>
      <y50>683</y50>
      <x51>349</x51>
      <y51>688</y51>
      <x52>354</x52>
      <y52>688</y52>
      <x53>356</x53>
      <y53>691</y53>
      <x54>356</x54>
      <y54>698</y54>
      <x55>354</x55>
      <y55>701</y55>
      <x56>356</x56>
      <y56>702</y56>
      <x57>359</x57>
      <y57>701</y57>
      <x58>358</x58>
      <y58>694</y58>
      <x59>361</x59>
      <y59>688</y59>
      <x60>365</x60>
      <y60>691</y60>
      <x61>365</x61>
      <y61>694</y61>
      <x62>370</x62>
      <y62>690</y62>
      <x63>371</x63>
      <y63>697</y63>
      <x64>366</x64>
      <y64>701</y64>
      <x65>366</x65>
      <y65>703</y65>
      <x66>369</x66>
      <y66>706</y66>
      <x67>369</x67>
      <y67>708</y67>
      <x68>373</x68>
      <y68>711</y68>
      <x69>377</x69>
      <y69>707</y69>
      <x70>381</x70>
      <y70>709</y70>
      <x71>384</x71>
      <y71>701</y71>
      <x72>386</x72>
      <y72>701</y72>
      <x73>392</x73>
      <y73>706</y73>
      <x74>393</x74>
      <y74>709</y74>
      <x75>392</x75>
      <y75>716</y75>
      <x76>384</x76>
      <y76>742</y76>
      <x77>376</x77>
      <y77>756</y77>
      <x78>369</x78>
      <y78>773</y78>
      <x79>365</x79>
      <y79>777</y79>
      <x80>363</x80>
      <y80>789</y80>
      <x81>359</x81>
      <y81>794</y81>
      <x82>359</x82>
      <y82>798</y82>
      <x83>353</x83>
      <y83>802</y83>
      <x84>353</x84>
      <y84>806</y84>
      <x85>345</x85>
      <y85>817</y85>
      <x86>344</x86>
      <y86>822</y86>
      <x87>340</x87>
      <y87>828</y87>
      <x88>340</x88>
      <y88>837</y88>
      <x89>344</x89>
      <y89>843</y89>
      <x90>357</x90>
      <y90>854</y90>
      <x91>360</x91>
      <y91>855</y91>
      <x92>373</x92>
      <y92>872</y92>
      <x93>381</x93>
      <y93>877</y93>
      <x94>389</x94>
      <y94>879</y94>
      <x95>410</x95>
      <y95>880</y95>
      <x96>421</x96>
      <y96>876</y96>
      <x97>429</x97>
      <y97>869</y97>
      <x98>430</x98>
      <y98>865</y98>
      <x99>429</x99>
      <y99>857</y99>
      <x100>422</x100>
      <y100>847</y100>
      <x101>417</x101>
      <y101>845</y101>
      <x102>414</x102>
      <y102>832</y102>
      <x103>409</x103>
      <y103>827</y103>
      <x104>405</x104>
      <y104>816</y104>
      <x105>401</x105>
      <y105>813</y105>
      <x106>396</x106>
      <y106>799</y106>
      <x107>398</x107>
      <y107>794</y107>
      <x108>407</x108>
      <y108>783</y108>
      <x109>409</x109>
      <y109>771</y109>
      <x110>418</x110>
      <y110>761</y110>
      <x111>421</x111>
      <y111>761</y111>
      <x112>427</x112>
      <y112>769</y112>
      <x113>432</x113>
      <y113>782</y113>
      <x114>440</x114>
      <y114>792</y114>
      <x115>441</x115>
      <y115>797</y115>
      <x116>444</x116>
      <y116>801</y116>
      <x117>446</x117>
      <y117>813</y117>
      <x118>456</x118>
      <y118>829</y118>
      <x119>454</x119>
      <y119>833</y119>
      <x120>452</x120>
      <y120>844</y120>
      <x121>452</x121>
      <y121>863</y121>
      <x122>458</x122>
      <y122>869</y122>
      <x123>469</x123>
      <y123>873</y123>
      <x124>488</x124>
      <y124>874</y124>
      <x125>498</x125>
      <y125>877</y125>
      <x126>510</x126>
      <y126>877</y126>
      <x127>513</x127>
      <y127>875</y127>
      <x128>517</x128>
      <y128>875</y128>
      <x129>529</x129>
      <y129>869</y129>
      <x130>534</x130>
      <y130>869</y130>
      <x131>550</x131>
      <y131>860</y131>
      <x132>552</x132>
      <y132>857</y132>
      <x133>551</x133>
      <y133>847</y133>
      <x134>549</x134>
      <y134>843</y134>
      <x135>542</x135>
      <y135>837</y135>
      <x136>533</x136>
      <y136>832</y136>
      <x137>529</x137>
      <y137>832</y137>
      <x138>522</x138>
      <y138>829</y138>
      <x139>518</x139>
      <y139>825</y139>
      <x140>515</x140>
      <y140>825</y140>
      <x141>508</x141>
      <y141>818</y141>
      <x142>501</x142>
      <y142>814</y142>
      <x143>496</x143>
      <y143>813</y143>
      <x144>496</x144>
      <y144>810</y144>
      <x145>489</x145>
      <y145>798</y145>
      <x146>486</x146>
      <y146>786</y146>
      <x147>479</x147>
      <y147>782</y147>
      <x148>473</x148>
      <y148>774</y148>
      <x149>469</x149>
      <y149>761</y149>
      <x150>464</x150>
      <y150>758</y150>
      <x151>462</x151>
      <y151>745</y151>
      <x152>456</x152>
      <y152>735</y152>
      <x153>453</x153>
      <y153>717</y153>
      <x154>449</x154>
      <y154>714</y154>
      <x155>445</x155>
      <y155>689</y155>
      <x156>443</x156>
      <y156>685</y156>
      <x157>444</x157>
      <y157>682</y157>
      <x158>442</x158>
      <y158>678</y158>
      <x159>438</x159>
      <y159>655</y159>
      <x160>434</x160>
      <y160>654</y160>
      <x161>432</x161>
      <y161>649</y161>
      <x162>425</x162>
      <y162>644</y162>
      <x163>423</x163>
      <y163>641</y163>
      <x164>417</x164>
      <y164>640</y164>
      <x165>406</x165>
      <y165>632</y165>
      <x166>401</x166>
      <y166>632</y166>
      <x167>394</x167>
      <y167>626</y167>
      <x168>392</x168>
      <y168>621</y168>
      <x169>391</x169>
      <y169>606</y169>
      <x170>394</x170>
      <y170>601</y170>
      <x171>397</x171>
      <y171>601</y171>
      <x172>398</x172>
      <y172>594</y172>
      <x173>402</x173>
      <y173>590</y173>
      <x174>405</x174>
      <y174>589</y174>
      <x175>414</x175>
      <y175>590</y175>
      <x176>417</x176>
      <y176>592</y176>
      <x177>430</x177>
      <y177>592</y177>
      <x178>442</x178>
      <y178>576</y178>
      <x179>447</x179>
      <y179>559</y179>
      <x180>454</x180>
      <y180>553</y180>
      <x181>454</x181>
      <y181>545</y181>
      <x182>444</x182>
      <y182>544</y182>
      <x183>441</x183>
      <y183>546</y183>
      <x184>408</x184>
      <y184>545</y184>
      <x185>400</x185>
      <y185>546</y185>
      <x186>398</x186>
      <y186>549</y186>
      <x187>394</x187>
      <y187>542</y187>
      <x188>390</x188>
      <y188>521</y188>
      <x189>379</x189>
      <y189>492</y189>
      <x190>373</x190>
      <y190>458</y190>
      <x191>366</x191>
      <y191>446</y191>
      <x192>365</x192>
      <y192>441</y192>
      <x193>367</x193>
      <y193>437</y193>
      <x194>381</x194>
      <y194>425</y194>
      <x195>388</x195>
      <y195>412</y195>
      <x196>388</x196>
      <y196>409</y196>
      <x197>391</x197>
      <y197>403</y197>
      <x198>398</x198>
      <y198>398</y198>
      <x199>401</x199>
      <y199>382</y199>
      <x200>401</x200>
      <y200>370</y200>
      <x201>403</x201>
      <y201>364</y201>
      <x202>402</x202>
      <y202>354</y202>
      <x203>398</x203>
      <y203>348</y203>
      <x204>392</x204>
      <y204>343</y204>
      <x205>389</x205>
      <y205>337</y205>
      <x206>385</x206>
      <y206>335</y206>
      <x207>383</x207>
      <y207>332</y207>
      <x208>366</x208>
      <y208>324</y208>
    </polygon>
  </object>
</annotation>
