<?xml version="1.0" ?>
<annotation>
  <folder>VOC</folder>
  <filename>122-2.png</filename>
  <source>
    <database>roboflow.ai</database>
  </source>
  <size>
    <width>1024</width>
    <height>1024</height>
    <depth>3</depth>
  </size>
  <segmented>0</segmented>
  <object>
    <name>person</name>
    <bndbox>
      <xmin>751</xmin>
      <ymin>305</ymin>
      <xmax>847</xmax>
      <ymax>508</ymax>
    </bndbox>
    <polygon>
      <x1>795</x1>
      <y1>305</y1>
      <x2>787</x2>
      <y2>308</y2>
      <x3>780</x3>
      <y3>318</y3>
      <x4>781</x4>
      <y4>325</y4>
      <x5>786</x5>
      <y5>332</y5>
      <x6>787</x6>
      <y6>342</y6>
      <x7>780</x7>
      <y7>352</y7>
      <x8>777</x8>
      <y8>380</y8>
      <x9>777</x9>
      <y9>393</y9>
      <x10>785</x10>
      <y10>400</y10>
      <x11>783</x11>
      <y11>414</y11>
      <x12>778</x12>
      <y12>433</y12>
      <x13>772</x13>
      <y13>446</y13>
      <x14>771</x14>
      <y14>458</y14>
      <x15>764</x15>
      <y15>470</y15>
      <x16>757</x16>
      <y16>477</y16>
      <x17>754</x17>
      <y17>489</y17>
      <x18>751</x18>
      <y18>493</y18>
      <x19>751</x19>
      <y19>498</y19>
      <x20>754</x20>
      <y20>504</y20>
      <x21>759</x21>
      <y21>504</y21>
      <x22>762</x22>
      <y22>502</y22>
      <x23>764</x23>
      <y23>497</y23>
      <x24>773</x24>
      <y24>486</y24>
      <x25>776</x25>
      <y25>480</y25>
      <x26>789</x26>
      <y26>465</y26>
      <x27>799</x27>
      <y27>448</y27>
      <x28>800</x28>
      <y28>442</y28>
      <x29>804</x29>
      <y29>434</y29>
      <x30>807</x30>
      <y30>433</y30>
      <x31>808</x31>
      <y31>434</y31>
      <x32>808</x32>
      <y32>446</y32>
      <x33>811</x33>
      <y33>457</y33>
      <x34>811</x34>
      <y34>470</y34>
      <x35>813</x35>
      <y35>482</y35>
      <x36>813</x36>
      <y36>492</y36>
      <x37>810</x37>
      <y37>498</y37>
      <x38>810</x38>
      <y38>506</y38>
      <x39>813</x39>
      <y39>508</y39>
      <x40>817</x40>
      <y40>508</y40>
      <x41>822</x41>
      <y41>505</y41>
      <x42>825</x42>
      <y42>496</y42>
      <x43>824</x43>
      <y43>432</y43>
      <x44>829</x44>
      <y44>412</y44>
      <x45>834</x45>
      <y45>405</y45>
      <x46>835</x46>
      <y46>394</y46>
      <x47>838</x47>
      <y47>391</y47>
      <x48>840</x48>
      <y48>385</y48>
      <x49>844</x49>
      <y49>381</y49>
      <x50>847</x50>
      <y50>375</y50>
      <x51>847</x51>
      <y51>357</y51>
      <x52>842</x52>
      <y52>343</y52>
      <x53>841</x53>
      <y53>336</y53>
      <x54>838</x54>
      <y54>330</y54>
      <x55>830</x55>
      <y55>322</y55>
      <x56>827</x56>
      <y56>321</y56>
      <x57>817</x57>
      <y57>322</y57>
      <x58>814</x58>
      <y58>313</y58>
      <x59>806</x59>
      <y59>305</y59>
    </polygon>
  </object>
</annotation>
