<?xml version="1.0" ?>
<annotation>
  <folder>VOC</folder>
  <filename>123-1.png</filename>
  <source>
    <database>roboflow.ai</database>
  </source>
  <size>
    <width>1024</width>
    <height>1024</height>
    <depth>3</depth>
  </size>
  <segmented>0</segmented>
  <object>
    <name>person</name>
    <bndbox>
      <xmin>455</xmin>
      <ymin>459</ymin>
      <xmax>562</xmax>
      <ymax>744</ymax>
    </bndbox>
    <polygon>
      <x1>499</x1>
      <y1>459</y1>
      <x2>492</x2>
      <y2>462</y2>
      <x3>489</x3>
      <y3>466</y3>
      <x4>495</x4>
      <y4>474</y4>
      <x5>495</x5>
      <y5>485</y5>
      <x6>497</x6>
      <y6>494</y6>
      <x7>494</x7>
      <y7>497</y7>
      <x8>481</x8>
      <y8>501</y8>
      <x9>470</x9>
      <y9>508</y9>
      <x10>462</x10>
      <y10>524</y10>
      <x11>461</x11>
      <y11>530</y11>
      <x12>455</x12>
      <y12>544</y12>
      <x13>455</x13>
      <y13>548</y13>
      <x14>460</x14>
      <y14>554</y14>
      <x15>461</x15>
      <y15>565</y15>
      <x16>473</x16>
      <y16>588</y16>
      <x17>475</x17>
      <y17>600</y17>
      <x18>479</x18>
      <y18>607</y18>
      <x19>478</x19>
      <y19>640</y19>
      <x20>479</x20>
      <y20>641</y20>
      <x21>479</x21>
      <y21>656</y21>
      <x22>481</x22>
      <y22>672</y22>
      <x23>480</x23>
      <y23>703</y23>
      <x24>484</x24>
      <y24>722</y24>
      <x25>478</x25>
      <y25>729</y25>
      <x26>465</x26>
      <y26>737</y26>
      <x27>465</x27>
      <y27>742</y27>
      <x28>466</x28>
      <y28>743</y28>
      <x29>476</x29>
      <y29>743</y29>
      <x30>488</x30>
      <y30>738</y30>
      <x31>494</x31>
      <y31>737</y31>
      <x32>501</x32>
      <y32>733</y32>
      <x33>501</x33>
      <y33>722</y33>
      <x34>505</x34>
      <y34>712</y34>
      <x35>507</x35>
      <y35>695</y35>
      <x36>506</x36>
      <y36>662</y36>
      <x37>508</x37>
      <y37>649</y37>
      <x38>510</x38>
      <y38>645</y38>
      <x39>514</x39>
      <y39>651</y39>
      <x40>516</x40>
      <y40>662</y40>
      <x41>517</x41>
      <y41>700</y41>
      <x42>524</x42>
      <y42>720</y42>
      <x43>524</x43>
      <y43>733</y43>
      <x44>528</x44>
      <y44>738</y44>
      <x45>534</x45>
      <y45>741</y45>
      <x46>544</x46>
      <y46>744</y46>
      <x47>552</x47>
      <y47>744</y47>
      <x48>555</x48>
      <y48>742</y48>
      <x49>554</x49>
      <y49>738</y49>
      <x50>542</x50>
      <y50>726</y50>
      <x51>539</x51>
      <y51>719</y51>
      <x52>542</x52>
      <y52>711</y52>
      <x53>543</x53>
      <y53>702</y53>
      <x54>540</x54>
      <y54>675</y54>
      <x55>540</x55>
      <y55>646</y55>
      <x56>542</x56>
      <y56>630</y56>
      <x57>541</x57>
      <y57>610</y57>
      <x58>548</x58>
      <y58>602</y58>
      <x59>549</x59>
      <y59>599</y59>
      <x60>547</x60>
      <y60>590</y60>
      <x61>556</x61>
      <y61>568</y61>
      <x62>558</x62>
      <y62>554</y62>
      <x63>562</x63>
      <y63>547</y63>
      <x64>562</x64>
      <y64>541</y64>
      <x65>546</x65>
      <y65>509</y65>
      <x66>536</x66>
      <y66>502</y66>
      <x67>522</x67>
      <y67>498</y67>
      <x68>520</x68>
      <y68>495</y68>
      <x69>522</x69>
      <y69>475</y69>
      <x70>526</x70>
      <y70>470</y70>
      <x71>527</x71>
      <y71>465</y71>
      <x72>524</x72>
      <y72>462</y72>
      <x73>518</x73>
      <y73>460</y73>
    </polygon>
  </object>
</annotation>
