<?xml version="1.0" ?>
<annotation>
  <folder>VOC</folder>
  <filename>128-1.png</filename>
  <source>
    <database>roboflow.ai</database>
  </source>
  <size>
    <width>1024</width>
    <height>1024</height>
    <depth>3</depth>
  </size>
  <segmented>0</segmented>
  <object>
    <name>person</name>
    <bndbox>
      <xmin>725</xmin>
      <ymin>257</ymin>
      <xmax>941</xmax>
      <ymax>843</ymax>
    </bndbox>
    <polygon>
      <x1>859</x1>
      <y1>257</y1>
      <x2>843</x2>
      <y2>257</y2>
      <x3>829</x3>
      <y3>261</y3>
      <x4>819</x4>
      <y4>266</y4>
      <x5>803</x5>
      <y5>283</y5>
      <x6>803</x6>
      <y6>293</y6>
      <x7>805</x7>
      <y7>300</y7>
      <x8>815</x8>
      <y8>311</y8>
      <x9>816</x9>
      <y9>318</y9>
      <x10>823</x10>
      <y10>333</y10>
      <x11>829</x11>
      <y11>342</y11>
      <x12>833</x12>
      <y12>345</y12>
      <x13>834</x13>
      <y13>350</y13>
      <x14>819</x14>
      <y14>361</y14>
      <x15>809</x15>
      <y15>378</y15>
      <x16>806</x16>
      <y16>405</y16>
      <x17>801</x17>
      <y17>431</y17>
      <x18>801</x18>
      <y18>446</y18>
      <x19>799</x19>
      <y19>452</y19>
      <x20>787</x20>
      <y20>460</y20>
      <x21>776</x21>
      <y21>460</y21>
      <x22>768</x22>
      <y22>455</y22>
      <x23>756</x23>
      <y23>455</y23>
      <x24>748</x24>
      <y24>461</y24>
      <x25>748</x25>
      <y25>465</y25>
      <x26>752</x26>
      <y26>468</y26>
      <x27>754</x27>
      <y27>475</y27>
      <x28>762</x28>
      <y28>482</y28>
      <x29>788</x29>
      <y29>486</y29>
      <x30>802</x30>
      <y30>485</y30>
      <x31>814</x31>
      <y31>488</y31>
      <x32>816</x32>
      <y32>490</y32>
      <x33>815</x33>
      <y33>497</y33>
      <x34>811</x34>
      <y34>505</y34>
      <x35>811</x35>
      <y35>514</y35>
      <x36>809</x36>
      <y36>521</y36>
      <x37>811</x37>
      <y37>534</y37>
      <x38>806</x38>
      <y38>555</y38>
      <x39>805</x39>
      <y39>568</y39>
      <x40>799</x40>
      <y40>587</y40>
      <x41>799</x41>
      <y41>592</y41>
      <x42>796</x42>
      <y42>602</y42>
      <x43>796</x43>
      <y43>609</y43>
      <x44>793</x44>
      <y44>620</y44>
      <x45>789</x45>
      <y45>652</y45>
      <x46>789</x46>
      <y46>670</y46>
      <x47>787</x47>
      <y47>689</y47>
      <x48>782</x48>
      <y48>710</y48>
      <x49>779</x49>
      <y49>714</y49>
      <x50>773</x50>
      <y50>730</y50>
      <x51>769</x51>
      <y51>752</y51>
      <x52>766</x52>
      <y52>761</y52>
      <x53>764</x53>
      <y53>778</y53>
      <x54>760</x54>
      <y54>786</y54>
      <x55>761</x55>
      <y55>798</y55>
      <x56>757</x56>
      <y56>805</y56>
      <x57>750</x57>
      <y57>812</y57>
      <x58>733</x58>
      <y58>814</y58>
      <x59>726</x59>
      <y59>820</y59>
      <x60>725</x60>
      <y60>823</y60>
      <x61>725</x61>
      <y61>830</y61>
      <x62>729</x62>
      <y62>835</y62>
      <x63>737</x63>
      <y63>839</y63>
      <x64>754</x64>
      <y64>843</y64>
      <x65>771</x65>
      <y65>843</y65>
      <x66>779</x66>
      <y66>839</y66>
      <x67>781</x67>
      <y67>836</y67>
      <x68>782</x68>
      <y68>810</y68>
      <x69>789</x69>
      <y69>802</y69>
      <x70>796</x70>
      <y70>779</y70>
      <x71>802</x71>
      <y71>766</y71>
      <x72>811</x72>
      <y72>741</y72>
      <x73>812</x73>
      <y73>734</y73>
      <x74>819</x74>
      <y74>718</y74>
      <x75>820</x75>
      <y75>707</y75>
      <x76>839</x76>
      <y76>651</y76>
      <x77>840</x77>
      <y77>643</y77>
      <x78>844</x78>
      <y78>634</y78>
      <x79>849</x79>
      <y79>629</y79>
      <x80>854</x80>
      <y80>633</y80>
      <x81>857</x81>
      <y81>645</y81>
      <x82>856</x82>
      <y82>648</y82>
      <x83>857</x83>
      <y83>651</y83>
      <x84>857</x84>
      <y84>698</y84>
      <x85>862</x85>
      <y85>717</y85>
      <x86>861</x86>
      <y86>724</y86>
      <x87>864</x87>
      <y87>745</y87>
      <x88>865</x88>
      <y88>770</y88>
      <x89>862</x89>
      <y89>789</y89>
      <x90>863</x90>
      <y90>790</y90>
      <x91>863</x91>
      <y91>800</y91>
      <x92>857</x92>
      <y92>803</y92>
      <x93>850</x93>
      <y93>802</y93>
      <x94>844</x94>
      <y94>804</y94>
      <x95>841</x95>
      <y95>814</y95>
      <x96>844</x96>
      <y96>819</y96>
      <x97>854</x97>
      <y97>829</y97>
      <x98>858</x98>
      <y98>830</y98>
      <x99>869</x99>
      <y99>837</y99>
      <x100>873</x100>
      <y100>836</y100>
      <x101>878</x101>
      <y101>837</y101>
      <x102>884</x102>
      <y102>829</y102>
      <x103>885</x103>
      <y103>807</y103>
      <x104>886</x104>
      <y104>803</y104>
      <x105>890</x105>
      <y105>798</y105>
      <x106>897</x106>
      <y106>773</y106>
      <x107>899</x107>
      <y107>759</y107>
      <x108>899</x108>
      <y108>724</y108>
      <x109>895</x109>
      <y109>692</y109>
      <x110>896</x110>
      <y110>685</y110>
      <x111>895</x111>
      <y111>667</y111>
      <x112>905</x112>
      <y112>610</y112>
      <x113>909</x113>
      <y113>601</y113>
      <x114>913</x114>
      <y114>596</y114>
      <x115>914</x115>
      <y115>589</y115>
      <x116>918</x116>
      <y116>582</y116>
      <x117>921</x117>
      <y117>571</y117>
      <x118>922</x118>
      <y118>552</y118>
      <x119>918</x119>
      <y119>535</y119>
      <x120>918</x120>
      <y120>529</y120>
      <x121>925</x121>
      <y121>520</y121>
      <x122>939</x122>
      <y122>509</y122>
      <x123>940</x123>
      <y123>506</y123>
      <x124>941</x124>
      <y124>492</y124>
      <x125>940</x125>
      <y125>491</y125>
      <x126>939</x126>
      <y126>439</y126>
      <x127>937</x127>
      <y127>424</y127>
      <x128>934</x128>
      <y128>421</y128>
      <x129>933</x129>
      <y129>417</y129>
      <x130>931</x130>
      <y130>422</y130>
      <x131>926</x131>
      <y131>422</y131>
      <x132>925</x132>
      <y132>421</y132>
      <x133>927</x133>
      <y133>417</y133>
      <x134>914</x134>
      <y134>416</y134>
      <x135>912</x135>
      <y135>418</y135>
      <x136>912</x136>
      <y136>421</y136>
      <x137>909</x137>
      <y137>422</y137>
      <x138>901</x138>
      <y138>410</y138>
      <x139>896</x139>
      <y139>393</y139>
      <x140>893</x140>
      <y140>389</y140>
      <x141>892</x141>
      <y141>384</y141>
      <x142>889</x142>
      <y142>382</y142>
      <x143>888</x143>
      <y143>375</y143>
      <x144>885</x144>
      <y144>370</y144>
      <x145>888</x145>
      <y145>367</y145>
      <x146>889</x146>
      <y146>354</y146>
      <x147>886</x147>
      <y147>351</y147>
      <x148>882</x148>
      <y148>352</y148>
      <x149>869</x149>
      <y149>351</y149>
      <x150>867</x150>
      <y150>349</y150>
      <x151>867</x151>
      <y151>347</y151>
      <x152>872</x152>
      <y152>342</y152>
      <x153>874</x153>
      <y153>324</y153>
      <x154>884</x154>
      <y154>309</y154>
      <x155>887</x155>
      <y155>300</y155>
      <x156>888</x156>
      <y156>289</y156>
      <x157>886</x157>
      <y157>280</y157>
      <x158>879</x158>
      <y158>268</y158>
      <x159>868</x159>
      <y159>260</y159>
    </polygon>
  </object>
</annotation>
