<?xml version="1.0" ?>
<annotation>
  <folder>VOC</folder>
  <filename>14-1.png</filename>
  <source>
    <database>roboflow.ai</database>
  </source>
  <size>
    <width>1024</width>
    <height>1024</height>
    <depth>3</depth>
  </size>
  <segmented>0</segmented>
  <object>
    <name>person</name>
    <bndbox>
      <xmin>35</xmin>
      <ymin>407</ymin>
      <xmax>345</xmax>
      <ymax>729</ymax>
    </bndbox>
    <polygon>
      <x1>172</x1>
      <y1>410</y1>
      <x2>164</x2>
      <y2>414</y2>
      <x3>154</x3>
      <y3>422</y3>
      <x4>152</x4>
      <y4>426</y4>
      <x5>144</x5>
      <y5>434</y5>
      <x6>139</x6>
      <y6>447</y6>
      <x7>137</x7>
      <y7>461</y7>
      <x8>135</x8>
      <y8>466</y8>
      <x9>135</x9>
      <y9>485</y9>
      <x10>138</x10>
      <y10>489</y10>
      <x11>138</x11>
      <y11>503</y11>
      <x12>140</x12>
      <y12>511</y12>
      <x13>140</x13>
      <y13>516</y13>
      <x14>138</x14>
      <y14>519</y14>
      <x15>137</x15>
      <y15>525</y15>
      <x16>129</x16>
      <y16>533</y16>
      <x17>125</x17>
      <y17>535</y17>
      <x18>114</x18>
      <y18>537</y18>
      <x19>108</x19>
      <y19>541</y19>
      <x20>95</x20>
      <y20>546</y20>
      <x21>85</x21>
      <y21>554</y21>
      <x22>76</x22>
      <y22>565</y22>
      <x23>72</x23>
      <y23>575</y23>
      <x24>66</x24>
      <y24>582</y24>
      <x25>65</x25>
      <y25>588</y25>
      <x26>59</x26>
      <y26>597</y26>
      <x27>58</x27>
      <y27>602</y27>
      <x28>54</x28>
      <y28>608</y28>
      <x29>50</x29>
      <y29>618</y29>
      <x30>50</x30>
      <y30>621</y30>
      <x31>46</x31>
      <y31>629</y31>
      <x32>42</x32>
      <y32>654</y32>
      <x33>38</x33>
      <y33>662</y33>
      <x34>37</x34>
      <y34>671</y34>
      <x35>35</x35>
      <y35>673</y35>
      <x36>36</x36>
      <y36>680</y36>
      <x37>42</x37>
      <y37>685</y37>
      <x38>52</x38>
      <y38>689</y38>
      <x39>83</x39>
      <y39>690</y39>
      <x40>94</x40>
      <y40>683</y40>
      <x41>97</x41>
      <y41>673</y41>
      <x42>106</x42>
      <y42>661</y42>
      <x43>111</x43>
      <y43>661</y43>
      <x44>117</x44>
      <y44>665</y44>
      <x45>123</x45>
      <y45>665</y45>
      <x46>129</x46>
      <y46>663</y46>
      <x47>141</x47>
      <y47>663</y47>
      <x48>152</x48>
      <y48>659</y48>
      <x49>164</x49>
      <y49>659</y49>
      <x50>168</x50>
      <y50>657</y50>
      <x51>172</x51>
      <y51>657</y51>
      <x52>176</x52>
      <y52>662</y52>
      <x53>181</x53>
      <y53>664</y53>
      <x54>185</x54>
      <y54>659</y54>
      <x55>192</x55>
      <y55>664</y55>
      <x56>203</x56>
      <y56>663</y56>
      <x57>209</x57>
      <y57>660</y57>
      <x58>214</x58>
      <y58>660</y58>
      <x59>216</x59>
      <y59>656</y59>
      <x60>217</x60>
      <y60>645</y60>
      <x61>218</x61>
      <y61>644</y61>
      <x62>221</x62>
      <y62>647</y62>
      <x63>223</x63>
      <y63>646</y63>
      <x64>222</x64>
      <y64>641</y64>
      <x65>226</x65>
      <y65>636</y65>
      <x66>229</x66>
      <y66>638</y66>
      <x67>232</x67>
      <y67>634</y67>
      <x68>236</x68>
      <y68>634</y68>
      <x69>240</x69>
      <y69>638</y69>
      <x70>243</x70>
      <y70>645</y70>
      <x71>241</x71>
      <y71>648</y71>
      <x72>241</x72>
      <y72>661</y72>
      <x73>242</x73>
      <y73>662</y73>
      <x74>242</x74>
      <y74>668</y74>
      <x75>245</x75>
      <y75>674</y75>
      <x76>245</x76>
      <y76>680</y76>
      <x77>249</x77>
      <y77>690</y77>
      <x78>249</x78>
      <y78>695</y78>
      <x79>250</x79>
      <y79>698</y79>
      <x80>256</x80>
      <y80>703</y80>
      <x81>257</x81>
      <y81>706</y81>
      <x82>261</x82>
      <y82>709</y82>
      <x83>267</x83>
      <y83>709</y83>
      <x84>268</x84>
      <y84>710</y84>
      <x85>273</x85>
      <y85>710</y85>
      <x86>277</x86>
      <y86>708</y86>
      <x87>279</x87>
      <y87>711</y87>
      <x88>278</x88>
      <y88>720</y88>
      <x89>282</x89>
      <y89>729</y89>
      <x90>302</x90>
      <y90>729</y90>
      <x91>305</x91>
      <y91>727</y91>
      <x92>309</x92>
      <y92>727</y92>
      <x93>321</x93>
      <y93>723</y93>
      <x94>326</x94>
      <y94>719</y94>
      <x95>328</x95>
      <y95>713</y95>
      <x96>341</x96>
      <y96>700</y96>
      <x97>345</x97>
      <y97>690</y97>
      <x98>344</x98>
      <y98>686</y98>
      <x99>331</x99>
      <y99>674</y99>
      <x100>326</x100>
      <y100>673</y100>
      <x101>318</x101>
      <y101>664</y101>
      <x102>309</x102>
      <y102>659</y102>
      <x103>305</x103>
      <y103>661</y103>
      <x104>300</x104>
      <y104>658</y104>
      <x105>281</x105>
      <y105>630</y105>
      <x106>260</x106>
      <y106>603</y106>
      <x107>247</x107>
      <y107>579</y107>
      <x108>237</x108>
      <y108>565</y108>
      <x109>230</x109>
      <y109>558</y109>
      <x110>228</x110>
      <y110>554</y110>
      <x111>233</x111>
      <y111>541</y111>
      <x112>241</x112>
      <y112>533</y112>
      <x113>242</x113>
      <y113>514</y113>
      <x114>245</x114>
      <y114>508</y114>
      <x115>249</x115>
      <y115>503</y115>
      <x116>254</x116>
      <y116>501</y116>
      <x117>259</x117>
      <y117>494</y117>
      <x118>262</x118>
      <y118>487</y118>
      <x119>263</x119>
      <y119>473</y119>
      <x120>257</x120>
      <y120>453</y120>
      <x121>255</x121>
      <y121>449</y121>
      <x122>248</x122>
      <y122>441</y122>
      <x123>234</x123>
      <y123>428</y123>
      <x124>204</x124>
      <y124>410</y124>
      <x125>194</x125>
      <y125>407</y125>
      <x126>181</x126>
      <y126>407</y126>
    </polygon>
  </object>
</annotation>
