<?xml version="1.0" ?>
<annotation>
  <folder>VOC</folder>
  <filename>141-1.png</filename>
  <source>
    <database>roboflow.ai</database>
  </source>
  <size>
    <width>1024</width>
    <height>1024</height>
    <depth>3</depth>
  </size>
  <segmented>0</segmented>
  <object>
    <name>person</name>
    <bndbox>
      <xmin>508</xmin>
      <ymin>505</ymin>
      <xmax>553</xmax>
      <ymax>625</ymax>
    </bndbox>
    <polygon>
      <x1>529</x1>
      <y1>505</y1>
      <x2>522</x2>
      <y2>505</y2>
      <x3>518</x3>
      <y3>508</y3>
      <x4>519</x4>
      <y4>524</y4>
      <x5>510</x5>
      <y5>532</y5>
      <x6>508</x6>
      <y6>536</y6>
      <x7>511</x7>
      <y7>564</y7>
      <x8>515</x8>
      <y8>578</y8>
      <x9>516</x9>
      <y9>597</y9>
      <x10>515</x10>
      <y10>623</y10>
      <x11>517</x11>
      <y11>625</y11>
      <x12>522</x12>
      <y12>622</y12>
      <x13>525</x13>
      <y13>605</y13>
      <x14>531</x14>
      <y14>598</y14>
      <x15>531</x15>
      <y15>594</y15>
      <x16>533</x16>
      <y16>591</y16>
      <x17>537</x17>
      <y17>593</y17>
      <x18>538</x18>
      <y18>598</y18>
      <x19>544</x19>
      <y19>607</y19>
      <x20>546</x20>
      <y20>614</y20>
      <x21>549</x21>
      <y21>616</y21>
      <x22>552</x22>
      <y22>615</y22>
      <x23>552</x23>
      <y23>608</y23>
      <x24>549</x24>
      <y24>601</y24>
      <x25>549</x25>
      <y25>597</y25>
      <x26>544</x26>
      <y26>587</y26>
      <x27>544</x27>
      <y27>581</y27>
      <x28>549</x28>
      <y28>575</y28>
      <x29>553</x29>
      <y29>565</y29>
      <x30>552</x30>
      <y30>553</y30>
      <x31>546</x31>
      <y31>536</y31>
      <x32>535</x32>
      <y32>530</y32>
      <x33>532</x33>
      <y33>526</y33>
      <x34>533</x34>
      <y34>509</y34>
    </polygon>
  </object>
</annotation>
