<?xml version="1.0" ?>
<annotation>
  <folder>VOC</folder>
  <filename>145-1.png</filename>
  <source>
    <database>roboflow.ai</database>
  </source>
  <size>
    <width>1024</width>
    <height>1024</height>
    <depth>3</depth>
  </size>
  <segmented>0</segmented>
  <object>
    <name>person</name>
    <bndbox>
      <xmin>637</xmin>
      <ymin>480</ymin>
      <xmax>859</xmax>
      <ymax>730</ymax>
    </bndbox>
    <polygon>
      <x1>808</x1>
      <y1>483</y1>
      <x2>802</x2>
      <y2>480</y2>
      <x3>790</x3>
      <y3>481</y3>
      <x4>783</x4>
      <y4>484</y4>
      <x5>774</x5>
      <y5>494</y5>
      <x6>769</x6>
      <y6>517</y6>
      <x7>770</x7>
      <y7>520</y7>
      <x8>770</x8>
      <y8>533</y8>
      <x9>773</x9>
      <y9>539</y9>
      <x10>780</x10>
      <y10>544</y10>
      <x11>780</x11>
      <y11>548</y11>
      <x12>770</x12>
      <y12>561</y12>
      <x13>769</x13>
      <y13>573</y13>
      <x14>767</x14>
      <y14>575</y14>
      <x15>761</x15>
      <y15>589</y15>
      <x16>761</x16>
      <y16>601</y16>
      <x17>759</x17>
      <y17>606</y17>
      <x18>759</x18>
      <y18>611</y18>
      <x19>757</x19>
      <y19>613</y19>
      <x20>747</x20>
      <y20>614</y20>
      <x21>746</x21>
      <y21>615</y21>
      <x22>732</x22>
      <y22>611</y22>
      <x23>729</x23>
      <y23>608</y23>
      <x24>727</x24>
      <y24>601</y24>
      <x25>722</x25>
      <y25>601</y25>
      <x26>710</x26>
      <y26>591</y26>
      <x27>705</x27>
      <y27>590</y27>
      <x28>702</x28>
      <y28>587</y28>
      <x29>696</x29>
      <y29>585</y29>
      <x30>690</x30>
      <y30>585</y30>
      <x31>683</x31>
      <y31>590</y31>
      <x32>675</x32>
      <y32>612</y32>
      <x33>668</x33>
      <y33>622</y33>
      <x34>667</x34>
      <y34>640</y34>
      <x35>665</x35>
      <y35>648</y35>
      <x36>659</x36>
      <y36>657</y36>
      <x37>655</x37>
      <y37>657</y37>
      <x38>650</x38>
      <y38>659</y38>
      <x39>641</x39>
      <y39>659</y39>
      <x40>637</x40>
      <y40>661</y40>
      <x41>637</x41>
      <y41>665</y41>
      <x42>642</x42>
      <y42>670</y42>
      <x43>650</x43>
      <y43>674</y43>
      <x44>662</x44>
      <y44>677</y44>
      <x45>670</x45>
      <y45>677</y45>
      <x46>674</x46>
      <y46>670</y46>
      <x47>674</x47>
      <y47>663</y47>
      <x48>677</x48>
      <y48>658</y48>
      <x49>678</x49>
      <y49>650</y49>
      <x50>684</x50>
      <y50>639</y50>
      <x51>690</x51>
      <y51>633</y51>
      <x52>693</x52>
      <y52>633</y52>
      <x53>702</x53>
      <y53>644</y53>
      <x54>704</x54>
      <y54>649</y54>
      <x55>703</x55>
      <y55>651</y55>
      <x56>704</x56>
      <y56>678</y56>
      <x57>703</x57>
      <y57>679</y57>
      <x58>703</x58>
      <y58>691</y58>
      <x59>702</x59>
      <y59>692</y59>
      <x60>701</x60>
      <y60>707</y60>
      <x61>698</x61>
      <y61>710</y61>
      <x62>693</x62>
      <y62>712</y62>
      <x63>680</x63>
      <y63>712</y63>
      <x64>674</x64>
      <y64>714</y64>
      <x65>673</x65>
      <y65>721</y65>
      <x66>677</x66>
      <y66>726</y66>
      <x67>690</x67>
      <y67>730</y67>
      <x68>709</x68>
      <y68>728</y68>
      <x69>713</x69>
      <y69>724</y69>
      <x70>714</x70>
      <y70>716</y70>
      <x71>718</x71>
      <y71>708</y71>
      <x72>730</x72>
      <y72>674</y72>
      <x73>734</x73>
      <y73>671</y73>
      <x74>745</x74>
      <y74>676</y74>
      <x75>760</x75>
      <y75>676</y75>
      <x76>765</x76>
      <y76>679</y76>
      <x77>784</x77>
      <y77>681</y77>
      <x78>792</x78>
      <y78>685</y78>
      <x79>797</x79>
      <y79>685</y79>
      <x80>807</x80>
      <y80>689</y80>
      <x81>821</x81>
      <y81>689</y81>
      <x82>840</x82>
      <y82>678</y82>
      <x83>846</x83>
      <y83>671</y83>
      <x84>848</x84>
      <y84>666</y84>
      <x85>852</x85>
      <y85>662</y85>
      <x86>859</x86>
      <y86>645</y86>
      <x87>859</x87>
      <y87>635</y87>
      <x88>848</x88>
      <y88>606</y88>
      <x89>841</x89>
      <y89>567</y89>
      <x90>839</x90>
      <y90>564</y90>
      <x91>836</x91>
      <y91>551</y91>
      <x92>828</x92>
      <y92>536</y92>
      <x93>815</x93>
      <y93>490</y93>
    </polygon>
  </object>
  <object>
    <name>person</name>
    <bndbox>
      <xmin>529</xmin>
      <ymin>328</ymin>
      <xmax>611</xmax>
      <ymax>508</ymax>
    </bndbox>
    <polygon>
      <x1>563</x1>
      <y1>328</y1>
      <x2>557</x2>
      <y2>330</y2>
      <x3>552</x3>
      <y3>336</y3>
      <x4>553</x4>
      <y4>354</y4>
      <x5>551</x5>
      <y5>356</y5>
      <x6>541</x6>
      <y6>359</y6>
      <x7>535</x7>
      <y7>364</y7>
      <x8>532</x8>
      <y8>387</y8>
      <x9>529</x9>
      <y9>397</y9>
      <x10>531</x10>
      <y10>404</y10>
      <x11>537</x11>
      <y11>409</y11>
      <x12>538</x12>
      <y12>413</y12>
      <x13>537</x13>
      <y13>425</y13>
      <x14>531</x14>
      <y14>436</y14>
      <x15>533</x15>
      <y15>480</y15>
      <x16>537</x16>
      <y16>485</y16>
      <x17>536</x17>
      <y17>502</y17>
      <x18>539</x18>
      <y18>505</y18>
      <x19>545</x19>
      <y19>506</y19>
      <x20>548</x20>
      <y20>502</y20>
      <x21>548</x21>
      <y21>494</y21>
      <x22>546</x22>
      <y22>488</y22>
      <x23>547</x23>
      <y23>448</y23>
      <x24>554</x24>
      <y24>441</y24>
      <x25>572</x25>
      <y25>445</y25>
      <x26>576</x26>
      <y26>451</y26>
      <x27>576</x27>
      <y27>462</y27>
      <x28>580</x28>
      <y28>481</y28>
      <x29>578</x29>
      <y29>501</y29>
      <x30>579</x30>
      <y30>505</y30>
      <x31>582</x31>
      <y31>508</y31>
      <x32>587</x32>
      <y32>508</y32>
      <x33>590</x33>
      <y33>506</y33>
      <x34>592</x34>
      <y34>501</y34>
      <x35>592</x35>
      <y35>490</y35>
      <x36>590</x36>
      <y36>485</y36>
      <x37>592</x37>
      <y37>479</y37>
      <x38>595</x38>
      <y38>428</y38>
      <x39>610</x39>
      <y39>410</y39>
      <x40>611</x40>
      <y40>407</y40>
      <x41>610</x41>
      <y41>391</y41>
      <x42>605</x42>
      <y42>362</y42>
      <x43>594</x43>
      <y43>356</y43>
      <x44>582</x44>
      <y44>353</y44>
      <x45>579</x45>
      <y45>349</y45>
      <x46>580</x46>
      <y46>340</y46>
      <x47>577</x47>
      <y47>332</y47>
      <x48>571</x48>
      <y48>328</y48>
    </polygon>
  </object>
</annotation>
