<?xml version="1.0" ?>
<annotation>
  <folder>VOC</folder>
  <filename>19-2.png</filename>
  <source>
    <database>roboflow.ai</database>
  </source>
  <size>
    <width>1024</width>
    <height>1024</height>
    <depth>3</depth>
  </size>
  <segmented>0</segmented>
  <object>
    <name>person</name>
    <bndbox>
      <xmin>446</xmin>
      <ymin>529</ymin>
      <xmax>592</xmax>
      <ymax>744</ymax>
    </bndbox>
    <polygon>
      <x1>510</x1>
      <y1>529</y1>
      <x2>506</x2>
      <y2>532</y2>
      <x3>504</x3>
      <y3>538</y3>
      <x4>501</x4>
      <y4>542</y4>
      <x5>500</x5>
      <y5>547</y5>
      <x6>497</x6>
      <y6>550</y6>
      <x7>494</x7>
      <y7>556</y7>
      <x8>494</x8>
      <y8>562</y8>
      <x9>497</x9>
      <y9>571</y9>
      <x10>497</x10>
      <y10>575</y10>
      <x11>505</x11>
      <y11>593</y11>
      <x12>500</x12>
      <y12>603</y12>
      <x13>498</x13>
      <y13>611</y13>
      <x14>489</x14>
      <y14>629</y14>
      <x15>489</x15>
      <y15>631</y15>
      <x16>485</x16>
      <y16>637</y16>
      <x17>485</x17>
      <y17>639</y17>
      <x18>473</x18>
      <y18>658</y18>
      <x19>467</x19>
      <y19>665</y19>
      <x20>463</x20>
      <y20>672</y20>
      <x21>446</x21>
      <y21>689</y21>
      <x22>446</x22>
      <y22>691</y22>
      <x23>457</x23>
      <y23>701</y23>
      <x24>461</x24>
      <y24>707</y24>
      <x25>470</x25>
      <y25>712</y25>
      <x26>473</x26>
      <y26>715</y26>
      <x27>474</x27>
      <y27>723</y27>
      <x28>478</x28>
      <y28>727</y28>
      <x29>484</x29>
      <y29>729</y29>
      <x30>493</x30>
      <y30>740</y30>
      <x31>499</x31>
      <y31>743</y31>
      <x32>505</x32>
      <y32>743</y32>
      <x33>506</x33>
      <y33>744</y33>
      <x34>525</x34>
      <y34>744</y34>
      <x35>532</x35>
      <y35>741</y35>
      <x36>541</x36>
      <y36>741</y36>
      <x37>547</x37>
      <y37>739</y37>
      <x38>549</x38>
      <y38>733</y38>
      <x39>554</x39>
      <y39>728</y39>
      <x40>565</x40>
      <y40>723</y40>
      <x41>571</x41>
      <y41>718</y41>
      <x42>577</x42>
      <y42>716</y42>
      <x43>582</x43>
      <y43>710</y43>
      <x44>581</x44>
      <y44>707</y44>
      <x45>582</x45>
      <y45>702</y45>
      <x46>589</x46>
      <y46>698</y46>
      <x47>592</x47>
      <y47>695</y47>
      <x48>592</x48>
      <y48>692</y48>
      <x49>579</x49>
      <y49>683</y49>
      <x50>544</x50>
      <y50>628</y50>
      <x51>536</x51>
      <y51>611</y51>
      <x52>533</x52>
      <y52>600</y52>
      <x53>533</x53>
      <y53>596</y53>
      <x54>535</x54>
      <y54>594</y54>
      <x55>537</x55>
      <y55>594</y55>
      <x56>538</x56>
      <y56>591</y56>
      <x57>538</x57>
      <y57>562</y57>
      <x58>537</x58>
      <y58>561</y58>
      <x59>537</x59>
      <y59>555</y59>
      <x60>533</x60>
      <y60>550</y60>
      <x61>530</x61>
      <y61>550</y61>
      <x62>525</x62>
      <y62>546</y62>
      <x63>523</x63>
      <y63>536</y63>
      <x64>518</x64>
      <y64>530</y64>
    </polygon>
  </object>
</annotation>
