<?xml version="1.0" ?>
<annotation>
  <folder>VOC</folder>
  <filename>21-2.png</filename>
  <source>
    <database>roboflow.ai</database>
  </source>
  <size>
    <width>1024</width>
    <height>1024</height>
    <depth>3</depth>
  </size>
  <segmented>0</segmented>
  <object>
    <name>person</name>
    <bndbox>
      <xmin>194</xmin>
      <ymin>350</ymin>
      <xmax>410</xmax>
      <ymax>691</ymax>
    </bndbox>
    <polygon>
      <x1>324</x1>
      <y1>351</y1>
      <x2>317</x2>
      <y2>353</y2>
      <x3>309</x3>
      <y3>357</y3>
      <x4>302</x4>
      <y4>364</y4>
      <x5>294</x5>
      <y5>378</y5>
      <x6>293</x6>
      <y6>381</y6>
      <x7>293</x7>
      <y7>390</y7>
      <x8>292</x8>
      <y8>391</y8>
      <x9>292</x9>
      <y9>409</y9>
      <x10>291</x10>
      <y10>410</y10>
      <x11>291</x11>
      <y11>415</y11>
      <x12>286</x12>
      <y12>427</y12>
      <x13>281</x13>
      <y13>433</y13>
      <x14>281</x14>
      <y14>435</y14>
      <x15>279</x15>
      <y15>437</y15>
      <x16>279</x16>
      <y16>440</y16>
      <x17>278</x17>
      <y17>441</y17>
      <x18>279</x18>
      <y18>460</y18>
      <x19>278</x19>
      <y19>461</y19>
      <x20>277</x20>
      <y20>468</y20>
      <x21>272</x21>
      <y21>474</y21>
      <x22>255</x22>
      <y22>485</y22>
      <x23>249</x23>
      <y23>491</y23>
      <x24>245</x24>
      <y24>493</y24>
      <x25>233</x25>
      <y25>503</y25>
      <x26>223</x26>
      <y26>508</y26>
      <x27>209</x27>
      <y27>513</y27>
      <x28>203</x28>
      <y28>513</y28>
      <x29>198</x29>
      <y29>511</y29>
      <x30>196</x30>
      <y30>512</y30>
      <x31>194</x31>
      <y31>517</y31>
      <x32>194</x32>
      <y32>526</y32>
      <x33>196</x33>
      <y33>531</y33>
      <x34>202</x34>
      <y34>532</y34>
      <x35>207</x35>
      <y35>528</y35>
      <x36>224</x36>
      <y36>519</y36>
      <x37>231</x37>
      <y37>517</y37>
      <x38>236</x38>
      <y38>514</y38>
      <x39>247</x39>
      <y39>511</y39>
      <x40>252</x40>
      <y40>508</y40>
      <x41>257</x41>
      <y41>507</y41>
      <x42>262</x42>
      <y42>504</y42>
      <x43>267</x43>
      <y43>503</y43>
      <x44>275</x44>
      <y44>499</y44>
      <x45>280</x45>
      <y45>490</y45>
      <x46>282</x46>
      <y46>488</y46>
      <x47>284</x47>
      <y47>488</y47>
      <x48>287</x48>
      <y48>493</y48>
      <x49>291</x49>
      <y49>497</y49>
      <x50>300</x50>
      <y50>502</y50>
      <x51>302</x51>
      <y51>505</y51>
      <x52>307</x52>
      <y52>508</y52>
      <x53>312</x53>
      <y53>513</y53>
      <x54>313</x54>
      <y54>515</y54>
      <x55>313</x55>
      <y55>528</y55>
      <x56>318</x56>
      <y56>538</y56>
      <x57>317</x57>
      <y57>549</y57>
      <x58>314</x58>
      <y58>553</y58>
      <x59>314</x59>
      <y59>555</y59>
      <x60>310</x60>
      <y60>563</y60>
      <x61>306</x61>
      <y61>568</y61>
      <x62>295</x62>
      <y62>588</y62>
      <x63>294</x63>
      <y63>595</y63>
      <x64>283</x64>
      <y64>617</y64>
      <x65>282</x65>
      <y65>626</y65>
      <x66>280</x66>
      <y66>631</y66>
      <x67>278</x67>
      <y67>633</y67>
      <x68>276</x68>
      <y68>638</y68>
      <x69>266</x69>
      <y69>645</y69>
      <x70>259</x70>
      <y70>652</y70>
      <x71>256</x71>
      <y71>658</y71>
      <x72>247</x72>
      <y72>668</y72>
      <x73>245</x73>
      <y73>672</y73>
      <x74>245</x74>
      <y74>678</y74>
      <x75>249</x75>
      <y75>681</y75>
      <x76>257</x76>
      <y76>682</y76>
      <x77>266</x77>
      <y77>677</y77>
      <x78>285</x78>
      <y78>656</y78>
      <x79>290</x79>
      <y79>654</y79>
      <x80>292</x80>
      <y80>652</y80>
      <x81>293</x81>
      <y81>649</y81>
      <x82>292</x82>
      <y82>646</y82>
      <x83>296</x83>
      <y83>635</y83>
      <x84>307</x84>
      <y84>618</y84>
      <x85>317</x85>
      <y85>609</y85>
      <x86>322</x86>
      <y86>611</y86>
      <x87>323</x87>
      <y87>610</y87>
      <x88>326</x88>
      <y88>610</y88>
      <x89>334</x89>
      <y89>594</y89>
      <x90>346</x90>
      <y90>581</y90>
      <x91>354</x91>
      <y91>576</y91>
      <x92>358</x92>
      <y92>579</y92>
      <x93>366</x93>
      <y93>596</y93>
      <x94>366</x94>
      <y94>619</y94>
      <x95>368</x95>
      <y95>622</y95>
      <x96>376</x96>
      <y96>626</y96>
      <x97>379</x97>
      <y97>629</y97>
      <x98>381</x98>
      <y98>636</y98>
      <x99>387</x99>
      <y99>648</y99>
      <x100>387</x100>
      <y100>651</y100>
      <x101>389</x101>
      <y101>656</y101>
      <x102>388</x102>
      <y102>662</y102>
      <x103>380</x103>
      <y103>679</y103>
      <x104>380</x104>
      <y104>683</y104>
      <x105>381</x105>
      <y105>685</y105>
      <x106>389</x106>
      <y106>691</y106>
      <x107>396</x107>
      <y107>691</y107>
      <x108>403</x108>
      <y108>686</y108>
      <x109>409</x109>
      <y109>677</y109>
      <x110>410</x110>
      <y110>673</y110>
      <x111>408</x111>
      <y111>669</y111>
      <x112>407</x112>
      <y112>663</y112>
      <x113>403</x113>
      <y113>657</y113>
      <x114>403</x114>
      <y114>642</y114>
      <x115>402</x115>
      <y115>641</y115>
      <x116>402</x116>
      <y116>637</y116>
      <x117>396</x117>
      <y117>626</y117>
      <x118>398</x118>
      <y118>619</y118>
      <x119>398</x119>
      <y119>613</y119>
      <x120>402</x120>
      <y120>605</y120>
      <x121>401</x121>
      <y121>603</y121>
      <x122>401</x122>
      <y122>586</y122>
      <x123>400</x123>
      <y123>585</y123>
      <x124>400</x124>
      <y124>581</y124>
      <x125>398</x125>
      <y125>575</y125>
      <x126>397</x126>
      <y126>560</y126>
      <x127>393</x127>
      <y127>548</y127>
      <x128>391</x128>
      <y128>545</y128>
      <x129>390</x129>
      <y129>538</y129>
      <x130>387</x130>
      <y130>534</y130>
      <x131>387</x131>
      <y131>529</y131>
      <x132>386</x132>
      <y132>528</y132>
      <x133>386</x133>
      <y133>524</y133>
      <x134>384</x134>
      <y134>518</y134>
      <x135>381</x135>
      <y135>513</y135>
      <x136>380</x136>
      <y136>508</y136>
      <x137>377</x137>
      <y137>502</y137>
      <x138>378</x138>
      <y138>497</y138>
      <x139>381</x139>
      <y139>494</y139>
      <x140>383</x140>
      <y140>488</y140>
      <x141>383</x141>
      <y141>482</y141>
      <x142>380</x142>
      <y142>474</y142>
      <x143>380</x143>
      <y143>459</y143>
      <x144>382</x144>
      <y144>453</y144>
      <x145>388</x145>
      <y145>449</y145>
      <x146>388</x146>
      <y146>446</y146>
      <x147>383</x147>
      <y147>435</y147>
      <x148>382</x148>
      <y148>430</y148>
      <x149>378</x149>
      <y149>423</y149>
      <x150>378</x150>
      <y150>419</y150>
      <x151>374</x151>
      <y151>409</y151>
      <x152>374</x152>
      <y152>406</y152>
      <x153>372</x153>
      <y153>402</y153>
      <x154>370</x154>
      <y154>393</y154>
      <x155>367</x155>
      <y155>387</y155>
      <x156>364</x156>
      <y156>374</y156>
      <x157>357</x157>
      <y157>361</y157>
      <x158>351</x158>
      <y158>356</y158>
      <x159>341</x159>
      <y159>351</y159>
      <x160>335</x160>
      <y160>351</y160>
      <x161>334</x161>
      <y161>350</y161>
    </polygon>
  </object>
  <object>
    <name>person</name>
    <bndbox>
      <xmin>42</xmin>
      <ymin>379</ymin>
      <xmax>208</xmax>
      <ymax>647</ymax>
    </bndbox>
    <polygon>
      <x1>76</x1>
      <y1>383</y1>
      <x2>66</x2>
      <y2>393</y2>
      <x3>64</x3>
      <y3>400</y3>
      <x4>64</x4>
      <y4>405</y4>
      <x5>62</x5>
      <y5>410</y5>
      <x6>62</x6>
      <y6>417</y6>
      <x7>70</x7>
      <y7>432</y7>
      <x8>71</x8>
      <y8>449</y8>
      <x9>75</x9>
      <y9>455</y9>
      <x10>85</x10>
      <y10>465</y10>
      <x11>73</x11>
      <y11>476</y11>
      <x12>68</x12>
      <y12>484</y12>
      <x13>67</x13>
      <y13>488</y13>
      <x14>68</x14>
      <y14>499</y14>
      <x15>78</x15>
      <y15>521</y15>
      <x16>77</x16>
      <y16>532</y16>
      <x17>74</x17>
      <y17>538</y17>
      <x18>71</x18>
      <y18>549</y18>
      <x19>68</x19>
      <y19>553</y19>
      <x20>62</x20>
      <y20>569</y20>
      <x21>62</x21>
      <y21>583</y21>
      <x22>57</x22>
      <y22>599</y22>
      <x23>51</x23>
      <y23>607</y23>
      <x24>44</x24>
      <y24>613</y24>
      <x25>42</x25>
      <y25>618</y25>
      <x26>45</x26>
      <y26>620</y26>
      <x27>55</x27>
      <y27>619</y27>
      <x28>60</x28>
      <y28>616</y28>
      <x29>64</x29>
      <y29>616</y29>
      <x30>70</x30>
      <y30>622</y30>
      <x31>73</x31>
      <y31>618</y31>
      <x32>72</x32>
      <y32>591</y32>
      <x33>80</x33>
      <y33>570</y33>
      <x34>91</x34>
      <y34>547</y34>
      <x35>93</x35>
      <y35>537</y35>
      <x36>92</x36>
      <y36>515</y36>
      <x37>96</x37>
      <y37>510</y37>
      <x38>102</x38>
      <y38>510</y38>
      <x39>111</x39>
      <y39>516</y39>
      <x40>118</x40>
      <y40>523</y40>
      <x41>123</x41>
      <y41>534</y41>
      <x42>133</x42>
      <y42>547</y42>
      <x43>136</x43>
      <y43>560</y43>
      <x44>144</x44>
      <y44>570</y44>
      <x45>159</x45>
      <y45>598</y45>
      <x46>159</x46>
      <y46>605</y46>
      <x47>158</x47>
      <y47>606</y47>
      <x48>159</x48>
      <y48>615</y48>
      <x49>168</x49>
      <y49>625</y49>
      <x50>174</x50>
      <y50>628</y50>
      <x51>178</x51>
      <y51>633</y51>
      <x52>177</x52>
      <y52>642</y52>
      <x53>182</x53>
      <y53>644</y53>
      <x54>190</x54>
      <y54>642</y54>
      <x55>197</x55>
      <y55>647</y55>
      <x56>202</x56>
      <y56>647</y56>
      <x57>207</x57>
      <y57>642</y57>
      <x58>208</x58>
      <y58>629</y58>
      <x59>207</x59>
      <y59>626</y59>
      <x60>196</x60>
      <y60>616</y60>
      <x61>192</x61>
      <y61>605</y61>
      <x62>197</x62>
      <y62>597</y62>
      <x63>197</x63>
      <y63>593</y63>
      <x64>190</x64>
      <y64>587</y64>
      <x65>189</x65>
      <y65>577</y65>
      <x66>188</x66>
      <y66>576</y66>
      <x67>188</x67>
      <y67>569</y67>
      <x68>192</x68>
      <y68>558</y68>
      <x69>196</x69>
      <y69>538</y69>
      <x70>195</x70>
      <y70>535</y70>
      <x71>191</x71>
      <y71>531</y71>
      <x72>191</x72>
      <y72>518</y72>
      <x73>174</x73>
      <y73>490</y73>
      <x74>166</x74>
      <y74>470</y74>
      <x75>149</x75>
      <y75>445</y75>
      <x76>144</x76>
      <y76>435</y76>
      <x77>143</x77>
      <y77>424</y77>
      <x78>135</x78>
      <y78>409</y78>
      <x79>125</x79>
      <y79>403</y79>
      <x80>125</x80>
      <y80>400</y80>
      <x81>118</x81>
      <y81>388</y81>
      <x82>102</x82>
      <y82>379</y82>
      <x83>94</x83>
      <y83>379</y83>
      <x84>89</x84>
      <y84>381</y84>
    </polygon>
  </object>
</annotation>
