<?xml version="1.0" ?>
<annotation>
  <folder>VOC</folder>
  <filename>27-2.png</filename>
  <source>
    <database>roboflow.ai</database>
  </source>
  <size>
    <width>1024</width>
    <height>1024</height>
    <depth>3</depth>
  </size>
  <segmented>0</segmented>
  <object>
    <name>person</name>
    <bndbox>
      <xmin>427</xmin>
      <ymin>431</ymin>
      <xmax>576</xmax>
      <ymax>814</ymax>
    </bndbox>
    <polygon>
      <x1>508</x1>
      <y1>431</y1>
      <x2>501</x2>
      <y2>431</y2>
      <x3>494</x3>
      <y3>434</y3>
      <x4>485</x4>
      <y4>440</y4>
      <x5>478</x5>
      <y5>450</y5>
      <x6>477</x6>
      <y6>470</y6>
      <x7>481</x7>
      <y7>485</y7>
      <x8>488</x8>
      <y8>496</y8>
      <x9>488</x9>
      <y9>502</y9>
      <x10>473</x10>
      <y10>517</y10>
      <x11>453</x11>
      <y11>526</y11>
      <x12>450</x12>
      <y12>529</y12>
      <x13>445</x13>
      <y13>531</y13>
      <x14>441</x14>
      <y14>536</y14>
      <x15>438</x15>
      <y15>542</y15>
      <x16>435</x16>
      <y16>562</y16>
      <x17>431</x17>
      <y17>573</y17>
      <x18>430</x18>
      <y18>593</y18>
      <x19>427</x19>
      <y19>613</y19>
      <x20>431</x20>
      <y20>622</y20>
      <x21>437</x21>
      <y21>627</y21>
      <x22>446</x22>
      <y22>628</y22>
      <x23>457</x23>
      <y23>623</y23>
      <x24>460</x24>
      <y24>623</y24>
      <x25>463</x25>
      <y25>626</y25>
      <x26>465</x26>
      <y26>634</y26>
      <x27>461</x27>
      <y27>653</y27>
      <x28>461</x28>
      <y28>667</y28>
      <x29>466</x29>
      <y29>686</y29>
      <x30>477</x30>
      <y30>707</y30>
      <x31>482</x31>
      <y31>724</y31>
      <x32>484</x32>
      <y32>794</y32>
      <x33>485</x33>
      <y33>798</y33>
      <x34>489</x34>
      <y34>802</y34>
      <x35>490</x35>
      <y35>805</y35>
      <x36>499</x36>
      <y36>814</y36>
      <x37>503</x37>
      <y37>814</y37>
      <x38>506</x38>
      <y38>809</y38>
      <x39>505</x39>
      <y39>793</y39>
      <x40>506</x40>
      <y40>787</y40>
      <x41>511</x41>
      <y41>776</y41>
      <x42>510</x42>
      <y42>737</y42>
      <x43>512</x43>
      <y43>731</y43>
      <x44>513</x44>
      <y44>718</y44>
      <x45>517</x45>
      <y45>712</y45>
      <x46>521</x46>
      <y46>720</y46>
      <x47>525</x47>
      <y47>738</y47>
      <x48>524</x48>
      <y48>759</y48>
      <x49>527</x49>
      <y49>776</y49>
      <x50>527</x50>
      <y50>789</y50>
      <x51>529</x51>
      <y51>795</y51>
      <x52>535</x52>
      <y52>800</y52>
      <x53>540</x53>
      <y53>800</y53>
      <x54>543</x54>
      <y54>798</y54>
      <x55>547</x55>
      <y55>788</y55>
      <x56>550</x56>
      <y56>773</y56>
      <x57>550</x57>
      <y57>752</y57>
      <x58>552</x58>
      <y58>739</y58>
      <x59>550</x59>
      <y59>710</y59>
      <x60>552</x60>
      <y60>702</y60>
      <x61>553</x61>
      <y61>688</y61>
      <x62>555</x62>
      <y62>682</y62>
      <x63>554</x63>
      <y63>675</y63>
      <x64>555</x64>
      <y64>667</y64>
      <x65>554</x65>
      <y65>666</y65>
      <x66>557</x66>
      <y66>641</y66>
      <x67>567</x67>
      <y67>628</y67>
      <x68>572</x68>
      <y68>615</y68>
      <x69>576</x69>
      <y69>577</y69>
      <x70>576</x70>
      <y70>546</y70>
      <x71>575</x71>
      <y71>540</y71>
      <x72>572</x72>
      <y72>534</y72>
      <x73>564</x73>
      <y73>526</y73>
      <x74>558</x74>
      <y74>523</y74>
      <x75>543</x75>
      <y75>519</y75>
      <x76>534</x76>
      <y76>514</y76>
      <x77>526</x77>
      <y77>506</y77>
      <x78>523</x78>
      <y78>498</y78>
      <x79>526</x79>
      <y79>490</y79>
      <x80>530</x80>
      <y80>487</y80>
      <x81>536</x81>
      <y81>469</y81>
      <x82>537</x82>
      <y82>457</y82>
      <x83>534</x83>
      <y83>448</y83>
      <x84>531</x84>
      <y84>443</y84>
      <x85>521</x85>
      <y85>434</y85>
    </polygon>
  </object>
</annotation>
