<?xml version="1.0" ?>
<annotation>
  <folder>VOC</folder>
  <filename>35-1.png</filename>
  <source>
    <database>roboflow.ai</database>
  </source>
  <size>
    <width>1024</width>
    <height>1024</height>
    <depth>3</depth>
  </size>
  <segmented>0</segmented>
  <object>
    <name>person</name>
    <bndbox>
      <xmin>250</xmin>
      <ymin>267</ymin>
      <xmax>798</xmax>
      <ymax>876</ymax>
    </bndbox>
    <polygon>
      <x1>545</x1>
      <y1>273</y1>
      <x2>532</x2>
      <y2>268</y2>
      <x3>527</x3>
      <y3>268</y3>
      <x4>526</x4>
      <y4>267</y4>
      <x5>516</x5>
      <y5>268</y5>
      <x6>507</x6>
      <y6>271</y6>
      <x7>494</x7>
      <y7>278</y7>
      <x8>482</x8>
      <y8>289</y8>
      <x9>481</x9>
      <y9>292</y9>
      <x10>478</x10>
      <y10>295</y10>
      <x11>476</x11>
      <y11>300</y11>
      <x12>472</x12>
      <y12>305</y12>
      <x13>469</x13>
      <y13>316</y13>
      <x14>470</x14>
      <y14>350</y14>
      <x15>471</x15>
      <y15>351</y15>
      <x16>471</x16>
      <y16>358</y16>
      <x17>474</x17>
      <y17>369</y17>
      <x18>474</x18>
      <y18>374</y18>
      <x19>478</x19>
      <y19>375</y19>
      <x20>481</x20>
      <y20>384</y20>
      <x21>481</x21>
      <y21>388</y21>
      <x22>486</x22>
      <y22>394</y22>
      <x23>486</x23>
      <y23>399</y23>
      <x24>487</x24>
      <y24>400</y24>
      <x25>487</x25>
      <y25>418</y25>
      <x26>486</x26>
      <y26>421</y26>
      <x27>470</x27>
      <y27>433</y27>
      <x28>466</x28>
      <y28>434</y28>
      <x29>454</x29>
      <y29>442</y29>
      <x30>448</x30>
      <y30>444</y30>
      <x31>442</x31>
      <y31>444</y31>
      <x32>437</x32>
      <y32>447</y32>
      <x33>430</x33>
      <y33>448</y33>
      <x34>427</x34>
      <y34>450</y34>
      <x35>416</x35>
      <y35>453</y35>
      <x36>408</x36>
      <y36>458</y36>
      <x37>407</x37>
      <y37>461</y37>
      <x38>392</x38>
      <y38>480</y38>
      <x39>385</x39>
      <y39>495</y39>
      <x40>383</x40>
      <y40>497</y40>
      <x41>383</x41>
      <y41>500</y41>
      <x42>379</x42>
      <y42>509</y42>
      <x43>379</x43>
      <y43>516</y43>
      <x44>376</x44>
      <y44>522</y44>
      <x45>374</x45>
      <y45>531</y45>
      <x46>351</x46>
      <y46>567</y46>
      <x47>342</x47>
      <y47>587</y47>
      <x48>339</x48>
      <y48>598</y48>
      <x49>336</x49>
      <y49>604</y49>
      <x50>335</x50>
      <y50>609</y50>
      <x51>335</x51>
      <y51>638</y51>
      <x52>338</x52>
      <y52>646</y52>
      <x53>343</x53>
      <y53>651</y53>
      <x54>354</x54>
      <y54>651</y54>
      <x55>358</x55>
      <y55>649</y55>
      <x56>375</x56>
      <y56>648</y56>
      <x57>376</x57>
      <y57>647</y57>
      <x58>390</x58>
      <y58>646</y58>
      <x59>396</x59>
      <y59>644</y59>
      <x60>402</x60>
      <y60>644</y60>
      <x61>422</x61>
      <y61>639</y61>
      <x62>428</x62>
      <y62>636</y62>
      <x63>439</x63>
      <y63>634</y63>
      <x64>442</x64>
      <y64>636</y64>
      <x65>445</x65>
      <y65>644</y65>
      <x66>445</x66>
      <y66>660</y66>
      <x67>443</x67>
      <y67>670</y67>
      <x68>432</x68>
      <y68>685</y68>
      <x69>432</x69>
      <y69>687</y69>
      <x70>423</x70>
      <y70>705</y70>
      <x71>422</x71>
      <y71>711</y71>
      <x72>416</x72>
      <y72>722</y72>
      <x73>415</x73>
      <y73>730</y73>
      <x74>412</x74>
      <y74>733</y74>
      <x75>372</x75>
      <y75>734</y75>
      <x76>352</x76>
      <y76>739</y76>
      <x77>347</x77>
      <y77>739</y77>
      <x78>336</x78>
      <y78>743</y78>
      <x79>332</x79>
      <y79>743</y79>
      <x80>315</x80>
      <y80>749</y80>
      <x81>296</x81>
      <y81>759</y81>
      <x82>294</x82>
      <y82>759</y82>
      <x83>269</x83>
      <y83>779</y83>
      <x84>259</x84>
      <y84>791</y84>
      <x85>253</x85>
      <y85>801</y85>
      <x86>250</x86>
      <y86>810</y86>
      <x87>250</x87>
      <y87>825</y87>
      <x88>252</x88>
      <y88>835</y88>
      <x89>259</x89>
      <y89>847</y89>
      <x90>266</x90>
      <y90>853</y90>
      <x91>276</x91>
      <y91>858</y91>
      <x92>295</x92>
      <y92>864</y92>
      <x93>315</x93>
      <y93>868</y93>
      <x94>328</x94>
      <y94>869</y94>
      <x95>329</x95>
      <y95>870</y95>
      <x96>351</x96>
      <y96>870</y96>
      <x97>352</x97>
      <y97>869</y97>
      <x98>366</x98>
      <y98>869</y98>
      <x99>367</x99>
      <y99>868</y99>
      <x100>388</x100>
      <y100>868</y100>
      <x101>389</x101>
      <y101>869</y101>
      <x102>415</x102>
      <y102>869</y102>
      <x103>420</x103>
      <y103>868</y103>
      <x104>425</x104>
      <y104>870</y104>
      <x105>450</x105>
      <y105>872</y105>
      <x106>467</x106>
      <y106>876</y106>
      <x107>485</x107>
      <y107>876</y107>
      <x108>486</x108>
      <y108>875</y108>
      <x109>492</x109>
      <y109>875</y109>
      <x110>499</x110>
      <y110>873</y110>
      <x111>508</x111>
      <y111>873</y111>
      <x112>509</x112>
      <y112>872</y112>
      <x113>528</x113>
      <y113>872</y113>
      <x114>529</x114>
      <y114>873</y114>
      <x115>538</x115>
      <y115>873</y115>
      <x116>547</x116>
      <y116>875</y116>
      <x117>562</x117>
      <y117>875</y117>
      <x118>573</x118>
      <y118>872</y118>
      <x119>581</x119>
      <y119>874</y119>
      <x120>587</x120>
      <y120>873</y120>
      <x121>588</x121>
      <y121>874</y121>
      <x122>662</x122>
      <y122>875</y122>
      <x123>672</x123>
      <y123>873</y123>
      <x124>683</x124>
      <y124>869</y124>
      <x125>702</x125>
      <y125>867</y125>
      <x126>720</x126>
      <y126>861</y126>
      <x127>732</x127>
      <y127>859</y127>
      <x128>751</x128>
      <y128>853</y128>
      <x129>781</x129>
      <y129>838</y129>
      <x130>788</x130>
      <y130>831</y130>
      <x131>795</x131>
      <y131>819</y131>
      <x132>798</x132>
      <y132>808</y132>
      <x133>798</x133>
      <y133>798</y133>
      <x134>796</x134>
      <y134>792</y134>
      <x135>791</x135>
      <y135>783</y135>
      <x136>784</x136>
      <y136>776</y136>
      <x137>770</x137>
      <y137>767</y137>
      <x138>728</x138>
      <y138>751</y138>
      <x139>720</x139>
      <y139>750</y139>
      <x140>714</x140>
      <y140>747</y140>
      <x141>706</x141>
      <y141>746</y141>
      <x142>699</x142>
      <y142>743</y142>
      <x143>689</x143>
      <y143>742</y143>
      <x144>685</x144>
      <y144>740</y144>
      <x145>664</x145>
      <y145>739</y145>
      <x146>645</x146>
      <y146>745</y146>
      <x147>644</x147>
      <y147>744</y147>
      <x148>637</x148>
      <y148>744</y148>
      <x149>628</x149>
      <y149>742</y149>
      <x150>624</x150>
      <y150>739</y150>
      <x151>620</x151>
      <y151>738</y151>
      <x152>615</x152>
      <y152>731</y152>
      <x153>614</x153>
      <y153>724</y153>
      <x154>610</x154>
      <y154>717</y154>
      <x155>601</x155>
      <y155>688</y155>
      <x156>597</x156>
      <y156>681</y156>
      <x157>584</x157>
      <y157>670</y157>
      <x158>582</x158>
      <y158>647</y158>
      <x159>581</x159>
      <y159>646</y159>
      <x160>581</x160>
      <y160>638</y160>
      <x161>583</x161>
      <y161>635</y161>
      <x162>595</x162>
      <y162>636</y162>
      <x163>603</x163>
      <y163>640</y163>
      <x164>610</x164>
      <y164>641</y164>
      <x165>617</x165>
      <y165>644</y165>
      <x166>626</x166>
      <y166>645</y166>
      <x167>632</x167>
      <y167>648</y167>
      <x168>643</x168>
      <y168>649</y168>
      <x169>655</x169>
      <y169>652</y169>
      <x170>661</x170>
      <y170>652</y170>
      <x171>674</x171>
      <y171>656</y171>
      <x172>684</x172>
      <y172>655</y172>
      <x173>688</x173>
      <y173>651</y173>
      <x174>691</x174>
      <y174>642</y174>
      <x175>690</x175>
      <y175>616</y175>
      <x176>689</x176>
      <y176>615</y176>
      <x177>688</x177>
      <y177>603</y177>
      <x178>685</x178>
      <y178>595</y178>
      <x179>684</x179>
      <y179>586</y179>
      <x180>680</x180>
      <y180>573</y180>
      <x181>676</x181>
      <y181>565</y181>
      <x182>673</x182>
      <y182>555</y182>
      <x183>659</x183>
      <y183>529</y183>
      <x184>652</x184>
      <y184>502</y184>
      <x185>647</x185>
      <y185>488</y185>
      <x186>631</x186>
      <y186>458</y186>
      <x187>627</x187>
      <y187>454</y187>
      <x188>613</x188>
      <y188>446</y188>
      <x189>590</x189>
      <y189>437</y189>
      <x190>582</x190>
      <y190>436</y190>
      <x191>580</x191>
      <y191>434</y191>
      <x192>570</x192>
      <y192>430</y192>
      <x193>559</x193>
      <y193>423</y193>
      <x194>555</x194>
      <y194>418</y194>
      <x195>552</x195>
      <y195>408</y195>
      <x196>552</x196>
      <y196>392</y196>
      <x197>556</x197>
      <y197>384</y197>
      <x198>558</x198>
      <y198>382</y198>
      <x199>562</x199>
      <y199>381</y199>
      <x200>567</x200>
      <y200>373</y200>
      <x201>567</x201>
      <y201>370</y201>
      <x202>573</x202>
      <y202>359</y202>
      <x203>574</x203>
      <y203>342</y203>
      <x204>572</x204>
      <y204>338</y204>
      <x205>573</x205>
      <y205>332</y205>
      <x206>572</x206>
      <y206>331</y206>
      <x207>571</x207>
      <y207>313</y207>
      <x208>565</x208>
      <y208>294</y208>
      <x209>560</x209>
      <y209>286</y209>
      <x210>551</x210>
      <y210>277</y210>
    </polygon>
  </object>
</annotation>
