<?xml version="1.0" ?>
<annotation>
  <folder>VOC</folder>
  <filename>35-2.png</filename>
  <source>
    <database>roboflow.ai</database>
  </source>
  <size>
    <width>1024</width>
    <height>1024</height>
    <depth>3</depth>
  </size>
  <segmented>0</segmented>
  <object>
    <name>person</name>
    <bndbox>
      <xmin>215</xmin>
      <ymin>354</ymin>
      <xmax>735</xmax>
      <ymax>955</ymax>
    </bndbox>
    <polygon>
      <x1>527</x1>
      <y1>356</y1>
      <x2>515</x2>
      <y2>355</y2>
      <x3>514</x3>
      <y3>354</y3>
      <x4>502</x4>
      <y4>354</y4>
      <x5>496</x5>
      <y5>357</y5>
      <x6>490</x6>
      <y6>358</y6>
      <x7>485</x7>
      <y7>361</y7>
      <x8>482</x8>
      <y8>361</y8>
      <x9>478</x9>
      <y9>366</y9>
      <x10>475</x10>
      <y10>367</y10>
      <x11>472</x11>
      <y11>370</y11>
      <x12>460</x12>
      <y12>394</y12>
      <x13>456</x13>
      <y13>406</y13>
      <x14>456</x14>
      <y14>420</y14>
      <x15>455</x15>
      <y15>422</y15>
      <x16>457</x16>
      <y16>425</y16>
      <x17>457</x17>
      <y17>430</y17>
      <x18>461</x18>
      <y18>434</y18>
      <x19>460</x19>
      <y19>438</y19>
      <x20>464</x20>
      <y20>441</y20>
      <x21>464</x21>
      <y21>444</y21>
      <x22>466</x22>
      <y22>447</y22>
      <x23>467</x23>
      <y23>454</y23>
      <x24>469</x24>
      <y24>458</y24>
      <x25>469</x25>
      <y25>464</y25>
      <x26>467</x26>
      <y26>466</y26>
      <x27>468</x27>
      <y27>471</y27>
      <x28>470</x28>
      <y28>474</y28>
      <x29>466</x29>
      <y29>475</y29>
      <x30>466</x30>
      <y30>477</y30>
      <x31>478</x31>
      <y31>482</y31>
      <x32>477</x32>
      <y32>485</y32>
      <x33>480</x33>
      <y33>489</y33>
      <x34>481</x34>
      <y34>499</y34>
      <x35>479</x35>
      <y35>508</y35>
      <x36>472</x36>
      <y36>518</y36>
      <x37>467</x37>
      <y37>519</y37>
      <x38>459</x38>
      <y38>523</y38>
      <x39>454</x39>
      <y39>528</y39>
      <x40>450</x40>
      <y40>530</y40>
      <x41>441</x41>
      <y41>531</y41>
      <x42>429</x42>
      <y42>536</y42>
      <x43>405</x43>
      <y43>541</y43>
      <x44>394</x44>
      <y44>548</y44>
      <x45>390</x45>
      <y45>553</y45>
      <x46>383</x46>
      <y46>571</y46>
      <x47>383</x47>
      <y47>575</y47>
      <x48>380</x48>
      <y48>585</y48>
      <x49>380</x49>
      <y49>592</y49>
      <x50>379</x50>
      <y50>593</y50>
      <x51>379</x51>
      <y51>624</y51>
      <x52>380</x52>
      <y52>625</y52>
      <x53>379</x53>
      <y53>627</y53>
      <x54>379</x54>
      <y54>644</y54>
      <x55>371</x55>
      <y55>673</y55>
      <x56>367</x56>
      <y56>683</y56>
      <x57>366</x57>
      <y57>695</y57>
      <x58>361</x58>
      <y58>718</y58>
      <x59>355</x59>
      <y59>734</y59>
      <x60>343</x60>
      <y60>749</y60>
      <x61>331</x61>
      <y61>761</y61>
      <x62>317</x62>
      <y62>781</y62>
      <x63>299</x63>
      <y63>799</y63>
      <x64>290</x64>
      <y64>806</y64>
      <x65>284</x65>
      <y65>807</y65>
      <x66>270</x66>
      <y66>802</y66>
      <x67>253</x67>
      <y67>793</y67>
      <x68>241</x68>
      <y68>790</y68>
      <x69>231</x69>
      <y69>790</y69>
      <x70>226</x70>
      <y70>792</y70>
      <x71>217</x71>
      <y71>801</y71>
      <x72>215</x72>
      <y72>806</y72>
      <x73>216</x73>
      <y73>815</y73>
      <x74>220</x74>
      <y74>822</y74>
      <x75>232</x75>
      <y75>834</y75>
      <x76>235</x76>
      <y76>835</y76>
      <x77>238</x77>
      <y77>838</y77>
      <x78>248</x78>
      <y78>843</y78>
      <x79>258</x79>
      <y79>844</y79>
      <x80>263</x80>
      <y80>842</y80>
      <x81>271</x81>
      <y81>842</y81>
      <x82>272</x82>
      <y82>843</y82>
      <x83>272</x83>
      <y83>847</y83>
      <x84>270</x84>
      <y84>851</y84>
      <x85>268</x85>
      <y85>861</y85>
      <x86>268</x86>
      <y86>872</y86>
      <x87>272</x87>
      <y87>889</y87>
      <x88>278</x88>
      <y88>900</y88>
      <x89>287</x89>
      <y89>909</y89>
      <x90>296</x90>
      <y90>915</y90>
      <x91>311</x91>
      <y91>918</y91>
      <x92>316</x92>
      <y92>918</y92>
      <x93>317</x93>
      <y93>917</y93>
      <x94>336</x94>
      <y94>924</y94>
      <x95>355</x95>
      <y95>926</y95>
      <x96>357</x96>
      <y96>928</y96>
      <x97>355</x97>
      <y97>940</y97>
      <x98>353</x98>
      <y98>944</y98>
      <x99>353</x99>
      <y99>950</y99>
      <x100>359</x100>
      <y100>955</y100>
      <x101>413</x101>
      <y101>954</y101>
      <x102>414</x102>
      <y102>953</y102>
      <x103>425</x103>
      <y103>953</y103>
      <x104>426</x104>
      <y104>952</y104>
      <x105>443</x105>
      <y105>951</y105>
      <x106>444</x106>
      <y106>950</y106>
      <x107>458</x107>
      <y107>950</y107>
      <x108>459</x108>
      <y108>949</y108>
      <x109>469</x109>
      <y109>949</y109>
      <x110>470</x110>
      <y110>948</y110>
      <x111>507</x111>
      <y111>946</y111>
      <x112>513</x112>
      <y112>944</y112>
      <x113>516</x113>
      <y113>945</y113>
      <x114>571</x114>
      <y114>944</y114>
      <x115>581</x115>
      <y115>948</y115>
      <x116>585</x116>
      <y116>948</y116>
      <x117>599</x117>
      <y117>954</y117>
      <x118>620</x118>
      <y118>955</y118>
      <x119>621</x119>
      <y119>954</y119>
      <x120>631</x120>
      <y120>953</y120>
      <x121>634</x121>
      <y121>951</y121>
      <x122>637</x122>
      <y122>943</y122>
      <x123>636</x123>
      <y123>933</y123>
      <x124>634</x124>
      <y124>930</y124>
      <x125>634</x125>
      <y125>927</y125>
      <x126>637</x126>
      <y126>924</y126>
      <x127>652</x127>
      <y127>918</y127>
      <x128>672</x128>
      <y128>915</y128>
      <x129>690</x129>
      <y129>908</y129>
      <x130>701</x130>
      <y130>900</y130>
      <x131>708</x131>
      <y131>887</y131>
      <x132>711</x132>
      <y132>871</y132>
      <x133>711</x133>
      <y133>862</y133>
      <x134>708</x134>
      <y134>849</y134>
      <x135>696</x135>
      <y135>830</y135>
      <x136>698</x136>
      <y136>828</y136>
      <x137>707</x137>
      <y137>827</y137>
      <x138>712</x138>
      <y138>825</y138>
      <x139>729</x139>
      <y139>815</y139>
      <x140>732</x140>
      <y140>812</y140>
      <x141>734</x141>
      <y141>807</y141>
      <x142>735</x142>
      <y142>790</y142>
      <x143>733</x143>
      <y143>784</y143>
      <x144>728</x144>
      <y144>780</y144>
      <x145>719</x145>
      <y145>776</y145>
      <x146>712</x146>
      <y146>775</y146>
      <x147>697</x147>
      <y147>779</y147>
      <x148>680</x148>
      <y148>787</y148>
      <x149>678</x149>
      <y149>789</y149>
      <x150>673</x150>
      <y150>789</y150>
      <x151>667</x151>
      <y151>782</y151>
      <x152>667</x152>
      <y152>780</y152>
      <x153>663</x153>
      <y153>773</y153>
      <x154>656</x154>
      <y154>766</y154>
      <x155>649</x155>
      <y155>753</y155>
      <x156>648</x156>
      <y156>748</y156>
      <x157>644</x157>
      <y157>740</y157>
      <x158>643</x158>
      <y158>729</y158>
      <x159>641</x159>
      <y159>723</y159>
      <x160>641</x160>
      <y160>714</y160>
      <x161>640</x161>
      <y161>713</y161>
      <x162>640</x162>
      <y162>705</y162>
      <x163>638</x163>
      <y163>695</y163>
      <x164>638</x164>
      <y164>674</y164>
      <x165>637</x165>
      <y165>673</y165>
      <x166>635</x166>
      <y166>652</y166>
      <x167>633</x167>
      <y167>647</y167>
      <x168>633</x168>
      <y168>631</y168>
      <x169>638</x169>
      <y169>609</y169>
      <x170>638</x170>
      <y170>592</y170>
      <x171>637</x171>
      <y171>591</y171>
      <x172>635</x172>
      <y172>571</y172>
      <x173>628</x173>
      <y173>553</y173>
      <x174>622</x174>
      <y174>547</y174>
      <x175>615</x175>
      <y175>543</y175>
      <x176>593</x176>
      <y176>538</y176>
      <x177>582</x177>
      <y177>532</y177>
      <x178>578</x178>
      <y178>532</y178>
      <x179>565</x179>
      <y179>521</y179>
      <x180>559</x180>
      <y180>519</y180>
      <x181>556</x181>
      <y181>516</y181>
      <x182>557</x182>
      <y182>512</y182>
      <x183>566</x183>
      <y183>509</y183>
      <x184>566</x184>
      <y184>505</y184>
      <x185>571</x185>
      <y185>494</y185>
      <x186>570</x186>
      <y186>490</y186>
      <x187>572</x187>
      <y187>485</y187>
      <x188>569</x188>
      <y188>481</y188>
      <x189>570</x189>
      <y189>465</y189>
      <x190>568</x190>
      <y190>458</y190>
      <x191>568</x191>
      <y191>449</y191>
      <x192>573</x192>
      <y192>436</y192>
      <x193>573</x193>
      <y193>433</y193>
      <x194>576</x194>
      <y194>429</y194>
      <x195>578</x195>
      <y195>416</y195>
      <x196>577</x196>
      <y196>411</y196>
      <x197>572</x197>
      <y197>400</y197>
      <x198>569</x198>
      <y198>397</y198>
      <x199>569</x199>
      <y199>395</y199>
      <x200>564</x200>
      <y200>386</y200>
      <x201>561</x201>
      <y201>384</y201>
      <x202>558</x202>
      <y202>377</y202>
      <x203>547</x203>
      <y203>366</y203>
      <x204>541</x204>
      <y204>362</y204>
    </polygon>
  </object>
  <object>
    <name>person</name>
    <bndbox>
      <xmin>577</xmin>
      <ymin>667</ymin>
      <xmax>649</xmax>
      <ymax>839</ymax>
    </bndbox>
    <polygon>
      <x1>589</x1>
      <y1>667</y1>
      <x2>591</x2>
      <y2>670</y2>
      <x3>591</x3>
      <y3>679</y3>
      <x4>593</x4>
      <y4>689</y4>
      <x5>596</x5>
      <y5>751</y5>
      <x6>598</x6>
      <y6>757</y6>
      <x7>598</x7>
      <y7>764</y7>
      <x8>605</x8>
      <y8>781</y8>
      <x9>621</x9>
      <y9>797</y9>
      <x10>649</x10>
      <y10>819</y10>
      <x11>648</x11>
      <y11>825</y11>
      <x12>638</x12>
      <y12>831</y12>
      <x13>634</x13>
      <y13>831</y13>
      <x14>629</x14>
      <y14>834</y14>
      <x15>618</x15>
      <y15>835</y15>
      <x16>606</x16>
      <y16>839</y16>
      <x17>601</x17>
      <y17>838</y17>
      <x18>599</x18>
      <y18>834</y18>
      <x19>600</x19>
      <y19>812</y19>
      <x20>597</x20>
      <y20>799</y20>
      <x21>597</x21>
      <y21>793</y21>
      <x22>595</x22>
      <y22>785</y22>
      <x23>592</x23>
      <y23>782</y23>
      <x24>591</x24>
      <y24>772</y24>
      <x25>584</x25>
      <y25>758</y25>
      <x26>583</x26>
      <y26>747</y26>
      <x27>577</x27>
      <y27>729</y27>
      <x28>577</x28>
      <y28>720</y28>
      <x29>579</x29>
      <y29>713</y29>
      <x30>580</x30>
      <y30>696</y30>
      <x31>582</x31>
      <y31>689</y31>
      <x32>584</x32>
      <y32>687</y32>
      <x33>585</x33>
      <y33>677</y33>
    </polygon>
  </object>
  <object>
    <name>person</name>
    <bndbox>
      <xmin>327</xmin>
      <ymin>663</ymin>
      <xmax>432</xmax>
      <ymax>832</ymax>
    </bndbox>
    <polygon>
      <x1>426</x1>
      <y1>663</y1>
      <x2>428</x2>
      <y2>666</y2>
      <x3>428</x3>
      <y3>669</y3>
      <x4>430</x4>
      <y4>671</y4>
      <x5>430</x5>
      <y5>680</y5>
      <x6>432</x6>
      <y6>689</y6>
      <x7>432</x7>
      <y7>696</y7>
      <x8>431</x8>
      <y8>697</y8>
      <x9>432</x9>
      <y9>724</y9>
      <x10>426</x10>
      <y10>741</y10>
      <x11>423</x11>
      <y11>745</y11>
      <x12>420</x12>
      <y12>761</y12>
      <x13>417</x13>
      <y13>764</y13>
      <x14>415</x14>
      <y14>770</y14>
      <x15>404</x15>
      <y15>791</y15>
      <x16>403</x16>
      <y16>798</y16>
      <x17>394</x17>
      <y17>826</y17>
      <x18>389</x18>
      <y18>831</y18>
      <x19>386</x19>
      <y19>832</y19>
      <x20>368</x20>
      <y20>832</y20>
      <x21>367</x21>
      <y21>831</y21>
      <x22>352</x22>
      <y22>830</y22>
      <x23>349</x23>
      <y23>828</y23>
      <x24>328</x24>
      <y24>822</y24>
      <x25>327</x25>
      <y25>820</y25>
      <x26>329</x26>
      <y26>817</y26>
      <x27>359</x27>
      <y27>800</y27>
      <x28>365</x28>
      <y28>794</y28>
      <x29>392</x29>
      <y29>774</y29>
      <x30>400</x30>
      <y30>764</y30>
      <x31>407</x31>
      <y31>742</y31>
      <x32>409</x32>
      <y32>725</y32>
      <x33>416</x33>
      <y33>702</y33>
      <x34>417</x34>
      <y34>690</y34>
      <x35>420</x35>
      <y35>683</y35>
      <x36>421</x36>
      <y36>672</y36>
      <x37>423</x37>
      <y37>670</y37>
      <x38>423</x38>
      <y38>666</y38>
    </polygon>
  </object>
</annotation>
