<?xml version="1.0" ?>
<annotation>
  <folder>VOC</folder>
  <filename>36-1.png</filename>
  <source>
    <database>roboflow.ai</database>
  </source>
  <size>
    <width>1024</width>
    <height>1024</height>
    <depth>3</depth>
  </size>
  <segmented>0</segmented>
  <object>
    <name>person</name>
    <bndbox>
      <xmin>374</xmin>
      <ymin>658</ymin>
      <xmax>475</xmax>
      <ymax>876</ymax>
    </bndbox>
    <polygon>
      <x1>443</x1>
      <y1>658</y1>
      <x2>433</x2>
      <y2>660</y2>
      <x3>428</x3>
      <y3>665</y3>
      <x4>425</x4>
      <y4>672</y4>
      <x5>425</x5>
      <y5>682</y5>
      <x6>427</x6>
      <y6>686</y6>
      <x7>427</x7>
      <y7>690</y7>
      <x8>423</x8>
      <y8>693</y8>
      <x9>413</x9>
      <y9>694</y9>
      <x10>406</x10>
      <y10>700</y10>
      <x11>401</x11>
      <y11>715</y11>
      <x12>392</x12>
      <y12>732</y12>
      <x13>391</x13>
      <y13>742</y13>
      <x14>394</x14>
      <y14>745</y14>
      <x15>396</x15>
      <y15>745</y15>
      <x16>399</x16>
      <y16>749</y16>
      <x17>400</x17>
      <y17>763</y17>
      <x18>399</x18>
      <y18>770</y18>
      <x19>395</x19>
      <y19>778</y19>
      <x20>393</x20>
      <y20>795</y20>
      <x21>391</x21>
      <y21>801</y21>
      <x22>388</x22>
      <y22>846</y22>
      <x23>385</x23>
      <y23>850</y23>
      <x24>374</x24>
      <y24>854</y24>
      <x25>374</x25>
      <y25>857</y25>
      <x26>378</x26>
      <y26>865</y26>
      <x27>382</x27>
      <y27>867</y27>
      <x28>385</x28>
      <y28>866</y28>
      <x29>395</x29>
      <y29>869</y29>
      <x30>399</x30>
      <y30>867</y30>
      <x31>401</x31>
      <y31>861</y31>
      <x32>400</x32>
      <y32>852</y32>
      <x33>405</x33>
      <y33>830</y33>
      <x34>407</x34>
      <y34>805</y34>
      <x35>413</x35>
      <y35>797</y35>
      <x36>428</x36>
      <y36>798</y36>
      <x37>431</x37>
      <y37>801</y37>
      <x38>434</x38>
      <y38>825</y38>
      <x39>433</x39>
      <y39>873</y39>
      <x40>438</x40>
      <y40>876</y40>
      <x41>448</x41>
      <y41>867</y41>
      <x42>447</x42>
      <y42>856</y42>
      <x43>451</x43>
      <y43>830</y43>
      <x44>450</x44>
      <y44>829</y44>
      <x45>450</x45>
      <y45>807</y45>
      <x46>453</x46>
      <y46>804</y46>
      <x47>462</x47>
      <y47>802</y47>
      <x48>464</x48>
      <y48>799</y48>
      <x49>465</x49>
      <y49>785</y49>
      <x50>468</x50>
      <y50>779</y50>
      <x51>470</x51>
      <y51>759</y51>
      <x52>475</x52>
      <y52>746</y52>
      <x53>470</x53>
      <y53>709</y53>
      <x54>461</x54>
      <y54>700</y54>
      <x55>460</x55>
      <y55>694</y55>
      <x56>452</x56>
      <y56>686</y56>
      <x57>453</x57>
      <y57>678</y57>
      <x58>452</x58>
      <y58>662</y58>
      <x59>448</x59>
      <y59>659</y59>
    </polygon>
  </object>
  <object>
    <name>person</name>
    <bndbox>
      <xmin>494</xmin>
      <ymin>718</ymin>
      <xmax>587</xmax>
      <ymax>923</ymax>
    </bndbox>
    <polygon>
      <x1>563</x1>
      <y1>718</y1>
      <x2>556</x2>
      <y2>718</y2>
      <x3>550</x3>
      <y3>722</y3>
      <x4>544</x4>
      <y4>733</y4>
      <x5>544</x5>
      <y5>740</y5>
      <x6>540</x6>
      <y6>749</y6>
      <x7>529</x7>
      <y7>751</y7>
      <x8>522</x8>
      <y8>756</y8>
      <x9>517</x9>
      <y9>768</y9>
      <x10>514</x10>
      <y10>771</y10>
      <x11>506</x11>
      <y11>795</y11>
      <x12>504</x12>
      <y12>797</y12>
      <x13>497</x13>
      <y13>797</y13>
      <x14>494</x14>
      <y14>805</y14>
      <x15>497</x15>
      <y15>814</y15>
      <x16>503</x16>
      <y16>820</y16>
      <x17>510</x17>
      <y17>821</y17>
      <x18>514</x18>
      <y18>815</y18>
      <x19>516</x19>
      <y19>817</y19>
      <x20>516</x20>
      <y20>826</y20>
      <x21>519</x21>
      <y21>832</y21>
      <x22>522</x22>
      <y22>851</y22>
      <x23>524</x23>
      <y23>880</y23>
      <x24>528</x24>
      <y24>893</y24>
      <x25>527</x25>
      <y25>902</y25>
      <x26>528</x26>
      <y26>903</y26>
      <x27>528</x27>
      <y27>916</y27>
      <x28>530</x28>
      <y28>920</y28>
      <x29>534</x29>
      <y29>923</y29>
      <x30>538</x30>
      <y30>923</y30>
      <x31>541</x31>
      <y31>917</y31>
      <x32>549</x32>
      <y32>920</y32>
      <x33>554</x33>
      <y33>914</y33>
      <x34>554</x34>
      <y34>903</y34>
      <x35>558</x35>
      <y35>895</y35>
      <x36>562</x36>
      <y36>873</y36>
      <x37>561</x37>
      <y37>859</y37>
      <x38>559</x38>
      <y38>854</y38>
      <x39>562</x39>
      <y39>835</y39>
      <x40>567</x40>
      <y40>829</y40>
      <x41>572</x41>
      <y41>827</y41>
      <x42>572</x42>
      <y42>820</y42>
      <x43>574</x43>
      <y43>813</y43>
      <x44>580</x44>
      <y44>811</y44>
      <x45>584</x45>
      <y45>807</y45>
      <x46>587</x46>
      <y46>801</y46>
      <x47>586</x47>
      <y47>773</y47>
      <x48>582</x48>
      <y48>764</y48>
      <x49>571</x49>
      <y49>758</y49>
      <x50>569</x50>
      <y50>755</y50>
      <x51>568</x51>
      <y51>749</y51>
      <x52>573</x52>
      <y52>739</y52>
      <x53>573</x53>
      <y53>733</y53>
      <x54>570</x54>
      <y54>723</y54>
    </polygon>
  </object>
</annotation>
