<?xml version="1.0" ?>
<annotation>
  <folder>VOC</folder>
  <filename>39-2.png</filename>
  <source>
    <database>roboflow.ai</database>
  </source>
  <size>
    <width>1024</width>
    <height>1024</height>
    <depth>3</depth>
  </size>
  <segmented>0</segmented>
  <object>
    <name>person</name>
    <bndbox>
      <xmin>681</xmin>
      <ymin>414</ymin>
      <xmax>884</xmax>
      <ymax>708</ymax>
    </bndbox>
    <polygon>
      <x1>752</x1>
      <y1>415</y1>
      <x2>747</x2>
      <y2>417</y2>
      <x3>735</x3>
      <y3>429</y3>
      <x4>729</x4>
      <y4>431</y4>
      <x5>721</x5>
      <y5>436</y5>
      <x6>715</x6>
      <y6>442</y6>
      <x7>708</x7>
      <y7>454</y7>
      <x8>709</x8>
      <y8>462</y8>
      <x9>706</x9>
      <y9>465</y9>
      <x10>707</x10>
      <y10>486</y10>
      <x11>709</x11>
      <y11>492</y11>
      <x12>714</x12>
      <y12>498</y12>
      <x13>719</x13>
      <y13>499</y13>
      <x14>721</x14>
      <y14>506</y14>
      <x15>725</x15>
      <y15>509</y15>
      <x16>723</x16>
      <y16>511</y16>
      <x17>723</x17>
      <y17>514</y17>
      <x18>716</x18>
      <y18>530</y18>
      <x19>710</x19>
      <y19>537</y19>
      <x20>707</x20>
      <y20>544</y20>
      <x21>701</x21>
      <y21>553</y21>
      <x22>696</x22>
      <y22>573</y22>
      <x23>692</x23>
      <y23>578</y23>
      <x24>693</x24>
      <y24>591</y24>
      <x25>694</x25>
      <y25>592</y25>
      <x26>693</x26>
      <y26>599</y26>
      <x27>686</x27>
      <y27>617</y27>
      <x28>686</x28>
      <y28>620</y28>
      <x29>681</x29>
      <y29>625</y29>
      <x30>681</x30>
      <y30>630</y30>
      <x31>685</x31>
      <y31>630</y31>
      <x32>689</x32>
      <y32>637</y32>
      <x33>692</x33>
      <y33>636</y33>
      <x34>698</x34>
      <y34>637</y34>
      <x35>701</x35>
      <y35>635</y35>
      <x36>705</x36>
      <y36>639</y36>
      <x37>714</x37>
      <y37>637</y37>
      <x38>719</x38>
      <y38>632</y38>
      <x39>719</x39>
      <y39>628</y39>
      <x40>716</x40>
      <y40>623</y40>
      <x41>717</x41>
      <y41>609</y41>
      <x42>714</x42>
      <y42>605</y42>
      <x43>715</x43>
      <y43>599</y43>
      <x44>723</x44>
      <y44>590</y44>
      <x45>739</x45>
      <y45>585</y45>
      <x46>745</x46>
      <y46>585</y46>
      <x47>746</x47>
      <y47>584</y47>
      <x48>765</x48>
      <y48>585</y48>
      <x49>766</x49>
      <y49>586</y49>
      <x50>765</x50>
      <y50>587</y50>
      <x51>765</x51>
      <y51>604</y51>
      <x52>764</x52>
      <y52>605</y52>
      <x53>765</x53>
      <y53>606</y53>
      <x54>765</x54>
      <y54>627</y54>
      <x55>767</x55>
      <y55>630</y55>
      <x56>768</x56>
      <y56>645</y56>
      <x57>777</x57>
      <y57>669</y57>
      <x58>793</x58>
      <y58>685</y58>
      <x59>802</x59>
      <y59>689</y59>
      <x60>811</x60>
      <y60>696</y60>
      <x61>816</x61>
      <y61>698</y61>
      <x62>821</x62>
      <y62>704</y62>
      <x63>830</x63>
      <y63>708</y63>
      <x64>843</x64>
      <y64>707</y64>
      <x65>850</x65>
      <y65>704</y65>
      <x66>853</x66>
      <y66>701</y66>
      <x67>854</x67>
      <y67>693</y67>
      <x68>853</x68>
      <y68>691</y68>
      <x69>851</x69>
      <y69>691</y69>
      <x70>849</x70>
      <y70>689</y70>
      <x71>847</x71>
      <y71>681</y71>
      <x72>844</x72>
      <y72>678</y72>
      <x73>842</x73>
      <y73>673</y73>
      <x74>837</x74>
      <y74>671</y74>
      <x75>829</x75>
      <y75>661</y75>
      <x76>818</x76>
      <y76>657</y76>
      <x77>814</x77>
      <y77>654</y77>
      <x78>814</x78>
      <y78>646</y78>
      <x79>826</x79>
      <y79>629</y79>
      <x80>840</x80>
      <y80>599</y80>
      <x81>840</x81>
      <y81>588</y81>
      <x82>841</x82>
      <y82>587</y82>
      <x83>840</x83>
      <y83>568</y83>
      <x84>836</x84>
      <y84>558</y84>
      <x85>835</x85>
      <y85>542</y85>
      <x86>832</x86>
      <y86>535</y86>
      <x87>833</x87>
      <y87>527</y87>
      <x88>837</x88>
      <y88>520</y88>
      <x89>840</x89>
      <y89>523</y89>
      <x90>841</x90>
      <y90>526</y90>
      <x91>846</x91>
      <y91>526</y91>
      <x92>849</x92>
      <y92>524</y92>
      <x93>853</x93>
      <y93>524</y93>
      <x94>857</x94>
      <y94>527</y94>
      <x95>863</x95>
      <y95>526</y95>
      <x96>869</x96>
      <y96>520</y96>
      <x97>871</x97>
      <y97>520</y97>
      <x98>875</x98>
      <y98>510</y98>
      <x99>880</x99>
      <y99>506</y99>
      <x100>884</x100>
      <y100>495</y100>
      <x101>881</x101>
      <y101>458</y101>
      <x102>877</x102>
      <y102>450</y102>
      <x103>869</x103>
      <y103>446</y103>
      <x104>860</x104>
      <y104>445</y104>
      <x105>848</x105>
      <y105>441</y105>
      <x106>843</x106>
      <y106>441</y106>
      <x107>836</x107>
      <y107>438</y107>
      <x108>828</x108>
      <y108>437</y108>
      <x109>822</x109>
      <y109>434</y109>
      <x110>812</x110>
      <y110>434</y110>
      <x111>811</x111>
      <y111>433</y111>
      <x112>800</x112>
      <y112>434</y112>
      <x113>793</x113>
      <y113>431</y113>
      <x114>789</x114>
      <y114>425</y114>
      <x115>786</x115>
      <y115>424</y115>
      <x116>780</x116>
      <y116>418</y116>
      <x117>775</x117>
      <y117>415</y117>
      <x118>771</x118>
      <y118>414</y118>
    </polygon>
  </object>
  <object>
    <name>person</name>
    <bndbox>
      <xmin>73</xmin>
      <ymin>345</ymin>
      <xmax>274</xmax>
      <ymax>672</ymax>
    </bndbox>
    <polygon>
      <x1>232</x1>
      <y1>346</y1>
      <x2>226</x2>
      <y2>345</y2>
      <x3>225</x3>
      <y3>346</y3>
      <x4>185</x4>
      <y4>346</y4>
      <x5>182</x5>
      <y5>349</y5>
      <x6>181</x6>
      <y6>354</y6>
      <x7>172</x7>
      <y7>370</y7>
      <x8>169</x8>
      <y8>370</y8>
      <x9>158</x9>
      <y9>365</y9>
      <x10>149</x10>
      <y10>365</y10>
      <x11>109</x11>
      <y11>371</y11>
      <x12>102</x12>
      <y12>378</y12>
      <x13>101</x13>
      <y13>397</y13>
      <x14>98</x14>
      <y14>400</y14>
      <x15>84</x15>
      <y15>402</y15>
      <x16>81</x16>
      <y16>404</y16>
      <x17>75</x17>
      <y17>414</y17>
      <x18>73</x18>
      <y18>421</y18>
      <x19>73</x19>
      <y19>440</y19>
      <x20>76</x20>
      <y20>456</y20>
      <x21>77</x21>
      <y21>487</y21>
      <x22>83</x22>
      <y22>534</y22>
      <x23>86</x23>
      <y23>541</y23>
      <x24>92</x24>
      <y24>547</y24>
      <x25>127</x25>
      <y25>546</y25>
      <x26>129</x26>
      <y26>548</y26>
      <x27>133</x27>
      <y27>562</y27>
      <x28>128</x28>
      <y28>572</y28>
      <x29>127</x29>
      <y29>586</y29>
      <x30>123</x30>
      <y30>603</y30>
      <x31>123</x31>
      <y31>612</y31>
      <x32>125</x32>
      <y32>615</y32>
      <x33>132</x33>
      <y33>619</y33>
      <x34>141</x34>
      <y34>619</y34>
      <x35>144</x35>
      <y35>617</y35>
      <x36>150</x36>
      <y36>618</y36>
      <x37>149</x37>
      <y37>626</y37>
      <x38>145</x38>
      <y38>631</y38>
      <x39>136</x39>
      <y39>634</y39>
      <x40>127</x40>
      <y40>634</y40>
      <x41>123</x41>
      <y41>631</y41>
      <x42>110</x42>
      <y42>632</y42>
      <x43>101</x43>
      <y43>635</y43>
      <x44>98</x44>
      <y44>638</y44>
      <x45>83</x45>
      <y45>646</y45>
      <x46>79</x46>
      <y46>650</y46>
      <x47>80</x47>
      <y47>654</y47>
      <x48>78</x48>
      <y48>656</y48>
      <x49>76</x49>
      <y49>663</y49>
      <x50>77</x50>
      <y50>666</y50>
      <x51>85</x51>
      <y51>672</y51>
      <x52>107</x52>
      <y52>671</y52>
      <x53>108</x53>
      <y53>670</y53>
      <x54>110</x54>
      <y54>671</y54>
      <x55>129</x55>
      <y55>670</y55>
      <x56>139</x56>
      <y56>667</y56>
      <x57>149</x57>
      <y57>666</y57>
      <x58>159</x58>
      <y58>662</y58>
      <x59>182</x59>
      <y59>658</y59>
      <x60>189</x60>
      <y60>655</y60>
      <x61>194</x61>
      <y61>656</y61>
      <x62>204</x62>
      <y62>653</y62>
      <x63>209</x63>
      <y63>653</y63>
      <x64>227</x64>
      <y64>646</y64>
      <x65>231</x65>
      <y65>640</y65>
      <x66>230</x66>
      <y66>627</y66>
      <x67>222</x67>
      <y67>619</y67>
      <x68>215</x68>
      <y68>617</y68>
      <x69>202</x69>
      <y69>616</y69>
      <x70>200</x70>
      <y70>614</y70>
      <x71>201</x71>
      <y71>603</y71>
      <x72>202</x72>
      <y72>602</y72>
      <x73>210</x73>
      <y73>606</y73>
      <x74>234</x74>
      <y74>605</y74>
      <x75>251</x75>
      <y75>598</y75>
      <x76>252</x76>
      <y76>594</y76>
      <x77>245</x77>
      <y77>585</y77>
      <x78>239</x78>
      <y78>586</y78>
      <x79>230</x79>
      <y79>585</y79>
      <x80>223</x80>
      <y80>578</y80>
      <x81>220</x81>
      <y81>572</y81>
      <x82>220</x82>
      <y82>561</y82>
      <x83>218</x83>
      <y83>550</y83>
      <x84>219</x84>
      <y84>530</y84>
      <x85>217</x85>
      <y85>527</y85>
      <x86>215</x86>
      <y86>512</y86>
      <x87>211</x87>
      <y87>506</y87>
      <x88>213</x88>
      <y88>503</y88>
      <x89>213</x89>
      <y89>500</y89>
      <x90>208</x90>
      <y90>494</y90>
      <x91>206</x91>
      <y91>482</y91>
      <x92>223</x92>
      <y92>465</y92>
      <x93>224</x93>
      <y93>456</y93>
      <x94>228</x94>
      <y94>451</y94>
      <x95>234</x95>
      <y95>447</y95>
      <x96>245</x96>
      <y96>445</y96>
      <x97>255</x97>
      <y97>440</y97>
      <x98>267</x98>
      <y98>428</y98>
      <x99>272</x99>
      <y99>415</y99>
      <x100>272</x100>
      <y100>395</y100>
      <x101>274</x101>
      <y101>391</y101>
      <x102>274</x102>
      <y102>383</y102>
      <x103>271</x103>
      <y103>376</y103>
      <x104>259</x104>
      <y104>364</y104>
      <x105>242</x105>
      <y105>351</y105>
    </polygon>
  </object>
  <object>
    <name>person</name>
    <bndbox>
      <xmin>314</xmin>
      <ymin>346</ymin>
      <xmax>465</xmax>
      <ymax>642</ymax>
    </bndbox>
    <polygon>
      <x1>355</x1>
      <y1>349</y1>
      <x2>350</x2>
      <y2>351</y2>
      <x3>344</x3>
      <y3>357</y3>
      <x4>343</x4>
      <y4>360</y4>
      <x5>343</x5>
      <y5>364</y5>
      <x6>345</x6>
      <y6>368</y6>
      <x7>344</x7>
      <y7>406</y7>
      <x8>346</x8>
      <y8>414</y8>
      <x9>348</x9>
      <y9>417</y9>
      <x10>348</x10>
      <y10>420</y10>
      <x11>343</x11>
      <y11>426</y11>
      <x12>339</x12>
      <y12>435</y12>
      <x13>333</x13>
      <y13>444</y13>
      <x14>328</x14>
      <y14>456</y14>
      <x15>317</x15>
      <y15>473</y15>
      <x16>314</x16>
      <y16>482</y16>
      <x17>314</x17>
      <y17>492</y17>
      <x18>318</x18>
      <y18>497</y18>
      <x19>322</x19>
      <y19>498</y19>
      <x20>327</x20>
      <y20>490</y20>
      <x21>335</x21>
      <y21>486</y21>
      <x22>338</x22>
      <y22>483</y22>
      <x23>341</x23>
      <y23>477</y23>
      <x24>349</x24>
      <y24>469</y24>
      <x25>352</x25>
      <y25>463</y25>
      <x26>358</x26>
      <y26>458</y26>
      <x27>361</x27>
      <y27>464</y27>
      <x28>362</x28>
      <y28>474</y28>
      <x29>357</x29>
      <y29>491</y29>
      <x30>357</x30>
      <y30>534</y30>
      <x31>356</x31>
      <y31>535</y31>
      <x32>355</x32>
      <y32>549</y32>
      <x33>365</x33>
      <y33>576</y33>
      <x34>367</x34>
      <y34>604</y34>
      <x35>369</x35>
      <y35>607</y35>
      <x36>369</x36>
      <y36>614</y36>
      <x37>364</x37>
      <y37>620</y37>
      <x38>357</x38>
      <y38>622</y38>
      <x39>357</x39>
      <y39>625</y39>
      <x40>361</x40>
      <y40>626</y40>
      <x41>364</x41>
      <y41>630</y41>
      <x42>369</x42>
      <y42>633</y42>
      <x43>376</x43>
      <y43>633</y43>
      <x44>377</x44>
      <y44>634</y44>
      <x45>387</x45>
      <y45>631</y45>
      <x46>390</x46>
      <y46>628</y46>
      <x47>393</x47>
      <y47>621</y47>
      <x48>394</x48>
      <y48>600</y48>
      <x49>395</x49>
      <y49>599</y49>
      <x50>392</x50>
      <y50>557</y50>
      <x51>395</x51>
      <y51>553</y51>
      <x52>396</x52>
      <y52>545</y52>
      <x53>398</x53>
      <y53>542</y53>
      <x54>403</x54>
      <y54>563</y54>
      <x55>405</x55>
      <y55>566</y55>
      <x56>407</x56>
      <y56>576</y56>
      <x57>410</x57>
      <y57>582</y57>
      <x58>411</x58>
      <y58>592</y58>
      <x59>416</x59>
      <y59>611</y59>
      <x60>415</x60>
      <y60>619</y60>
      <x61>408</x61>
      <y61>626</y61>
      <x62>404</x62>
      <y62>635</y62>
      <x63>404</x63>
      <y63>639</y63>
      <x64>407</x64>
      <y64>642</y64>
      <x65>435</x65>
      <y65>642</y65>
      <x66>450</x66>
      <y66>636</y66>
      <x67>451</x67>
      <y67>634</y67>
      <x68>448</x68>
      <y68>631</y68>
      <x69>445</x69>
      <y69>623</y69>
      <x70>445</x70>
      <y70>617</y70>
      <x71>446</x71>
      <y71>616</y71>
      <x72>445</x72>
      <y72>593</y72>
      <x73>439</x73>
      <y73>568</y73>
      <x74>438</x74>
      <y74>549</y74>
      <x75>436</x75>
      <y75>543</y75>
      <x76>433</x76>
      <y76>513</y76>
      <x77>449</x77>
      <y77>494</y77>
      <x78>449</x78>
      <y78>492</y78>
      <x79>458</x79>
      <y79>476</y79>
      <x80>464</x80>
      <y80>461</y80>
      <x81>465</x81>
      <y81>446</y81>
      <x82>463</x82>
      <y82>441</y82>
      <x83>457</x83>
      <y83>433</y83>
      <x84>445</x84>
      <y84>421</y84>
      <x85>436</x85>
      <y85>414</y85>
      <x86>434</x86>
      <y86>414</y86>
      <x87>433</x87>
      <y87>411</y87>
      <x88>428</x88>
      <y88>405</y88>
      <x89>431</x89>
      <y89>400</y89>
      <x90>430</x90>
      <y90>380</y90>
      <x91>428</x91>
      <y91>377</y91>
      <x92>422</x92>
      <y92>353</y92>
      <x93>419</x93>
      <y93>350</y93>
      <x94>414</x94>
      <y94>350</y94>
      <x95>403</x95>
      <y95>346</y95>
      <x96>389</x96>
      <y96>346</y96>
      <x97>388</x97>
      <y97>347</y97>
      <x98>373</x98>
      <y98>347</y98>
      <x99>372</x99>
      <y99>348</y99>
    </polygon>
  </object>
  <object>
    <name>person</name>
    <bndbox>
      <xmin>541</xmin>
      <ymin>342</ymin>
      <xmax>660</xmax>
      <ymax>636</ymax>
    </bndbox>
    <polygon>
      <x1>580</x1>
      <y1>342</y1>
      <x2>567</x2>
      <y2>349</y2>
      <x3>564</x3>
      <y3>353</y3>
      <x4>564</x4>
      <y4>357</y4>
      <x5>570</x5>
      <y5>365</y5>
      <x6>569</x6>
      <y6>381</y6>
      <x7>571</x7>
      <y7>398</y7>
      <x8>566</x8>
      <y8>401</y8>
      <x9>562</x9>
      <y9>399</y9>
      <x10>556</x10>
      <y10>401</y10>
      <x11>553</x11>
      <y11>398</y11>
      <x12>550</x12>
      <y12>398</y12>
      <x13>548</x13>
      <y13>411</y13>
      <x14>548</x14>
      <y14>423</y14>
      <x15>541</x15>
      <y15>459</y15>
      <x16>541</x16>
      <y16>482</y16>
      <x17>546</x17>
      <y17>498</y17>
      <x18>553</x18>
      <y18>507</y18>
      <x19>551</x19>
      <y19>535</y19>
      <x20>549</x20>
      <y20>545</y20>
      <x21>549</x21>
      <y21>558</y21>
      <x22>545</x22>
      <y22>577</y22>
      <x23>546</x23>
      <y23>604</y23>
      <x24>544</x24>
      <y24>622</y24>
      <x25>553</x25>
      <y25>624</y25>
      <x26>563</x26>
      <y26>624</y26>
      <x27>573</x27>
      <y27>626</y27>
      <x28>577</x28>
      <y28>623</y28>
      <x29>577</x29>
      <y29>616</y29>
      <x30>574</x30>
      <y30>611</y30>
      <x31>572</x31>
      <y31>601</y31>
      <x32>574</x32>
      <y32>596</y32>
      <x33>574</x33>
      <y33>591</y33>
      <x34>580</x34>
      <y34>576</y34>
      <x35>581</x35>
      <y35>561</y35>
      <x36>589</x36>
      <y36>534</y36>
      <x37>590</x37>
      <y37>523</y37>
      <x38>593</x38>
      <y38>517</y38>
      <x39>595</x39>
      <y39>519</y39>
      <x40>596</x40>
      <y40>532</y40>
      <x41>601</x41>
      <y41>545</y41>
      <x42>601</x42>
      <y42>553</y42>
      <x43>604</x43>
      <y43>570</y43>
      <x44>604</x44>
      <y44>600</y44>
      <x45>609</x45>
      <y45>609</y45>
      <x46>608</x46>
      <y46>617</y46>
      <x47>610</x47>
      <y47>629</y47>
      <x48>616</x48>
      <y48>633</y48>
      <x49>624</x49>
      <y49>635</y49>
      <x50>638</x50>
      <y50>636</y50>
      <x51>642</x51>
      <y51>634</y51>
      <x52>642</x52>
      <y52>630</y52>
      <x53>638</x53>
      <y53>618</y53>
      <x54>633</x54>
      <y54>610</y54>
      <x55>636</x55>
      <y55>599</y55>
      <x56>636</x56>
      <y56>588</y56>
      <x57>635</x57>
      <y57>587</y57>
      <x58>636</x58>
      <y58>568</y58>
      <x59>635</x59>
      <y59>567</y59>
      <x60>635</x60>
      <y60>545</y60>
      <x61>633</x61>
      <y61>533</y61>
      <x62>633</x62>
      <y62>522</y62>
      <x63>635</x63>
      <y63>520</y63>
      <x64>642</x64>
      <y64>520</y64>
      <x65>648</x65>
      <y65>517</y65>
      <x66>653</x66>
      <y66>512</y66>
      <x67>657</x67>
      <y67>505</y67>
      <x68>660</x68>
      <y68>469</y68>
      <x69>654</x69>
      <y69>449</y69>
      <x70>658</x70>
      <y70>441</y70>
      <x71>656</x71>
      <y71>436</y71>
      <x72>647</x72>
      <y72>426</y72>
      <x73>640</x73>
      <y73>413</y73>
      <x74>630</x74>
      <y74>408</y74>
      <x75>627</x75>
      <y75>405</y75>
      <x76>630</x76>
      <y76>401</y76>
      <x77>632</x77>
      <y77>394</y77>
      <x78>632</x78>
      <y78>378</y78>
      <x79>631</x79>
      <y79>377</y79>
      <x80>632</x80>
      <y80>367</y80>
      <x81>629</x81>
      <y81>361</y81>
      <x82>629</x82>
      <y82>354</y82>
      <x83>627</x83>
      <y83>347</y83>
      <x84>625</x84>
      <y84>345</y84>
      <x85>617</x85>
      <y85>343</y85>
    </polygon>
  </object>
</annotation>
