<?xml version="1.0" ?>
<annotation>
  <folder>VOC</folder>
  <filename>46-1.png</filename>
  <source>
    <database>roboflow.ai</database>
  </source>
  <size>
    <width>1024</width>
    <height>1024</height>
    <depth>3</depth>
  </size>
  <segmented>0</segmented>
  <object>
    <name>person</name>
    <bndbox>
      <xmin>265</xmin>
      <ymin>128</ymin>
      <xmax>749</xmax>
      <ymax>1023</ymax>
    </bndbox>
    <polygon>
      <x1>501</x1>
      <y1>128</y1>
      <x2>498</x2>
      <y2>130</y2>
      <x3>475</x3>
      <y3>137</y3>
      <x4>460</x4>
      <y4>145</y4>
      <x5>455</x5>
      <y5>150</y5>
      <x6>449</x6>
      <y6>168</y6>
      <x7>449</x7>
      <y7>186</y7>
      <x8>446</x8>
      <y8>190</y8>
      <x9>434</x9>
      <y9>195</y9>
      <x10>425</x10>
      <y10>202</y10>
      <x11>419</x11>
      <y11>209</y11>
      <x12>417</x12>
      <y12>214</y12>
      <x13>417</x13>
      <y13>220</y13>
      <x14>419</x14>
      <y14>223</y14>
      <x15>426</x15>
      <y15>228</y15>
      <x16>428</x16>
      <y16>228</y16>
      <x17>434</x17>
      <y17>232</y17>
      <x18>437</x18>
      <y18>232</y18>
      <x19>447</x19>
      <y19>241</y19>
      <x20>447</x20>
      <y20>245</y20>
      <x21>450</x21>
      <y21>253</y21>
      <x22>456</x22>
      <y22>260</y22>
      <x23>460</x23>
      <y23>261</y23>
      <x24>462</x24>
      <y24>263</y24>
      <x25>463</x25>
      <y25>277</y25>
      <x26>460</x26>
      <y26>280</y26>
      <x27>457</x27>
      <y27>280</y27>
      <x28>445</x28>
      <y28>293</y28>
      <x29>427</x29>
      <y29>303</y29>
      <x30>424</x30>
      <y30>303</y30>
      <x31>404</x31>
      <y31>318</y31>
      <x32>402</x32>
      <y32>318</y32>
      <x33>396</x33>
      <y33>321</y33>
      <x34>393</x34>
      <y34>324</y34>
      <x35>391</x35>
      <y35>324</y35>
      <x36>384</x36>
      <y36>328</y36>
      <x37>380</x37>
      <y37>333</y37>
      <x38>373</x38>
      <y38>349</y38>
      <x39>370</x39>
      <y39>352</y39>
      <x40>367</x40>
      <y40>358</y40>
      <x41>347</x41>
      <y41>381</y41>
      <x42>346</x42>
      <y42>386</y42>
      <x43>339</x43>
      <y43>396</y43>
      <x44>334</x44>
      <y44>400</y44>
      <x45>323</x45>
      <y45>402</y45>
      <x46>319</x46>
      <y46>404</y46>
      <x47>313</x47>
      <y47>410</y47>
      <x48>304</x48>
      <y48>424</y48>
      <x49>300</x49>
      <y49>433</y49>
      <x50>280</x50>
      <y50>456</y50>
      <x51>275</x51>
      <y51>465</y51>
      <x52>275</x52>
      <y52>469</y52>
      <x53>272</x53>
      <y53>476</y53>
      <x54>269</x54>
      <y54>490</y54>
      <x55>269</x55>
      <y55>502</y55>
      <x56>265</x56>
      <y56>517</y56>
      <x57>265</x57>
      <y57>530</y57>
      <x58>266</x58>
      <y58>533</y58>
      <x59>273</x59>
      <y59>541</y59>
      <x60>277</x60>
      <y60>549</y60>
      <x61>277</x61>
      <y61>554</y61>
      <x62>276</x62>
      <y62>555</y62>
      <x63>277</x63>
      <y63>564</y63>
      <x64>276</x64>
      <y64>566</y64>
      <x65>277</x65>
      <y65>567</y65>
      <x66>277</x66>
      <y66>575</y66>
      <x67>279</x67>
      <y67>577</y67>
      <x68>281</x68>
      <y68>586</y68>
      <x69>287</x69>
      <y69>593</y69>
      <x70>288</x70>
      <y70>598</y70>
      <x71>293</x71>
      <y71>608</y71>
      <x72>301</x72>
      <y72>618</y72>
      <x73>306</x73>
      <y73>630</y73>
      <x74>318</x74>
      <y74>650</y74>
      <x75>318</x75>
      <y75>655</y75>
      <x76>319</x76>
      <y76>656</y76>
      <x77>318</x77>
      <y77>690</y77>
      <x78>316</x78>
      <y78>697</y78>
      <x79>315</x79>
      <y79>709</y79>
      <x80>313</x80>
      <y80>714</y80>
      <x81>311</x81>
      <y81>734</y81>
      <x82>309</x82>
      <y82>737</y82>
      <x83>308</x83>
      <y83>742</y83>
      <x84>307</x84>
      <y84>762</y84>
      <x85>309</x85>
      <y85>767</y85>
      <x86>312</x86>
      <y86>768</y86>
      <x87>316</x87>
      <y87>766</y87>
      <x88>322</x88>
      <y88>767</y88>
      <x89>328</x89>
      <y89>760</y89>
      <x90>336</x90>
      <y90>754</y90>
      <x91>346</x91>
      <y91>750</y91>
      <x92>362</x92>
      <y92>733</y92>
      <x93>363</x93>
      <y93>730</y93>
      <x94>368</x94>
      <y94>725</y94>
      <x95>372</x95>
      <y95>714</y95>
      <x96>378</x96>
      <y96>710</y96>
      <x97>382</x97>
      <y97>704</y97>
      <x98>386</x98>
      <y98>702</y98>
      <x99>388</x99>
      <y99>697</y99>
      <x100>394</x100>
      <y100>691</y100>
      <x101>397</x101>
      <y101>690</y101>
      <x102>402</x102>
      <y102>690</y102>
      <x103>406</x103>
      <y103>693</y103>
      <x104>426</x104>
      <y104>702</y104>
      <x105>438</x105>
      <y105>703</y105>
      <x106>439</x106>
      <y106>704</y106>
      <x107>449</x107>
      <y107>704</y107>
      <x108>456</x108>
      <y108>700</y108>
      <x109>461</x109>
      <y109>699</y109>
      <x110>463</x110>
      <y110>702</y110>
      <x111>470</x111>
      <y111>707</y111>
      <x112>476</x112>
      <y112>709</y112>
      <x113>487</x113>
      <y113>709</y113>
      <x114>494</x114>
      <y114>707</y114>
      <x115>498</x115>
      <y115>709</y115>
      <x116>502</x116>
      <y116>708</y116>
      <x117>504</x117>
      <y117>711</y117>
      <x118>504</x118>
      <y118>714</y118>
      <x119>501</x119>
      <y119>723</y119>
      <x120>497</x120>
      <y120>743</y120>
      <x121>495</x121>
      <y121>746</y121>
      <x122>492</x122>
      <y122>757</y122>
      <x123>494</x123>
      <y123>762</y123>
      <x124>494</x124>
      <y124>766</y124>
      <x125>491</x125>
      <y125>768</y125>
      <x126>491</x126>
      <y126>773</y126>
      <x127>496</x127>
      <y127>778</y127>
      <x128>496</x128>
      <y128>783</y128>
      <x129>495</x129>
      <y129>784</y129>
      <x130>496</x130>
      <y130>795</y130>
      <x131>493</x131>
      <y131>802</y131>
      <x132>494</x132>
      <y132>810</y132>
      <x133>498</x133>
      <y133>814</y133>
      <x134>506</x134>
      <y134>817</y134>
      <x135>521</x135>
      <y135>830</y135>
      <x136>528</x136>
      <y136>832</y136>
      <x137>533</x137>
      <y137>837</y137>
      <x138>539</x138>
      <y138>840</y138>
      <x139>542</x139>
      <y139>840</y139>
      <x140>546</x140>
      <y140>854</y140>
      <x141>550</x141>
      <y141>861</y141>
      <x142>553</x142>
      <y142>863</y142>
      <x143>558</x143>
      <y143>863</y143>
      <x144>559</x144>
      <y144>864</y144>
      <x145>569</x145>
      <y145>863</y145>
      <x146>573</x146>
      <y146>866</y146>
      <x147>578</x147>
      <y147>867</y147>
      <x148>583</x148>
      <y148>870</y148>
      <x149>593</x149>
      <y149>872</y149>
      <x150>602</x150>
      <y150>879</y150>
      <x151>605</x151>
      <y151>880</y151>
      <x152>623</x152>
      <y152>898</y152>
      <x153>623</x153>
      <y153>909</y153>
      <x154>616</x154>
      <y154>914</y154>
      <x155>608</x155>
      <y155>922</y155>
      <x156>607</x156>
      <y156>925</y156>
      <x157>600</x157>
      <y157>931</y157>
      <x158>597</x158>
      <y158>936</y158>
      <x159>593</x159>
      <y159>938</y159>
      <x160>589</x160>
      <y160>943</y160>
      <x161>578</x161>
      <y161>949</y161>
      <x162>573</x162>
      <y162>954</y162>
      <x163>573</x163>
      <y163>969</y163>
      <x164>576</x164>
      <y164>976</y164>
      <x165>576</x165>
      <y165>982</y165>
      <x166>578</x166>
      <y166>988</y166>
      <x167>578</x167>
      <y167>994</y167>
      <x168>581</x168>
      <y168>1003</y168>
      <x169>581</x169>
      <y169>1009</y169>
      <x170>587</x170>
      <y170>1023</y170>
      <x171>668</x171>
      <y171>1023</y171>
      <x172>673</x172>
      <y172>1015</y172>
      <x173>675</x173>
      <y173>1006</y173>
      <x174>675</x174>
      <y174>992</y174>
      <x175>676</x175>
      <y175>991</y175>
      <x176>675</x176>
      <y176>977</y176>
      <x177>681</x177>
      <y177>950</y177>
      <x178>681</x178>
      <y178>937</y178>
      <x179>680</x179>
      <y179>936</y179>
      <x180>680</x180>
      <y180>931</y180>
      <x181>677</x181>
      <y181>926</y181>
      <x182>676</x182>
      <y182>921</y182>
      <x183>670</x183>
      <y183>909</y183>
      <x184>666</x184>
      <y184>897</y184>
      <x185>663</x185>
      <y185>894</y185>
      <x186>662</x186>
      <y186>890</y186>
      <x187>658</x187>
      <y187>886</y187>
      <x188>652</x188>
      <y188>874</y188>
      <x189>651</x189>
      <y189>855</y189>
      <x190>652</x190>
      <y190>854</y190>
      <x191>653</x191>
      <y191>833</y191>
      <x192>655</x192>
      <y192>825</y192>
      <x193>658</x193>
      <y193>819</y193>
      <x194>672</x194>
      <y194>805</y194>
      <x195>674</x195>
      <y195>800</y195>
      <x196>686</x196>
      <y196>783</y196>
      <x197>692</x197>
      <y197>770</y197>
      <x198>705</x198>
      <y198>756</y198>
      <x199>730</x199>
      <y199>724</y199>
      <x200>731</x200>
      <y200>720</y200>
      <x201>739</x201>
      <y201>707</y201>
      <x202>745</x202>
      <y202>701</y202>
      <x203>748</x203>
      <y203>694</y203>
      <x204>748</x204>
      <y204>689</y204>
      <x205>749</x205>
      <y205>688</y205>
      <x206>748</x206>
      <y206>672</y206>
      <x207>744</x207>
      <y207>659</y207>
      <x208>738</x208>
      <y208>653</y208>
      <x209>738</x209>
      <y209>650</y209>
      <x210>735</x210>
      <y210>645</y210>
      <x211>726</x211>
      <y211>639</y211>
      <x212>721</x212>
      <y212>639</y212>
      <x213>717</x213>
      <y213>635</y213>
      <x214>705</x214>
      <y214>632</y214>
      <x215>701</x215>
      <y215>629</y215>
      <x216>699</x216>
      <y216>629</y216>
      <x217>695</x217>
      <y217>625</y217>
      <x218>695</x218>
      <y218>618</y218>
      <x219>698</x219>
      <y219>612</y219>
      <x220>698</x220>
      <y220>601</y220>
      <x221>699</x221>
      <y221>600</y221>
      <x222>699</x222>
      <y222>595</y222>
      <x223>698</x223>
      <y223>594</y223>
      <x224>699</x224>
      <y224>593</y224>
      <x225>699</x225>
      <y225>565</y225>
      <x226>708</x226>
      <y226>556</y226>
      <x227>730</x227>
      <y227>544</y227>
      <x228>740</x228>
      <y228>534</y228>
      <x229>741</x229>
      <y229>529</y229>
      <x230>740</x230>
      <y230>506</y230>
      <x231>737</x231>
      <y231>500</y231>
      <x232>735</x232>
      <y232>489</y232>
      <x233>724</x233>
      <y233>472</y233>
      <x234>723</x234>
      <y234>448</y234>
      <x235>719</x235>
      <y235>431</y235>
      <x236>712</x236>
      <y236>420</y236>
      <x237>698</x237>
      <y237>406</y237>
      <x238>692</x238>
      <y238>395</y238>
      <x239>692</x239>
      <y239>393</y239>
      <x240>688</x240>
      <y240>389</y240>
      <x241>688</x241>
      <y241>385</y241>
      <x242>680</x242>
      <y242>365</y242>
      <x243>673</x243>
      <y243>356</y243>
      <x244>669</x244>
      <y244>348</y244>
      <x245>650</x245>
      <y245>328</y245>
      <x246>641</x246>
      <y246>320</y246>
      <x247>635</x247>
      <y247>317</y247>
      <x248>631</x248>
      <y248>312</y248>
      <x249>626</x249>
      <y249>311</y249>
      <x250>622</x250>
      <y250>307</y250>
      <x251>620</x251>
      <y251>307</y251>
      <x252>615</x252>
      <y252>303</y252>
      <x253>609</x253>
      <y253>303</y253>
      <x254>606</x254>
      <y254>300</y254>
      <x255>601</x255>
      <y255>299</y255>
      <x256>598</x256>
      <y256>296</y256>
      <x257>591</x257>
      <y257>295</y257>
      <x258>573</x258>
      <y258>287</y258>
      <x259>568</x259>
      <y259>287</y259>
      <x260>563</x260>
      <y260>282</y260>
      <x261>563</x261>
      <y261>273</y261>
      <x262>565</x262>
      <y262>269</y262>
      <x263>566</x263>
      <y263>258</y263>
      <x264>570</x264>
      <y264>252</y264>
      <x265>574</x265>
      <y265>234</y265>
      <x266>579</x266>
      <y266>229</y266>
      <x267>583</x267>
      <y267>228</y267>
      <x268>595</x268>
      <y268>221</y268>
      <x269>597</x269>
      <y269>221</y269>
      <x270>601</x270>
      <y270>217</y270>
      <x271>606</x271>
      <y271>215</y271>
      <x272>611</x272>
      <y272>210</y272>
      <x273>613</x273>
      <y273>203</y273>
      <x274>612</x274>
      <y274>198</y274>
      <x275>609</x275>
      <y275>195</y275>
      <x276>603</x276>
      <y276>192</y276>
      <x277>575</x277>
      <y277>185</y277>
      <x278>568</x278>
      <y278>181</y278>
      <x279>565</x279>
      <y279>176</y279>
      <x280>563</x280>
      <y280>168</y280>
      <x281>563</x281>
      <y281>159</y281>
      <x282>560</x282>
      <y282>146</y282>
      <x283>555</x283>
      <y283>138</y283>
      <x284>550</x284>
      <y284>134</y284>
      <x285>536</x285>
      <y285>129</y285>
    </polygon>
  </object>
  <object>
    <name>person</name>
    <bndbox>
      <xmin>350</xmin>
      <ymin>465</ymin>
      <xmax>408</xmax>
      <ymax>534</ymax>
    </bndbox>
    <polygon>
      <x1>401</x1>
      <y1>465</y1>
      <x2>406</x2>
      <y2>472</y2>
      <x3>408</x3>
      <y3>483</y3>
      <x4>407</x4>
      <y4>502</y4>
      <x5>403</x5>
      <y5>510</y5>
      <x6>401</x6>
      <y6>527</y6>
      <x7>398</x7>
      <y7>532</y7>
      <x8>379</x8>
      <y8>534</y8>
      <x9>365</x9>
      <y9>526</y9>
      <x10>362</x10>
      <y10>526</y10>
      <x11>357</x11>
      <y11>520</y11>
      <x12>353</x12>
      <y12>518</y12>
      <x13>350</x13>
      <y13>512</y13>
      <x14>351</x14>
      <y14>498</y14>
      <x15>357</x15>
      <y15>495</y15>
      <x16>369</x16>
      <y16>480</y16>
      <x17>375</x17>
      <y17>478</y17>
      <x18>381</x18>
      <y18>472</y18>
      <x19>393</x19>
      <y19>466</y19>
    </polygon>
  </object>
  <object>
    <name>person</name>
    <bndbox>
      <xmin>608</xmin>
      <ymin>457</ymin>
      <xmax>654</xmax>
      <ymax>528</ymax>
    </bndbox>
    <polygon>
      <x1>625</x1>
      <y1>457</y1>
      <x2>632</x2>
      <y2>463</y2>
      <x3>638</x3>
      <y3>464</y3>
      <x4>646</x4>
      <y4>473</y4>
      <x5>647</x5>
      <y5>478</y5>
      <x6>654</x6>
      <y6>488</y6>
      <x7>654</x7>
      <y7>492</y7>
      <x8>651</x8>
      <y8>499</y8>
      <x9>637</x9>
      <y9>513</y9>
      <x10>621</x10>
      <y10>527</y10>
      <x11>614</x11>
      <y11>528</y11>
      <x12>609</x12>
      <y12>517</y12>
      <x13>608</x13>
      <y13>501</y13>
      <x14>609</x14>
      <y14>500</y14>
      <x15>610</x15>
      <y15>489</y15>
      <x16>614</x16>
      <y16>476</y16>
      <x17>615</x17>
      <y17>466</y17>
      <x18>621</x18>
      <y18>457</y18>
    </polygon>
  </object>
</annotation>
