<?xml version="1.0" ?>
<annotation>
  <folder>VOC</folder>
  <filename>50-1.png</filename>
  <source>
    <database>roboflow.ai</database>
  </source>
  <size>
    <width>1024</width>
    <height>1024</height>
    <depth>3</depth>
  </size>
  <segmented>0</segmented>
  <object>
    <name>person</name>
    <bndbox>
      <xmin>456</xmin>
      <ymin>579</ymin>
      <xmax>648</xmax>
      <ymax>784</ymax>
    </bndbox>
    <polygon>
      <x1>604</x1>
      <y1>581</y1>
      <x2>599</x2>
      <y2>579</y2>
      <x3>594</x3>
      <y3>579</y3>
      <x4>579</x4>
      <y4>585</y4>
      <x5>572</x5>
      <y5>591</y5>
      <x6>565</x6>
      <y6>602</y6>
      <x7>565</x7>
      <y7>611</y7>
      <x8>568</x8>
      <y8>620</y8>
      <x9>567</x9>
      <y9>631</y9>
      <x10>570</x10>
      <y10>639</y10>
      <x11>567</x11>
      <y11>642</y11>
      <x12>562</x12>
      <y12>643</y12>
      <x13>554</x13>
      <y13>647</y13>
      <x14>549</x14>
      <y14>652</y14>
      <x15>546</x15>
      <y15>658</y15>
      <x16>544</x16>
      <y16>666</y16>
      <x17>542</x17>
      <y17>691</y17>
      <x18>544</x18>
      <y18>698</y18>
      <x19>545</x19>
      <y19>715</y19>
      <x20>550</x20>
      <y20>724</y20>
      <x21>550</x21>
      <y21>727</y21>
      <x22>549</x22>
      <y22>728</y22>
      <x23>545</x23>
      <y23>727</y23>
      <x24>538</x24>
      <y24>721</y24>
      <x25>532</x25>
      <y25>718</y25>
      <x26>529</x26>
      <y26>714</y26>
      <x27>525</x27>
      <y27>713</y27>
      <x28>515</x28>
      <y28>705</y28>
      <x29>511</x29>
      <y29>703</y29>
      <x30>504</x30>
      <y30>703</y30>
      <x31>478</x31>
      <y31>720</y31>
      <x32>472</x32>
      <y32>719</y32>
      <x33>466</x33>
      <y33>722</y33>
      <x34>461</x34>
      <y34>740</y34>
      <x35>456</x35>
      <y35>747</y35>
      <x36>457</x36>
      <y36>754</y36>
      <x37>464</x37>
      <y37>765</y37>
      <x38>469</x38>
      <y38>767</y38>
      <x39>493</x39>
      <y39>765</y39>
      <x40>507</x40>
      <y40>769</y40>
      <x41>510</x41>
      <y41>771</y41>
      <x42>526</x42>
      <y42>774</y42>
      <x43>542</x43>
      <y43>781</y43>
      <x44>557</x44>
      <y44>781</y44>
      <x45>572</x45>
      <y45>784</y45>
      <x46>612</x46>
      <y46>784</y46>
      <x47>613</x47>
      <y47>783</y47>
      <x48>630</x48>
      <y48>781</y48>
      <x49>637</x49>
      <y49>775</y49>
      <x50>640</x50>
      <y50>774</y50>
      <x51>643</x51>
      <y51>768</y51>
      <x52>643</x52>
      <y52>760</y52>
      <x53>642</x53>
      <y53>759</y53>
      <x54>642</x54>
      <y54>752</y54>
      <x55>637</x55>
      <y55>741</y55>
      <x56>644</x56>
      <y56>726</y56>
      <x57>647</x57>
      <y57>714</y57>
      <x58>647</x58>
      <y58>704</y58>
      <x59>648</x59>
      <y59>703</y59>
      <x60>647</x60>
      <y60>664</y60>
      <x61>644</x61>
      <y61>654</y61>
      <x62>637</x62>
      <y62>647</y62>
      <x63>624</x63>
      <y63>642</y63>
      <x64>620</x64>
      <y64>637</y64>
      <x65>620</x65>
      <y65>622</y65>
      <x66>622</x66>
      <y66>618</y66>
      <x67>618</x67>
      <y67>613</y67>
      <x68>615</x68>
      <y68>597</y68>
      <x69>610</x69>
      <y69>587</y69>
    </polygon>
  </object>
  <object>
    <name>person</name>
    <bndbox>
      <xmin>297</xmin>
      <ymin>592</ymin>
      <xmax>456</xmax>
      <ymax>783</ymax>
    </bndbox>
    <polygon>
      <x1>386</x1>
      <y1>594</y1>
      <x2>378</x2>
      <y2>592</y2>
      <x3>372</x3>
      <y3>593</y3>
      <x4>360</x4>
      <y4>599</y4>
      <x5>353</x5>
      <y5>605</y5>
      <x6>347</x6>
      <y6>614</y6>
      <x7>347</x7>
      <y7>625</y7>
      <x8>352</x8>
      <y8>642</y8>
      <x9>347</x9>
      <y9>647</y9>
      <x10>344</x10>
      <y10>647</y10>
      <x11>326</x11>
      <y11>653</y11>
      <x12>320</x12>
      <y12>658</y12>
      <x13>316</x13>
      <y13>665</y13>
      <x14>314</x14>
      <y14>672</y14>
      <x15>313</x15>
      <y15>684</y15>
      <x16>310</x16>
      <y16>691</y16>
      <x17>305</x17>
      <y17>698</y17>
      <x18>304</x18>
      <y18>703</y18>
      <x19>300</x19>
      <y19>710</y19>
      <x20>297</x20>
      <y20>722</y20>
      <x21>298</x21>
      <y21>729</y21>
      <x22>300</x22>
      <y22>733</y22>
      <x23>309</x23>
      <y23>741</y23>
      <x24>309</x24>
      <y24>743</y24>
      <x25>304</x25>
      <y25>749</y25>
      <x26>301</x26>
      <y26>757</y26>
      <x27>302</x27>
      <y27>771</y27>
      <x28>304</x28>
      <y28>774</y28>
      <x29>308</x29>
      <y29>776</y29>
      <x30>333</x30>
      <y30>781</y30>
      <x31>348</x31>
      <y31>781</y31>
      <x32>349</x32>
      <y32>782</y32>
      <x33>360</x33>
      <y33>782</y33>
      <x34>361</x34>
      <y34>783</y34>
      <x35>374</x35>
      <y35>783</y35>
      <x36>386</x36>
      <y36>776</y36>
      <x37>396</x37>
      <y37>775</y37>
      <x38>397</x38>
      <y38>776</y38>
      <x39>410</x39>
      <y39>771</y39>
      <x40>431</x40>
      <y40>753</y40>
      <x41>443</x41>
      <y41>747</y41>
      <x42>451</x42>
      <y42>739</y42>
      <x43>456</x43>
      <y43>728</y43>
      <x44>456</x44>
      <y44>718</y44>
      <x45>450</x45>
      <y45>711</y45>
      <x46>441</x46>
      <y46>710</y46>
      <x47>434</x47>
      <y47>713</y47>
      <x48>421</x48>
      <y48>723</y48>
      <x49>417</x49>
      <y49>724</y49>
      <x50>415</x50>
      <y50>722</y50>
      <x51>416</x51>
      <y51>717</y51>
      <x52>420</x52>
      <y52>710</y52>
      <x53>420</x53>
      <y53>704</y53>
      <x54>414</x54>
      <y54>689</y54>
      <x55>411</x55>
      <y55>668</y55>
      <x56>407</x56>
      <y56>660</y56>
      <x57>403</x57>
      <y57>656</y57>
      <x58>396</x58>
      <y58>654</y58>
      <x59>393</x59>
      <y59>650</y59>
      <x60>396</x60>
      <y60>638</y60>
      <x61>396</x61>
      <y61>632</y61>
      <x62>394</x62>
      <y62>626</y62>
      <x63>396</x63>
      <y63>609</y63>
      <x64>390</x64>
      <y64>598</y64>
    </polygon>
  </object>
</annotation>
