<?xml version="1.0" ?>
<annotation>
  <folder>VOC</folder>
  <filename>54-2.png</filename>
  <source>
    <database>roboflow.ai</database>
  </source>
  <size>
    <width>1024</width>
    <height>1024</height>
    <depth>3</depth>
  </size>
  <segmented>0</segmented>
  <object>
    <name>person</name>
    <bndbox>
      <xmin>366</xmin>
      <ymin>274</ymin>
      <xmax>795</xmax>
      <ymax>1023</ymax>
    </bndbox>
    <polygon>
      <x1>463</x1>
      <y1>280</y1>
      <x2>459</x2>
      <y2>282</y2>
      <x3>455</x3>
      <y3>286</y3>
      <x4>444</x4>
      <y4>292</y4>
      <x5>431</x5>
      <y5>304</y5>
      <x6>423</x6>
      <y6>317</y6>
      <x7>421</x7>
      <y7>323</y7>
      <x8>421</x8>
      <y8>328</y8>
      <x9>422</x9>
      <y9>329</y9>
      <x10>423</x10>
      <y10>342</y10>
      <x11>426</x11>
      <y11>346</y11>
      <x12>426</x12>
      <y12>349</y12>
      <x13>428</x13>
      <y13>353</y13>
      <x14>430</x14>
      <y14>371</y14>
      <x15>438</x15>
      <y15>391</y15>
      <x16>439</x16>
      <y16>406</y16>
      <x17>437</x17>
      <y17>411</y17>
      <x18>437</x18>
      <y18>415</y18>
      <x19>439</x19>
      <y19>418</y19>
      <x20>439</x20>
      <y20>422</y20>
      <x21>448</x21>
      <y21>431</y21>
      <x22>453</x22>
      <y22>433</y22>
      <x23>457</x23>
      <y23>439</y23>
      <x24>464</x24>
      <y24>474</y24>
      <x25>460</x25>
      <y25>479</y25>
      <x26>458</x26>
      <y26>479</y26>
      <x27>454</x27>
      <y27>483</y27>
      <x28>446</x28>
      <y28>488</y28>
      <x29>444</x29>
      <y29>488</y29>
      <x30>427</x30>
      <y30>497</y30>
      <x31>416</x31>
      <y31>509</y31>
      <x32>410</x32>
      <y32>523</y32>
      <x33>404</x33>
      <y33>542</y33>
      <x34>403</x34>
      <y34>551</y34>
      <x35>401</x35>
      <y35>555</y35>
      <x36>400</x36>
      <y36>563</y36>
      <x37>397</x37>
      <y37>572</y37>
      <x38>397</x38>
      <y38>577</y38>
      <x39>394</x39>
      <y39>585</y39>
      <x40>393</x40>
      <y40>596</y40>
      <x41>389</x41>
      <y41>609</y41>
      <x42>387</x42>
      <y42>629</y42>
      <x43>385</x43>
      <y43>633</y43>
      <x44>380</x44>
      <y44>655</y44>
      <x45>379</x45>
      <y45>674</y45>
      <x46>377</x46>
      <y46>680</y46>
      <x47>375</x47>
      <y47>701</y47>
      <x48>372</x48>
      <y48>707</y48>
      <x49>371</x49>
      <y49>720</y49>
      <x50>370</x50>
      <y50>721</y50>
      <x51>370</x51>
      <y51>735</y51>
      <x52>373</x52>
      <y52>745</y52>
      <x53>373</x53>
      <y53>752</y53>
      <x54>372</x54>
      <y54>757</y54>
      <x55>369</x55>
      <y55>761</y55>
      <x56>369</x56>
      <y56>775</y56>
      <x57>366</x57>
      <y57>782</y57>
      <x58>368</x58>
      <y58>783</y58>
      <x59>381</x59>
      <y59>783</y59>
      <x60>385</x60>
      <y60>786</y60>
      <x61>386</x61>
      <y61>790</y61>
      <x62>391</x62>
      <y62>794</y62>
      <x63>391</x63>
      <y63>797</y63>
      <x64>389</x64>
      <y64>799</y64>
      <x65>387</x65>
      <y65>796</y65>
      <x66>385</x66>
      <y66>796</y66>
      <x67>386</x67>
      <y67>801</y67>
      <x68>391</x68>
      <y68>805</y68>
      <x69>391</x69>
      <y69>810</y69>
      <x70>388</x70>
      <y70>812</y70>
      <x71>384</x71>
      <y71>821</y71>
      <x72>384</x72>
      <y72>838</y72>
      <x73>385</x73>
      <y73>839</y73>
      <x74>385</x74>
      <y74>848</y74>
      <x75>386</x75>
      <y75>849</y75>
      <x76>385</x76>
      <y76>861</y76>
      <x77>386</x77>
      <y77>862</y77>
      <x78>388</x78>
      <y78>854</y78>
      <x79>387</x79>
      <y79>842</y79>
      <x80>389</x80>
      <y80>840</y80>
      <x81>391</x81>
      <y81>842</y81>
      <x82>391</x82>
      <y82>847</y82>
      <x83>390</x83>
      <y83>848</y83>
      <x84>391</x84>
      <y84>879</y84>
      <x85>388</x85>
      <y85>892</y85>
      <x86>386</x86>
      <y86>918</y86>
      <x87>384</x87>
      <y87>925</y87>
      <x88>384</x88>
      <y88>944</y88>
      <x89>385</x89>
      <y89>945</y89>
      <x90>385</x90>
      <y90>952</y90>
      <x91>387</x91>
      <y91>958</y91>
      <x92>388</x92>
      <y92>969</y92>
      <x93>390</x93>
      <y93>975</y93>
      <x94>391</x94>
      <y94>989</y94>
      <x95>393</x95>
      <y95>995</y95>
      <x96>395</x96>
      <y96>1010</y96>
      <x97>398</x97>
      <y97>1019</y97>
      <x98>398</x98>
      <y98>1023</y98>
      <x99>740</x99>
      <y99>1023</y99>
      <x100>741</x100>
      <y100>1020</y100>
      <x101>740</x101>
      <y101>1002</y101>
      <x102>737</x102>
      <y102>994</y102>
      <x103>737</x103>
      <y103>989</y103>
      <x104>733</x104>
      <y104>977</y104>
      <x105>732</x105>
      <y105>969</y105>
      <x106>728</x106>
      <y106>958</y106>
      <x107>728</x107>
      <y107>953</y107>
      <x108>725</x108>
      <y108>946</y108>
      <x109>724</x109>
      <y109>937</y109>
      <x110>721</x110>
      <y110>931</y110>
      <x111>720</x111>
      <y111>922</y111>
      <x112>733</x112>
      <y112>901</y112>
      <x113>736</x113>
      <y113>890</y113>
      <x114>745</x114>
      <y114>877</y114>
      <x115>749</x115>
      <y115>869</y115>
      <x116>752</x116>
      <y116>858</y116>
      <x117>755</x117>
      <y117>853</y117>
      <x118>755</x118>
      <y118>850</y118>
      <x119>759</x119>
      <y119>846</y119>
      <x120>759</x120>
      <y120>843</y120>
      <x121>762</x121>
      <y121>839</y121>
      <x122>771</x122>
      <y122>819</y122>
      <x123>772</x123>
      <y123>813</y123>
      <x124>778</x124>
      <y124>797</y124>
      <x125>780</x125>
      <y125>784</y125>
      <x126>788</x126>
      <y126>763</y126>
      <x127>788</x127>
      <y127>759</y127>
      <x128>795</x128>
      <y128>738</y128>
      <x129>795</x129>
      <y129>716</y129>
      <x130>791</x130>
      <y130>695</y130>
      <x131>787</x131>
      <y131>686</y131>
      <x132>787</x132>
      <y132>682</y132>
      <x133>784</x133>
      <y133>675</y133>
      <x134>782</x134>
      <y134>665</y134>
      <x135>772</x135>
      <y135>643</y135>
      <x136>770</x136>
      <y136>634</y136>
      <x137>766</x137>
      <y137>625</y137>
      <x138>765</x138>
      <y138>617</y138>
      <x139>761</x139>
      <y139>608</y139>
      <x140>760</x140>
      <y140>602</y140>
      <x141>757</x141>
      <y141>597</y141>
      <x142>755</x142>
      <y142>585</y142>
      <x143>753</x143>
      <y143>583</y143>
      <x144>751</x144>
      <y144>572</y144>
      <x145>744</x145>
      <y145>556</y145>
      <x146>743</x146>
      <y146>549</y146>
      <x147>739</x147>
      <y147>542</y147>
      <x148>738</x148>
      <y148>537</y148>
      <x149>736</x149>
      <y149>535</y149>
      <x150>733</x150>
      <y150>524</y150>
      <x151>725</x151>
      <y151>511</y151>
      <x152>723</x152>
      <y152>505</y152>
      <x153>716</x153>
      <y153>496</y153>
      <x154>712</x154>
      <y154>494</y154>
      <x155>710</x155>
      <y155>491</y155>
      <x156>690</x156>
      <y156>480</y156>
      <x157>673</x157>
      <y157>478</y157>
      <x158>669</x158>
      <y158>474</y158>
      <x159>665</x159>
      <y159>475</y159>
      <x160>662</x160>
      <y160>472</y160>
      <x161>658</x161>
      <y161>472</y161>
      <x162>649</x162>
      <y162>468</y162>
      <x163>642</x163>
      <y163>467</y163>
      <x164>635</x164>
      <y164>464</y164>
      <x165>625</x165>
      <y165>463</y165>
      <x166>621</x166>
      <y166>460</y166>
      <x167>615</x167>
      <y167>459</y167>
      <x168>608</x168>
      <y168>455</y168>
      <x169>604</x169>
      <y169>449</y169>
      <x170>597</x170>
      <y170>443</y170>
      <x171>595</x171>
      <y171>443</y171>
      <x172>592</x172>
      <y172>440</y172>
      <x173>587</x173>
      <y173>438</y173>
      <x174>569</x174>
      <y174>421</y174>
      <x175>572</x175>
      <y175>411</y175>
      <x176>575</x176>
      <y176>407</y176>
      <x177>577</x177>
      <y177>399</y177>
      <x178>577</x178>
      <y178>378</y178>
      <x179>576</x179>
      <y179>373</y179>
      <x180>570</x180>
      <y180>365</y180>
      <x181>572</x181>
      <y181>352</y181>
      <x182>571</x182>
      <y182>351</y182>
      <x183>570</x183>
      <y183>339</y183>
      <x184>568</x184>
      <y184>335</y184>
      <x185>567</x185>
      <y185>324</y185>
      <x186>563</x186>
      <y186>313</y186>
      <x187>558</x187>
      <y187>304</y187>
      <x188>550</x188>
      <y188>295</y188>
      <x189>545</x189>
      <y189>293</y189>
      <x190>538</x190>
      <y190>287</y190>
      <x191>530</x191>
      <y191>283</y191>
      <x192>518</x192>
      <y192>279</y192>
      <x193>513</x193>
      <y193>279</y193>
      <x194>502</x194>
      <y194>275</y194>
      <x195>485</x195>
      <y195>274</y195>
    </polygon>
  </object>
</annotation>
