<?xml version="1.0" ?>
<annotation>
  <folder>VOC</folder>
  <filename>57-1.png</filename>
  <source>
    <database>roboflow.ai</database>
  </source>
  <size>
    <width>1024</width>
    <height>1024</height>
    <depth>3</depth>
  </size>
  <segmented>0</segmented>
  <object>
    <name>person</name>
    <bndbox>
      <xmin>385</xmin>
      <ymin>250</ymin>
      <xmax>673</xmax>
      <ymax>664</ymax>
    </bndbox>
    <polygon>
      <x1>478</x1>
      <y1>253</y1>
      <x2>461</x2>
      <y2>261</y2>
      <x3>453</x3>
      <y3>270</y3>
      <x4>448</x4>
      <y4>290</y4>
      <x5>447</x5>
      <y5>311</y5>
      <x6>438</x6>
      <y6>326</y6>
      <x7>438</x7>
      <y7>330</y7>
      <x8>440</x8>
      <y8>333</y8>
      <x9>445</x9>
      <y9>335</y9>
      <x10>458</x10>
      <y10>337</y10>
      <x11>461</x11>
      <y11>340</y11>
      <x12>463</x12>
      <y12>364</y12>
      <x13>465</x13>
      <y13>367</y13>
      <x14>470</x14>
      <y14>370</y14>
      <x15>474</x15>
      <y15>377</y15>
      <x16>474</x16>
      <y16>387</y16>
      <x17>471</x17>
      <y17>398</y17>
      <x18>470</x18>
      <y18>412</y18>
      <x19>468</x19>
      <y19>418</y19>
      <x20>457</x20>
      <y20>438</y20>
      <x21>448</x21>
      <y21>447</y21>
      <x22>441</x22>
      <y22>457</y22>
      <x23>433</x23>
      <y23>474</y23>
      <x24>432</x24>
      <y24>480</y24>
      <x25>428</x25>
      <y25>490</y25>
      <x26>428</x26>
      <y26>494</y26>
      <x27>418</x27>
      <y27>507</y27>
      <x28>416</x28>
      <y28>512</y28>
      <x29>415</x29>
      <y29>522</y29>
      <x30>410</x30>
      <y30>527</y30>
      <x31>404</x31>
      <y31>541</y31>
      <x32>392</x32>
      <y32>555</y32>
      <x33>389</x33>
      <y33>561</y33>
      <x34>385</x34>
      <y34>590</y34>
      <x35>393</x35>
      <y35>592</y35>
      <x36>397</x36>
      <y36>595</y36>
      <x37>401</x37>
      <y37>595</y37>
      <x38>415</x38>
      <y38>582</y38>
      <x39>416</x39>
      <y39>577</y39>
      <x40>419</x40>
      <y40>574</y40>
      <x41>419</x41>
      <y41>571</y41>
      <x42>423</x42>
      <y42>563</y42>
      <x43>426</x43>
      <y43>560</y43>
      <x44>429</x44>
      <y44>559</y44>
      <x45>440</x45>
      <y45>548</y45>
      <x46>440</x46>
      <y46>546</y46>
      <x47>443</x47>
      <y47>543</y47>
      <x48>447</x48>
      <y48>532</y48>
      <x49>448</x49>
      <y49>524</y49>
      <x50>454</x50>
      <y50>518</y50>
      <x51>456</x51>
      <y51>512</y51>
      <x52>459</x52>
      <y52>509</y52>
      <x53>460</x53>
      <y53>506</y53>
      <x54>456</x54>
      <y54>501</y54>
      <x55>455</x55>
      <y55>497</y55>
      <x56>462</x56>
      <y56>490</y56>
      <x57>463</x57>
      <y57>491</y57>
      <x58>463</x58>
      <y58>504</y58>
      <x59>462</x59>
      <y59>506</y59>
      <x60>465</x60>
      <y60>518</y60>
      <x61>481</x61>
      <y61>551</y61>
      <x62>487</x62>
      <y62>557</y62>
      <x63>484</x63>
      <y63>559</y63>
      <x64>476</x64>
      <y64>561</y64>
      <x65>469</x65>
      <y65>565</y65>
      <x66>461</x66>
      <y66>574</y66>
      <x67>458</x67>
      <y67>575</y67>
      <x68>452</x68>
      <y68>581</y68>
      <x69>445</x69>
      <y69>591</y69>
      <x70>433</x70>
      <y70>594</y70>
      <x71>426</x71>
      <y71>599</y71>
      <x72>411</x72>
      <y72>614</y72>
      <x73>408</x73>
      <y73>621</y73>
      <x74>409</x74>
      <y74>624</y74>
      <x75>415</x75>
      <y75>627</y75>
      <x76>431</x76>
      <y76>626</y76>
      <x77>434</x77>
      <y77>624</y77>
      <x78>438</x78>
      <y78>624</y78>
      <x79>459</x79>
      <y79>617</y79>
      <x80>471</x80>
      <y80>615</y80>
      <x81>477</x81>
      <y81>613</y81>
      <x82>497</x82>
      <y82>595</y82>
      <x83>501</x83>
      <y83>598</y83>
      <x84>501</x84>
      <y84>603</y84>
      <x85>506</x85>
      <y85>609</y85>
      <x86>510</x86>
      <y86>606</y86>
      <x87>509</x87>
      <y87>601</y87>
      <x88>515</x88>
      <y88>594</y88>
      <x89>506</x89>
      <y89>583</y89>
      <x90>503</x90>
      <y90>583</y90>
      <x91>498</x91>
      <y91>590</y91>
      <x92>496</x92>
      <y92>587</y92>
      <x93>497</x93>
      <y93>579</y93>
      <x94>508</x94>
      <y94>573</y94>
      <x95>527</x95>
      <y95>574</y95>
      <x96>532</x96>
      <y96>568</y96>
      <x97>538</x97>
      <y97>567</y97>
      <x98>539</x98>
      <y98>563</y98>
      <x99>541</x99>
      <y99>561</y99>
      <x100>543</x100>
      <y100>568</y100>
      <x101>542</x101>
      <y101>573</y101>
      <x102>552</x102>
      <y102>578</y102>
      <x103>555</x103>
      <y103>582</y103>
      <x104>558</x104>
      <y104>592</y104>
      <x105>559</x105>
      <y105>607</y105>
      <x106>561</x106>
      <y106>612</y106>
      <x107>569</x107>
      <y107>622</y107>
      <x108>577</x108>
      <y108>624</y108>
      <x109>579</x109>
      <y109>626</y109>
      <x110>576</x110>
      <y110>636</y110>
      <x111>576</x111>
      <y111>644</y111>
      <x112>575</x112>
      <y112>645</y112>
      <x113>576</x113>
      <y113>653</y113>
      <x114>578</x114>
      <y114>655</y114>
      <x115>582</x115>
      <y115>656</y115>
      <x116>584</x116>
      <y116>658</y116>
      <x117>585</x117>
      <y117>662</y117>
      <x118>588</x118>
      <y118>664</y118>
      <x119>601</x119>
      <y119>664</y119>
      <x120>605</x120>
      <y120>662</y120>
      <x121>610</x121>
      <y121>657</y121>
      <x122>612</x122>
      <y122>649</y122>
      <x123>615</x123>
      <y123>646</y123>
      <x124>616</x124>
      <y124>638</y124>
      <x125>618</x125>
      <y125>634</y125>
      <x126>622</x126>
      <y126>630</y126>
      <x127>622</x127>
      <y127>623</y127>
      <x128>614</x128>
      <y128>611</y128>
      <x129>609</x129>
      <y129>606</y129>
      <x130>605</x130>
      <y130>598</y130>
      <x131>601</x131>
      <y131>582</y131>
      <x132>600</x132>
      <y132>559</y132>
      <x133>602</x133>
      <y133>556</y133>
      <x134>619</x134>
      <y134>556</y134>
      <x135>641</x135>
      <y135>550</y135>
      <x136>659</x136>
      <y136>537</y136>
      <x137>666</x137>
      <y137>529</y137>
      <x138>670</x138>
      <y138>520</y138>
      <x139>673</x139>
      <y139>506</y139>
      <x140>673</x140>
      <y140>498</y140>
      <x141>665</x141>
      <y141>478</y141>
      <x142>660</x142>
      <y142>461</y142>
      <x143>648</x143>
      <y143>440</y143>
      <x144>648</x144>
      <y144>438</y144>
      <x145>640</x145>
      <y145>423</y145>
      <x146>637</x146>
      <y146>412</y146>
      <x147>627</x147>
      <y147>392</y147>
      <x148>624</x148>
      <y148>389</y148>
      <x149>614</x149>
      <y149>372</y149>
      <x150>603</x150>
      <y150>360</y150>
      <x151>592</x151>
      <y151>352</y151>
      <x152>562</x152>
      <y152>337</y152>
      <x153>555</x153>
      <y153>332</y153>
      <x154>546</x154>
      <y154>328</y154>
      <x155>542</x155>
      <y155>328</y155>
      <x156>540</x156>
      <y156>326</y156>
      <x157>540</x157>
      <y157>322</y157>
      <x158>544</x158>
      <y158>318</y158>
      <x159>551</x159>
      <y159>316</y159>
      <x160>560</x160>
      <y160>311</y160>
      <x161>563</x161>
      <y161>306</y161>
      <x162>562</x162>
      <y162>302</y162>
      <x163>558</x163>
      <y163>298</y163>
      <x164>535</x164>
      <y164>285</y164>
      <x165>528</x165>
      <y165>265</y165>
      <x166>524</x166>
      <y166>258</y166>
      <x167>519</x167>
      <y167>253</y167>
      <x168>512</x168>
      <y168>250</y168>
      <x169>494</x169>
      <y169>250</y169>
    </polygon>
  </object>
</annotation>
