<?xml version="1.0" ?>
<annotation>
  <folder>VOC</folder>
  <filename>69-1.png</filename>
  <source>
    <database>roboflow.ai</database>
  </source>
  <size>
    <width>1024</width>
    <height>1024</height>
    <depth>3</depth>
  </size>
  <segmented>0</segmented>
  <object>
    <name>person</name>
    <bndbox>
      <xmin>427</xmin>
      <ymin>424</ymin>
      <xmax>508</xmax>
      <ymax>776</ymax>
    </bndbox>
    <polygon>
      <x1>453</x1>
      <y1>424</y1>
      <x2>445</x2>
      <y2>428</y2>
      <x3>440</x3>
      <y3>433</y3>
      <x4>435</x4>
      <y4>441</y4>
      <x5>431</x5>
      <y5>454</y5>
      <x6>433</x6>
      <y6>470</y6>
      <x7>438</x7>
      <y7>474</y7>
      <x8>430</x8>
      <y8>490</y8>
      <x9>427</x9>
      <y9>505</y9>
      <x10>428</x10>
      <y10>511</y10>
      <x11>427</x11>
      <y11>542</y11>
      <x12>429</x12>
      <y12>553</y12>
      <x13>427</x13>
      <y13>573</y13>
      <x14>428</x14>
      <y14>575</y14>
      <x15>428</x15>
      <y15>590</y15>
      <x16>427</x16>
      <y16>591</y16>
      <x17>428</x17>
      <y17>667</y17>
      <x18>431</x18>
      <y18>672</y18>
      <x19>437</x19>
      <y19>673</y19>
      <x20>440</x20>
      <y20>676</y20>
      <x21>441</x21>
      <y21>701</y21>
      <x22>451</x22>
      <y22>734</y22>
      <x23>453</x23>
      <y23>752</y23>
      <x24>458</x24>
      <y24>758</y24>
      <x25>459</x25>
      <y25>762</y25>
      <x26>459</x26>
      <y26>774</y26>
      <x27>461</x27>
      <y27>776</y27>
      <x28>496</x28>
      <y28>775</y28>
      <x29>504</x29>
      <y29>773</y29>
      <x30>507</x30>
      <y30>770</y30>
      <x31>508</x31>
      <y31>766</y31>
      <x32>506</x32>
      <y32>763</y32>
      <x33>503</x33>
      <y33>762</y33>
      <x34>496</x34>
      <y34>763</y34>
      <x35>486</x35>
      <y35>761</y35>
      <x36>482</x36>
      <y36>759</y36>
      <x37>478</x37>
      <y37>754</y37>
      <x38>479</x38>
      <y38>744</y38>
      <x39>473</x39>
      <y39>737</y39>
      <x40>472</x40>
      <y40>697</y40>
      <x41>475</x41>
      <y41>688</y41>
      <x42>476</x42>
      <y42>678</y42>
      <x43>479</x43>
      <y43>675</y43>
      <x44>490</x44>
      <y44>670</y44>
      <x45>496</x45>
      <y45>664</y45>
      <x46>488</x46>
      <y46>560</y46>
      <x47>493</x47>
      <y47>557</y47>
      <x48>498</x48>
      <y48>550</y48>
      <x49>498</x49>
      <y49>535</y49>
      <x50>488</x50>
      <y50>513</y50>
      <x51>487</x51>
      <y51>508</y51>
      <x52>480</x52>
      <y52>497</y52>
      <x53>479</x53>
      <y53>492</y53>
      <x54>473</x54>
      <y54>486</y54>
      <x55>467</x55>
      <y55>483</y55>
      <x56>464</x56>
      <y56>479</y56>
      <x57>464</x57>
      <y57>477</y57>
      <x58>470</x58>
      <y58>472</y58>
      <x59>477</x59>
      <y59>469</y59>
      <x60>481</x60>
      <y60>465</y60>
      <x61>482</x61>
      <y61>457</y61>
      <x62>478</x62>
      <y62>450</y62>
      <x63>478</x63>
      <y63>445</y63>
      <x64>476</x64>
      <y64>442</y64>
      <x65>476</x65>
      <y65>430</y65>
      <x66>474</x66>
      <y66>426</y66>
      <x67>471</x67>
      <y67>424</y67>
    </polygon>
  </object>
</annotation>
