<?xml version="1.0" ?>
<annotation>
  <folder>VOC</folder>
  <filename>74-2.png</filename>
  <source>
    <database>roboflow.ai</database>
  </source>
  <size>
    <width>1024</width>
    <height>1024</height>
    <depth>3</depth>
  </size>
  <segmented>0</segmented>
  <object>
    <name>person</name>
    <bndbox>
      <xmin>365</xmin>
      <ymin>523</ymin>
      <xmax>474</xmax>
      <ymax>872</ymax>
    </bndbox>
    <polygon>
      <x1>434</x1>
      <y1>523</y1>
      <x2>425</x2>
      <y2>523</y2>
      <x3>415</x3>
      <y3>531</y3>
      <x4>413</x4>
      <y4>539</y4>
      <x5>414</x5>
      <y5>544</y5>
      <x6>413</x6>
      <y6>550</y6>
      <x7>405</x7>
      <y7>551</y7>
      <x8>398</x8>
      <y8>555</y8>
      <x9>390</x9>
      <y9>554</y9>
      <x10>389</x10>
      <y10>553</y10>
      <x11>390</x11>
      <y11>550</y11>
      <x12>391</x12>
      <y12>551</y12>
      <x13>398</x13>
      <y13>550</y13>
      <x14>394</x14>
      <y14>546</y14>
      <x15>394</x15>
      <y15>543</y15>
      <x16>398</x16>
      <y16>539</y16>
      <x17>398</x17>
      <y17>537</y17>
      <x18>395</x18>
      <y18>537</y18>
      <x19>389</x19>
      <y19>541</y19>
      <x20>392</x20>
      <y20>545</y20>
      <x21>389</x21>
      <y21>550</y21>
      <x22>386</x22>
      <y22>547</y22>
      <x23>385</x23>
      <y23>549</y23>
      <x24>381</x24>
      <y24>550</y24>
      <x25>378</x25>
      <y25>554</y25>
      <x26>374</x26>
      <y26>552</y26>
      <x27>373</x27>
      <y27>545</y27>
      <x28>369</x28>
      <y28>545</y28>
      <x29>371</x29>
      <y29>549</y29>
      <x30>367</x30>
      <y30>551</y30>
      <x31>365</x31>
      <y31>560</y31>
      <x32>365</x32>
      <y32>569</y32>
      <x33>367</x33>
      <y33>574</y33>
      <x34>371</x34>
      <y34>578</y34>
      <x35>382</x35>
      <y35>582</y35>
      <x36>394</x36>
      <y36>581</y36>
      <x37>398</x37>
      <y37>585</y37>
      <x38>396</x38>
      <y38>610</y38>
      <x39>393</x39>
      <y39>619</y39>
      <x40>393</x40>
      <y40>625</y40>
      <x41>402</x41>
      <y41>643</y41>
      <x42>402</x42>
      <y42>652</y42>
      <x43>399</x43>
      <y43>665</y43>
      <x44>401</x44>
      <y44>724</y44>
      <x45>400</x45>
      <y45>755</y45>
      <x46>392</x46>
      <y46>803</y46>
      <x47>392</x47>
      <y47>812</y47>
      <x48>397</x48>
      <y48>826</y48>
      <x49>396</x49>
      <y49>853</y49>
      <x50>401</x50>
      <y50>864</y50>
      <x51>402</x51>
      <y51>870</y51>
      <x52>404</x52>
      <y52>872</y52>
      <x53>406</x53>
      <y53>872</y53>
      <x54>409</x54>
      <y54>869</y54>
      <x55>412</x55>
      <y55>856</y55>
      <x56>412</x56>
      <y56>831</y56>
      <x57>414</x57>
      <y57>821</y57>
      <x58>412</x58>
      <y58>793</y58>
      <x59>416</x59>
      <y59>778</y59>
      <x60>416</x60>
      <y60>755</y60>
      <x61>420</x61>
      <y61>722</y61>
      <x62>420</x62>
      <y62>708</y62>
      <x63>426</x63>
      <y63>690</y63>
      <x64>430</x64>
      <y64>694</y64>
      <x65>434</x65>
      <y65>704</y65>
      <x66>437</x66>
      <y66>738</y66>
      <x67>440</x67>
      <y67>751</y67>
      <x68>440</x68>
      <y68>779</y68>
      <x69>444</x69>
      <y69>800</y69>
      <x70>443</x70>
      <y70>813</y70>
      <x71>447</x71>
      <y71>827</y71>
      <x72>450</x72>
      <y72>833</y72>
      <x73>459</x73>
      <y73>836</y73>
      <x74>471</x74>
      <y74>836</y74>
      <x75>474</x75>
      <y75>834</y75>
      <x76>474</x76>
      <y76>825</y76>
      <x77>471</x77>
      <y77>818</y77>
      <x78>462</x78>
      <y78>807</y78>
      <x79>456</x79>
      <y79>780</y79>
      <x80>457</x80>
      <y80>734</y80>
      <x81>455</x81>
      <y81>708</y81>
      <x82>455</x82>
      <y82>681</y82>
      <x83>458</x83>
      <y83>663</y83>
      <x84>457</x84>
      <y84>636</y84>
      <x85>471</x85>
      <y85>623</y85>
      <x86>474</x86>
      <y86>617</y86>
      <x87>472</x87>
      <y87>584</y87>
      <x88>466</x88>
      <y88>570</y88>
      <x89>449</x89>
      <y89>558</y89>
      <x90>448</x90>
      <y90>547</y90>
      <x91>446</x91>
      <y91>542</y91>
    </polygon>
  </object>
</annotation>
