<?xml version="1.0" ?>
<annotation>
  <folder>VOC</folder>
  <filename>75-2.png</filename>
  <source>
    <database>roboflow.ai</database>
  </source>
  <size>
    <width>1024</width>
    <height>1024</height>
    <depth>3</depth>
  </size>
  <segmented>0</segmented>
  <object>
    <name>person</name>
    <bndbox>
      <xmin>364</xmin>
      <ymin>303</ymin>
      <xmax>600</xmax>
      <ymax>808</ymax>
    </bndbox>
    <polygon>
      <x1>528</x1>
      <y1>303</y1>
      <x2>512</x2>
      <y2>304</y2>
      <x3>497</x3>
      <y3>309</y3>
      <x4>491</x4>
      <y4>309</y4>
      <x5>490</x5>
      <y5>308</y5>
      <x6>482</x6>
      <y6>309</y6>
      <x7>473</x7>
      <y7>314</y7>
      <x8>464</x8>
      <y8>323</y8>
      <x9>457</x9>
      <y9>340</y9>
      <x10>456</x10>
      <y10>357</y10>
      <x11>447</x11>
      <y11>377</y11>
      <x12>444</x12>
      <y12>392</y12>
      <x13>441</x13>
      <y13>395</y13>
      <x14>420</x14>
      <y14>404</y14>
      <x15>412</x15>
      <y15>412</y15>
      <x16>401</x16>
      <y16>420</y16>
      <x17>392</x17>
      <y17>430</y17>
      <x18>371</x18>
      <y18>466</y18>
      <x19>367</x19>
      <y19>477</y19>
      <x20>364</x20>
      <y20>493</y20>
      <x21>364</x21>
      <y21>502</y21>
      <x22>365</x22>
      <y22>503</y22>
      <x23>364</x23>
      <y23>555</y23>
      <x24>365</x24>
      <y24>556</y24>
      <x25>365</x25>
      <y25>576</y25>
      <x26>366</x26>
      <y26>577</y26>
      <x27>366</x27>
      <y27>592</y27>
      <x28>368</x28>
      <y28>600</y28>
      <x29>368</x29>
      <y29>621</y29>
      <x30>371</x30>
      <y30>625</y30>
      <x31>374</x31>
      <y31>624</y31>
      <x32>375</x32>
      <y32>616</y32>
      <x33>383</x33>
      <y33>602</y33>
      <x34>390</x34>
      <y34>594</y34>
      <x35>394</x35>
      <y35>581</y35>
      <x36>398</x36>
      <y36>576</y36>
      <x37>402</x37>
      <y37>573</y37>
      <x38>406</x38>
      <y38>572</y38>
      <x39>413</x39>
      <y39>578</y39>
      <x40>415</x40>
      <y40>584</y40>
      <x41>422</x41>
      <y41>593</y41>
      <x42>423</x42>
      <y42>598</y42>
      <x43>430</x43>
      <y43>609</y43>
      <x44>431</x44>
      <y44>614</y44>
      <x45>433</x45>
      <y45>616</y45>
      <x46>435</x46>
      <y46>622</y46>
      <x47>439</x47>
      <y47>626</y47>
      <x48>439</x48>
      <y48>630</y48>
      <x49>442</x49>
      <y49>637</y49>
      <x50>447</x50>
      <y50>644</y50>
      <x51>447</x51>
      <y51>646</y51>
      <x52>445</x52>
      <y52>648</y52>
      <x53>435</x53>
      <y53>648</y53>
      <x54>427</x54>
      <y54>641</y54>
      <x55>423</x55>
      <y55>639</y55>
      <x56>410</x56>
      <y56>626</y56>
      <x57>408</x57>
      <y57>626</y57>
      <x58>405</x58>
      <y58>630</y58>
      <x59>402</x59>
      <y59>630</y59>
      <x60>399</x60>
      <y60>633</y60>
      <x61>397</x61>
      <y61>638</y61>
      <x62>393</x62>
      <y62>638</y62>
      <x63>383</x63>
      <y63>642</y63>
      <x64>387</x64>
      <y64>654</y64>
      <x65>403</x65>
      <y65>675</y65>
      <x66>408</x66>
      <y66>684</y66>
      <x67>422</x67>
      <y67>696</y67>
      <x68>425</x68>
      <y68>700</y68>
      <x69>435</x69>
      <y69>704</y69>
      <x70>454</x70>
      <y70>707</y70>
      <x71>456</x71>
      <y71>709</y71>
      <x72>500</x72>
      <y72>710</y72>
      <x73>509</x73>
      <y73>706</y73>
      <x74>514</x74>
      <y74>706</y74>
      <x75>515</x75>
      <y75>705</y75>
      <x76>521</x76>
      <y76>705</y76>
      <x77>524</x77>
      <y77>709</y77>
      <x78>516</x78>
      <y78>731</y78>
      <x79>513</x79>
      <y79>749</y79>
      <x80>509</x80>
      <y80>758</y80>
      <x81>506</x81>
      <y81>761</y81>
      <x82>504</x82>
      <y82>769</y82>
      <x83>504</x83>
      <y83>779</y83>
      <x84>506</x84>
      <y84>781</y84>
      <x85>505</x85>
      <y85>785</y85>
      <x86>506</x86>
      <y86>790</y86>
      <x87>504</x87>
      <y87>794</y87>
      <x88>506</x88>
      <y88>795</y88>
      <x89>510</x89>
      <y89>792</y89>
      <x90>516</x90>
      <y90>798</y90>
      <x91>510</x91>
      <y91>801</y91>
      <x92>508</x92>
      <y92>800</y92>
      <x93>503</x93>
      <y93>801</y93>
      <x94>497</x94>
      <y94>800</y94>
      <x95>494</x95>
      <y95>802</y95>
      <x96>490</x96>
      <y96>800</y96>
      <x97>489</x97>
      <y97>801</y97>
      <x98>490</x98>
      <y98>807</y98>
      <x99>493</x99>
      <y99>803</y99>
      <x100>496</x100>
      <y100>806</y100>
      <x101>498</x101>
      <y101>806</y101>
      <x102>502</x102>
      <y102>802</y102>
      <x103>505</x103>
      <y103>808</y103>
      <x104>508</x104>
      <y104>806</y104>
      <x105>511</x105>
      <y105>806</y105>
      <x106>514</x106>
      <y106>808</y106>
      <x107>518</x107>
      <y107>804</y107>
      <x108>522</x108>
      <y108>805</y108>
      <x109>523</x109>
      <y109>800</y109>
      <x110>520</x110>
      <y110>797</y110>
      <x111>523</x111>
      <y111>795</y111>
      <x112>525</x112>
      <y112>791</y112>
      <x113>534</x113>
      <y113>785</y113>
      <x114>536</x114>
      <y114>786</y114>
      <x115>538</x115>
      <y115>785</y115>
      <x116>538</x116>
      <y116>781</y116>
      <x117>542</x117>
      <y117>774</y117>
      <x118>544</x118>
      <y118>766</y118>
      <x119>550</x119>
      <y119>759</y119>
      <x120>554</x120>
      <y120>757</y120>
      <x121>555</x121>
      <y121>753</y121>
      <x122>562</x122>
      <y122>744</y122>
      <x123>564</x123>
      <y123>739</y123>
      <x124>578</x124>
      <y124>719</y124>
      <x125>586</x125>
      <y125>704</y125>
      <x126>593</x126>
      <y126>695</y126>
      <x127>596</x127>
      <y127>689</y127>
      <x128>598</x128>
      <y128>681</y128>
      <x129>597</x129>
      <y129>676</y129>
      <x130>591</x130>
      <y130>667</y130>
      <x131>582</x131>
      <y131>659</y131>
      <x132>578</x132>
      <y132>657</y132>
      <x133>574</x133>
      <y133>653</y133>
      <x134>573</x134>
      <y134>650</y134>
      <x135>566</x135>
      <y135>647</y135>
      <x136>561</x136>
      <y136>647</y136>
      <x137>552</x137>
      <y137>642</y137>
      <x138>549</x138>
      <y138>642</y138>
      <x139>538</x139>
      <y139>638</y139>
      <x140>534</x140>
      <y140>633</y140>
      <x141>534</x141>
      <y141>629</y141>
      <x142>532</x142>
      <y142>625</y142>
      <x143>526</x143>
      <y143>620</y143>
      <x144>523</x144>
      <y144>619</y144>
      <x145>519</x145>
      <y145>620</y145>
      <x146>509</x146>
      <y146>619</y146>
      <x147>508</x147>
      <y147>620</y147>
      <x148>497</x148>
      <y148>621</y148>
      <x149>491</x149>
      <y149>617</y149>
      <x150>484</x150>
      <y150>609</y150>
      <x151>481</x151>
      <y151>608</y151>
      <x152>476</x152>
      <y152>602</y152>
      <x153>473</x153>
      <y153>601</y153>
      <x154>464</x154>
      <y154>590</y154>
      <x155>463</x155>
      <y155>586</y155>
      <x156>460</x156>
      <y156>583</y156>
      <x157>455</x157>
      <y157>573</y157>
      <x158>453</x158>
      <y158>565</y158>
      <x159>448</x159>
      <y159>557</y159>
      <x160>448</x160>
      <y160>554</y160>
      <x161>451</x161>
      <y161>551</y161>
      <x162>463</x162>
      <y162>544</y162>
      <x163>472</x163>
      <y163>535</y163>
      <x164>475</x164>
      <y164>526</y164>
      <x165>476</x165>
      <y165>514</y165>
      <x166>480</x166>
      <y166>508</y166>
      <x167>483</x167>
      <y167>493</y167>
      <x168>487</x168>
      <y168>486</y168>
      <x169>492</x169>
      <y169>482</y169>
      <x170>495</x170>
      <y170>484</y170>
      <x171>496</x171>
      <y171>490</y171>
      <x172>501</x172>
      <y172>495</y172>
      <x173>504</x173>
      <y173>496</y173>
      <x174>509</x174>
      <y174>502</y174>
      <x175>518</x175>
      <y175>508</y175>
      <x176>529</x176>
      <y176>512</y176>
      <x177>538</x177>
      <y177>521</y177>
      <x178>549</x178>
      <y178>525</y178>
      <x179>553</x179>
      <y179>528</y179>
      <x180>559</x180>
      <y180>529</y180>
      <x181>564</x181>
      <y181>532</y181>
      <x182>571</x182>
      <y182>531</y182>
      <x183>579</x183>
      <y183>526</y183>
      <x184>576</x184>
      <y184>521</y184>
      <x185>571</x185>
      <y185>519</y185>
      <x186>567</x186>
      <y186>515</y186>
      <x187>558</x187>
      <y187>510</y187>
      <x188>549</x188>
      <y188>503</y188>
      <x189>534</x189>
      <y189>486</y189>
      <x190>531</x190>
      <y190>481</y190>
      <x191>527</x191>
      <y191>478</y191>
      <x192>520</x192>
      <y192>468</y192>
      <x193>513</x193>
      <y193>445</y193>
      <x194>517</x194>
      <y194>441</y194>
      <x195>521</x195>
      <y195>441</y195>
      <x196>530</x196>
      <y196>438</y196>
      <x197>537</x197>
      <y197>431</y197>
      <x198>549</x198>
      <y198>424</y198>
      <x199>551</x199>
      <y199>422</y199>
      <x200>552</x200>
      <y200>415</y200>
      <x201>560</x201>
      <y201>407</y201>
      <x202>563</x202>
      <y202>399</y202>
      <x203>567</x203>
      <y203>395</y203>
      <x204>572</x204>
      <y204>393</y204>
      <x205>586</x205>
      <y205>394</y205>
      <x206>589</x206>
      <y206>392</y206>
      <x207>599</x207>
      <y207>381</y207>
      <x208>600</x208>
      <y208>367</y208>
      <x209>597</x209>
      <y209>361</y209>
      <x210>593</x210>
      <y210>357</y210>
      <x211>592</x211>
      <y211>353</y211>
      <x212>581</x212>
      <y212>340</y212>
      <x213>578</x213>
      <y213>329</y213>
      <x214>571</x214>
      <y214>320</y214>
      <x215>566</x215>
      <y215>317</y215>
      <x216>555</x216>
      <y216>317</y216>
      <x217>547</x217>
      <y217>310</y217>
      <x218>539</x218>
      <y218>306</y218>
    </polygon>
  </object>
</annotation>
