<?xml version="1.0" ?>
<annotation>
  <folder>VOC</folder>
  <filename>88-1.png</filename>
  <source>
    <database>roboflow.ai</database>
  </source>
  <size>
    <width>1024</width>
    <height>1024</height>
    <depth>3</depth>
  </size>
  <segmented>0</segmented>
  <object>
    <name>person</name>
    <bndbox>
      <xmin>0</xmin>
      <ymin>384</ymin>
      <xmax>1023</xmax>
      <ymax>1023</ymax>
    </bndbox>
    <polygon>
      <x1>1023</x1>
      <y1>567</y1>
      <x2>1017</x2>
      <y2>566</y2>
      <x3>1004</x3>
      <y3>558</y3>
      <x4>995</x4>
      <y4>556</y4>
      <x5>988</x5>
      <y5>548</y5>
      <x6>975</x6>
      <y6>543</y6>
      <x7>973</x7>
      <y7>540</y7>
      <x8>962</x8>
      <y8>539</y8>
      <x9>956</x9>
      <y9>532</y9>
      <x10>941</x10>
      <y10>526</y10>
      <x11>930</x11>
      <y11>525</y11>
      <x12>914</x12>
      <y12>513</y12>
      <x13>906</x13>
      <y13>510</y13>
      <x14>898</x14>
      <y14>510</y14>
      <x15>895</x15>
      <y15>502</y15>
      <x16>889</x16>
      <y16>497</y16>
      <x17>882</x17>
      <y17>496</y17>
      <x18>870</x18>
      <y18>488</y18>
      <x19>865</x19>
      <y19>488</y19>
      <x20>859</x20>
      <y20>482</y20>
      <x21>846</x21>
      <y21>479</y21>
      <x22>833</x22>
      <y22>479</y22>
      <x23>830</x23>
      <y23>476</y23>
      <x24>824</x24>
      <y24>475</y24>
      <x25>817</x25>
      <y25>477</y25>
      <x26>787</x26>
      <y26>466</y26>
      <x27>753</x27>
      <y27>464</y27>
      <x28>747</x28>
      <y28>461</y28>
      <x29>733</x29>
      <y29>449</y29>
      <x30>722</x30>
      <y30>444</y30>
      <x31>717</x31>
      <y31>431</y31>
      <x32>711</x32>
      <y32>431</y32>
      <x33>708</x33>
      <y33>428</y33>
      <x34>711</x34>
      <y34>418</y34>
      <x35>718</x35>
      <y35>414</y35>
      <x36>718</x36>
      <y36>403</y36>
      <x37>720</x37>
      <y37>396</y37>
      <x38>710</x38>
      <y38>389</y38>
      <x39>689</x39>
      <y39>387</y39>
      <x40>656</x40>
      <y40>391</y40>
      <x41>626</x41>
      <y41>398</y41>
      <x42>601</x42>
      <y42>399</y42>
      <x43>587</x43>
      <y43>402</y43>
      <x44>564</x44>
      <y44>397</y44>
      <x45>557</x45>
      <y45>399</y45>
      <x46>550</x46>
      <y46>405</y46>
      <x47>541</x47>
      <y47>396</y47>
      <x48>537</x48>
      <y48>396</y48>
      <x49>534</x49>
      <y49>388</y49>
      <x50>520</x50>
      <y50>384</y50>
      <x51>483</x51>
      <y51>385</y51>
      <x52>469</x52>
      <y52>388</y52>
      <x53>465</x53>
      <y53>392</y53>
      <x54>445</x54>
      <y54>393</y54>
      <x55>431</x55>
      <y55>406</y55>
      <x56>432</x56>
      <y56>410</y56>
      <x57>430</x57>
      <y57>412</y57>
      <x58>425</x58>
      <y58>409</y58>
      <x59>409</x59>
      <y59>407</y59>
      <x60>398</x60>
      <y60>410</y60>
      <x61>384</x61>
      <y61>409</y61>
      <x62>365</x62>
      <y62>414</y62>
      <x63>345</x63>
      <y63>416</y63>
      <x64>294</x64>
      <y64>437</y64>
      <x65>267</x65>
      <y65>440</y65>
      <x66>239</x66>
      <y66>449</y66>
      <x67>234</x67>
      <y67>458</y67>
      <x68>233</x68>
      <y68>470</y68>
      <x69>239</x69>
      <y69>473</y69>
      <x70>241</x70>
      <y70>489</y70>
      <x71>240</x71>
      <y71>508</y71>
      <x72>243</x72>
      <y72>513</y72>
      <x73>246</x73>
      <y73>541</y73>
      <x74>253</x74>
      <y74>546</y74>
      <x75>253</x75>
      <y75>566</y75>
      <x76>251</x76>
      <y76>573</y76>
      <x77>237</x77>
      <y77>582</y77>
      <x78>224</x78>
      <y78>585</y78>
      <x79>220</x79>
      <y79>591</y79>
      <x80>189</x80>
      <y80>593</y80>
      <x81>185</x81>
      <y81>600</y81>
      <x82>179</x82>
      <y82>602</y82>
      <x83>180</x83>
      <y83>605</y83>
      <x84>174</x84>
      <y84>610</y84>
      <x85>176</x85>
      <y85>619</y85>
      <x86>170</x86>
      <y86>622</y86>
      <x87>178</x87>
      <y87>622</y87>
      <x88>179</x88>
      <y88>631</y88>
      <x89>177</x89>
      <y89>634</y89>
      <x90>182</x90>
      <y90>642</y90>
      <x91>172</x91>
      <y91>649</y91>
      <x92>162</x92>
      <y92>649</y92>
      <x93>158</x93>
      <y93>655</y93>
      <x94>158</x94>
      <y94>663</y94>
      <x95>161</x95>
      <y95>666</y95>
      <x96>166</x96>
      <y96>665</y96>
      <x97>175</x97>
      <y97>672</y97>
      <x98>173</x98>
      <y98>676</y98>
      <x99>165</x99>
      <y99>679</y99>
      <x100>122</x100>
      <y100>679</y100>
      <x101>114</x101>
      <y101>681</y101>
      <x102>111</x102>
      <y102>686</y102>
      <x103>99</x103>
      <y103>687</y103>
      <x104>94</x104>
      <y104>690</y104>
      <x105>93</x105>
      <y105>694</y105>
      <x106>77</x106>
      <y106>712</y106>
      <x107>65</x107>
      <y107>720</y107>
      <x108>50</x108>
      <y108>735</y108>
      <x109>40</x109>
      <y109>738</y109>
      <x110>33</x110>
      <y110>746</y110>
      <x111>32</x111>
      <y111>751</y111>
      <x112>26</x112>
      <y112>754</y112>
      <x113>27</x113>
      <y113>757</y113>
      <x114>18</x114>
      <y114>764</y114>
      <x115>4</x115>
      <y115>781</y115>
      <x116>5</x116>
      <y116>790</y116>
      <x117>0</x117>
      <y117>799</y117>
      <x118>0</x118>
      <y118>803</y118>
      <x119>3</x119>
      <y119>806</y119>
      <x120>0</x120>
      <y120>808</y120>
      <x121>0</x121>
      <y121>812</y121>
      <x122>7</x122>
      <y122>813</y122>
      <x123>0</x123>
      <y123>815</y123>
      <x124>0</x124>
      <y124>824</y124>
      <x125>3</x125>
      <y125>826</y125>
      <x126>2</x126>
      <y126>837</y126>
      <x127>6</x127>
      <y127>844</y127>
      <x128>6</x128>
      <y128>853</y128>
      <x129>16</x129>
      <y129>858</y129>
      <x130>18</x130>
      <y130>871</y130>
      <x131>22</x131>
      <y131>871</y131>
      <x132>25</x132>
      <y132>875</y132>
      <x133>29</x133>
      <y133>874</y133>
      <x134>31</x134>
      <y134>876</y134>
      <x135>29</x135>
      <y135>881</y135>
      <x136>22</x136>
      <y136>882</y136>
      <x137>30</x137>
      <y137>884</y137>
      <x138>34</x138>
      <y138>903</y138>
      <x139>38</x139>
      <y139>904</y139>
      <x140>40</x140>
      <y140>909</y140>
      <x141>37</x141>
      <y141>917</y141>
      <x142>41</x142>
      <y142>920</y142>
      <x143>45</x143>
      <y143>935</y143>
      <x144>52</x144>
      <y144>938</y144>
      <x145>52</x145>
      <y145>941</y145>
      <x146>46</x146>
      <y146>944</y146>
      <x147>45</x147>
      <y147>949</y147>
      <x148>54</x148>
      <y148>953</y148>
      <x149>52</x149>
      <y149>966</y149>
      <x150>56</x150>
      <y150>967</y150>
      <x151>57</x151>
      <y151>970</y151>
      <x152>62</x152>
      <y152>968</y152>
      <x153>73</x153>
      <y153>987</y153>
      <x154>78</x154>
      <y154>983</y154>
      <x155>83</x155>
      <y155>988</y155>
      <x156>77</x156>
      <y156>995</y156>
      <x157>75</x157>
      <y157>992</y157>
      <x158>64</x158>
      <y158>994</y158>
      <x159>72</x159>
      <y159>1001</y159>
      <x160>74</x160>
      <y160>1006</y160>
      <x161>78</x161>
      <y161>1005</y161>
      <x162>80</x162>
      <y162>998</y162>
      <x163>85</x163>
      <y163>999</y163>
      <x164>90</x164>
      <y164>1007</y164>
      <x165>94</x165>
      <y165>1006</y165>
      <x166>94</x166>
      <y166>1000</y166>
      <x167>97</x167>
      <y167>998</y167>
      <x168>102</x168>
      <y168>999</y168>
      <x169>105</x169>
      <y169>1005</y169>
      <x170>109</x170>
      <y170>1005</y170>
      <x171>108</x171>
      <y171>1002</y171>
      <x172>112</x172>
      <y172>998</y172>
      <x173>118</x173>
      <y173>998</y173>
      <x174>122</x174>
      <y174>1003</y174>
      <x175>129</x175>
      <y175>994</y175>
      <x176>135</x176>
      <y176>997</y176>
      <x177>136</x177>
      <y177>994</y177>
      <x178>142</x178>
      <y178>992</y178>
      <x179>148</x179>
      <y179>998</y179>
      <x180>153</x180>
      <y180>998</y180>
      <x181>154</x181>
      <y181>996</y181>
      <x182>167</x182>
      <y182>999</y182>
      <x183>170</x183>
      <y183>1004</y183>
      <x184>173</x184>
      <y184>1001</y184>
      <x185>178</x185>
      <y185>1012</y185>
      <x186>176</x186>
      <y186>1019</y186>
      <x187>178</x187>
      <y187>1021</y187>
      <x188>182</x188>
      <y188>1020</y188>
      <x189>184</x189>
      <y189>1023</y189>
      <x190>808</x190>
      <y190>1023</y190>
      <x191>813</x191>
      <y191>1020</y191>
      <x192>893</x192>
      <y192>1018</y192>
      <x193>885</x193>
      <y193>1015</y193>
      <x194>872</x194>
      <y194>1016</y194>
      <x195>870</x195>
      <y195>1013</y195>
      <x196>873</x196>
      <y196>1011</y196>
      <x197>882</x197>
      <y197>1011</y197>
      <x198>885</x198>
      <y198>1013</y198>
      <x199>891</x199>
      <y199>1009</y199>
      <x200>887</x200>
      <y200>1007</y200>
      <x201>868</x201>
      <y201>1007</y201>
      <x202>867</x202>
      <y202>1004</y202>
      <x203>887</x203>
      <y203>1004</y203>
      <x204>895</x204>
      <y204>1001</y204>
      <x205>894</x205>
      <y205>999</y205>
      <x206>890</x206>
      <y206>999</y206>
      <x207>890</x207>
      <y207>997</y207>
      <x208>918</x208>
      <y208>994</y208>
      <x209>917</x209>
      <y209>991</y209>
      <x210>914</x210>
      <y210>992</y210>
      <x211>912</x211>
      <y211>990</y211>
      <x212>914</x212>
      <y212>988</y212>
      <x213>925</x213>
      <y213>987</y213>
      <x214>929</x214>
      <y214>980</y214>
      <x215>933</x215>
      <y215>979</y215>
      <x216>936</x216>
      <y216>974</y216>
      <x217>941</x217>
      <y217>973</y217>
      <x218>943</x218>
      <y218>968</y218>
      <x219>949</x219>
      <y219>965</y219>
      <x220>953</x220>
      <y220>959</y220>
      <x221>958</x221>
      <y221>958</y221>
      <x222>959</x222>
      <y222>953</y222>
      <x223>966</x223>
      <y223>950</y223>
      <x224>967</x224>
      <y224>945</y224>
      <x225>973</x225>
      <y225>942</y225>
      <x226>974</x226>
      <y226>937</y226>
      <x227>979</x227>
      <y227>934</y227>
      <x228>985</x228>
      <y228>926</y228>
      <x229>990</x229>
      <y229>924</y229>
      <x230>995</x230>
      <y230>914</y230>
      <x231>1002</x231>
      <y231>909</y231>
      <x232>1003</x232>
      <y232>905</y232>
      <x233>1008</x233>
      <y233>901</y233>
      <x234>1011</x234>
      <y234>889</y234>
      <x235>1013</x235>
      <y235>888</y235>
      <x236>1015</x236>
      <y236>890</y236>
      <x237>1014</x237>
      <y237>893</y237>
      <x238>1016</x238>
      <y238>895</y238>
      <x239>1023</x239>
      <y239>894</y239>
    </polygon>
  </object>
</annotation>
