<?xml version="1.0" ?>
<annotation>
  <folder>VOC</folder>
  <filename>89-1.png</filename>
  <source>
    <database>roboflow.ai</database>
  </source>
  <size>
    <width>1024</width>
    <height>1024</height>
    <depth>3</depth>
  </size>
  <segmented>0</segmented>
  <object>
    <name>person</name>
    <bndbox>
      <xmin>479</xmin>
      <ymin>235</ymin>
      <xmax>886</xmax>
      <ymax>1007</ymax>
    </bndbox>
    <polygon>
      <x1>691</x1>
      <y1>235</y1>
      <x2>677</x2>
      <y2>235</y2>
      <x3>674</x3>
      <y3>237</y3>
      <x4>658</x4>
      <y4>239</y4>
      <x5>632</x5>
      <y5>248</y5>
      <x6>619</x6>
      <y6>256</y6>
      <x7>608</x7>
      <y7>267</y7>
      <x8>591</x8>
      <y8>289</y8>
      <x9>572</x9>
      <y9>292</y9>
      <x10>565</x10>
      <y10>295</y10>
      <x11>564</x11>
      <y11>297</y11>
      <x12>565</x12>
      <y12>301</y12>
      <x13>568</x13>
      <y13>304</y13>
      <x14>578</x14>
      <y14>309</y14>
      <x15>583</x15>
      <y15>310</y15>
      <x16>587</x16>
      <y16>313</y16>
      <x17>586</x17>
      <y17>318</y17>
      <x18>588</x18>
      <y18>323</y18>
      <x19>585</x19>
      <y19>338</y19>
      <x20>589</x20>
      <y20>350</y20>
      <x21>589</x21>
      <y21>359</y21>
      <x22>584</x22>
      <y22>372</y22>
      <x23>584</x23>
      <y23>375</y23>
      <x24>589</x24>
      <y24>383</y24>
      <x25>591</x25>
      <y25>396</y25>
      <x26>601</x26>
      <y26>410</y26>
      <x27>607</x27>
      <y27>422</y27>
      <x28>607</x28>
      <y28>429</y28>
      <x29>610</x29>
      <y29>432</y29>
      <x30>615</x30>
      <y30>432</y30>
      <x31>616</x31>
      <y31>433</y31>
      <x32>628</x32>
      <y32>430</y32>
      <x33>634</x33>
      <y33>430</y33>
      <x34>636</x34>
      <y34>433</y34>
      <x35>635</x35>
      <y35>437</y35>
      <x36>630</x36>
      <y36>444</y36>
      <x37>629</x37>
      <y37>454</y37>
      <x38>627</x38>
      <y38>457</y38>
      <x39>627</x39>
      <y39>462</y39>
      <x40>630</x40>
      <y40>465</y40>
      <x41>629</x41>
      <y41>469</y41>
      <x42>620</x42>
      <y42>478</y42>
      <x43>609</x43>
      <y43>481</y43>
      <x44>604</x44>
      <y44>479</y44>
      <x45>589</x45>
      <y45>467</y45>
      <x46>579</x46>
      <y46>455</y46>
      <x47>576</x47>
      <y47>446</y47>
      <x48>578</x48>
      <y48>438</y48>
      <x49>578</x49>
      <y49>432</y49>
      <x50>581</x50>
      <y50>422</y50>
      <x51>571</x51>
      <y51>420</y51>
      <x52>562</x52>
      <y52>414</y52>
      <x53>560</x53>
      <y53>408</y53>
      <x54>561</x54>
      <y54>393</y54>
      <x55>560</x55>
      <y55>389</y55>
      <x56>558</x56>
      <y56>387</y56>
      <x57>554</x57>
      <y57>387</y57>
      <x58>551</x58>
      <y58>389</y58>
      <x59>548</x59>
      <y59>395</y59>
      <x60>548</x60>
      <y60>398</y60>
      <x61>545</x61>
      <y61>402</y61>
      <x62>541</x62>
      <y62>401</y62>
      <x63>538</x63>
      <y63>398</y63>
      <x64>535</x64>
      <y64>377</y64>
      <x65>533</x65>
      <y65>375</y65>
      <x66>529</x66>
      <y66>375</y66>
      <x67>525</x67>
      <y67>378</y67>
      <x68>525</x68>
      <y68>393</y68>
      <x69>526</x69>
      <y69>394</y69>
      <x70>525</x70>
      <y70>407</y70>
      <x71>523</x71>
      <y71>412</y71>
      <x72>515</x72>
      <y72>419</y72>
      <x73>514</x73>
      <y73>422</y73>
      <x74>517</x74>
      <y74>437</y74>
      <x75>517</x75>
      <y75>446</y75>
      <x76>512</x76>
      <y76>453</y76>
      <x77>512</x77>
      <y77>460</y77>
      <x78>515</x78>
      <y78>470</y78>
      <x79>514</x79>
      <y79>471</y79>
      <x80>513</x80>
      <y80>482</y80>
      <x81>509</x81>
      <y81>491</y81>
      <x82>508</x82>
      <y82>514</y82>
      <x83>506</x83>
      <y83>522</y83>
      <x84>506</x84>
      <y84>538</y84>
      <x85>512</x85>
      <y85>554</y85>
      <x86>513</x86>
      <y86>568</y86>
      <x87>515</x87>
      <y87>577</y87>
      <x88>518</x88>
      <y88>583</y88>
      <x89>523</x89>
      <y89>603</y89>
      <x90>526</x90>
      <y90>609</y90>
      <x91>530</x91>
      <y91>613</y91>
      <x92>537</x92>
      <y92>617</y92>
      <x93>546</x93>
      <y93>627</y93>
      <x94>553</x94>
      <y94>629</y94>
      <x95>565</x95>
      <y95>628</y95>
      <x96>576</x96>
      <y96>624</y96>
      <x97>582</x97>
      <y97>624</y97>
      <x98>605</x98>
      <y98>616</y98>
      <x99>612</x99>
      <y99>616</y99>
      <x100>627</x100>
      <y100>609</y100>
      <x101>630</x101>
      <y101>609</y101>
      <x102>633</x102>
      <y102>613</y102>
      <x103>632</x103>
      <y103>622</y103>
      <x104>625</x104>
      <y104>632</y104>
      <x105>623</x105>
      <y105>637</y105>
      <x106>621</x106>
      <y106>639</y106>
      <x107>615</x107>
      <y107>641</y107>
      <x108>613</x108>
      <y108>645</y108>
      <x109>609</x109>
      <y109>649</y109>
      <x110>603</x110>
      <y110>651</y110>
      <x111>591</x111>
      <y111>651</y111>
      <x112>586</x112>
      <y112>649</y112>
      <x113>577</x113>
      <y113>648</y113>
      <x114>569</x114>
      <y114>645</y114>
      <x115>564</x115>
      <y115>641</y115>
      <x116>556</x116>
      <y116>638</y116>
      <x117>550</x117>
      <y117>634</y117>
      <x118>538</x118>
      <y118>631</y118>
      <x119>515</x119>
      <y119>629</y119>
      <x120>502</x120>
      <y120>632</y120>
      <x121>493</x121>
      <y121>640</y121>
      <x122>487</x122>
      <y122>648</y122>
      <x123>483</x123>
      <y123>658</y123>
      <x124>481</x124>
      <y124>673</y124>
      <x125>479</x125>
      <y125>677</y125>
      <x126>480</x126>
      <y126>705</y126>
      <x127>483</x127>
      <y127>720</y127>
      <x128>488</x128>
      <y128>736</y128>
      <x129>490</x129>
      <y129>738</y129>
      <x130>490</x130>
      <y130>741</y130>
      <x131>494</x131>
      <y131>747</y131>
      <x132>495</x132>
      <y132>752</y132>
      <x133>500</x133>
      <y133>761</y133>
      <x134>500</x134>
      <y134>763</y134>
      <x135>502</x135>
      <y135>765</y135>
      <x136>503</x136>
      <y136>770</y136>
      <x137>517</x137>
      <y137>797</y137>
      <x138>519</x138>
      <y138>804</y138>
      <x139>528</x139>
      <y139>823</y139>
      <x140>536</x140>
      <y140>836</y140>
      <x141>548</x141>
      <y141>848</y141>
      <x142>551</x142>
      <y142>855</y142>
      <x143>554</x143>
      <y143>858</y143>
      <x144>555</x144>
      <y144>864</y144>
      <x145>557</x145>
      <y145>866</y145>
      <x146>559</x146>
      <y146>872</y146>
      <x147>558</x147>
      <y147>878</y147>
      <x148>553</x148>
      <y148>885</y148>
      <x149>553</x149>
      <y149>887</y149>
      <x150>549</x150>
      <y150>890</y150>
      <x151>549</x151>
      <y151>892</y151>
      <x152>545</x152>
      <y152>895</y152>
      <x153>538</x153>
      <y153>905</y153>
      <x154>533</x154>
      <y154>906</y154>
      <x155>525</x155>
      <y155>910</y155>
      <x156>495</x156>
      <y156>908</y156>
      <x157>485</x157>
      <y157>913</y157>
      <x158>480</x158>
      <y158>922</y158>
      <x159>480</x159>
      <y159>928</y159>
      <x160>482</x160>
      <y160>934</y160>
      <x161>490</x161>
      <y161>943</y161>
      <x162>497</x162>
      <y162>948</y162>
      <x163>519</x163>
      <y163>960</y163>
      <x164>522</x164>
      <y164>960</y164>
      <x165>533</x165>
      <y165>965</y165>
      <x166>548</x166>
      <y166>969</y166>
      <x167>565</x167>
      <y167>976</y167>
      <x168>569</x168>
      <y168>976</y168>
      <x169>604</x169>
      <y169>991</y169>
      <x170>612</x170>
      <y170>993</y170>
      <x171>636</x171>
      <y171>1003</y171>
      <x172>650</x172>
      <y172>1007</y172>
      <x173>667</x173>
      <y173>1007</y173>
      <x174>687</x174>
      <y174>997</y174>
      <x175>690</x175>
      <y175>991</y175>
      <x176>691</x176>
      <y176>981</y176>
      <x177>692</x177>
      <y177>980</y177>
      <x178>691</x178>
      <y178>954</y178>
      <x179>689</x179>
      <y179>950</y179>
      <x180>688</x180>
      <y180>942</y180>
      <x181>684</x181>
      <y181>932</y181>
      <x182>680</x182>
      <y182>915</y182>
      <x183>680</x183>
      <y183>900</y183>
      <x184>679</x184>
      <y184>899</y184>
      <x185>680</x185>
      <y185>892</y185>
      <x186>681</x186>
      <y186>891</y186>
      <x187>686</x187>
      <y187>891</y187>
      <x188>695</x188>
      <y188>894</y188>
      <x189>700</x189>
      <y189>894</y189>
      <x190>701</x190>
      <y190>893</y190>
      <x191>736</x191>
      <y191>894</y191>
      <x192>738</x192>
      <y192>893</y192>
      <x193>744</x193>
      <y193>895</y193>
      <x194>748</x194>
      <y194>894</y194>
      <x195>762</x195>
      <y195>895</y195>
      <x196>781</x196>
      <y196>888</y196>
      <x197>796</x197>
      <y197>876</y197>
      <x198>806</x198>
      <y198>862</y198>
      <x199>826</x199>
      <y199>853</y199>
      <x200>830</x200>
      <y200>849</y200>
      <x201>835</x201>
      <y201>847</y201>
      <x202>864</x202>
      <y202>821</y202>
      <x203>869</x203>
      <y203>810</y203>
      <x204>873</x204>
      <y204>805</y204>
      <x205>873</x205>
      <y205>802</y205>
      <x206>876</x206>
      <y206>799</y206>
      <x207>880</x207>
      <y207>791</y207>
      <x208>881</x208>
      <y208>785</y208>
      <x209>884</x209>
      <y209>781</y209>
      <x210>885</x210>
      <y210>767</y210>
      <x211>886</x211>
      <y211>766</y211>
      <x212>886</x212>
      <y212>759</y212>
      <x213>885</x213>
      <y213>758</y213>
      <x214>886</x214>
      <y214>726</y214>
      <x215>884</x215>
      <y215>719</y215>
      <x216>885</x216>
      <y216>714</y216>
      <x217>885</x217>
      <y217>693</y217>
      <x218>880</x218>
      <y218>677</y218>
      <x219>878</x219>
      <y219>666</y219>
      <x220>876</x220>
      <y220>662</y220>
      <x221>867</x221>
      <y221>621</y221>
      <x222>862</x222>
      <y222>608</y222>
      <x223>860</x223>
      <y223>589</y223>
      <x224>857</x224>
      <y224>579</y224>
      <x225>855</x225>
      <y225>563</y225>
      <x226>852</x226>
      <y226>554</y226>
      <x227>848</x227>
      <y227>549</y227>
      <x228>846</x228>
      <y228>535</y228>
      <x229>844</x229>
      <y229>531</y229>
      <x230>844</x230>
      <y230>526</y230>
      <x231>841</x231>
      <y231>518</y231>
      <x232>841</x232>
      <y232>505</y232>
      <x233>845</x233>
      <y233>496</y233>
      <x234>860</x234>
      <y234>478</y234>
      <x235>863</x235>
      <y235>469</y235>
      <x236>862</x236>
      <y236>468</y236>
      <x237>863</x237>
      <y237>443</y237>
      <x238>859</x238>
      <y238>433</y238>
      <x239>856</x239>
      <y239>417</y239>
      <x240>847</x240>
      <y240>398</y240>
      <x241>840</x241>
      <y241>378</y241>
      <x242>824</x242>
      <y242>355</y242>
      <x243>814</x243>
      <y243>344</y243>
      <x244>805</x244>
      <y244>339</y244>
      <x245>798</x245>
      <y245>337</y245>
      <x246>786</x246>
      <y246>337</y246>
      <x247>775</x247>
      <y247>343</y247>
      <x248>770</x248>
      <y248>342</y248>
      <x249>757</x249>
      <y249>343</y249>
      <x250>748</x250>
      <y250>341</y250>
      <x251>745</x251>
      <y251>322</y251>
      <x252>743</x252>
      <y252>317</y252>
      <x253>742</x253>
      <y253>300</y253>
      <x254>736</x254>
      <y254>283</y254>
      <x255>728</x255>
      <y255>266</y255>
      <x256>701</x256>
      <y256>241</y256>
    </polygon>
  </object>
  <object>
    <name>person</name>
    <bndbox>
      <xmin>577</xmin>
      <ymin>768</ymin>
      <xmax>667</xmax>
      <ymax>859</ymax>
    </bndbox>
    <polygon>
      <x1>581</x1>
      <y1>768</y1>
      <x2>582</x2>
      <y2>769</y2>
      <x3>585</x3>
      <y3>769</y3>
      <x4>589</x4>
      <y4>772</y4>
      <x5>598</x5>
      <y5>775</y5>
      <x6>609</x6>
      <y6>782</y6>
      <x7>617</x7>
      <y7>785</y7>
      <x8>639</x8>
      <y8>803</y8>
      <x9>656</x9>
      <y9>815</y9>
      <x10>661</x10>
      <y10>817</y10>
      <x11>667</x11>
      <y11>823</y11>
      <x12>666</x12>
      <y12>829</y12>
      <x13>657</x13>
      <y13>841</y13>
      <x14>654</x14>
      <y14>848</y14>
      <x15>649</x15>
      <y15>847</y15>
      <x16>648</x16>
      <y16>848</y16>
      <x17>626</x17>
      <y17>849</y17>
      <x18>619</x18>
      <y18>853</y18>
      <x19>614</x19>
      <y19>859</y19>
      <x20>608</x20>
      <y20>854</y20>
      <x21>607</x21>
      <y21>840</y21>
      <x22>606</x22>
      <y22>839</y22>
      <x23>605</x23>
      <y23>830</y23>
      <x24>597</x24>
      <y24>819</y24>
      <x25>591</x25>
      <y25>804</y25>
      <x26>588</x26>
      <y26>799</y26>
      <x27>585</x27>
      <y27>797</y27>
      <x28>582</x28>
      <y28>791</y28>
      <x29>580</x29>
      <y29>778</y29>
      <x30>577</x30>
      <y30>774</y30>
      <x31>577</x31>
      <y31>770</y31>
    </polygon>
  </object>
</annotation>
