<?xml version="1.0" ?>
<annotation>
  <folder>VOC</folder>
  <filename>99-2.png</filename>
  <source>
    <database>roboflow.ai</database>
  </source>
  <size>
    <width>1024</width>
    <height>1024</height>
    <depth>3</depth>
  </size>
  <segmented>0</segmented>
  <object>
    <name>person</name>
    <bndbox>
      <xmin>0</xmin>
      <ymin>309</ymin>
      <xmax>1023</xmax>
      <ymax>1023</ymax>
    </bndbox>
    <polygon>
      <x1>3</x1>
      <y1>516</y1>
      <x2>3</x2>
      <y2>534</y2>
      <x3>0</x3>
      <y3>536</y3>
      <x4>0</x4>
      <y4>540</y4>
      <x5>3</x5>
      <y5>544</y5>
      <x6>15</x6>
      <y6>544</y6>
      <x7>16</x7>
      <y7>547</y7>
      <x8>12</x8>
      <y8>548</y8>
      <x9>10</x9>
      <y9>552</y9>
      <x10>6</x10>
      <y10>547</y10>
      <x11>4</x11>
      <y11>548</y11>
      <x12>4</x12>
      <y12>551</y12>
      <x13>8</x13>
      <y13>553</y13>
      <x14>3</x14>
      <y14>557</y14>
      <x15>14</x15>
      <y15>562</y15>
      <x16>4</x16>
      <y16>574</y16>
      <x17>7</x17>
      <y17>578</y17>
      <x18>3</x18>
      <y18>582</y18>
      <x19>7</x19>
      <y19>586</y19>
      <x20>0</x20>
      <y20>592</y20>
      <x21>0</x21>
      <y21>602</y21>
      <x22>3</x22>
      <y22>605</y22>
      <x23>0</x23>
      <y23>606</y23>
      <x24>0</x24>
      <y24>900</y24>
      <x25>3</x25>
      <y25>904</y25>
      <x26>3</x26>
      <y26>943</y26>
      <x27>0</x27>
      <y27>945</y27>
      <x28>0</x28>
      <y28>954</y28>
      <x29>3</x29>
      <y29>957</y29>
      <x30>0</x30>
      <y30>960</y30>
      <x31>0</x31>
      <y31>971</y31>
      <x32>2</x32>
      <y32>972</y32>
      <x33>0</x33>
      <y33>975</y33>
      <x34>0</x34>
      <y34>987</y34>
      <x35>2</x35>
      <y35>988</y35>
      <x36>0</x36>
      <y36>1002</y36>
      <x37>3</x37>
      <y37>1005</y37>
      <x38>0</x38>
      <y38>1007</y38>
      <x39>0</x39>
      <y39>1020</y39>
      <x40>2</x40>
      <y40>1023</y40>
      <x41>1023</x41>
      <y41>1023</y41>
      <x42>1023</x42>
      <y42>1011</y42>
      <x43>1021</x43>
      <y43>1010</y43>
      <x44>1023</x44>
      <y44>1009</y44>
      <x45>1023</x45>
      <y45>510</y45>
      <x46>1018</x46>
      <y46>509</y46>
      <x47>1023</x47>
      <y47>507</y47>
      <x48>1023</x48>
      <y48>496</y48>
      <x49>982</x49>
      <y49>495</y49>
      <x50>979</x50>
      <y50>493</y50>
      <x51>985</x51>
      <y51>485</y51>
      <x52>992</x52>
      <y52>490</y52>
      <x53>997</x53>
      <y53>488</y53>
      <x54>1002</x54>
      <y54>491</y54>
      <x55>1010</x55>
      <y55>490</y55>
      <x56>1008</x56>
      <y56>486</y56>
      <x57>1017</x57>
      <y57>480</y57>
      <x58>1010</x58>
      <y58>474</y58>
      <x59>1000</x59>
      <y59>480</y59>
      <x60>939</x60>
      <y60>480</y60>
      <x61>928</x61>
      <y61>477</y61>
      <x62>929</x62>
      <y62>468</y62>
      <x63>938</x63>
      <y63>467</y63>
      <x64>941</x64>
      <y64>471</y64>
      <x65>954</x65>
      <y65>466</y65>
      <x66>957</x66>
      <y66>470</y66>
      <x67>967</x67>
      <y67>466</y67>
      <x68>981</x68>
      <y68>468</y68>
      <x69>987</x69>
      <y69>461</y69>
      <x70>981</x70>
      <y70>460</y70>
      <x71>978</x71>
      <y71>456</y71>
      <x72>975</x72>
      <y72>458</y72>
      <x73>977</x73>
      <y73>462</y73>
      <x74>974</x74>
      <y74>466</y74>
      <x75>918</x75>
      <y75>463</y75>
      <x76>915</x76>
      <y76>466</y76>
      <x77>920</x77>
      <y77>470</y77>
      <x78>914</x78>
      <y78>474</y78>
      <x79>918</x79>
      <y79>473</y79>
      <x80>921</x80>
      <y80>477</y80>
      <x81>910</x81>
      <y81>480</y81>
      <x82>901</x82>
      <y82>480</y82>
      <x83>897</x83>
      <y83>477</y83>
      <x84>903</x84>
      <y84>467</y84>
      <x85>898</x85>
      <y85>463</y85>
      <x86>893</x86>
      <y86>466</y86>
      <x87>882</x87>
      <y87>465</y87>
      <x88>878</x88>
      <y88>462</y88>
      <x89>869</x89>
      <y89>466</y89>
      <x90>851</x90>
      <y90>462</y90>
      <x91>831</x91>
      <y91>464</y91>
      <x92>770</x92>
      <y92>463</y92>
      <x93>765</x93>
      <y93>457</y93>
      <x94>769</x94>
      <y94>450</y94>
      <x95>777</x95>
      <y95>450</y95>
      <x96>782</x96>
      <y96>453</y96>
      <x97>794</x97>
      <y97>450</y97>
      <x98>797</x98>
      <y98>454</y98>
      <x99>801</x99>
      <y99>450</y99>
      <x100>764</x100>
      <y100>448</y100>
      <x101>759</x101>
      <y101>450</y101>
      <x102>763</x102>
      <y102>454</y102>
      <x103>757</x103>
      <y103>455</y103>
      <x104>744</x104>
      <y104>440</y104>
      <x105>745</x105>
      <y105>436</y105>
      <x106>749</x106>
      <y106>441</y106>
      <x107>752</x107>
      <y107>433</y107>
      <x108>749</x108>
      <y108>431</y108>
      <x109>741</x109>
      <y109>435</y109>
      <x110>734</x110>
      <y110>429</y110>
      <x111>736</x111>
      <y111>418</y111>
      <x112>734</x112>
      <y112>413</y112>
      <x113>719</x113>
      <y113>411</y113>
      <x114>719</x114>
      <y114>401</y114>
      <x115>684</x115>
      <y115>401</y115>
      <x116>678</x116>
      <y116>398</y116>
      <x117>677</x117>
      <y117>389</y117>
      <x118>681</x118>
      <y118>386</y118>
      <x119>693</x119>
      <y119>385</y119>
      <x120>695</x120>
      <y120>383</y120>
      <x121>694</x121>
      <y121>375</y121>
      <x122>685</x122>
      <y122>375</y122>
      <x123>684</x123>
      <y123>382</y123>
      <x124>677</x124>
      <y124>384</y124>
      <x125>671</x125>
      <y125>375</y125>
      <x126>661</x126>
      <y126>380</y126>
      <x127>660</x127>
      <y127>376</y127>
      <x128>664</x128>
      <y128>370</y128>
      <x129>659</x129>
      <y129>368</y129>
      <x130>653</x130>
      <y130>370</y130>
      <x131>642</x131>
      <y131>365</y131>
      <x132>640</x132>
      <y132>368</y132>
      <x133>629</x133>
      <y133>369</y133>
      <x134>623</x134>
      <y134>366</y134>
      <x135>622</x135>
      <y135>352</y135>
      <x136>617</x136>
      <y136>351</y136>
      <x137>612</x137>
      <y137>345</y137>
      <x138>609</x138>
      <y138>345</y138>
      <x139>609</x139>
      <y139>349</y139>
      <x140>603</x140>
      <y140>353</y140>
      <x141>587</x141>
      <y141>353</y141>
      <x142>597</x142>
      <y142>358</y142>
      <x143>592</x143>
      <y143>359</y143>
      <x144>585</x144>
      <y144>367</y144>
      <x145>581</x145>
      <y145>368</y145>
      <x146>578</x146>
      <y146>366</y146>
      <x147>579</x147>
      <y147>356</y147>
      <x148>584</x148>
      <y148>353</y148>
      <x149>576</x149>
      <y149>352</y149>
      <x150>574</x150>
      <y150>346</y150>
      <x151>567</x151>
      <y151>343</y151>
      <x152>564</x152>
      <y152>338</y152>
      <x153>560</x153>
      <y153>338</y153>
      <x154>558</x154>
      <y154>349</y154>
      <x155>552</x155>
      <y155>351</y155>
      <x156>547</x156>
      <y156>342</y156>
      <x157>551</x157>
      <y157>337</y157>
      <x158>547</x158>
      <y158>335</y158>
      <x159>542</x159>
      <y159>337</y159>
      <x160>521</x160>
      <y160>336</y160>
      <x161>520</x161>
      <y161>340</y161>
      <x162>525</x162>
      <y162>343</y162>
      <x163>542</x163>
      <y163>339</y163>
      <x164>544</x164>
      <y164>342</y164>
      <x165>541</x165>
      <y165>346</y165>
      <x166>547</x166>
      <y166>349</y166>
      <x167>544</x167>
      <y167>351</y167>
      <x168>524</x168>
      <y168>351</y168>
      <x169>512</x169>
      <y169>342</y169>
      <x170>513</x170>
      <y170>338</y170>
      <x171>509</x171>
      <y171>335</y171>
      <x172>495</x172>
      <y172>335</y172>
      <x173>490</x173>
      <y173>331</y173>
      <x174>487</x174>
      <y174>335</y174>
      <x175>473</x175>
      <y175>334</y175>
      <x176>474</x176>
      <y176>331</y176>
      <x177>483</x177>
      <y177>329</y177>
      <x178>483</x178>
      <y178>322</y178>
      <x179>477</x179>
      <y179>317</y179>
      <x180>471</x180>
      <y180>318</y180>
      <x181>474</x181>
      <y181>327</y181>
      <x182>465</x182>
      <y182>327</y182>
      <x183>464</x183>
      <y183>321</y183>
      <x184>457</x184>
      <y184>315</y184>
      <x185>453</x185>
      <y185>318</y185>
      <x186>434</x186>
      <y186>321</y186>
      <x187>438</x187>
      <y187>325</y187>
      <x188>434</x188>
      <y188>345</y188>
      <x189>439</x189>
      <y189>350</y189>
      <x190>431</x190>
      <y190>353</y190>
      <x191>427</x191>
      <y191>360</y191>
      <x192>423</x192>
      <y192>358</y192>
      <x193>424</x193>
      <y193>354</y193>
      <x194>421</x194>
      <y194>352</y194>
      <x195>418</x195>
      <y195>353</y195>
      <x196>414</x196>
      <y196>350</y196>
      <x197>409</x197>
      <y197>352</y197>
      <x198>408</x198>
      <y198>361</y198>
      <x199>399</x199>
      <y199>369</y199>
      <x200>397</x200>
      <y200>378</y200>
      <x201>389</x201>
      <y201>366</y201>
      <x202>380</x202>
      <y202>369</y202>
      <x203>377</x203>
      <y203>375</y203>
      <x204>373</x204>
      <y204>369</y204>
      <x205>352</x205>
      <y205>368</y205>
      <x206>351</x206>
      <y206>370</y206>
      <x207>362</x207>
      <y207>382</y207>
      <x208>316</x208>
      <y208>384</y208>
      <x209>312</x209>
      <y209>382</y209>
      <x210>314</x210>
      <y210>370</y210>
      <x211>324</x211>
      <y211>375</y211>
      <x212>330</x212>
      <y212>370</y212>
      <x213>341</x213>
      <y213>373</y213>
      <x214>345</x214>
      <y214>370</y214>
      <x215>343</x215>
      <y215>368</y215>
      <x216>321</x216>
      <y216>369</y216>
      <x217>319</x217>
      <y217>362</y217>
      <x218>322</x218>
      <y218>358</y218>
      <x219>326</x219>
      <y219>360</y219>
      <x220>331</x220>
      <y220>355</y220>
      <x221>333</x221>
      <y221>359</y221>
      <x222>341</x222>
      <y222>360</y222>
      <x223>346</x223>
      <y223>354</y223>
      <x224>355</x224>
      <y224>360</y224>
      <x225>359</x225>
      <y225>360</y225>
      <x226>363</x226>
      <y226>356</y226>
      <x227>365</x227>
      <y227>360</y227>
      <x228>373</x228>
      <y228>355</y228>
      <x229>366</x229>
      <y229>351</y229>
      <x230>349</x230>
      <y230>350</y230>
      <x231>345</x231>
      <y231>352</y231>
      <x232>341</x232>
      <y232>348</y232>
      <x233>339</x233>
      <y233>351</y233>
      <x234>329</x234>
      <y234>352</y234>
      <x235>325</x235>
      <y235>346</y235>
      <x236>329</x236>
      <y236>339</y236>
      <x237>334</x237>
      <y237>340</y237>
      <x238>339</x238>
      <y238>345</y238>
      <x239>342</x239>
      <y239>345</y239>
      <x240>345</x240>
      <y240>339</y240>
      <x241>350</x241>
      <y241>342</y241>
      <x242>354</x242>
      <y242>340</y242>
      <x243>357</x243>
      <y243>345</y243>
      <x244>361</x244>
      <y244>338</y244>
      <x245>365</x245>
      <y245>341</y245>
      <x246>369</x246>
      <y246>338</y246>
      <x247>366</x247>
      <y247>332</y247>
      <x248>361</x248>
      <y248>335</y248>
      <x249>358</x249>
      <y249>333</y249>
      <x250>353</x250>
      <y250>335</y250>
      <x251>350</x251>
      <y251>330</y251>
      <x252>352</x252>
      <y252>328</y252>
      <x253>358</x253>
      <y253>329</y253>
      <x254>361</x254>
      <y254>325</y254>
      <x255>366</x255>
      <y255>328</y255>
      <x256>374</x256>
      <y256>324</y256>
      <x257>372</x257>
      <y257>310</y257>
      <x258>357</x258>
      <y258>309</y258>
      <x259>316</x259>
      <y259>322</y259>
      <x260>306</x260>
      <y260>336</y260>
      <x261>312</x261>
      <y261>349</y261>
      <x262>299</x262>
      <y262>354</y262>
      <x263>286</x263>
      <y263>367</y263>
      <x264>260</x264>
      <y264>370</y264>
      <x265>260</x265>
      <y265>374</y265>
      <x266>241</x266>
      <y266>384</y266>
      <x267>228</x267>
      <y267>386</y267>
      <x268>224</x268>
      <y268>391</y268>
      <x269>214</x269>
      <y269>394</y269>
      <x270>210</x270>
      <y270>400</y270>
      <x271>205</x271>
      <y271>398</y271>
      <x272>193</x272>
      <y272>401</y272>
      <x273>195</x273>
      <y273>406</y273>
      <x274>184</x274>
      <y274>410</y274>
      <x275>181</x275>
      <y275>415</y275>
      <x276>159</x276>
      <y276>416</y276>
      <x277>157</x277>
      <y277>418</y277>
      <x278>163</x278>
      <y278>422</y278>
      <x279>164</x279>
      <y279>433</y279>
      <x280>172</x280>
      <y280>438</y280>
      <x281>171</x281>
      <y281>443</y281>
      <x282>178</x282>
      <y282>443</y282>
      <x283>179</x283>
      <y283>446</y283>
      <x284>160</x284>
      <y284>447</y284>
      <x285>159</x285>
      <y285>440</y285>
      <x286>149</x286>
      <y286>440</y286>
      <x287>130</x287>
      <y287>450</y287>
      <x288>125</x288>
      <y288>449</y288>
      <x289>122</x289>
      <y289>455</y289>
      <x290>105</x290>
      <y290>460</y290>
      <x291>100</x291>
      <y291>465</y291>
      <x292>101</x292>
      <y292>468</y292>
      <x293>106</x293>
      <y293>467</y293>
      <x294>109</x294>
      <y294>476</y294>
      <x295>113</x295>
      <y295>473</y295>
      <x296>116</x296>
      <y296>477</y296>
      <x297>97</x297>
      <y297>481</y297>
      <x298>101</x298>
      <y298>486</y298>
      <x299>104</x299>
      <y299>483</y299>
      <x300>113</x300>
      <y300>484</y300>
      <x301>115</x301>
      <y301>487</y301>
      <x302>109</x302>
      <y302>489</y302>
      <x303>117</x303>
      <y303>492</y303>
      <x304>121</x304>
      <y304>482</y304>
      <x305>125</x305>
      <y305>482</y305>
      <x306>131</x306>
      <y306>487</y306>
      <x307>138</x307>
      <y307>485</y307>
      <x308>141</x308>
      <y308>488</y308>
      <x309>150</x309>
      <y309>488</y309>
      <x310>156</x310>
      <y310>484</y310>
      <x311>160</x311>
      <y311>489</y311>
      <x312>159</x312>
      <y312>495</y312>
      <x313>138</x313>
      <y313>497</y313>
      <x314>117</x314>
      <y314>494</y314>
      <x315>64</x315>
      <y315>497</y315>
      <x316>61</x316>
      <y316>489</y316>
      <x317>59</x317>
      <y317>492</y317>
      <x318>50</x318>
      <y318>494</y318>
      <x319>45</x319>
      <y319>492</y319>
      <x320>33</x320>
      <y320>498</y320>
      <x321>30</x321>
      <y321>495</y321>
      <x322>30</x322>
      <y322>490</y322>
      <x323>34</x323>
      <y323>483</y323>
      <x324>38</x324>
      <y324>486</y324>
      <x325>41</x325>
      <y325>483</y325>
      <x326>54</x326>
      <y326>484</y326>
      <x327>62</x327>
      <y327>483</y327>
      <x328>62</x328>
      <y328>481</y328>
      <x329>56</x329>
      <y329>479</y329>
      <x330>25</x330>
      <y330>480</y330>
      <x331>25</x331>
      <y331>486</y331>
      <x332>29</x332>
      <y332>490</y332>
      <x333>29</x333>
      <y333>502</y333>
      <x334>33</x334>
      <y334>498</y334>
      <x335>37</x335>
      <y335>501</y335>
      <x336>41</x336>
      <y336>499</y336>
      <x337>45</x337>
      <y337>503</y337>
      <x338>49</x338>
      <y338>500</y338>
      <x339>54</x339>
      <y339>502</y339>
      <x340>58</x340>
      <y340>497</y340>
      <x341>65</x341>
      <y341>502</y341>
      <x342>73</x342>
      <y342>500</y342>
      <x343>86</x343>
      <y343>507</y343>
      <x344>88</x344>
      <y344>501</y344>
      <x345>93</x345>
      <y345>500</y345>
      <x346>97</x346>
      <y346>510</y346>
      <x347>95</x347>
      <y347>512</y347>
      <x348>86</x348>
      <y348>510</y348>
      <x349>80</x349>
      <y349>512</y349>
      <x350>79</x350>
      <y350>515</y350>
      <x351>84</x351>
      <y351>518</y351>
      <x352>90</x352>
      <y352>515</y352>
      <x353>104</x353>
      <y353>514</y353>
      <x354>98</x354>
      <y354>510</y354>
      <x355>98</x355>
      <y355>506</y355>
      <x356>105</x356>
      <y356>501</y356>
      <x357>117</x357>
      <y357>503</y357>
      <x358>125</x358>
      <y358>499</y358>
      <x359>133</x359>
      <y359>503</y359>
      <x360>138</x360>
      <y360>498</y360>
      <x361>144</x361>
      <y361>498</y361>
      <x362>148</x362>
      <y362>502</y362>
      <x363>142</x363>
      <y363>510</y363>
      <x364>127</x364>
      <y364>513</y364>
      <x365>125</x365>
      <y365>519</y365>
      <x366>117</x366>
      <y366>520</y366>
      <x367>115</x367>
      <y367>525</y367>
      <x368>110</x368>
      <y368>528</y368>
      <x369>81</x369>
      <y369>529</y369>
      <x370>84</x370>
      <y370>532</y370>
      <x371>92</x371>
      <y371>531</y371>
      <x372>94</x372>
      <y372>533</y372>
      <x373>85</x373>
      <y373>542</y373>
      <x374>75</x374>
      <y374>541</y374>
      <x375>71</x375>
      <y375>537</y375>
      <x376>71</x376>
      <y376>530</y376>
      <x377>66</x377>
      <y377>527</y377>
      <x378>50</x378>
      <y378>528</y378>
      <x379>46</x379>
      <y379>525</y379>
      <x380>40</x380>
      <y380>529</y380>
      <x381>40</x381>
      <y381>542</y381>
      <x382>37</x382>
      <y382>546</y382>
      <x383>33</x383>
      <y383>545</y383>
      <x384>30</x384>
      <y384>557</y384>
      <x385>26</x385>
      <y385>555</y385>
      <x386>23</x386>
      <y386>546</y386>
      <x387>30</x387>
      <y387>541</y387>
      <x388>28</x388>
      <y388>538</y388>
      <x389>30</x389>
      <y389>533</y389>
      <x390>22</x390>
      <y390>526</y390>
      <x391>17</x391>
      <y391>528</y391>
      <x392>12</x392>
      <y392>522</y392>
      <x393>17</x393>
      <y393>518</y393>
      <x394>22</x394>
      <y394>519</y394>
      <x395>22</x395>
      <y395>516</y395>
      <x396>18</x396>
      <y396>515</y396>
      <x397>10</x397>
      <y397>519</y397>
      <x398>8</x398>
      <y398>515</y398>
    </polygon>
  </object>
</annotation>
