<annotation>
  <folder>my-project-name</folder>
  <filename>10-1.png</filename>
  <path>/my-project-name/10-1.png</path><source>
    <database>Unspecified</database>
  </source>
  <size>
    <width>1792</width>
    <height>1024</height>
    <depth>3</depth>
  </size>
  <object>
    <name>Person</name>
    <pose>Unspecified</pose><truncated>0</truncated><difficult>0</difficult><bndbox>
      <xmin>525</xmin>
      <ymin>621</ymin>
      <xmax>631</xmax>
      <ymax>742</ymax>
    </bndbox>
    </object>
  <object>
    <name>Person</name>
    <pose>Unspecified</pose><truncated>0</truncated><difficult>0</difficult><bndbox>
      <xmin>522</xmin>
      <ymin>127</ymin>
      <xmax>1398</xmax>
      <ymax>1018</ymax>
    </bndbox>
    </object>
  <object>
    <name>Person</name>
    <pose>Unspecified</pose><truncated>0</truncated><difficult>0</difficult><bndbox>
      <xmin>834</xmin>
      <ymin>532</ymin>
      <xmax>900</xmax>
      <ymax>620</ymax>
    </bndbox>
    </object>
  <object>
    <name>Person</name>
    <pose>Unspecified</pose><truncated>0</truncated><difficult>0</difficult><bndbox>
      <xmin>1050</xmin>
      <ymin>528</ymin>
      <xmax>1147</xmax>
      <ymax>617</ymax>
    </bndbox>
    </object>
  <object>
    <name>Person</name>
    <pose>Unspecified</pose><truncated>0</truncated><difficult>0</difficult><bndbox>
      <xmin>922</xmin>
      <ymin>138</ymin>
      <xmax>1007</xmax>
      <ymax>598</ymax>
    </bndbox>
    </object>
</annotation>