<annotation>
  <folder>my-project-name</folder>
  <filename>100-2.png</filename>
  <path>/my-project-name/100-2.png</path><source>
    <database>Unspecified</database>
  </source>
  <size>
    <width>1792</width>
    <height>1024</height>
    <depth>3</depth>
  </size>
  <object>
    <name>Person</name>
    <pose>Unspecified</pose><truncated>0</truncated><difficult>0</difficult><bndbox>
      <xmin>407</xmin>
      <ymin>767</ymin>
      <xmax>467</xmax>
      <ymax>869</ymax>
    </bndbox>
    </object>
  <object>
    <name>Person</name>
    <pose>Unspecified</pose><truncated>0</truncated><difficult>0</difficult><bndbox>
      <xmin>981</xmin>
      <ymin>835</ymin>
      <xmax>1047</xmax>
      <ymax>936</ymax>
    </bndbox>
    </object>
  <object>
    <name>Person</name>
    <pose>Unspecified</pose><truncated>0</truncated><difficult>0</difficult><bndbox>
      <xmin>482</xmin>
      <ymin>851</ymin>
      <xmax>537</xmax>
      <ymax>951</ymax>
    </bndbox>
    </object>
  <object>
    <name>Person</name>
    <pose>Unspecified</pose><truncated>0</truncated><difficult>0</difficult><bndbox>
      <xmin>1027</xmin>
      <ymin>771</ymin>
      <xmax>1086</xmax>
      <ymax>873</ymax>
    </bndbox>
    </object>
  <object>
    <name>Person</name>
    <pose>Unspecified</pose><truncated>0</truncated><difficult>0</difficult><bndbox>
      <xmin>648</xmin>
      <ymin>911</ymin>
      <xmax>739</xmax>
      <ymax>1021</ymax>
    </bndbox>
    </object>
  <object>
    <name>Person</name>
    <pose>Unspecified</pose><truncated>0</truncated><difficult>0</difficult><bndbox>
      <xmin>933</xmin>
      <ymin>855</ymin>
      <xmax>1253</xmax>
      <ymax>1022</ymax>
    </bndbox>
    </object>
  <object>
    <name>Person</name>
    <pose>Unspecified</pose><truncated>0</truncated><difficult>0</difficult><bndbox>
      <xmin>776</xmin>
      <ymin>781</ymin>
      <xmax>881</xmax>
      <ymax>1022</ymax>
    </bndbox>
    </object>
  <object>
    <name>Person</name>
    <pose>Unspecified</pose><truncated>0</truncated><difficult>0</difficult><bndbox>
      <xmin>883</xmin>
      <ymin>727</ymin>
      <xmax>975</xmax>
      <ymax>852</ymax>
    </bndbox>
    </object>
</annotation>