<annotation>
  <folder>my-project-name</folder>
  <filename>100-1.png</filename>
  <path>/my-project-name/100-1.png</path><source>
    <database>Unspecified</database>
  </source>
  <size>
    <width>1792</width>
    <height>1024</height>
    <depth>3</depth>
  </size>
  <object>
    <name>Person</name>
    <pose>Unspecified</pose><truncated>0</truncated><difficult>0</difficult><bndbox>
      <xmin>988</xmin>
      <ymin>855</ymin>
      <xmax>1072</xmax>
      <ymax>962</ymax>
    </bndbox>
    </object>
  <object>
    <name>Person</name>
    <pose>Unspecified</pose><truncated>0</truncated><difficult>0</difficult><bndbox>
      <xmin>663</xmin>
      <ymin>848</ymin>
      <xmax>728</xmax>
      <ymax>955</ymax>
    </bndbox>
    </object>
  <object>
    <name>Person</name>
    <pose>Unspecified</pose><truncated>0</truncated><difficult>0</difficult><bndbox>
      <xmin>816</xmin>
      <ymin>858</ymin>
      <xmax>879</xmax>
      <ymax>986</ymax>
    </bndbox>
    </object>
  <object>
    <name>Person</name>
    <pose>Unspecified</pose><truncated>0</truncated><difficult>0</difficult><bndbox>
      <xmin>758</xmin>
      <ymin>781</ymin>
      <xmax>814</xmax>
      <ymax>884</ymax>
    </bndbox>
    </object>
  <object>
    <name>Person</name>
    <pose>Unspecified</pose><truncated>0</truncated><difficult>0</difficult><bndbox>
      <xmin>1128</xmin>
      <ymin>759</ymin>
      <xmax>1198</xmax>
      <ymax>846</ymax>
    </bndbox>
    </object>
  <object>
    <name>Person</name>
    <pose>Unspecified</pose><truncated>0</truncated><difficult>0</difficult><bndbox>
      <xmin>599</xmin>
      <ymin>780</ymin>
      <xmax>639</xmax>
      <ymax>871</ymax>
    </bndbox>
    </object>
  <object>
    <name>Person</name>
    <pose>Unspecified</pose><truncated>0</truncated><difficult>0</difficult><bndbox>
      <xmin>690</xmin>
      <ymin>752</ymin>
      <xmax>732</xmax>
      <ymax>836</ymax>
    </bndbox>
    </object>
  <object>
    <name>Person</name>
    <pose>Unspecified</pose><truncated>0</truncated><difficult>0</difficult><bndbox>
      <xmin>1298</xmin>
      <ymin>919</ymin>
      <xmax>1404</xmax>
      <ymax>1014</ymax>
    </bndbox>
    </object>
  <object>
    <name>Person</name>
    <pose>Unspecified</pose><truncated>0</truncated><difficult>0</difficult><bndbox>
      <xmin>1384</xmin>
      <ymin>940</ymin>
      <xmax>1645</xmax>
      <ymax>1021</ymax>
    </bndbox>
    </object>
  <object>
    <name>Person</name>
    <pose>Unspecified</pose><truncated>0</truncated><difficult>0</difficult><bndbox>
      <xmin>1322</xmin>
      <ymin>861</ymin>
      <xmax>1444</xmax>
      <ymax>949</ymax>
    </bndbox>
    </object>
  <object>
    <name>Person</name>
    <pose>Unspecified</pose><truncated>0</truncated><difficult>0</difficult><bndbox>
      <xmin>858</xmin>
      <ymin>777</ymin>
      <xmax>1323</xmax>
      <ymax>1021</ymax>
    </bndbox>
    </object>
</annotation>