<annotation>
  <folder>my-project-name</folder>
  <filename>101-1.png</filename>
  <path>/my-project-name/101-1.png</path><source>
    <database>Unspecified</database>
  </source>
  <size>
    <width>1792</width>
    <height>1024</height>
    <depth>3</depth>
  </size>
  <object>
    <name>Person</name>
    <pose>Unspecified</pose><truncated>0</truncated><difficult>0</difficult><bndbox>
      <xmin>733</xmin>
      <ymin>213</ymin>
      <xmax>859</xmax>
      <ymax>354</ymax>
    </bndbox>
    </object>
  <object>
    <name>Person</name>
    <pose>Unspecified</pose><truncated>0</truncated><difficult>0</difficult><bndbox>
      <xmin>264</xmin>
      <ymin>845</ymin>
      <xmax>461</xmax>
      <ymax>943</ymax>
    </bndbox>
    </object>
  <object>
    <name>Person</name>
    <pose>Unspecified</pose><truncated>0</truncated><difficult>0</difficult><bndbox>
      <xmin>1182</xmin>
      <ymin>814</ymin>
      <xmax>1294</xmax>
      <ymax>911</ymax>
    </bndbox>
    </object>
  <object>
    <name>Person</name>
    <pose>Unspecified</pose><truncated>0</truncated><difficult>0</difficult><bndbox>
      <xmin>1296</xmin>
      <ymin>728</ymin>
      <xmax>1398</xmax>
      <ymax>892</ymax>
    </bndbox>
    </object>
  <object>
    <name>Person</name>
    <pose>Unspecified</pose><truncated>0</truncated><difficult>0</difficult><bndbox>
      <xmin>351</xmin>
      <ymin>552</ymin>
      <xmax>419</xmax>
      <ymax>694</ymax>
    </bndbox>
    </object>
  <object>
    <name>Person</name>
    <pose>Unspecified</pose><truncated>0</truncated><difficult>0</difficult><bndbox>
      <xmin>351</xmin>
      <ymin>349</ymin>
      <xmax>1172</xmax>
      <ymax>977</ymax>
    </bndbox>
    </object>
  <object>
    <name>Person</name>
    <pose>Unspecified</pose><truncated>0</truncated><difficult>0</difficult><bndbox>
      <xmin>811</xmin>
      <ymin>836</ymin>
      <xmax>959</xmax>
      <ymax>894</ymax>
    </bndbox>
    </object>
  <object>
    <name>Person</name>
    <pose>Unspecified</pose><truncated>0</truncated><difficult>0</difficult><bndbox>
      <xmin>657</xmin>
      <ymin>708</ymin>
      <xmax>771</xmax>
      <ymax>879</ymax>
    </bndbox>
    </object>
</annotation>