<annotation>
  <folder>my-project-name</folder>
  <filename>101-2.png</filename>
  <path>/my-project-name/101-2.png</path><source>
    <database>Unspecified</database>
  </source>
  <size>
    <width>1792</width>
    <height>1024</height>
    <depth>3</depth>
  </size>
  <object>
    <name>Person</name>
    <pose>Unspecified</pose><truncated>0</truncated><difficult>0</difficult><bndbox>
      <xmin>1421</xmin>
      <ymin>402</ymin>
      <xmax>1521</xmax>
      <ymax>715</ymax>
    </bndbox>
    </object>
  <object>
    <name>Person</name>
    <pose>Unspecified</pose><truncated>0</truncated><difficult>0</difficult><bndbox>
      <xmin>1259</xmin>
      <ymin>564</ymin>
      <xmax>1407</xmax>
      <ymax>895</ymax>
    </bndbox>
    </object>
  <object>
    <name>Person</name>
    <pose>Unspecified</pose><truncated>0</truncated><difficult>0</difficult><bndbox>
      <xmin>228</xmin>
      <ymin>392</ymin>
      <xmax>381</xmax>
      <ymax>649</ymax>
    </bndbox>
    </object>
</annotation>