<annotation>
  <folder>my-project-name</folder>
  <filename>102-2.png</filename>
  <path>/my-project-name/102-2.png</path><source>
    <database>Unspecified</database>
  </source>
  <size>
    <width>1792</width>
    <height>1024</height>
    <depth>3</depth>
  </size>
  <object>
    <name>Person</name>
    <pose>Unspecified</pose><truncated>0</truncated><difficult>0</difficult><bndbox>
      <xmin>645</xmin>
      <ymin>500</ymin>
      <xmax>812</xmax>
      <ymax>966</ymax>
    </bndbox>
    </object>
  <object>
    <name>Person</name>
    <pose>Unspecified</pose><truncated>0</truncated><difficult>0</difficult><bndbox>
      <xmin>929</xmin>
      <ymin>433</ymin>
      <xmax>1046</xmax>
      <ymax>847</ymax>
    </bndbox>
    </object>
</annotation>