<annotation>
  <folder>my-project-name</folder>
  <filename>104-1.png</filename>
  <path>/my-project-name/104-1.png</path><source>
    <database>Unspecified</database>
  </source>
  <size>
    <width>1792</width>
    <height>1024</height>
    <depth>3</depth>
  </size>
  <object>
    <name>Person</name>
    <pose>Unspecified</pose><truncated>0</truncated><difficult>0</difficult><bndbox>
      <xmin>516</xmin>
      <ymin>317</ymin>
      <xmax>767</xmax>
      <ymax>998</ymax>
    </bndbox>
    </object>
  <object>
    <name>Person</name>
    <pose>Unspecified</pose><truncated>0</truncated><difficult>0</difficult><bndbox>
      <xmin>1248</xmin>
      <ymin>345</ymin>
      <xmax>1463</xmax>
      <ymax>968</ymax>
    </bndbox>
    </object>
</annotation>