<annotation>
  <folder>my-project-name</folder>
  <filename>104-2.png</filename>
  <path>/my-project-name/104-2.png</path><source>
    <database>Unspecified</database>
  </source>
  <size>
    <width>1792</width>
    <height>1024</height>
    <depth>3</depth>
  </size>
  <object>
    <name>Person</name>
    <pose>Unspecified</pose><truncated>0</truncated><difficult>0</difficult><bndbox>
      <xmin>1075</xmin>
      <ymin>467</ymin>
      <xmax>1212</xmax>
      <ymax>925</ymax>
    </bndbox>
    </object>
  <object>
    <name>Person</name>
    <pose>Unspecified</pose><truncated>0</truncated><difficult>0</difficult><bndbox>
      <xmin>628</xmin>
      <ymin>512</ymin>
      <xmax>794</xmax>
      <ymax>982</ymax>
    </bndbox>
    </object>
</annotation>