<annotation>
  <folder>my-project-name</folder>
  <filename>105-1.png</filename>
  <path>/my-project-name/105-1.png</path><source>
    <database>Unspecified</database>
  </source>
  <size>
    <width>1792</width>
    <height>1024</height>
    <depth>3</depth>
  </size>
  <object>
    <name>Person</name>
    <pose>Unspecified</pose><truncated>0</truncated><difficult>0</difficult><bndbox>
      <xmin>1102</xmin>
      <ymin>571</ymin>
      <xmax>1218</xmax>
      <ymax>899</ymax>
    </bndbox>
    </object>
  <object>
    <name>Person</name>
    <pose>Unspecified</pose><truncated>0</truncated><difficult>0</difficult><bndbox>
      <xmin>944</xmin>
      <ymin>620</ymin>
      <xmax>1101</xmax>
      <ymax>1019</ymax>
    </bndbox>
    </object>
  <object>
    <name>Person</name>
    <pose>Unspecified</pose><truncated>0</truncated><difficult>0</difficult><bndbox>
      <xmin>629</xmin>
      <ymin>635</ymin>
      <xmax>760</xmax>
      <ymax>965</ymax>
    </bndbox>
    </object>
  <object>
    <name>Person</name>
    <pose>Unspecified</pose><truncated>0</truncated><difficult>0</difficult><bndbox>
      <xmin>817</xmin>
      <ymin>650</ymin>
      <xmax>940</xmax>
      <ymax>969</ymax>
    </bndbox>
    </object>
  <object>
    <name>Person</name>
    <pose>Unspecified</pose><truncated>0</truncated><difficult>0</difficult><bndbox>
      <xmin>429</xmin>
      <ymin>677</ymin>
      <xmax>596</xmax>
      <ymax>1000</ymax>
    </bndbox>
    </object>
  <object>
    <name>Person</name>
    <pose>Unspecified</pose><truncated>0</truncated><difficult>0</difficult><bndbox>
      <xmin>761</xmin>
      <ymin>556</ymin>
      <xmax>849</xmax>
      <ymax>821</ymax>
    </bndbox>
    </object>
  <object>
    <name>Person</name>
    <pose>Unspecified</pose><truncated>0</truncated><difficult>0</difficult><bndbox>
      <xmin>541</xmin>
      <ymin>562</ymin>
      <xmax>614</xmax>
      <ymax>799</ymax>
    </bndbox>
    </object>
  <object>
    <name>Person</name>
    <pose>Unspecified</pose><truncated>0</truncated><difficult>0</difficult><bndbox>
      <xmin>848</xmin>
      <ymin>536</ymin>
      <xmax>915</xmax>
      <ymax>673</ymax>
    </bndbox>
    </object>
  <object>
    <name>Person</name>
    <pose>Unspecified</pose><truncated>0</truncated><difficult>0</difficult><bndbox>
      <xmin>634</xmin>
      <ymin>553</ymin>
      <xmax>708</xmax>
      <ymax>695</ymax>
    </bndbox>
    </object>
  <object>
    <name>Person</name>
    <pose>Unspecified</pose><truncated>0</truncated><difficult>0</difficult><bndbox>
      <xmin>699</xmin>
      <ymin>563</ymin>
      <xmax>774</xmax>
      <ymax>798</ymax>
    </bndbox>
    </object>
  <object>
    <name>Person</name>
    <pose>Unspecified</pose><truncated>0</truncated><difficult>0</difficult><bndbox>
      <xmin>603</xmin>
      <ymin>531</ymin>
      <xmax>662</xmax>
      <ymax>704</ymax>
    </bndbox>
    </object>
  <object>
    <name>Person</name>
    <pose>Unspecified</pose><truncated>0</truncated><difficult>0</difficult><bndbox>
      <xmin>914</xmin>
      <ymin>591</ymin>
      <xmax>991</xmax>
      <ymax>793</ymax>
    </bndbox>
    </object>
</annotation>