<annotation>
  <folder>my-project-name</folder>
  <filename>105-2.png</filename>
  <path>/my-project-name/105-2.png</path><source>
    <database>Unspecified</database>
  </source>
  <size>
    <width>1792</width>
    <height>1024</height>
    <depth>3</depth>
  </size>
  <object>
    <name>Person</name>
    <pose>Unspecified</pose><truncated>0</truncated><difficult>0</difficult><bndbox>
      <xmin>699</xmin>
      <ymin>859</ymin>
      <xmax>798</xmax>
      <ymax>1021</ymax>
    </bndbox>
    </object>
  <object>
    <name>Person</name>
    <pose>Unspecified</pose><truncated>0</truncated><difficult>0</difficult><bndbox>
      <xmin>563</xmin>
      <ymin>729</ymin>
      <xmax>643</xmax>
      <ymax>953</ymax>
    </bndbox>
    </object>
</annotation>