<annotation>
  <folder>my-project-name</folder>
  <filename>107-2.png</filename>
  <path>/my-project-name/107-2.png</path><source>
    <database>Unspecified</database>
  </source>
  <size>
    <width>1792</width>
    <height>1024</height>
    <depth>3</depth>
  </size>
  <object>
    <name>Person</name>
    <pose>Unspecified</pose><truncated>0</truncated><difficult>0</difficult><bndbox>
      <xmin>677</xmin>
      <ymin>311</ymin>
      <xmax>786</xmax>
      <ymax>652</ymax>
    </bndbox>
    </object>
  <object>
    <name>Person</name>
    <pose>Unspecified</pose><truncated>0</truncated><difficult>0</difficult><bndbox>
      <xmin>813</xmin>
      <ymin>281</ymin>
      <xmax>900</xmax>
      <ymax>638</ymax>
    </bndbox>
    </object>
</annotation>