<annotation>
  <folder>my-project-name</folder>
  <filename>108-1.png</filename>
  <path>/my-project-name/108-1.png</path><source>
    <database>Unspecified</database>
  </source>
  <size>
    <width>1792</width>
    <height>1024</height>
    <depth>3</depth>
  </size>
  <object>
    <name>Person</name>
    <pose>Unspecified</pose><truncated>0</truncated><difficult>0</difficult><bndbox>
      <xmin>1174</xmin>
      <ymin>577</ymin>
      <xmax>1369</xmax>
      <ymax>807</ymax>
    </bndbox>
    </object>
  <object>
    <name>Person</name>
    <pose>Unspecified</pose><truncated>0</truncated><difficult>0</difficult><bndbox>
      <xmin>397</xmin>
      <ymin>658</ymin>
      <xmax>724</xmax>
      <ymax>1021</ymax>
    </bndbox>
    </object>
</annotation>