<annotation>
  <folder>my-project-name</folder>
  <filename>11-2.png</filename>
  <path>/my-project-name/11-2.png</path><source>
    <database>Unspecified</database>
  </source>
  <size>
    <width>1792</width>
    <height>1024</height>
    <depth>3</depth>
  </size>
  <object>
    <name>Person</name>
    <pose>Unspecified</pose><truncated>0</truncated><difficult>0</difficult><bndbox>
      <xmin>647</xmin>
      <ymin>93</ymin>
      <xmax>1093</xmax>
      <ymax>1021</ymax>
    </bndbox>
    </object>
  <object>
    <name>Person</name>
    <pose>Unspecified</pose><truncated>0</truncated><difficult>0</difficult><bndbox>
      <xmin>648</xmin>
      <ymin>93</ymin>
      <xmax>999</xmax>
      <ymax>1022</ymax>
    </bndbox>
    </object>
</annotation>