<annotation>
  <folder>my-project-name</folder>
  <filename>110-1.png</filename>
  <path>/my-project-name/110-1.png</path><source>
    <database>Unspecified</database>
  </source>
  <size>
    <width>1792</width>
    <height>1024</height>
    <depth>3</depth>
  </size>
  <object>
    <name>Person</name>
    <pose>Unspecified</pose><truncated>0</truncated><difficult>0</difficult><bndbox>
      <xmin>996</xmin>
      <ymin>457</ymin>
      <xmax>1368</xmax>
      <ymax>930</ymax>
    </bndbox>
    </object>
  <object>
    <name>Person</name>
    <pose>Unspecified</pose><truncated>0</truncated><difficult>0</difficult><bndbox>
      <xmin>461</xmin>
      <ymin>385</ymin>
      <xmax>626</xmax>
      <ymax>580</ymax>
    </bndbox>
    </object>
  <object>
    <name>Person</name>
    <pose>Unspecified</pose><truncated>0</truncated><difficult>0</difficult><bndbox>
      <xmin>686</xmin>
      <ymin>380</ymin>
      <xmax>888</xmax>
      <ymax>620</ymax>
    </bndbox>
    </object>
  <object>
    <name>Person</name>
    <pose>Unspecified</pose><truncated>0</truncated><difficult>0</difficult><bndbox>
      <xmin>352</xmin>
      <ymin>495</ymin>
      <xmax>588</xmax>
      <ymax>916</ymax>
    </bndbox>
    </object>
  <object>
    <name>Person</name>
    <pose>Unspecified</pose><truncated>0</truncated><difficult>0</difficult><bndbox>
      <xmin>147</xmin>
      <ymin>457</ymin>
      <xmax>367</xmax>
      <ymax>858</ymax>
    </bndbox>
    </object>
  <object>
    <name>Person</name>
    <pose>Unspecified</pose><truncated>0</truncated><difficult>0</difficult><bndbox>
      <xmin>216</xmin>
      <ymin>388</ymin>
      <xmax>351</xmax>
      <ymax>588</ymax>
    </bndbox>
    </object>
  <object>
    <name>Person</name>
    <pose>Unspecified</pose><truncated>0</truncated><difficult>0</difficult><bndbox>
      <xmin>647</xmin>
      <ymin>553</ymin>
      <xmax>882</xmax>
      <ymax>821</ymax>
    </bndbox>
    </object>
  <object>
    <name>Person</name>
    <pose>Unspecified</pose><truncated>0</truncated><difficult>0</difficult><bndbox>
      <xmin>1039</xmin>
      <ymin>389</ymin>
      <xmax>1209</xmax>
      <ymax>605</ymax>
    </bndbox>
    </object>
</annotation>