<annotation>
  <folder>my-project-name</folder>
  <filename>110-2.png</filename>
  <path>/my-project-name/110-2.png</path><source>
    <database>Unspecified</database>
  </source>
  <size>
    <width>1792</width>
    <height>1024</height>
    <depth>3</depth>
  </size>
  <object>
    <name>Person</name>
    <pose>Unspecified</pose><truncated>0</truncated><difficult>0</difficult><bndbox>
      <xmin>1001</xmin>
      <ymin>824</ymin>
      <xmax>1164</xmax>
      <ymax>941</ymax>
    </bndbox>
    </object>
  <object>
    <name>Person</name>
    <pose>Unspecified</pose><truncated>0</truncated><difficult>0</difficult><bndbox>
      <xmin>1062</xmin>
      <ymin>543</ymin>
      <xmax>1460</xmax>
      <ymax>963</ymax>
    </bndbox>
    </object>
  <object>
    <name>Person</name>
    <pose>Unspecified</pose><truncated>0</truncated><difficult>0</difficult><bndbox>
      <xmin>909</xmin>
      <ymin>454</ymin>
      <xmax>1020</xmax>
      <ymax>593</ymax>
    </bndbox>
    </object>
  <object>
    <name>Person</name>
    <pose>Unspecified</pose><truncated>0</truncated><difficult>0</difficult><bndbox>
      <xmin>127</xmin>
      <ymin>265</ymin>
      <xmax>993</xmax>
      <ymax>971</ymax>
    </bndbox>
    </object>
  <object>
    <name>Person</name>
    <pose>Unspecified</pose><truncated>0</truncated><difficult>0</difficult><bndbox>
      <xmin>573</xmin>
      <ymin>647</ymin>
      <xmax>700</xmax>
      <ymax>775</ymax>
    </bndbox>
    </object>
  <object>
    <name>Person</name>
    <pose>Unspecified</pose><truncated>0</truncated><difficult>0</difficult><bndbox>
      <xmin>265</xmin>
      <ymin>469</ymin>
      <xmax>358</xmax>
      <ymax>575</ymax>
    </bndbox>
    </object>
  <object>
    <name>Person</name>
    <pose>Unspecified</pose><truncated>0</truncated><difficult>0</difficult><bndbox>
      <xmin>1449</xmin>
      <ymin>246</ymin>
      <xmax>1542</xmax>
      <ymax>367</ymax>
    </bndbox>
    </object>
  <object>
    <name>Person</name>
    <pose>Unspecified</pose><truncated>0</truncated><difficult>0</difficult><bndbox>
      <xmin>845</xmin>
      <ymin>121</ymin>
      <xmax>1001</xmax>
      <ymax>252</ymax>
    </bndbox>
    </object>
  <object>
    <name>Person</name>
    <pose>Unspecified</pose><truncated>0</truncated><difficult>0</difficult><bndbox>
      <xmin>1149</xmin>
      <ymin>103</ymin>
      <xmax>1265</xmax>
      <ymax>337</ymax>
    </bndbox>
    </object>
  <object>
    <name>Person</name>
    <pose>Unspecified</pose><truncated>0</truncated><difficult>0</difficult><bndbox>
      <xmin>936</xmin>
      <ymin>46</ymin>
      <xmax>1076</xmax>
      <ymax>189</ymax>
    </bndbox>
    </object>
</annotation>