<annotation>
  <folder>my-project-name</folder>
  <filename>111-1.png</filename>
  <path>/my-project-name/111-1.png</path><source>
    <database>Unspecified</database>
  </source>
  <size>
    <width>1792</width>
    <height>1024</height>
    <depth>3</depth>
  </size>
  <object>
    <name>Person</name>
    <pose>Unspecified</pose><truncated>0</truncated><difficult>0</difficult><bndbox>
      <xmin>859</xmin>
      <ymin>881</ymin>
      <xmax>892</xmax>
      <ymax>965</ymax>
    </bndbox>
    </object>
  <object>
    <name>Person</name>
    <pose>Unspecified</pose><truncated>0</truncated><difficult>0</difficult><bndbox>
      <xmin>733</xmin>
      <ymin>834</ymin>
      <xmax>769</xmax>
      <ymax>917</ymax>
    </bndbox>
    </object>
  <object>
    <name>Person</name>
    <pose>Unspecified</pose><truncated>0</truncated><difficult>0</difficult><bndbox>
      <xmin>644</xmin>
      <ymin>883</ymin>
      <xmax>680</xmax>
      <ymax>953</ymax>
    </bndbox>
    </object>
</annotation>