<annotation>
  <folder>my-project-name</folder>
  <filename>111-2.png</filename>
  <path>/my-project-name/111-2.png</path><source>
    <database>Unspecified</database>
  </source>
  <size>
    <width>1792</width>
    <height>1024</height>
    <depth>3</depth>
  </size>
  <object>
    <name>Person</name>
    <pose>Unspecified</pose><truncated>0</truncated><difficult>0</difficult><bndbox>
      <xmin>1009</xmin>
      <ymin>622</ymin>
      <xmax>1038</xmax>
      <ymax>720</ymax>
    </bndbox>
    </object>
  <object>
    <name>Person</name>
    <pose>Unspecified</pose><truncated>0</truncated><difficult>0</difficult><bndbox>
      <xmin>1024</xmin>
      <ymin>808</ymin>
      <xmax>1066</xmax>
      <ymax>921</ymax>
    </bndbox>
    </object>
  <object>
    <name>Person</name>
    <pose>Unspecified</pose><truncated>0</truncated><difficult>0</difficult><bndbox>
      <xmin>791</xmin>
      <ymin>625</ymin>
      <xmax>838</xmax>
      <ymax>727</ymax>
    </bndbox>
    </object>
  <object>
    <name>Person</name>
    <pose>Unspecified</pose><truncated>0</truncated><difficult>0</difficult><bndbox>
      <xmin>634</xmin>
      <ymin>864</ymin>
      <xmax>692</xmax>
      <ymax>1004</ymax>
    </bndbox>
    </object>
</annotation>