<annotation>
  <folder>my-project-name</folder>
  <filename>112-1.png</filename>
  <path>/my-project-name/112-1.png</path><source>
    <database>Unspecified</database>
  </source>
  <size>
    <width>1792</width>
    <height>1024</height>
    <depth>3</depth>
  </size>
  <object>
    <name>Person</name>
    <pose>Unspecified</pose><truncated>0</truncated><difficult>0</difficult><bndbox>
      <xmin>550</xmin>
      <ymin>641</ymin>
      <xmax>671</xmax>
      <ymax>782</ymax>
    </bndbox>
    </object>
  <object>
    <name>Person</name>
    <pose>Unspecified</pose><truncated>0</truncated><difficult>0</difficult><bndbox>
      <xmin>735</xmin>
      <ymin>692</ymin>
      <xmax>857</xmax>
      <ymax>841</ymax>
    </bndbox>
    </object>
  <object>
    <name>Person</name>
    <pose>Unspecified</pose><truncated>0</truncated><difficult>0</difficult><bndbox>
      <xmin>949</xmin>
      <ymin>695</ymin>
      <xmax>1070</xmax>
      <ymax>840</ymax>
    </bndbox>
    </object>
</annotation>