<annotation>
  <folder>my-project-name</folder>
  <filename>112-2.png</filename>
  <path>/my-project-name/112-2.png</path><source>
    <database>Unspecified</database>
  </source>
  <size>
    <width>1792</width>
    <height>1024</height>
    <depth>3</depth>
  </size>
  <object>
    <name>Person</name>
    <pose>Unspecified</pose><truncated>0</truncated><difficult>0</difficult><bndbox>
      <xmin>609</xmin>
      <ymin>675</ymin>
      <xmax>684</xmax>
      <ymax>807</ymax>
    </bndbox>
    </object>
  <object>
    <name>Person</name>
    <pose>Unspecified</pose><truncated>0</truncated><difficult>0</difficult><bndbox>
      <xmin>873</xmin>
      <ymin>696</ymin>
      <xmax>940</xmax>
      <ymax>830</ymax>
    </bndbox>
    </object>
  <object>
    <name>Person</name>
    <pose>Unspecified</pose><truncated>0</truncated><difficult>0</difficult><bndbox>
      <xmin>1000</xmin>
      <ymin>701</ymin>
      <xmax>1062</xmax>
      <ymax>848</ymax>
    </bndbox>
    </object>
</annotation>