<annotation>
  <folder>my-project-name</folder>
  <filename>114-1.png</filename>
  <path>/my-project-name/114-1.png</path><source>
    <database>Unspecified</database>
  </source>
  <size>
    <width>1792</width>
    <height>1024</height>
    <depth>3</depth>
  </size>
  <object>
    <name>Person</name>
    <pose>Unspecified</pose><truncated>0</truncated><difficult>0</difficult><bndbox>
      <xmin>67</xmin>
      <ymin>258</ymin>
      <xmax>935</xmax>
      <ymax>1019</ymax>
    </bndbox>
    </object>
  <object>
    <name>Person</name>
    <pose>Unspecified</pose><truncated>0</truncated><difficult>0</difficult><bndbox>
      <xmin>475</xmin>
      <ymin>675</ymin>
      <xmax>644</xmax>
      <ymax>850</ymax>
    </bndbox>
    </object>
</annotation>