<annotation>
  <folder>my-project-name</folder>
  <filename>115-1.png</filename>
  <path>/my-project-name/115-1.png</path><source>
    <database>Unspecified</database>
  </source>
  <size>
    <width>1024</width>
    <height>1024</height>
    <depth>3</depth>
  </size>
  <object>
    <name>Person</name>
    <pose>Unspecified</pose><truncated>0</truncated><difficult>0</difficult><bndbox>
      <xmin>522</xmin>
      <ymin>371</ymin>
      <xmax>703</xmax>
      <ymax>602</ymax>
    </bndbox>
    </object>
  <object>
    <name>Person</name>
    <pose>Unspecified</pose><truncated>0</truncated><difficult>0</difficult><bndbox>
      <xmin>308</xmin>
      <ymin>383</ymin>
      <xmax>440</xmax>
      <ymax>588</ymax>
    </bndbox>
    </object>
  <object>
    <name>Person</name>
    <pose>Unspecified</pose><truncated>0</truncated><difficult>0</difficult><bndbox>
      <xmin>185</xmin>
      <ymin>624</ymin>
      <xmax>488</xmax>
      <ymax>970</ymax>
    </bndbox>
    </object>
  <object>
    <name>Person</name>
    <pose>Unspecified</pose><truncated>0</truncated><difficult>0</difficult><bndbox>
      <xmin>710</xmin>
      <ymin>538</ymin>
      <xmax>948</xmax>
      <ymax>851</ymax>
    </bndbox>
    </object>
  <object>
    <name>Person</name>
    <pose>Unspecified</pose><truncated>0</truncated><difficult>0</difficult><bndbox>
      <xmin>177</xmin>
      <ymin>397</ymin>
      <xmax>287</xmax>
      <ymax>586</ymax>
    </bndbox>
    </object>
</annotation>