<annotation>
  <folder>my-project-name</folder>
  <filename>116-2.png</filename>
  <path>/my-project-name/116-2.png</path><source>
    <database>Unspecified</database>
  </source>
  <size>
    <width>1792</width>
    <height>1024</height>
    <depth>3</depth>
  </size>
  <object>
    <name>Person</name>
    <pose>Unspecified</pose><truncated>0</truncated><difficult>0</difficult><bndbox>
      <xmin>839</xmin>
      <ymin>220</ymin>
      <xmax>1040</xmax>
      <ymax>925</ymax>
    </bndbox>
    </object>
  <object>
    <name>Person</name>
    <pose>Unspecified</pose><truncated>0</truncated><difficult>0</difficult><bndbox>
      <xmin>608</xmin>
      <ymin>557</ymin>
      <xmax>786</xmax>
      <ymax>906</ymax>
    </bndbox>
    </object>
  <object>
    <name>Person</name>
    <pose>Unspecified</pose><truncated>0</truncated><difficult>0</difficult><bndbox>
      <xmin>526</xmin>
      <ymin>205</ymin>
      <xmax>787</xmax>
      <ymax>557</ymax>
    </bndbox>
    </object>
  <object>
    <name>Person</name>
    <pose>Unspecified</pose><truncated>0</truncated><difficult>0</difficult><bndbox>
      <xmin>1146</xmin>
      <ymin>101</ymin>
      <xmax>1350</xmax>
      <ymax>900</ymax>
    </bndbox>
    </object>
  <object>
    <name>Person</name>
    <pose>Unspecified</pose><truncated>0</truncated><difficult>0</difficult><bndbox>
      <xmin>1012</xmin>
      <ymin>189</ymin>
      <xmax>1187</xmax>
      <ymax>868</ymax>
    </bndbox>
    </object>
  <object>
    <name>Person</name>
    <pose>Unspecified</pose><truncated>0</truncated><difficult>0</difficult><bndbox>
      <xmin>1332</xmin>
      <ymin>71</ymin>
      <xmax>1580</xmax>
      <ymax>905</ymax>
    </bndbox>
    </object>
</annotation>