<annotation>
  <folder>my-project-name</folder>
  <filename>116-1.png</filename>
  <path>/my-project-name/116-1.png</path><source>
    <database>Unspecified</database>
  </source>
  <size>
    <width>1792</width>
    <height>1024</height>
    <depth>3</depth>
  </size>
  <object>
    <name>Person</name>
    <pose>Unspecified</pose><truncated>0</truncated><difficult>0</difficult><bndbox>
      <xmin>797</xmin>
      <ymin>93</ymin>
      <xmax>1290</xmax>
      <ymax>1022</ymax>
    </bndbox>
    </object>
  <object>
    <name>Person</name>
    <pose>Unspecified</pose><truncated>0</truncated><difficult>0</difficult><bndbox>
      <xmin>937</xmin>
      <ymin>808</ymin>
      <xmax>1016</xmax>
      <ymax>948</ymax>
    </bndbox>
    </object>
  <object>
    <name>Person</name>
    <pose>Unspecified</pose><truncated>0</truncated><difficult>0</difficult><bndbox>
      <xmin>315</xmin>
      <ymin>147</ymin>
      <xmax>529</xmax>
      <ymax>913</ymax>
    </bndbox>
    </object>
  <object>
    <name>Person</name>
    <pose>Unspecified</pose><truncated>0</truncated><difficult>0</difficult><bndbox>
      <xmin>595</xmin>
      <ymin>110</ymin>
      <xmax>814</xmax>
      <ymax>1010</ymax>
    </bndbox>
    </object>
  <object>
    <name>Person</name>
    <pose>Unspecified</pose><truncated>0</truncated><difficult>0</difficult><bndbox>
      <xmin>683</xmin>
      <ymin>732</ymin>
      <xmax>724</xmax>
      <ymax>972</ymax>
    </bndbox>
    </object>
</annotation>