<annotation>
  <folder>my-project-name</folder>
  <filename>117-2.png</filename>
  <path>/my-project-name/117-2.png</path><source>
    <database>Unspecified</database>
  </source>
  <size>
    <width>1792</width>
    <height>1024</height>
    <depth>3</depth>
  </size>
  <object>
    <name>Person</name>
    <pose>Unspecified</pose><truncated>0</truncated><difficult>0</difficult><bndbox>
      <xmin>502</xmin>
      <ymin>445</ymin>
      <xmax>713</xmax>
      <ymax>1014</ymax>
    </bndbox>
    </object>
</annotation>