<annotation>
  <folder>my-project-name</folder>
  <filename>118-2.png</filename>
  <path>/my-project-name/118-2.png</path><source>
    <database>Unspecified</database>
  </source>
  <size>
    <width>1792</width>
    <height>1024</height>
    <depth>3</depth>
  </size>
  <object>
    <name>Person</name>
    <pose>Unspecified</pose><truncated>0</truncated><difficult>0</difficult><bndbox>
      <xmin>201</xmin>
      <ymin>486</ymin>
      <xmax>624</xmax>
      <ymax>945</ymax>
    </bndbox>
    </object>
  <object>
    <name>Person</name>
    <pose>Unspecified</pose><truncated>0</truncated><difficult>0</difficult><bndbox>
      <xmin>766</xmin>
      <ymin>535</ymin>
      <xmax>1041</xmax>
      <ymax>915</ymax>
    </bndbox>
    </object>
  <object>
    <name>Person</name>
    <pose>Unspecified</pose><truncated>0</truncated><difficult>0</difficult><bndbox>
      <xmin>728</xmin>
      <ymin>29</ymin>
      <xmax>961</xmax>
      <ymax>306</ymax>
    </bndbox>
    </object>
  <object>
    <name>Person</name>
    <pose>Unspecified</pose><truncated>0</truncated><difficult>0</difficult><bndbox>
      <xmin>1034</xmin>
      <ymin>394</ymin>
      <xmax>1445</xmax>
      <ymax>783</ymax>
    </bndbox>
    </object>
  <object>
    <name>Person</name>
    <pose>Unspecified</pose><truncated>0</truncated><difficult>0</difficult><bndbox>
      <xmin>1240</xmin>
      <ymin>520</ymin>
      <xmax>1315</xmax>
      <ymax>607</ymax>
    </bndbox>
    </object>
  <object>
    <name>Person</name>
    <pose>Unspecified</pose><truncated>0</truncated><difficult>0</difficult><bndbox>
      <xmin>361</xmin>
      <ymin>64</ymin>
      <xmax>713</xmax>
      <ymax>368</ymax>
    </bndbox>
    </object>
  <object>
    <name>Person</name>
    <pose>Unspecified</pose><truncated>0</truncated><difficult>0</difficult><bndbox>
      <xmin>1197</xmin>
      <ymin>179</ymin>
      <xmax>1540</xmax>
      <ymax>529</ymax>
    </bndbox>
    </object>
  <object>
    <name>Person</name>
    <pose>Unspecified</pose><truncated>0</truncated><difficult>0</difficult><bndbox>
      <xmin>1071</xmin>
      <ymin>14</ymin>
      <xmax>1332</xmax>
      <ymax>272</ymax>
    </bndbox>
    </object>
  <object>
    <name>Person</name>
    <pose>Unspecified</pose><truncated>0</truncated><difficult>0</difficult><bndbox>
      <xmin>159</xmin>
      <ymin>193</ymin>
      <xmax>454</xmax>
      <ymax>552</ymax>
    </bndbox>
    </object>
</annotation>