<annotation>
  <folder>my-project-name</folder>
  <filename>118-1.png</filename>
  <path>/my-project-name/118-1.png</path><source>
    <database>Unspecified</database>
  </source>
  <size>
    <width>1792</width>
    <height>1024</height>
    <depth>3</depth>
  </size>
  <object>
    <name>Person</name>
    <pose>Unspecified</pose><truncated>0</truncated><difficult>0</difficult><bndbox>
      <xmin>326</xmin>
      <ymin>446</ymin>
      <xmax>599</xmax>
      <ymax>729</ymax>
    </bndbox>
    </object>
  <object>
    <name>Person</name>
    <pose>Unspecified</pose><truncated>0</truncated><difficult>0</difficult><bndbox>
      <xmin>1065</xmin>
      <ymin>517</ymin>
      <xmax>1398</xmax>
      <ymax>951</ymax>
    </bndbox>
    </object>
  <object>
    <name>Person</name>
    <pose>Unspecified</pose><truncated>0</truncated><difficult>0</difficult><bndbox>
      <xmin>743</xmin>
      <ymin>350</ymin>
      <xmax>930</xmax>
      <ymax>544</ymax>
    </bndbox>
    </object>
  <object>
    <name>Person</name>
    <pose>Unspecified</pose><truncated>0</truncated><difficult>0</difficult><bndbox>
      <xmin>593</xmin>
      <ymin>522</ymin>
      <xmax>882</xmax>
      <ymax>798</ymax>
    </bndbox>
    </object>
  <object>
    <name>Person</name>
    <pose>Unspecified</pose><truncated>0</truncated><difficult>0</difficult><bndbox>
      <xmin>1380</xmin>
      <ymin>447</ymin>
      <xmax>1600</xmax>
      <ymax>694</ymax>
    </bndbox>
    </object>
  <object>
    <name>Person</name>
    <pose>Unspecified</pose><truncated>0</truncated><difficult>0</difficult><bndbox>
      <xmin>539</xmin>
      <ymin>375</ymin>
      <xmax>680</xmax>
      <ymax>651</ymax>
    </bndbox>
    </object>
  <object>
    <name>Person</name>
    <pose>Unspecified</pose><truncated>0</truncated><difficult>0</difficult><bndbox>
      <xmin>1058</xmin>
      <ymin>364</ymin>
      <xmax>1157</xmax>
      <ymax>518</ymax>
    </bndbox>
    </object>
  <object>
    <name>Person</name>
    <pose>Unspecified</pose><truncated>0</truncated><difficult>0</difficult><bndbox>
      <xmin>1233</xmin>
      <ymin>356</ymin>
      <xmax>1390</xmax>
      <ymax>545</ymax>
    </bndbox>
    </object>
</annotation>