<annotation>
  <folder>my-project-name</folder>
  <filename>119-1.png</filename>
  <path>/my-project-name/119-1.png</path><source>
    <database>Unspecified</database>
  </source>
  <size>
    <width>1792</width>
    <height>1024</height>
    <depth>3</depth>
  </size>
  <object>
    <name>Person</name>
    <pose>Unspecified</pose><truncated>0</truncated><difficult>0</difficult><bndbox>
      <xmin>953</xmin>
      <ymin>901</ymin>
      <xmax>991</xmax>
      <ymax>971</ymax>
    </bndbox>
    </object>
  <object>
    <name>Person</name>
    <pose>Unspecified</pose><truncated>0</truncated><difficult>0</difficult><bndbox>
      <xmin>920</xmin>
      <ymin>909</ymin>
      <xmax>942</xmax>
      <ymax>975</ymax>
    </bndbox>
    </object>
</annotation>