<annotation>
  <folder>my-project-name</folder>
  <filename>12-1.png</filename>
  <path>/my-project-name/12-1.png</path><source>
    <database>Unspecified</database>
  </source>
  <size>
    <width>1792</width>
    <height>1024</height>
    <depth>3</depth>
  </size>
  <object>
    <name>Person</name>
    <pose>Unspecified</pose><truncated>0</truncated><difficult>0</difficult><bndbox>
      <xmin>814</xmin>
      <ymin>394</ymin>
      <xmax>909</xmax>
      <ymax>635</ymax>
    </bndbox>
    </object>
  <object>
    <name>Person</name>
    <pose>Unspecified</pose><truncated>0</truncated><difficult>0</difficult><bndbox>
      <xmin>954</xmin>
      <ymin>397</ymin>
      <xmax>1074</xmax>
      <ymax>656</ymax>
    </bndbox>
    </object>
  <object>
    <name>Person</name>
    <pose>Unspecified</pose><truncated>0</truncated><difficult>0</difficult><bndbox>
      <xmin>907</xmin>
      <ymin>766</ymin>
      <xmax>1074</xmax>
      <ymax>992</ymax>
    </bndbox>
    </object>
  <object>
    <name>Person</name>
    <pose>Unspecified</pose><truncated>0</truncated><difficult>0</difficult><bndbox>
      <xmin>783</xmin>
      <ymin>690</ymin>
      <xmax>899</xmax>
      <ymax>947</ymax>
    </bndbox>
    </object>
  <object>
    <name>Person</name>
    <pose>Unspecified</pose><truncated>0</truncated><difficult>0</difficult><bndbox>
      <xmin>1053</xmin>
      <ymin>563</ymin>
      <xmax>1148</xmax>
      <ymax>821</ymax>
    </bndbox>
    </object>
  <object>
    <name>Person</name>
    <pose>Unspecified</pose><truncated>0</truncated><difficult>0</difficult><bndbox>
      <xmin>1121</xmin>
      <ymin>456</ymin>
      <xmax>1216</xmax>
      <ymax>706</ymax>
    </bndbox>
    </object>
  <object>
    <name>Person</name>
    <pose>Unspecified</pose><truncated>0</truncated><difficult>0</difficult><bndbox>
      <xmin>543</xmin>
      <ymin>813</ymin>
      <xmax>705</xmax>
      <ymax>1008</ymax>
    </bndbox>
    </object>
  <object>
    <name>Person</name>
    <pose>Unspecified</pose><truncated>0</truncated><difficult>0</difficult><bndbox>
      <xmin>1103</xmin>
      <ymin>621</ymin>
      <xmax>1257</xmax>
      <ymax>891</ymax>
    </bndbox>
    </object>
  <object>
    <name>Person</name>
    <pose>Unspecified</pose><truncated>0</truncated><difficult>0</difficult><bndbox>
      <xmin>729</xmin>
      <ymin>517</ymin>
      <xmax>830</xmax>
      <ymax>778</ymax>
    </bndbox>
    </object>
  <object>
    <name>Person</name>
    <pose>Unspecified</pose><truncated>0</truncated><difficult>0</difficult><bndbox>
      <xmin>898</xmin>
      <ymin>560</ymin>
      <xmax>989</xmax>
      <ymax>808</ymax>
    </bndbox>
    </object>
  <object>
    <name>Person</name>
    <pose>Unspecified</pose><truncated>0</truncated><difficult>0</difficult><bndbox>
      <xmin>558</xmin>
      <ymin>479</ymin>
      <xmax>643</xmax>
      <ymax>693</ymax>
    </bndbox>
    </object>
  <object>
    <name>Person</name>
    <pose>Unspecified</pose><truncated>0</truncated><difficult>0</difficult><bndbox>
      <xmin>459</xmin>
      <ymin>450</ymin>
      <xmax>558</xmax>
      <ymax>699</ymax>
    </bndbox>
    </object>
  <object>
    <name>Person</name>
    <pose>Unspecified</pose><truncated>0</truncated><difficult>0</difficult><bndbox>
      <xmin>1240</xmin>
      <ymin>743</ymin>
      <xmax>1389</xmax>
      <ymax>961</ymax>
    </bndbox>
    </object>
  <object>
    <name>Person</name>
    <pose>Unspecified</pose><truncated>0</truncated><difficult>0</difficult><bndbox>
      <xmin>614</xmin>
      <ymin>617</ymin>
      <xmax>740</xmax>
      <ymax>890</ymax>
    </bndbox>
    </object>
  <object>
    <name>Person</name>
    <pose>Unspecified</pose><truncated>0</truncated><difficult>0</difficult><bndbox>
      <xmin>649</xmin>
      <ymin>444</ymin>
      <xmax>738</xmax>
      <ymax>695</ymax>
    </bndbox>
    </object>
  <object>
    <name>Person</name>
    <pose>Unspecified</pose><truncated>0</truncated><difficult>0</difficult><bndbox>
      <xmin>1120</xmin>
      <ymin>767</ymin>
      <xmax>1297</xmax>
      <ymax>992</ymax>
    </bndbox>
    </object>
</annotation>