<annotation>
  <folder>my-project-name</folder>
  <filename>12-2.png</filename>
  <path>/my-project-name/12-2.png</path><source>
    <database>Unspecified</database>
  </source>
  <size>
    <width>1792</width>
    <height>1024</height>
    <depth>3</depth>
  </size>
  <object>
    <name>Person</name>
    <pose>Unspecified</pose><truncated>0</truncated><difficult>0</difficult><bndbox>
      <xmin>599</xmin>
      <ymin>411</ymin>
      <xmax>821</xmax>
      <ymax>849</ymax>
    </bndbox>
    </object>
  <object>
    <name>Person</name>
    <pose>Unspecified</pose><truncated>0</truncated><difficult>0</difficult><bndbox>
      <xmin>796</xmin>
      <ymin>383</ymin>
      <xmax>954</xmax>
      <ymax>833</ymax>
    </bndbox>
    </object>
</annotation>