<annotation>
  <folder>my-project-name</folder>
  <filename>120-2.png</filename>
  <path>/my-project-name/120-2.png</path><source>
    <database>Unspecified</database>
  </source>
  <size>
    <width>1792</width>
    <height>1024</height>
    <depth>3</depth>
  </size>
  <object>
    <name>Person</name>
    <pose>Unspecified</pose><truncated>0</truncated><difficult>0</difficult><bndbox>
      <xmin>1199</xmin>
      <ymin>557</ymin>
      <xmax>1395</xmax>
      <ymax>946</ymax>
    </bndbox>
    </object>
  <object>
    <name>Person</name>
    <pose>Unspecified</pose><truncated>0</truncated><difficult>0</difficult><bndbox>
      <xmin>785</xmin>
      <ymin>453</ymin>
      <xmax>1027</xmax>
      <ymax>796</ymax>
    </bndbox>
    </object>
</annotation>