<annotation>
  <folder>my-project-name</folder>
  <filename>121-1.png</filename>
  <path>/my-project-name/121-1.png</path><source>
    <database>Unspecified</database>
  </source>
  <size>
    <width>1792</width>
    <height>1024</height>
    <depth>3</depth>
  </size>
  <object>
    <name>Person</name>
    <pose>Unspecified</pose><truncated>0</truncated><difficult>0</difficult><bndbox>
      <xmin>539</xmin>
      <ymin>923</ymin>
      <xmax>692</xmax>
      <ymax>1020</ymax>
    </bndbox>
    </object>
  <object>
    <name>Person</name>
    <pose>Unspecified</pose><truncated>0</truncated><difficult>0</difficult><bndbox>
      <xmin>1338</xmin>
      <ymin>920</ymin>
      <xmax>1432</xmax>
      <ymax>1019</ymax>
    </bndbox>
    </object>
  <object>
    <name>Person</name>
    <pose>Unspecified</pose><truncated>0</truncated><difficult>0</difficult><bndbox>
      <xmin>1469</xmin>
      <ymin>860</ymin>
      <xmax>1703</xmax>
      <ymax>1019</ymax>
    </bndbox>
    </object>
  <object>
    <name>Person</name>
    <pose>Unspecified</pose><truncated>0</truncated><difficult>0</difficult><bndbox>
      <xmin>699</xmin>
      <ymin>794</ymin>
      <xmax>844</xmax>
      <ymax>1020</ymax>
    </bndbox>
    </object>
  <object>
    <name>Person</name>
    <pose>Unspecified</pose><truncated>0</truncated><difficult>0</difficult><bndbox>
      <xmin>1220</xmin>
      <ymin>745</ymin>
      <xmax>1470</xmax>
      <ymax>1020</ymax>
    </bndbox>
    </object>
  <object>
    <name>Person</name>
    <pose>Unspecified</pose><truncated>0</truncated><difficult>0</difficult><bndbox>
      <xmin>863</xmin>
      <ymin>715</ymin>
      <xmax>1269</xmax>
      <ymax>1021</ymax>
    </bndbox>
    </object>
  <object>
    <name>Person</name>
    <pose>Unspecified</pose><truncated>0</truncated><difficult>0</difficult><bndbox>
      <xmin>1410</xmin>
      <ymin>712</ymin>
      <xmax>1565</xmax>
      <ymax>927</ymax>
    </bndbox>
    </object>
  <object>
    <name>Person</name>
    <pose>Unspecified</pose><truncated>0</truncated><difficult>0</difficult><bndbox>
      <xmin>461</xmin>
      <ymin>911</ymin>
      <xmax>532</xmax>
      <ymax>999</ymax>
    </bndbox>
    </object>
  <object>
    <name>Person</name>
    <pose>Unspecified</pose><truncated>0</truncated><difficult>0</difficult><bndbox>
      <xmin>1177</xmin>
      <ymin>907</ymin>
      <xmax>1242</xmax>
      <ymax>1013</ymax>
    </bndbox>
    </object>
  <object>
    <name>Person</name>
    <pose>Unspecified</pose><truncated>0</truncated><difficult>0</difficult><bndbox>
      <xmin>1079</xmin>
      <ymin>843</ymin>
      <xmax>1133</xmax>
      <ymax>941</ymax>
    </bndbox>
    </object>
</annotation>