<annotation>
  <folder>my-project-name</folder>
  <filename>121-2.png</filename>
  <path>/my-project-name/121-2.png</path><source>
    <database>Unspecified</database>
  </source>
  <size>
    <width>1792</width>
    <height>1024</height>
    <depth>3</depth>
  </size>
  <object>
    <name>Person</name>
    <pose>Unspecified</pose><truncated>0</truncated><difficult>0</difficult><bndbox>
      <xmin>962</xmin>
      <ymin>782</ymin>
      <xmax>1106</xmax>
      <ymax>1007</ymax>
    </bndbox>
    </object>
  <object>
    <name>Person</name>
    <pose>Unspecified</pose><truncated>0</truncated><difficult>0</difficult><bndbox>
      <xmin>1224</xmin>
      <ymin>773</ymin>
      <xmax>1371</xmax>
      <ymax>975</ymax>
    </bndbox>
    </object>
  <object>
    <name>Person</name>
    <pose>Unspecified</pose><truncated>0</truncated><difficult>0</difficult><bndbox>
      <xmin>562</xmin>
      <ymin>797</ymin>
      <xmax>652</xmax>
      <ymax>986</ymax>
    </bndbox>
    </object>
</annotation>