<annotation>
  <folder>my-project-name</folder>
  <filename>122-2.png</filename>
  <path>/my-project-name/122-2.png</path><source>
    <database>Unspecified</database>
  </source>
  <size>
    <width>1792</width>
    <height>1024</height>
    <depth>3</depth>
  </size>
  <object>
    <name>Person</name>
    <pose>Unspecified</pose><truncated>0</truncated><difficult>0</difficult><bndbox>
      <xmin>1116</xmin>
      <ymin>276</ymin>
      <xmax>1318</xmax>
      <ymax>756</ymax>
    </bndbox>
    </object>
</annotation>