<annotation>
  <folder>my-project-name</folder>
  <filename>124-2.png</filename>
  <path>/my-project-name/124-2.png</path><source>
    <database>Unspecified</database>
  </source>
  <size>
    <width>1792</width>
    <height>1024</height>
    <depth>3</depth>
  </size>
  <object>
    <name>Person</name>
    <pose>Unspecified</pose><truncated>0</truncated><difficult>0</difficult><bndbox>
      <xmin>1198</xmin>
      <ymin>642</ymin>
      <xmax>1310</xmax>
      <ymax>822</ymax>
    </bndbox>
    </object>
  <object>
    <name>Person</name>
    <pose>Unspecified</pose><truncated>0</truncated><difficult>0</difficult><bndbox>
      <xmin>649</xmin>
      <ymin>751</ymin>
      <xmax>781</xmax>
      <ymax>886</ymax>
    </bndbox>
    </object>
  <object>
    <name>Person</name>
    <pose>Unspecified</pose><truncated>0</truncated><difficult>0</difficult><bndbox>
      <xmin>1087</xmin>
      <ymin>680</ymin>
      <xmax>1185</xmax>
      <ymax>844</ymax>
    </bndbox>
    </object>
  <object>
    <name>Person</name>
    <pose>Unspecified</pose><truncated>0</truncated><difficult>0</difficult><bndbox>
      <xmin>799</xmin>
      <ymin>739</ymin>
      <xmax>970</xmax>
      <ymax>983</ymax>
    </bndbox>
    </object>
  <object>
    <name>Person</name>
    <pose>Unspecified</pose><truncated>0</truncated><difficult>0</difficult><bndbox>
      <xmin>964</xmin>
      <ymin>725</ymin>
      <xmax>1095</xmax>
      <ymax>894</ymax>
    </bndbox>
    </object>
</annotation>