<annotation>
  <folder>my-project-name</folder>
  <filename>125-1.png</filename>
  <path>/my-project-name/125-1.png</path><source>
    <database>Unspecified</database>
  </source>
  <size>
    <width>1792</width>
    <height>1024</height>
    <depth>3</depth>
  </size>
  <object>
    <name>Person</name>
    <pose>Unspecified</pose><truncated>0</truncated><difficult>0</difficult><bndbox>
      <xmin>990</xmin>
      <ymin>409</ymin>
      <xmax>1238</xmax>
      <ymax>923</ymax>
    </bndbox>
    </object>
</annotation>