<annotation>
  <folder>my-project-name</folder>
  <filename>126-1.png</filename>
  <path>/my-project-name/126-1.png</path><source>
    <database>Unspecified</database>
  </source>
  <size>
    <width>1792</width>
    <height>1024</height>
    <depth>3</depth>
  </size>
  <object>
    <name>Person</name>
    <pose>Unspecified</pose><truncated>0</truncated><difficult>0</difficult><bndbox>
      <xmin>367</xmin>
      <ymin>598</ymin>
      <xmax>788</xmax>
      <ymax>924</ymax>
    </bndbox>
    </object>
  <object>
    <name>Person</name>
    <pose>Unspecified</pose><truncated>0</truncated><difficult>0</difficult><bndbox>
      <xmin>694</xmin>
      <ymin>255</ymin>
      <xmax>955</xmax>
      <ymax>583</ymax>
    </bndbox>
    </object>
  <object>
    <name>Person</name>
    <pose>Unspecified</pose><truncated>0</truncated><difficult>0</difficult><bndbox>
      <xmin>1050</xmin>
      <ymin>332</ymin>
      <xmax>1307</xmax>
      <ymax>733</ymax>
    </bndbox>
    </object>
  <object>
    <name>Person</name>
    <pose>Unspecified</pose><truncated>0</truncated><difficult>0</difficult><bndbox>
      <xmin>1322</xmin>
      <ymin>347</ymin>
      <xmax>1539</xmax>
      <ymax>701</ymax>
    </bndbox>
    </object>
  <object>
    <name>Person</name>
    <pose>Unspecified</pose><truncated>0</truncated><difficult>0</difficult><bndbox>
      <xmin>359</xmin>
      <ymin>324</ymin>
      <xmax>487</xmax>
      <ymax>590</ymax>
    </bndbox>
    </object>
  <object>
    <name>Person</name>
    <pose>Unspecified</pose><truncated>0</truncated><difficult>0</difficult><bndbox>
      <xmin>598</xmin>
      <ymin>247</ymin>
      <xmax>821</xmax>
      <ymax>554</ymax>
    </bndbox>
    </object>
</annotation>