<annotation>
  <folder>my-project-name</folder>
  <filename>126-2.png</filename>
  <path>/my-project-name/126-2.png</path><source>
    <database>Unspecified</database>
  </source>
  <size>
    <width>1792</width>
    <height>1024</height>
    <depth>3</depth>
  </size>
  <object>
    <name>Person</name>
    <pose>Unspecified</pose><truncated>0</truncated><difficult>0</difficult><bndbox>
      <xmin>981</xmin>
      <ymin>535</ymin>
      <xmax>1547</xmax>
      <ymax>888</ymax>
    </bndbox>
    </object>
  <object>
    <name>Person</name>
    <pose>Unspecified</pose><truncated>0</truncated><difficult>0</difficult><bndbox>
      <xmin>897</xmin>
      <ymin>365</ymin>
      <xmax>1094</xmax>
      <ymax>589</ymax>
    </bndbox>
    </object>
  <object>
    <name>Person</name>
    <pose>Unspecified</pose><truncated>0</truncated><difficult>0</difficult><bndbox>
      <xmin>277</xmin>
      <ymin>456</ymin>
      <xmax>591</xmax>
      <ymax>804</ymax>
    </bndbox>
    </object>
</annotation>