<annotation>
  <folder>my-project-name</folder>
  <filename>127-2.png</filename>
  <path>/my-project-name/127-2.png</path><source>
    <database>Unspecified</database>
  </source>
  <size>
    <width>1792</width>
    <height>1024</height>
    <depth>3</depth>
  </size>
  <object>
    <name>Person</name>
    <pose>Unspecified</pose><truncated>0</truncated><difficult>0</difficult><bndbox>
      <xmin>994</xmin>
      <ymin>670</ymin>
      <xmax>1158</xmax>
      <ymax>967</ymax>
    </bndbox>
    </object>
  <object>
    <name>Person</name>
    <pose>Unspecified</pose><truncated>0</truncated><difficult>0</difficult><bndbox>
      <xmin>589</xmin>
      <ymin>437</ymin>
      <xmax>700</xmax>
      <ymax>722</ymax>
    </bndbox>
    </object>
</annotation>