<annotation>
  <folder>my-project-name</folder>
  <filename>127-1.png</filename>
  <path>/my-project-name/127-1.png</path><source>
    <database>Unspecified</database>
  </source>
  <size>
    <width>1792</width>
    <height>1024</height>
    <depth>3</depth>
  </size>
  <object>
    <name>Person</name>
    <pose>Unspecified</pose><truncated>0</truncated><difficult>0</difficult><bndbox>
      <xmin>1071</xmin>
      <ymin>610</ymin>
      <xmax>1144</xmax>
      <ymax>782</ymax>
    </bndbox>
    </object>
  <object>
    <name>Person</name>
    <pose>Unspecified</pose><truncated>0</truncated><difficult>0</difficult><bndbox>
      <xmin>843</xmin>
      <ymin>790</ymin>
      <xmax>917</xmax>
      <ymax>937</ymax>
    </bndbox>
    </object>
</annotation>