<annotation>
  <folder>my-project-name</folder>
  <filename>128-2.png</filename>
  <path>/my-project-name/128-2.png</path><source>
    <database>Unspecified</database>
  </source>
  <size>
    <width>1792</width>
    <height>1024</height>
    <depth>3</depth>
  </size>
  <object>
    <name>Person</name>
    <pose>Unspecified</pose><truncated>0</truncated><difficult>0</difficult><bndbox>
      <xmin>660</xmin>
      <ymin>365</ymin>
      <xmax>780</xmax>
      <ymax>757</ymax>
    </bndbox>
    </object>
  <object>
    <name>Person</name>
    <pose>Unspecified</pose><truncated>0</truncated><difficult>0</difficult><bndbox>
      <xmin>1101</xmin>
      <ymin>458</ymin>
      <xmax>1224</xmax>
      <ymax>862</ymax>
    </bndbox>
    </object>
  <object>
    <name>Person</name>
    <pose>Unspecified</pose><truncated>0</truncated><difficult>0</difficult><bndbox>
      <xmin>934</xmin>
      <ymin>462</ymin>
      <xmax>1067</xmax>
      <ymax>876</ymax>
    </bndbox>
    </object>
  <object>
    <name>Person</name>
    <pose>Unspecified</pose><truncated>0</truncated><difficult>0</difficult><bndbox>
      <xmin>772</xmin>
      <ymin>455</ymin>
      <xmax>893</xmax>
      <ymax>856</ymax>
    </bndbox>
    </object>
  <object>
    <name>Person</name>
    <pose>Unspecified</pose><truncated>0</truncated><difficult>0</difficult><bndbox>
      <xmin>565</xmin>
      <ymin>390</ymin>
      <xmax>667</xmax>
      <ymax>805</ymax>
    </bndbox>
    </object>
  <object>
    <name>Person</name>
    <pose>Unspecified</pose><truncated>0</truncated><difficult>0</difficult><bndbox>
      <xmin>336</xmin>
      <ymin>529</ymin>
      <xmax>465</xmax>
      <ymax>784</ymax>
    </bndbox>
    </object>
  <object>
    <name>Person</name>
    <pose>Unspecified</pose><truncated>0</truncated><difficult>0</difficult><bndbox>
      <xmin>835</xmin>
      <ymin>370</ymin>
      <xmax>951</xmax>
      <ymax>753</ymax>
    </bndbox>
    </object>
</annotation>