<annotation>
  <folder>my-project-name</folder>
  <filename>128-1.png</filename>
  <path>/my-project-name/128-1.png</path><source>
    <database>Unspecified</database>
  </source>
  <size>
    <width>1792</width>
    <height>1024</height>
    <depth>3</depth>
  </size>
  <object>
    <name>Person</name>
    <pose>Unspecified</pose><truncated>0</truncated><difficult>0</difficult><bndbox>
      <xmin>529</xmin>
      <ymin>169</ymin>
      <xmax>701</xmax>
      <ymax>541</ymax>
    </bndbox>
    </object>
  <object>
    <name>Person</name>
    <pose>Unspecified</pose><truncated>0</truncated><difficult>0</difficult><bndbox>
      <xmin>1092</xmin>
      <ymin>207</ymin>
      <xmax>1279</xmax>
      <ymax>572</ymax>
    </bndbox>
    </object>
  <object>
    <name>Person</name>
    <pose>Unspecified</pose><truncated>0</truncated><difficult>0</difficult><bndbox>
      <xmin>861</xmin>
      <ymin>125</ymin>
      <xmax>1053</xmax>
      <ymax>434</ymax>
    </bndbox>
    </object>
  <object>
    <name>Person</name>
    <pose>Unspecified</pose><truncated>0</truncated><difficult>0</difficult><bndbox>
      <xmin>705</xmin>
      <ymin>116</ymin>
      <xmax>837</xmax>
      <ymax>433</ymax>
    </bndbox>
    </object>
  <object>
    <name>Person</name>
    <pose>Unspecified</pose><truncated>0</truncated><difficult>0</difficult><bndbox>
      <xmin>469</xmin>
      <ymin>772</ymin>
      <xmax>725</xmax>
      <ymax>973</ymax>
    </bndbox>
    </object>
  <object>
    <name>Person</name>
    <pose>Unspecified</pose><truncated>0</truncated><difficult>0</difficult><bndbox>
      <xmin>207</xmin>
      <ymin>668</ymin>
      <xmax>443</xmax>
      <ymax>852</ymax>
    </bndbox>
    </object>
  <object>
    <name>Person</name>
    <pose>Unspecified</pose><truncated>0</truncated><difficult>0</difficult><bndbox>
      <xmin>1096</xmin>
      <ymin>725</ymin>
      <xmax>1288</xmax>
      <ymax>959</ymax>
    </bndbox>
    </object>
  <object>
    <name>Person</name>
    <pose>Unspecified</pose><truncated>0</truncated><difficult>0</difficult><bndbox>
      <xmin>244</xmin>
      <ymin>371</ymin>
      <xmax>505</xmax>
      <ymax>704</ymax>
    </bndbox>
    </object>
  <object>
    <name>Person</name>
    <pose>Unspecified</pose><truncated>0</truncated><difficult>0</difficult><bndbox>
      <xmin>1253</xmin>
      <ymin>433</ymin>
      <xmax>1543</xmax>
      <ymax>698</ymax>
    </bndbox>
    </object>
  <object>
    <name>Person</name>
    <pose>Unspecified</pose><truncated>0</truncated><difficult>0</difficult><bndbox>
      <xmin>1291</xmin>
      <ymin>612</ymin>
      <xmax>1606</xmax>
      <ymax>835</ymax>
    </bndbox>
    </object>
  <object>
    <name>Person</name>
    <pose>Unspecified</pose><truncated>0</truncated><difficult>0</difficult><bndbox>
      <xmin>736</xmin>
      <ymin>770</ymin>
      <xmax>960</xmax>
      <ymax>974</ymax>
    </bndbox>
    </object>
</annotation>