<annotation>
  <folder>my-project-name</folder>
  <filename>129-1.png</filename>
  <path>/my-project-name/129-1.png</path><source>
    <database>Unspecified</database>
  </source>
  <size>
    <width>1792</width>
    <height>1024</height>
    <depth>3</depth>
  </size>
  <object>
    <name>Person</name>
    <pose>Unspecified</pose><truncated>0</truncated><difficult>0</difficult><bndbox>
      <xmin>765</xmin>
      <ymin>401</ymin>
      <xmax>997</xmax>
      <ymax>636</ymax>
    </bndbox>
    </object>
</annotation>