<annotation>
  <folder>my-project-name</folder>
  <filename>129-2.png</filename>
  <path>/my-project-name/129-2.png</path><source>
    <database>Unspecified</database>
  </source>
  <size>
    <width>1792</width>
    <height>1024</height>
    <depth>3</depth>
  </size>
  <object>
    <name>Person</name>
    <pose>Unspecified</pose><truncated>0</truncated><difficult>0</difficult><bndbox>
      <xmin>644</xmin>
      <ymin>536</ymin>
      <xmax>1027</xmax>
      <ymax>1010</ymax>
    </bndbox>
    </object>
  <object>
    <name>Person</name>
    <pose>Unspecified</pose><truncated>0</truncated><difficult>0</difficult><bndbox>
      <xmin>824</xmin>
      <ymin>823</ymin>
      <xmax>939</xmax>
      <ymax>885</ymax>
    </bndbox>
    </object>
</annotation>