<annotation>
  <folder>my-project-name</folder>
  <filename>13-2.png</filename>
  <path>/my-project-name/13-2.png</path><source>
    <database>Unspecified</database>
  </source>
  <size>
    <width>1792</width>
    <height>1024</height>
    <depth>3</depth>
  </size>
  <object>
    <name>Person</name>
    <pose>Unspecified</pose><truncated>0</truncated><difficult>0</difficult><bndbox>
      <xmin>788</xmin>
      <ymin>787</ymin>
      <xmax>859</xmax>
      <ymax>981</ymax>
    </bndbox>
    </object>
  <object>
    <name>Person</name>
    <pose>Unspecified</pose><truncated>0</truncated><difficult>0</difficult><bndbox>
      <xmin>778</xmin>
      <ymin>368</ymin>
      <xmax>1215</xmax>
      <ymax>765</ymax>
    </bndbox>
    </object>
</annotation>