<annotation>
  <folder>my-project-name</folder>
  <filename>132-1.png</filename>
  <path>/my-project-name/132-1.png</path><source>
    <database>Unspecified</database>
  </source>
  <size>
    <width>1792</width>
    <height>1024</height>
    <depth>3</depth>
  </size>
  <object>
    <name>Person</name>
    <pose>Unspecified</pose><truncated>0</truncated><difficult>0</difficult><bndbox>
      <xmin>549</xmin>
      <ymin>797</ymin>
      <xmax>658</xmax>
      <ymax>944</ymax>
    </bndbox>
    </object>
  <object>
    <name>Person</name>
    <pose>Unspecified</pose><truncated>0</truncated><difficult>0</difficult><bndbox>
      <xmin>195</xmin>
      <ymin>731</ymin>
      <xmax>333</xmax>
      <ymax>1009</ymax>
    </bndbox>
    </object>
  <object>
    <name>Person</name>
    <pose>Unspecified</pose><truncated>0</truncated><difficult>0</difficult><bndbox>
      <xmin>699</xmin>
      <ymin>691</ymin>
      <xmax>815</xmax>
      <ymax>813</ymax>
    </bndbox>
    </object>
  <object>
    <name>Person</name>
    <pose>Unspecified</pose><truncated>0</truncated><difficult>0</difficult><bndbox>
      <xmin>262</xmin>
      <ymin>456</ymin>
      <xmax>319</xmax>
      <ymax>632</ymax>
    </bndbox>
    </object>
  <object>
    <name>Person</name>
    <pose>Unspecified</pose><truncated>0</truncated><difficult>0</difficult><bndbox>
      <xmin>764</xmin>
      <ymin>188</ymin>
      <xmax>1080</xmax>
      <ymax>826</ymax>
    </bndbox>
    </object>
  <object>
    <name>Person</name>
    <pose>Unspecified</pose><truncated>0</truncated><difficult>0</difficult><bndbox>
      <xmin>399</xmin>
      <ymin>171</ymin>
      <xmax>630</xmax>
      <ymax>407</ymax>
    </bndbox>
    </object>
</annotation>