<annotation>
  <folder>my-project-name</folder>
  <filename>134-1.png</filename>
  <path>/my-project-name/134-1.png</path><source>
    <database>Unspecified</database>
  </source>
  <size>
    <width>1792</width>
    <height>1024</height>
    <depth>3</depth>
  </size>
  <object>
    <name>Person</name>
    <pose>Unspecified</pose><truncated>0</truncated><difficult>0</difficult><bndbox>
      <xmin>833</xmin>
      <ymin>661</ymin>
      <xmax>898</xmax>
      <ymax>833</ymax>
    </bndbox>
    </object>
  <object>
    <name>Person</name>
    <pose>Unspecified</pose><truncated>0</truncated><difficult>0</difficult><bndbox>
      <xmin>868</xmin>
      <ymin>858</ymin>
      <xmax>965</xmax>
      <ymax>1022</ymax>
    </bndbox>
    </object>
  <object>
    <name>Person</name>
    <pose>Unspecified</pose><truncated>0</truncated><difficult>0</difficult><bndbox>
      <xmin>961</xmin>
      <ymin>876</ymin>
      <xmax>1043</xmax>
      <ymax>1019</ymax>
    </bndbox>
    </object>
  <object>
    <name>Person</name>
    <pose>Unspecified</pose><truncated>0</truncated><difficult>0</difficult><bndbox>
      <xmin>902</xmin>
      <ymin>442</ymin>
      <xmax>936</xmax>
      <ymax>532</ymax>
    </bndbox>
    </object>
  <object>
    <name>Person</name>
    <pose>Unspecified</pose><truncated>0</truncated><difficult>0</difficult><bndbox>
      <xmin>952</xmin>
      <ymin>601</ymin>
      <xmax>993</xmax>
      <ymax>705</ymax>
    </bndbox>
    </object>
  <object>
    <name>Person</name>
    <pose>Unspecified</pose><truncated>0</truncated><difficult>0</difficult><bndbox>
      <xmin>872</xmin>
      <ymin>431</ymin>
      <xmax>902</xmax>
      <ymax>541</ymax>
    </bndbox>
    </object>
</annotation>