<annotation>
  <folder>my-project-name</folder>
  <filename>134-2.png</filename>
  <path>/my-project-name/134-2.png</path><source>
    <database>Unspecified</database>
  </source>
  <size>
    <width>1792</width>
    <height>1024</height>
    <depth>3</depth>
  </size>
  <object>
    <name>Person</name>
    <pose>Unspecified</pose><truncated>0</truncated><difficult>0</difficult><bndbox>
      <xmin>688</xmin>
      <ymin>656</ymin>
      <xmax>816</xmax>
      <ymax>998</ymax>
    </bndbox>
    </object>
  <object>
    <name>Person</name>
    <pose>Unspecified</pose><truncated>0</truncated><difficult>0</difficult><bndbox>
      <xmin>817</xmin>
      <ymin>689</ymin>
      <xmax>933</xmax>
      <ymax>997</ymax>
    </bndbox>
    </object>
</annotation>