<annotation>
  <folder>my-project-name</folder>
  <filename>135-2.png</filename>
  <path>/my-project-name/135-2.png</path><source>
    <database>Unspecified</database>
  </source>
  <size>
    <width>1792</width>
    <height>1024</height>
    <depth>3</depth>
  </size>
  <object>
    <name>Person</name>
    <pose>Unspecified</pose><truncated>0</truncated><difficult>0</difficult><bndbox>
      <xmin>140</xmin>
      <ymin>643</ymin>
      <xmax>194</xmax>
      <ymax>826</ymax>
    </bndbox>
    </object>
  <object>
    <name>Person</name>
    <pose>Unspecified</pose><truncated>0</truncated><difficult>0</difficult><bndbox>
      <xmin>183</xmin>
      <ymin>442</ymin>
      <xmax>1636</xmax>
      <ymax>1022</ymax>
    </bndbox>
    </object>
  <object>
    <name>Person</name>
    <pose>Unspecified</pose><truncated>0</truncated><difficult>0</difficult><bndbox>
      <xmin>978</xmin>
      <ymin>633</ymin>
      <xmax>1108</xmax>
      <ymax>944</ymax>
    </bndbox>
    </object>
  <object>
    <name>Person</name>
    <pose>Unspecified</pose><truncated>0</truncated><difficult>0</difficult><bndbox>
      <xmin>437</xmin>
      <ymin>627</ymin>
      <xmax>606</xmax>
      <ymax>1012</ymax>
    </bndbox>
    </object>
</annotation>