<annotation>
  <folder>my-project-name</folder>
  <filename>135-1.png</filename>
  <path>/my-project-name/135-1.png</path><source>
    <database>Unspecified</database>
  </source>
  <size>
    <width>1792</width>
    <height>1024</height>
    <depth>3</depth>
  </size>
  <object>
    <name>Person</name>
    <pose>Unspecified</pose><truncated>0</truncated><difficult>0</difficult><bndbox>
      <xmin>333</xmin>
      <ymin>517</ymin>
      <xmax>437</xmax>
      <ymax>837</ymax>
    </bndbox>
    </object>
  <object>
    <name>Person</name>
    <pose>Unspecified</pose><truncated>0</truncated><difficult>0</difficult><bndbox>
      <xmin>1257</xmin>
      <ymin>556</ymin>
      <xmax>1405</xmax>
      <ymax>919</ymax>
    </bndbox>
    </object>
  <object>
    <name>Person</name>
    <pose>Unspecified</pose><truncated>0</truncated><difficult>0</difficult><bndbox>
      <xmin>158</xmin>
      <ymin>587</ymin>
      <xmax>284</xmax>
      <ymax>921</ymax>
    </bndbox>
    </object>
  <object>
    <name>Person</name>
    <pose>Unspecified</pose><truncated>0</truncated><difficult>0</difficult><bndbox>
      <xmin>1018</xmin>
      <ymin>594</ymin>
      <xmax>1195</xmax>
      <ymax>967</ymax>
    </bndbox>
    </object>
</annotation>