<annotation>
  <folder>my-project-name</folder>
  <filename>136-2.png</filename>
  <path>/my-project-name/136-2.png</path><source>
    <database>Unspecified</database>
  </source>
  <size>
    <width>1792</width>
    <height>1024</height>
    <depth>3</depth>
  </size>
  <object>
    <name>Person</name>
    <pose>Unspecified</pose><truncated>0</truncated><difficult>0</difficult><bndbox>
      <xmin>741</xmin>
      <ymin>630</ymin>
      <xmax>1185</xmax>
      <ymax>1001</ymax>
    </bndbox>
    </object>
  <object>
    <name>Person</name>
    <pose>Unspecified</pose><truncated>0</truncated><difficult>0</difficult><bndbox>
      <xmin>1205</xmin>
      <ymin>650</ymin>
      <xmax>1548</xmax>
      <ymax>983</ymax>
    </bndbox>
    </object>
</annotation>