<annotation>
  <folder>my-project-name</folder>
  <filename>137-1.png</filename>
  <path>/my-project-name/137-1.png</path><source>
    <database>Unspecified</database>
  </source>
  <size>
    <width>1792</width>
    <height>1024</height>
    <depth>3</depth>
  </size>
  <object>
    <name>Person</name>
    <pose>Unspecified</pose><truncated>0</truncated><difficult>0</difficult><bndbox>
      <xmin>537</xmin>
      <ymin>243</ymin>
      <xmax>1211</xmax>
      <ymax>1000</ymax>
    </bndbox>
    </object>
  <object>
    <name>Person</name>
    <pose>Unspecified</pose><truncated>0</truncated><difficult>0</difficult><bndbox>
      <xmin>883</xmin>
      <ymin>872</ymin>
      <xmax>984</xmax>
      <ymax>934</ymax>
    </bndbox>
    </object>
  <object>
    <name>Person</name>
    <pose>Unspecified</pose><truncated>0</truncated><difficult>0</difficult><bndbox>
      <xmin>669</xmin>
      <ymin>865</ymin>
      <xmax>770</xmax>
      <ymax>932</ymax>
    </bndbox>
    </object>
  <object>
    <name>Person</name>
    <pose>Unspecified</pose><truncated>0</truncated><difficult>0</difficult><bndbox>
      <xmin>878</xmin>
      <ymin>794</ymin>
      <xmax>973</xmax>
      <ymax>867</ymax>
    </bndbox>
    </object>
  <object>
    <name>Person</name>
    <pose>Unspecified</pose><truncated>0</truncated><difficult>0</difficult><bndbox>
      <xmin>659</xmin>
      <ymin>788</ymin>
      <xmax>768</xmax>
      <ymax>864</ymax>
    </bndbox>
    </object>
  <object>
    <name>Person</name>
    <pose>Unspecified</pose><truncated>0</truncated><difficult>0</difficult><bndbox>
      <xmin>1061</xmin>
      <ymin>784</ymin>
      <xmax>1165</xmax>
      <ymax>851</ymax>
    </bndbox>
    </object>
  <object>
    <name>Person</name>
    <pose>Unspecified</pose><truncated>0</truncated><difficult>0</difficult><bndbox>
      <xmin>770</xmin>
      <ymin>779</ymin>
      <xmax>877</xmax>
      <ymax>878</ymax>
    </bndbox>
    </object>
  <object>
    <name>Person</name>
    <pose>Unspecified</pose><truncated>0</truncated><difficult>0</difficult><bndbox>
      <xmin>801</xmin>
      <ymin>698</ymin>
      <xmax>893</xmax>
      <ymax>770</ymax>
    </bndbox>
    </object>
  <object>
    <name>Person</name>
    <pose>Unspecified</pose><truncated>0</truncated><difficult>0</difficult><bndbox>
      <xmin>661</xmin>
      <ymin>670</ymin>
      <xmax>766</xmax>
      <ymax>786</ymax>
    </bndbox>
    </object>
  <object>
    <name>Person</name>
    <pose>Unspecified</pose><truncated>0</truncated><difficult>0</difficult><bndbox>
      <xmin>798</xmin>
      <ymin>573</ymin>
      <xmax>885</xmax>
      <ymax>669</ymax>
    </bndbox>
    </object>
  <object>
    <name>Person</name>
    <pose>Unspecified</pose><truncated>0</truncated><difficult>0</difficult><bndbox>
      <xmin>979</xmin>
      <ymin>517</ymin>
      <xmax>1088</xmax>
      <ymax>726</ymax>
    </bndbox>
    </object>
  <object>
    <name>Person</name>
    <pose>Unspecified</pose><truncated>0</truncated><difficult>0</difficult><bndbox>
      <xmin>677</xmin>
      <ymin>517</ymin>
      <xmax>767</xmax>
      <ymax>665</ymax>
    </bndbox>
    </object>
</annotation>