<annotation>
  <folder>my-project-name</folder>
  <filename>137-2.png</filename>
  <path>/my-project-name/137-2.png</path><source>
    <database>Unspecified</database>
  </source>
  <size>
    <width>1792</width>
    <height>1024</height>
    <depth>3</depth>
  </size>
  <object>
    <name>Person</name>
    <pose>Unspecified</pose><truncated>0</truncated><difficult>0</difficult><bndbox>
      <xmin>793</xmin>
      <ymin>543</ymin>
      <xmax>864</xmax>
      <ymax>714</ymax>
    </bndbox>
    </object>
  <object>
    <name>Person</name>
    <pose>Unspecified</pose><truncated>0</truncated><difficult>0</difficult><bndbox>
      <xmin>888</xmin>
      <ymin>522</ymin>
      <xmax>950</xmax>
      <ymax>699</ymax>
    </bndbox>
    </object>
</annotation>