<annotation>
  <folder>my-project-name</folder>
  <filename>138-2.png</filename>
  <path>/my-project-name/138-2.png</path><source>
    <database>Unspecified</database>
  </source>
  <size>
    <width>1792</width>
    <height>1024</height>
    <depth>3</depth>
  </size>
  <object>
    <name>Person</name>
    <pose>Unspecified</pose><truncated>0</truncated><difficult>0</difficult><bndbox>
      <xmin>774</xmin>
      <ymin>194</ymin>
      <xmax>947</xmax>
      <ymax>414</ymax>
    </bndbox>
    </object>
  <object>
    <name>Person</name>
    <pose>Unspecified</pose><truncated>0</truncated><difficult>0</difficult><bndbox>
      <xmin>1259</xmin>
      <ymin>848</ymin>
      <xmax>1391</xmax>
      <ymax>1017</ymax>
    </bndbox>
    </object>
  <object>
    <name>Person</name>
    <pose>Unspecified</pose><truncated>0</truncated><difficult>0</difficult><bndbox>
      <xmin>272</xmin>
      <ymin>768</ymin>
      <xmax>533</xmax>
      <ymax>1020</ymax>
    </bndbox>
    </object>
  <object>
    <name>Person</name>
    <pose>Unspecified</pose><truncated>0</truncated><difficult>0</difficult><bndbox>
      <xmin>824</xmin>
      <ymin>750</ymin>
      <xmax>1124</xmax>
      <ymax>1019</ymax>
    </bndbox>
    </object>
  <object>
    <name>Person</name>
    <pose>Unspecified</pose><truncated>0</truncated><difficult>0</difficult><bndbox>
      <xmin>491</xmin>
      <ymin>741</ymin>
      <xmax>752</xmax>
      <ymax>1019</ymax>
    </bndbox>
    </object>
  <object>
    <name>Person</name>
    <pose>Unspecified</pose><truncated>0</truncated><difficult>0</difficult><bndbox>
      <xmin>497</xmin>
      <ymin>373</ymin>
      <xmax>1170</xmax>
      <ymax>759</ymax>
    </bndbox>
    </object>
  <object>
    <name>Person</name>
    <pose>Unspecified</pose><truncated>0</truncated><difficult>0</difficult><bndbox>
      <xmin>907</xmin>
      <ymin>548</ymin>
      <xmax>1006</xmax>
      <ymax>674</ymax>
    </bndbox>
    </object>
</annotation>