<annotation>
  <folder>my-project-name</folder>
  <filename>139-2.png</filename>
  <path>/my-project-name/139-2.png</path><source>
    <database>Unspecified</database>
  </source>
  <size>
    <width>1792</width>
    <height>1024</height>
    <depth>3</depth>
  </size>
  <object>
    <name>Person</name>
    <pose>Unspecified</pose><truncated>0</truncated><difficult>0</difficult><bndbox>
      <xmin>729</xmin>
      <ymin>701</ymin>
      <xmax>850</xmax>
      <ymax>975</ymax>
    </bndbox>
    </object>
  <object>
    <name>Person</name>
    <pose>Unspecified</pose><truncated>0</truncated><difficult>0</difficult><bndbox>
      <xmin>363</xmin>
      <ymin>652</ymin>
      <xmax>484</xmax>
      <ymax>951</ymax>
    </bndbox>
    </object>
  <object>
    <name>Person</name>
    <pose>Unspecified</pose><truncated>0</truncated><difficult>0</difficult><bndbox>
      <xmin>862</xmin>
      <ymin>689</ymin>
      <xmax>929</xmax>
      <ymax>968</ymax>
    </bndbox>
    </object>
  <object>
    <name>Person</name>
    <pose>Unspecified</pose><truncated>0</truncated><difficult>0</difficult><bndbox>
      <xmin>463</xmin>
      <ymin>663</ymin>
      <xmax>564</xmax>
      <ymax>923</ymax>
    </bndbox>
    </object>
  <object>
    <name>Person</name>
    <pose>Unspecified</pose><truncated>0</truncated><difficult>0</difficult><bndbox>
      <xmin>644</xmin>
      <ymin>678</ymin>
      <xmax>738</xmax>
      <ymax>959</ymax>
    </bndbox>
    </object>
</annotation>