<annotation>
  <folder>my-project-name</folder>
  <filename>14-2.png</filename>
  <path>/my-project-name/14-2.png</path><source>
    <database>Unspecified</database>
  </source>
  <size>
    <width>1792</width>
    <height>1024</height>
    <depth>3</depth>
  </size>
  <object>
    <name>Person</name>
    <pose>Unspecified</pose><truncated>0</truncated><difficult>0</difficult><bndbox>
      <xmin>1005</xmin>
      <ymin>201</ymin>
      <xmax>1526</xmax>
      <ymax>909</ymax>
    </bndbox>
    </object>
  <object>
    <name>Person</name>
    <pose>Unspecified</pose><truncated>0</truncated><difficult>0</difficult><bndbox>
      <xmin>132</xmin>
      <ymin>266</ymin>
      <xmax>529</xmax>
      <ymax>974</ymax>
    </bndbox>
    </object>
  <object>
    <name>Person</name>
    <pose>Unspecified</pose><truncated>0</truncated><difficult>0</difficult><bndbox>
      <xmin>720</xmin>
      <ymin>152</ymin>
      <xmax>1114</xmax>
      <ymax>706</ymax>
    </bndbox>
    </object>
</annotation>