<annotation>
  <folder>my-project-name</folder>
  <filename>141-1.png</filename>
  <path>/my-project-name/141-1.png</path><source>
    <database>Unspecified</database>
  </source>
  <size>
    <width>1792</width>
    <height>1024</height>
    <depth>3</depth>
  </size>
  <object>
    <name>Person</name>
    <pose>Unspecified</pose><truncated>0</truncated><difficult>0</difficult><bndbox>
      <xmin>793</xmin>
      <ymin>586</ymin>
      <xmax>831</xmax>
      <ymax>691</ymax>
    </bndbox>
    </object>
  <object>
    <name>Person</name>
    <pose>Unspecified</pose><truncated>0</truncated><difficult>0</difficult><bndbox>
      <xmin>1274</xmin>
      <ymin>585</ymin>
      <xmax>1321</xmax>
      <ymax>724</ymax>
    </bndbox>
    </object>
  <object>
    <name>Person</name>
    <pose>Unspecified</pose><truncated>0</truncated><difficult>0</difficult><bndbox>
      <xmin>445</xmin>
      <ymin>664</ymin>
      <xmax>494</xmax>
      <ymax>735</ymax>
    </bndbox>
    </object>
</annotation>