<annotation>
  <folder>my-project-name</folder>
  <filename>141-2.png</filename>
  <path>/my-project-name/141-2.png</path><source>
    <database>Unspecified</database>
  </source>
  <size>
    <width>1792</width>
    <height>1024</height>
    <depth>3</depth>
  </size>
  <object>
    <name>Person</name>
    <pose>Unspecified</pose><truncated>0</truncated><difficult>0</difficult><bndbox>
      <xmin>1013</xmin>
      <ymin>769</ymin>
      <xmax>1098</xmax>
      <ymax>891</ymax>
    </bndbox>
    </object>
  <object>
    <name>Person</name>
    <pose>Unspecified</pose><truncated>0</truncated><difficult>0</difficult><bndbox>
      <xmin>1301</xmin>
      <ymin>660</ymin>
      <xmax>1375</xmax>
      <ymax>799</ymax>
    </bndbox>
    </object>
  <object>
    <name>Person</name>
    <pose>Unspecified</pose><truncated>0</truncated><difficult>0</difficult><bndbox>
      <xmin>544</xmin>
      <ymin>755</ymin>
      <xmax>636</xmax>
      <ymax>884</ymax>
    </bndbox>
    </object>
  <object>
    <name>Person</name>
    <pose>Unspecified</pose><truncated>0</truncated><difficult>0</difficult><bndbox>
      <xmin>1100</xmin>
      <ymin>767</ymin>
      <xmax>1176</xmax>
      <ymax>900</ymax>
    </bndbox>
    </object>
</annotation>