<annotation>
  <folder>my-project-name</folder>
  <filename>142-2.png</filename>
  <path>/my-project-name/142-2.png</path><source>
    <database>Unspecified</database>
  </source>
  <size>
    <width>1792</width>
    <height>1024</height>
    <depth>3</depth>
  </size>
  <object>
    <name>Person</name>
    <pose>Unspecified</pose><truncated>0</truncated><difficult>0</difficult><bndbox>
      <xmin>1135</xmin>
      <ymin>826</ymin>
      <xmax>1210</xmax>
      <ymax>925</ymax>
    </bndbox>
    </object>
  <object>
    <name>Person</name>
    <pose>Unspecified</pose><truncated>0</truncated><difficult>0</difficult><bndbox>
      <xmin>1134</xmin>
      <ymin>523</ymin>
      <xmax>1271</xmax>
      <ymax>759</ymax>
    </bndbox>
    </object>
  <object>
    <name>Person</name>
    <pose>Unspecified</pose><truncated>0</truncated><difficult>0</difficult><bndbox>
      <xmin>713</xmin>
      <ymin>472</ymin>
      <xmax>876</xmax>
      <ymax>901</ymax>
    </bndbox>
    </object>
  <object>
    <name>Person</name>
    <pose>Unspecified</pose><truncated>0</truncated><difficult>0</difficult><bndbox>
      <xmin>359</xmin>
      <ymin>558</ymin>
      <xmax>615</xmax>
      <ymax>926</ymax>
    </bndbox>
    </object>
</annotation>