<annotation>
  <folder>my-project-name</folder>
  <filename>144-2.png</filename>
  <path>/my-project-name/144-2.png</path><source>
    <database>Unspecified</database>
  </source>
  <size>
    <width>1792</width>
    <height>1024</height>
    <depth>3</depth>
  </size>
  <object>
    <name>Person</name>
    <pose>Unspecified</pose><truncated>0</truncated><difficult>0</difficult><bndbox>
      <xmin>86</xmin>
      <ymin>316</ymin>
      <xmax>454</xmax>
      <ymax>966</ymax>
    </bndbox>
    </object>
  <object>
    <name>Person</name>
    <pose>Unspecified</pose><truncated>0</truncated><difficult>0</difficult><bndbox>
      <xmin>243</xmin>
      <ymin>446</ymin>
      <xmax>318</xmax>
      <ymax>555</ymax>
    </bndbox>
    </object>
  <object>
    <name>Person</name>
    <pose>Unspecified</pose><truncated>0</truncated><difficult>0</difficult><bndbox>
      <xmin>1252</xmin>
      <ymin>324</ymin>
      <xmax>1636</xmax>
      <ymax>989</ymax>
    </bndbox>
    </object>
</annotation>