<annotation>
  <folder>my-project-name</folder>
  <filename>144-1.png</filename>
  <path>/my-project-name/144-1.png</path><source>
    <database>Unspecified</database>
  </source>
  <size>
    <width>1792</width>
    <height>1024</height>
    <depth>3</depth>
  </size>
  <object>
    <name>Person</name>
    <pose>Unspecified</pose><truncated>0</truncated><difficult>0</difficult><bndbox>
      <xmin>704</xmin>
      <ymin>557</ymin>
      <xmax>881</xmax>
      <ymax>1009</ymax>
    </bndbox>
    </object>
  <object>
    <name>Person</name>
    <pose>Unspecified</pose><truncated>0</truncated><difficult>0</difficult><bndbox>
      <xmin>931</xmin>
      <ymin>619</ymin>
      <xmax>1063</xmax>
      <ymax>993</ymax>
    </bndbox>
    </object>
</annotation>