<annotation>
  <folder>my-project-name</folder>
  <filename>145-1.png</filename>
  <path>/my-project-name/145-1.png</path><source>
    <database>Unspecified</database>
  </source>
  <size>
    <width>1792</width>
    <height>1024</height>
    <depth>3</depth>
  </size>
  <object>
    <name>Person</name>
    <pose>Unspecified</pose><truncated>0</truncated><difficult>0</difficult><bndbox>
      <xmin>548</xmin>
      <ymin>729</ymin>
      <xmax>712</xmax>
      <ymax>1021</ymax>
    </bndbox>
    </object>
  <object>
    <name>Person</name>
    <pose>Unspecified</pose><truncated>0</truncated><difficult>0</difficult><bndbox>
      <xmin>686</xmin>
      <ymin>760</ymin>
      <xmax>829</xmax>
      <ymax>1023</ymax>
    </bndbox>
    </object>
</annotation>