<annotation>
  <folder>my-project-name</folder>
  <filename>145-2.png</filename>
  <path>/my-project-name/145-2.png</path><source>
    <database>Unspecified</database>
  </source>
  <size>
    <width>1024</width>
    <height>1024</height>
    <depth>3</depth>
  </size>
  <object>
    <name>Person</name>
    <pose>Unspecified</pose><truncated>0</truncated><difficult>0</difficult><bndbox>
      <xmin>385</xmin>
      <ymin>772</ymin>
      <xmax>463</xmax>
      <ymax>923</ymax>
    </bndbox>
    </object>
  <object>
    <name>Person</name>
    <pose>Unspecified</pose><truncated>0</truncated><difficult>0</difficult><bndbox>
      <xmin>557</xmin>
      <ymin>788</ymin>
      <xmax>614</xmax>
      <ymax>940</ymax>
    </bndbox>
    </object>
</annotation>