<annotation>
  <folder>my-project-name</folder>
  <filename>146-2.png</filename>
  <path>/my-project-name/146-2.png</path><source>
    <database>Unspecified</database>
  </source>
  <size>
    <width>1792</width>
    <height>1024</height>
    <depth>3</depth>
  </size>
  <object>
    <name>Person</name>
    <pose>Unspecified</pose><truncated>0</truncated><difficult>0</difficult><bndbox>
      <xmin>817</xmin>
      <ymin>625</ymin>
      <xmax>1024</xmax>
      <ymax>1023</ymax>
    </bndbox>
    </object>
</annotation>