<annotation>
  <folder>my-project-name</folder>
  <filename>147-2.png</filename>
  <path>/my-project-name/147-2.png</path><source>
    <database>Unspecified</database>
  </source>
  <size>
    <width>1024</width>
    <height>1792</height>
    <depth>3</depth>
  </size>
  <object>
    <name>Person</name>
    <pose>Unspecified</pose><truncated>0</truncated><difficult>0</difficult><bndbox>
      <xmin>777</xmin>
      <ymin>1084</ymin>
      <xmax>864</xmax>
      <ymax>1409</ymax>
    </bndbox>
    </object>
</annotation>