<annotation>
  <folder>my-project-name</folder>
  <filename>147-1.png</filename>
  <path>/my-project-name/147-1.png</path><source>
    <database>Unspecified</database>
  </source>
  <size>
    <width>1792</width>
    <height>1024</height>
    <depth>3</depth>
  </size>
  <object>
    <name>Person</name>
    <pose>Unspecified</pose><truncated>0</truncated><difficult>0</difficult><bndbox>
      <xmin>650</xmin>
      <ymin>773</ymin>
      <xmax>755</xmax>
      <ymax>987</ymax>
    </bndbox>
    </object>
  <object>
    <name>Person</name>
    <pose>Unspecified</pose><truncated>0</truncated><difficult>0</difficult><bndbox>
      <xmin>441</xmin>
      <ymin>591</ymin>
      <xmax>516</xmax>
      <ymax>784</ymax>
    </bndbox>
    </object>
</annotation>