<annotation>
  <folder>my-project-name</folder>
  <filename>15-1.png</filename>
  <path>/my-project-name/15-1.png</path><source>
    <database>Unspecified</database>
  </source>
  <size>
    <width>1792</width>
    <height>1024</height>
    <depth>3</depth>
  </size>
  <object>
    <name>Person</name>
    <pose>Unspecified</pose><truncated>0</truncated><difficult>0</difficult><bndbox>
      <xmin>538</xmin>
      <ymin>254</ymin>
      <xmax>723</xmax>
      <ymax>555</ymax>
    </bndbox>
    </object>
  <object>
    <name>Person</name>
    <pose>Unspecified</pose><truncated>0</truncated><difficult>0</difficult><bndbox>
      <xmin>748</xmin>
      <ymin>277</ymin>
      <xmax>943</xmax>
      <ymax>603</ymax>
    </bndbox>
    </object>
  <object>
    <name>Person</name>
    <pose>Unspecified</pose><truncated>0</truncated><difficult>0</difficult><bndbox>
      <xmin>960</xmin>
      <ymin>293</ymin>
      <xmax>1199</xmax>
      <ymax>608</ymax>
    </bndbox>
    </object>
  <object>
    <name>Person</name>
    <pose>Unspecified</pose><truncated>0</truncated><difficult>0</difficult><bndbox>
      <xmin>1221</xmin>
      <ymin>250</ymin>
      <xmax>1472</xmax>
      <ymax>560</ymax>
    </bndbox>
    </object>
</annotation>