<annotation>
  <folder>my-project-name</folder>
  <filename>15-2.png</filename>
  <path>/my-project-name/15-2.png</path><source>
    <database>Unspecified</database>
  </source>
  <size>
    <width>1792</width>
    <height>1024</height>
    <depth>3</depth>
  </size>
  <object>
    <name>Person</name>
    <pose>Unspecified</pose><truncated>0</truncated><difficult>0</difficult><bndbox>
      <xmin>681</xmin>
      <ymin>462</ymin>
      <xmax>862</xmax>
      <ymax>954</ymax>
    </bndbox>
    </object>
  <object>
    <name>Person</name>
    <pose>Unspecified</pose><truncated>0</truncated><difficult>0</difficult><bndbox>
      <xmin>508</xmin>
      <ymin>458</ymin>
      <xmax>701</xmax>
      <ymax>942</ymax>
    </bndbox>
    </object>
</annotation>