<annotation>
  <folder>my-project-name</folder>
  <filename>16-1.png</filename>
  <path>/my-project-name/16-1.png</path><source>
    <database>Unspecified</database>
  </source>
  <size>
    <width>1792</width>
    <height>1024</height>
    <depth>3</depth>
  </size>
  <object>
    <name>Person</name>
    <pose>Unspecified</pose><truncated>0</truncated><difficult>0</difficult><bndbox>
      <xmin>644</xmin>
      <ymin>428</ymin>
      <xmax>957</xmax>
      <ymax>810</ymax>
    </bndbox>
    </object>
  <object>
    <name>Person</name>
    <pose>Unspecified</pose><truncated>0</truncated><difficult>0</difficult><bndbox>
      <xmin>211</xmin>
      <ymin>73</ymin>
      <xmax>461</xmax>
      <ymax>528</ymax>
    </bndbox>
    </object>
</annotation>