<annotation>
  <folder>my-project-name</folder>
  <filename>18-1.png</filename>
  <path>/my-project-name/18-1.png</path><source>
    <database>Unspecified</database>
  </source>
  <size>
    <width>1792</width>
    <height>1024</height>
    <depth>3</depth>
  </size>
  <object>
    <name>Person</name>
    <pose>Unspecified</pose><truncated>0</truncated><difficult>0</difficult><bndbox>
      <xmin>573</xmin>
      <ymin>208</ymin>
      <xmax>695</xmax>
      <ymax>621</ymax>
    </bndbox>
    </object>
  <object>
    <name>Person</name>
    <pose>Unspecified</pose><truncated>0</truncated><difficult>0</difficult><bndbox>
      <xmin>710</xmin>
      <ymin>442</ymin>
      <xmax>963</xmax>
      <ymax>1008</ymax>
    </bndbox>
    </object>
  <object>
    <name>Person</name>
    <pose>Unspecified</pose><truncated>0</truncated><difficult>0</difficult><bndbox>
      <xmin>891</xmin>
      <ymin>141</ymin>
      <xmax>1021</xmax>
      <ymax>561</ymax>
    </bndbox>
    </object>
  <object>
    <name>Person</name>
    <pose>Unspecified</pose><truncated>0</truncated><difficult>0</difficult><bndbox>
      <xmin>959</xmin>
      <ymin>532</ymin>
      <xmax>1213</xmax>
      <ymax>1008</ymax>
    </bndbox>
    </object>
  <object>
    <name>Person</name>
    <pose>Unspecified</pose><truncated>0</truncated><difficult>0</difficult><bndbox>
      <xmin>145</xmin>
      <ymin>302</ymin>
      <xmax>318</xmax>
      <ymax>563</ymax>
    </bndbox>
    </object>
</annotation>