<annotation>
  <folder>my-project-name</folder>
  <filename>18-2.png</filename>
  <path>/my-project-name/18-2.png</path><source>
    <database>Unspecified</database>
  </source>
  <size>
    <width>1792</width>
    <height>1024</height>
    <depth>3</depth>
  </size>
  <object>
    <name>Person</name>
    <pose>Unspecified</pose><truncated>0</truncated><difficult>0</difficult><bndbox>
      <xmin>891</xmin>
      <ymin>68</ymin>
      <xmax>1263</xmax>
      <ymax>1021</ymax>
    </bndbox>
    </object>
  <object>
    <name>Person</name>
    <pose>Unspecified</pose><truncated>0</truncated><difficult>0</difficult><bndbox>
      <xmin>348</xmin>
      <ymin>224</ymin>
      <xmax>558</xmax>
      <ymax>715</ymax>
    </bndbox>
    </object>
</annotation>