<annotation>
  <folder>my-project-name</folder>
  <filename>19-2.png</filename>
  <path>/my-project-name/19-2.png</path><source>
    <database>Unspecified</database>
  </source>
  <size>
    <width>1792</width>
    <height>1024</height>
    <depth>3</depth>
  </size>
  <object>
    <name>Person</name>
    <pose>Unspecified</pose><truncated>0</truncated><difficult>0</difficult><bndbox>
      <xmin>977</xmin>
      <ymin>284</ymin>
      <xmax>1493</xmax>
      <ymax>723</ymax>
    </bndbox>
    </object>
  <object>
    <name>Person</name>
    <pose>Unspecified</pose><truncated>0</truncated><difficult>0</difficult><bndbox>
      <xmin>325</xmin>
      <ymin>283</ymin>
      <xmax>913</xmax>
      <ymax>727</ymax>
    </bndbox>
    </object>
</annotation>