<annotation>
  <folder>my-project-name</folder>
  <filename>20-1.png</filename>
  <path>/my-project-name/20-1.png</path><source>
    <database>Unspecified</database>
  </source>
  <size>
    <width>1792</width>
    <height>1024</height>
    <depth>3</depth>
  </size>
  <object>
    <name>Person</name>
    <pose>Unspecified</pose><truncated>0</truncated><difficult>0</difficult><bndbox>
      <xmin>687</xmin>
      <ymin>542</ymin>
      <xmax>789</xmax>
      <ymax>684</ymax>
    </bndbox>
    </object>
  <object>
    <name>Person</name>
    <pose>Unspecified</pose><truncated>0</truncated><difficult>0</difficult><bndbox>
      <xmin>912</xmin>
      <ymin>541</ymin>
      <xmax>1017</xmax>
      <ymax>742</ymax>
    </bndbox>
    </object>
  <object>
    <name>Person</name>
    <pose>Unspecified</pose><truncated>0</truncated><difficult>0</difficult><bndbox>
      <xmin>834</xmin>
      <ymin>556</ymin>
      <xmax>914</xmax>
      <ymax>746</ymax>
    </bndbox>
    </object>
  <object>
    <name>Person</name>
    <pose>Unspecified</pose><truncated>0</truncated><difficult>0</difficult><bndbox>
      <xmin>1040</xmin>
      <ymin>722</ymin>
      <xmax>1190</xmax>
      <ymax>889</ymax>
    </bndbox>
    </object>
  <object>
    <name>Person</name>
    <pose>Unspecified</pose><truncated>0</truncated><difficult>0</difficult><bndbox>
      <xmin>478</xmin>
      <ymin>474</ymin>
      <xmax>571</xmax>
      <ymax>609</ymax>
    </bndbox>
    </object>
  <object>
    <name>Person</name>
    <pose>Unspecified</pose><truncated>0</truncated><difficult>0</difficult><bndbox>
      <xmin>255</xmin>
      <ymin>529</ymin>
      <xmax>342</xmax>
      <ymax>620</ymax>
    </bndbox>
    </object>
</annotation>