<annotation>
  <folder>my-project-name</folder>
  <filename>23-1.png</filename>
  <path>/my-project-name/23-1.png</path><source>
    <database>Unspecified</database>
  </source>
  <size>
    <width>1792</width>
    <height>1024</height>
    <depth>3</depth>
  </size>
  <object>
    <name>Person</name>
    <pose>Unspecified</pose><truncated>0</truncated><difficult>0</difficult><bndbox>
      <xmin>652</xmin>
      <ymin>415</ymin>
      <xmax>958</xmax>
      <ymax>776</ymax>
    </bndbox>
    </object>
  <object>
    <name>Person</name>
    <pose>Unspecified</pose><truncated>0</truncated><difficult>0</difficult><bndbox>
      <xmin>963</xmin>
      <ymin>158</ymin>
      <xmax>1219</xmax>
      <ymax>572</ymax>
    </bndbox>
    </object>
</annotation>