<annotation>
  <folder>my-project-name</folder>
  <filename>23-2.png</filename>
  <path>/my-project-name/23-2.png</path><source>
    <database>Unspecified</database>
  </source>
  <size>
    <width>1792</width>
    <height>1024</height>
    <depth>3</depth>
  </size>
  <object>
    <name>Person</name>
    <pose>Unspecified</pose><truncated>0</truncated><difficult>0</difficult><bndbox>
      <xmin>728</xmin>
      <ymin>439</ymin>
      <xmax>964</xmax>
      <ymax>769</ymax>
    </bndbox>
    </object>
  <object>
    <name>Person</name>
    <pose>Unspecified</pose><truncated>0</truncated><difficult>0</difficult><bndbox>
      <xmin>1004</xmin>
      <ymin>328</ymin>
      <xmax>1222</xmax>
      <ymax>672</ymax>
    </bndbox>
    </object>
</annotation>