<annotation>
  <folder>my-project-name</folder>
  <filename>24-1.png</filename>
  <path>/my-project-name/24-1.png</path><source>
    <database>Unspecified</database>
  </source>
  <size>
    <width>1792</width>
    <height>1024</height>
    <depth>3</depth>
  </size>
  <object>
    <name>Person</name>
    <pose>Unspecified</pose><truncated>0</truncated><difficult>0</difficult><bndbox>
      <xmin>1064</xmin>
      <ymin>332</ymin>
      <xmax>1439</xmax>
      <ymax>733</ymax>
    </bndbox>
    </object>
  <object>
    <name>Person</name>
    <pose>Unspecified</pose><truncated>0</truncated><difficult>0</difficult><bndbox>
      <xmin>363</xmin>
      <ymin>317</ymin>
      <xmax>676</xmax>
      <ymax>730</ymax>
    </bndbox>
    </object>
</annotation>