<annotation>
  <folder>my-project-name</folder>
  <filename>24-2.png</filename>
  <path>/my-project-name/24-2.png</path><source>
    <database>Unspecified</database>
  </source>
  <size>
    <width>1792</width>
    <height>1024</height>
    <depth>3</depth>
  </size>
  <object>
    <name>Person</name>
    <pose>Unspecified</pose><truncated>0</truncated><difficult>0</difficult><bndbox>
      <xmin>670</xmin>
      <ymin>286</ymin>
      <xmax>793</xmax>
      <ymax>795</ymax>
    </bndbox>
    </object>
  <object>
    <name>Person</name>
    <pose>Unspecified</pose><truncated>0</truncated><difficult>0</difficult><bndbox>
      <xmin>862</xmin>
      <ymin>258</ymin>
      <xmax>988</xmax>
      <ymax>728</ymax>
    </bndbox>
    </object>
  <object>
    <name>Person</name>
    <pose>Unspecified</pose><truncated>0</truncated><difficult>0</difficult><bndbox>
      <xmin>1012</xmin>
      <ymin>275</ymin>
      <xmax>1140</xmax>
      <ymax>772</ymax>
    </bndbox>
    </object>
</annotation>