<annotation>
  <folder>my-project-name</folder>
  <filename>25-2.png</filename>
  <path>/my-project-name/25-2.png</path><source>
    <database>Unspecified</database>
  </source>
  <size>
    <width>1792</width>
    <height>1024</height>
    <depth>3</depth>
  </size>
  <object>
    <name>Person</name>
    <pose>Unspecified</pose><truncated>0</truncated><difficult>0</difficult><bndbox>
      <xmin>68</xmin>
      <ymin>407</ymin>
      <xmax>1666</xmax>
      <ymax>1007</ymax>
    </bndbox>
    </object>
  <object>
    <name>Person</name>
    <pose>Unspecified</pose><truncated>0</truncated><difficult>0</difficult><bndbox>
      <xmin>426</xmin>
      <ymin>198</ymin>
      <xmax>809</xmax>
      <ymax>810</ymax>
    </bndbox>
    </object>
  <object>
    <name>Person</name>
    <pose>Unspecified</pose><truncated>0</truncated><difficult>0</difficult><bndbox>
      <xmin>649</xmin>
      <ymin>647</ymin>
      <xmax>767</xmax>
      <ymax>752</ymax>
    </bndbox>
    </object>
  <object>
    <name>Person</name>
    <pose>Unspecified</pose><truncated>0</truncated><difficult>0</difficult><bndbox>
      <xmin>827</xmin>
      <ymin>560</ymin>
      <xmax>943</xmax>
      <ymax>660</ymax>
    </bndbox>
    </object>
  <object>
    <name>Person</name>
    <pose>Unspecified</pose><truncated>0</truncated><difficult>0</difficult><bndbox>
      <xmin>859</xmin>
      <ymin>19</ymin>
      <xmax>1482</xmax>
      <ymax>887</ymax>
    </bndbox>
    </object>
</annotation>