<annotation>
  <folder>my-project-name</folder>
  <filename>26-1.png</filename>
  <path>/my-project-name/26-1.png</path><source>
    <database>Unspecified</database>
  </source>
  <size>
    <width>1792</width>
    <height>1024</height>
    <depth>3</depth>
  </size>
  <object>
    <name>Person</name>
    <pose>Unspecified</pose><truncated>0</truncated><difficult>0</difficult><bndbox>
      <xmin>586</xmin>
      <ymin>616</ymin>
      <xmax>705</xmax>
      <ymax>792</ymax>
    </bndbox>
    </object>
  <object>
    <name>Person</name>
    <pose>Unspecified</pose><truncated>0</truncated><difficult>0</difficult><bndbox>
      <xmin>1049</xmin>
      <ymin>621</ymin>
      <xmax>1146</xmax>
      <ymax>783</ymax>
    </bndbox>
    </object>
  <object>
    <name>Person</name>
    <pose>Unspecified</pose><truncated>0</truncated><difficult>0</difficult><bndbox>
      <xmin>562</xmin>
      <ymin>339</ymin>
      <xmax>618</xmax>
      <ymax>508</ymax>
    </bndbox>
    </object>
  <object>
    <name>Person</name>
    <pose>Unspecified</pose><truncated>0</truncated><difficult>0</difficult><bndbox>
      <xmin>1167</xmin>
      <ymin>465</ymin>
      <xmax>1254</xmax>
      <ymax>613</ymax>
    </bndbox>
    </object>
  <object>
    <name>Person</name>
    <pose>Unspecified</pose><truncated>0</truncated><difficult>0</difficult><bndbox>
      <xmin>473</xmin>
      <ymin>269</ymin>
      <xmax>531</xmax>
      <ymax>410</ymax>
    </bndbox>
    </object>
  <object>
    <name>Person</name>
    <pose>Unspecified</pose><truncated>0</truncated><difficult>0</difficult><bndbox>
      <xmin>980</xmin>
      <ymin>522</ymin>
      <xmax>1039</xmax>
      <ymax>692</ymax>
    </bndbox>
    </object>
  <object>
    <name>Person</name>
    <pose>Unspecified</pose><truncated>0</truncated><difficult>0</difficult><bndbox>
      <xmin>720</xmin>
      <ymin>596</ymin>
      <xmax>813</xmax>
      <ymax>782</ymax>
    </bndbox>
    </object>
</annotation>