<annotation>
  <folder>my-project-name</folder>
  <filename>26-2.png</filename>
  <path>/my-project-name/26-2.png</path><source>
    <database>Unspecified</database>
  </source>
  <size>
    <width>1792</width>
    <height>1024</height>
    <depth>3</depth>
  </size>
  <object>
    <name>Person</name>
    <pose>Unspecified</pose><truncated>0</truncated><difficult>0</difficult><bndbox>
      <xmin>81</xmin>
      <ymin>346</ymin>
      <xmax>508</xmax>
      <ymax>991</ymax>
    </bndbox>
    </object>
  <object>
    <name>Person</name>
    <pose>Unspecified</pose><truncated>0</truncated><difficult>0</difficult><bndbox>
      <xmin>774</xmin>
      <ymin>16</ymin>
      <xmax>1329</xmax>
      <ymax>997</ymax>
    </bndbox>
    </object>
</annotation>