<annotation>
  <folder>my-project-name</folder>
  <filename>27-1.png</filename>
  <path>/my-project-name/27-1.png</path><source>
    <database>Unspecified</database>
  </source>
  <size>
    <width>1792</width>
    <height>1024</height>
    <depth>3</depth>
  </size>
  <object>
    <name>Person</name>
    <pose>Unspecified</pose><truncated>0</truncated><difficult>0</difficult><bndbox>
      <xmin>528</xmin>
      <ymin>24</ymin>
      <xmax>1555</xmax>
      <ymax>1012</ymax>
    </bndbox>
    </object>
  <object>
    <name>Person</name>
    <pose>Unspecified</pose><truncated>0</truncated><difficult>0</difficult><bndbox>
      <xmin>1021</xmin>
      <ymin>545</ymin>
      <xmax>1235</xmax>
      <ymax>659</ymax>
    </bndbox>
    </object>
</annotation>