<annotation>
  <folder>my-project-name</folder>
  <filename>27-2.png</filename>
  <path>/my-project-name/27-2.png</path><source>
    <database>Unspecified</database>
  </source>
  <size>
    <width>1792</width>
    <height>1024</height>
    <depth>3</depth>
  </size>
  <object>
    <name>Person</name>
    <pose>Unspecified</pose><truncated>0</truncated><difficult>0</difficult><bndbox>
      <xmin>742</xmin>
      <ymin>741</ymin>
      <xmax>983</xmax>
      <ymax>957</ymax>
    </bndbox>
    </object>
  <object>
    <name>Person</name>
    <pose>Unspecified</pose><truncated>0</truncated><difficult>0</difficult><bndbox>
      <xmin>755</xmin>
      <ymin>491</ymin>
      <xmax>963</xmax>
      <ymax>618</ymax>
    </bndbox>
    </object>
  <object>
    <name>Person</name>
    <pose>Unspecified</pose><truncated>0</truncated><difficult>0</difficult><bndbox>
      <xmin>1211</xmin>
      <ymin>747</ymin>
      <xmax>1491</xmax>
      <ymax>1011</ymax>
    </bndbox>
    </object>
  <object>
    <name>Person</name>
    <pose>Unspecified</pose><truncated>0</truncated><difficult>0</difficult><bndbox>
      <xmin>328</xmin>
      <ymin>621</ymin>
      <xmax>565</xmax>
      <ymax>1005</ymax>
    </bndbox>
    </object>
  <object>
    <name>Person</name>
    <pose>Unspecified</pose><truncated>0</truncated><difficult>0</difficult><bndbox>
      <xmin>1100</xmin>
      <ymin>576</ymin>
      <xmax>1254</xmax>
      <ymax>882</ymax>
    </bndbox>
    </object>
  <object>
    <name>Person</name>
    <pose>Unspecified</pose><truncated>0</truncated><difficult>0</difficult><bndbox>
      <xmin>1046</xmin>
      <ymin>473</ymin>
      <xmax>1145</xmax>
      <ymax>652</ymax>
    </bndbox>
    </object>
  <object>
    <name>Person</name>
    <pose>Unspecified</pose><truncated>0</truncated><difficult>0</difficult><bndbox>
      <xmin>812</xmin>
      <ymin>280</ymin>
      <xmax>925</xmax>
      <ymax>423</ymax>
    </bndbox>
    </object>
  <object>
    <name>Person</name>
    <pose>Unspecified</pose><truncated>0</truncated><difficult>0</difficult><bndbox>
      <xmin>206</xmin>
      <ymin>527</ymin>
      <xmax>338</xmax>
      <ymax>757</ymax>
    </bndbox>
    </object>
  <object>
    <name>Person</name>
    <pose>Unspecified</pose><truncated>0</truncated><difficult>0</difficult><bndbox>
      <xmin>714</xmin>
      <ymin>312</ymin>
      <xmax>791</xmax>
      <ymax>528</ymax>
    </bndbox>
    </object>
  <object>
    <name>Person</name>
    <pose>Unspecified</pose><truncated>0</truncated><difficult>0</difficult><bndbox>
      <xmin>637</xmin>
      <ymin>422</ymin>
      <xmax>730</xmax>
      <ymax>598</ymax>
    </bndbox>
    </object>
  <object>
    <name>Person</name>
    <pose>Unspecified</pose><truncated>0</truncated><difficult>0</difficult><bndbox>
      <xmin>1270</xmin>
      <ymin>450</ymin>
      <xmax>1393</xmax>
      <ymax>626</ymax>
    </bndbox>
    </object>
  <object>
    <name>Person</name>
    <pose>Unspecified</pose><truncated>0</truncated><difficult>0</difficult><bndbox>
      <xmin>432</xmin>
      <ymin>397</ymin>
      <xmax>522</xmax>
      <ymax>517</ymax>
    </bndbox>
    </object>
  <object>
    <name>Person</name>
    <pose>Unspecified</pose><truncated>0</truncated><difficult>0</difficult><bndbox>
      <xmin>115</xmin>
      <ymin>492</ymin>
      <xmax>201</xmax>
      <ymax>632</ymax>
    </bndbox>
    </object>
  <object>
    <name>Person</name>
    <pose>Unspecified</pose><truncated>0</truncated><difficult>0</difficult><bndbox>
      <xmin>145</xmin>
      <ymin>704</ymin>
      <xmax>349</xmax>
      <ymax>983</ymax>
    </bndbox>
    </object>
</annotation>