<annotation>
  <folder>my-project-name</folder>
  <filename>28-1.png</filename>
  <path>/my-project-name/28-1.png</path><source>
    <database>Unspecified</database>
  </source>
  <size>
    <width>1792</width>
    <height>1024</height>
    <depth>3</depth>
  </size>
  <object>
    <name>Person</name>
    <pose>Unspecified</pose><truncated>0</truncated><difficult>0</difficult><bndbox>
      <xmin>297</xmin>
      <ymin>117</ymin>
      <xmax>758</xmax>
      <ymax>980</ymax>
    </bndbox>
    </object>
  <object>
    <name>Person</name>
    <pose>Unspecified</pose><truncated>0</truncated><difficult>0</difficult><bndbox>
      <xmin>813</xmin>
      <ymin>100</ymin>
      <xmax>1152</xmax>
      <ymax>874</ymax>
    </bndbox>
    </object>
</annotation>