<annotation>
  <folder>my-project-name</folder>
  <filename>29-2.png</filename>
  <path>/my-project-name/29-2.png</path><source>
    <database>Unspecified</database>
  </source>
  <size>
    <width>1792</width>
    <height>1024</height>
    <depth>3</depth>
  </size>
  <object>
    <name>Person</name>
    <pose>Unspecified</pose><truncated>0</truncated><difficult>0</difficult><bndbox>
      <xmin>625</xmin>
      <ymin>917</ymin>
      <xmax>651</xmax>
      <ymax>966</ymax>
    </bndbox>
    </object>
  <object>
    <name>Person</name>
    <pose>Unspecified</pose><truncated>0</truncated><difficult>0</difficult><bndbox>
      <xmin>660</xmin>
      <ymin>837</ymin>
      <xmax>685</xmax>
      <ymax>896</ymax>
    </bndbox>
    </object>
</annotation>