<annotation>
  <folder>my-project-name</folder>
  <filename>30-2.png</filename>
  <path>/my-project-name/30-2.png</path><source>
    <database>Unspecified</database>
  </source>
  <size>
    <width>1792</width>
    <height>1024</height>
    <depth>3</depth>
  </size>
  <object>
    <name>Person</name>
    <pose>Unspecified</pose><truncated>0</truncated><difficult>0</difficult><bndbox>
      <xmin>1114</xmin>
      <ymin>25</ymin>
      <xmax>1730</xmax>
      <ymax>1019</ymax>
    </bndbox>
    </object>
  <object>
    <name>Person</name>
    <pose>Unspecified</pose><truncated>0</truncated><difficult>0</difficult><bndbox>
      <xmin>637</xmin>
      <ymin>661</ymin>
      <xmax>859</xmax>
      <ymax>1019</ymax>
    </bndbox>
    </object>
  <object>
    <name>Person</name>
    <pose>Unspecified</pose><truncated>0</truncated><difficult>0</difficult><bndbox>
      <xmin>287</xmin>
      <ymin>662</ymin>
      <xmax>531</xmax>
      <ymax>1020</ymax>
    </bndbox>
    </object>
  <object>
    <name>Person</name>
    <pose>Unspecified</pose><truncated>0</truncated><difficult>0</difficult><bndbox>
      <xmin>890</xmin>
      <ymin>662</ymin>
      <xmax>1075</xmax>
      <ymax>996</ymax>
    </bndbox>
    </object>
</annotation>