<annotation>
  <folder>my-project-name</folder>
  <filename>31-2.png</filename>
  <path>/my-project-name/31-2.png</path><source>
    <database>Unspecified</database>
  </source>
  <size>
    <width>1792</width>
    <height>1024</height>
    <depth>3</depth>
  </size>
  <object>
    <name>Person</name>
    <pose>Unspecified</pose><truncated>0</truncated><difficult>0</difficult><bndbox>
      <xmin>338</xmin>
      <ymin>761</ymin>
      <xmax>538</xmax>
      <ymax>1012</ymax>
    </bndbox>
    </object>
  <object>
    <name>Person</name>
    <pose>Unspecified</pose><truncated>0</truncated><difficult>0</difficult><bndbox>
      <xmin>533</xmin>
      <ymin>744</ymin>
      <xmax>648</xmax>
      <ymax>887</ymax>
    </bndbox>
    </object>
</annotation>