<annotation>
  <folder>my-project-name</folder>
  <filename>32-1.png</filename>
  <path>/my-project-name/32-1.png</path><source>
    <database>Unspecified</database>
  </source>
  <size>
    <width>1792</width>
    <height>1024</height>
    <depth>3</depth>
  </size>
  <object>
    <name>Person</name>
    <pose>Unspecified</pose><truncated>0</truncated><difficult>0</difficult><bndbox>
      <xmin>927</xmin>
      <ymin>903</ymin>
      <xmax>1189</xmax>
      <ymax>1016</ymax>
    </bndbox>
    </object>
  <object>
    <name>Person</name>
    <pose>Unspecified</pose><truncated>0</truncated><difficult>0</difficult><bndbox>
      <xmin>386</xmin>
      <ymin>47</ymin>
      <xmax>1235</xmax>
      <ymax>1019</ymax>
    </bndbox>
    </object>
</annotation>