<annotation>
  <folder>my-project-name</folder>
  <filename>33-1.png</filename>
  <path>/my-project-name/33-1.png</path><source>
    <database>Unspecified</database>
  </source>
  <size>
    <width>1792</width>
    <height>1024</height>
    <depth>3</depth>
  </size>
  <object>
    <name>Person</name>
    <pose>Unspecified</pose><truncated>0</truncated><difficult>0</difficult><bndbox>
      <xmin>1170</xmin>
      <ymin>607</ymin>
      <xmax>1352</xmax>
      <ymax>729</ymax>
    </bndbox>
    </object>
  <object>
    <name>Person</name>
    <pose>Unspecified</pose><truncated>0</truncated><difficult>0</difficult><bndbox>
      <xmin>995</xmin>
      <ymin>710</ymin>
      <xmax>1157</xmax>
      <ymax>868</ymax>
    </bndbox>
    </object>
  <object>
    <name>Person</name>
    <pose>Unspecified</pose><truncated>0</truncated><difficult>0</difficult><bndbox>
      <xmin>873</xmin>
      <ymin>107</ymin>
      <xmax>975</xmax>
      <ymax>240</ymax>
    </bndbox>
    </object>
  <object>
    <name>Person</name>
    <pose>Unspecified</pose><truncated>0</truncated><difficult>0</difficult><bndbox>
      <xmin>1333</xmin>
      <ymin>375</ymin>
      <xmax>1460</xmax>
      <ymax>571</ymax>
    </bndbox>
    </object>
  <object>
    <name>Person</name>
    <pose>Unspecified</pose><truncated>0</truncated><difficult>0</difficult><bndbox>
      <xmin>1060</xmin>
      <ymin>149</ymin>
      <xmax>1195</xmax>
      <ymax>319</ymax>
    </bndbox>
    </object>
  <object>
    <name>Person</name>
    <pose>Unspecified</pose><truncated>0</truncated><difficult>0</difficult><bndbox>
      <xmin>561</xmin>
      <ymin>210</ymin>
      <xmax>688</xmax>
      <ymax>378</ymax>
    </bndbox>
    </object>
  <object>
    <name>Person</name>
    <pose>Unspecified</pose><truncated>0</truncated><difficult>0</difficult><bndbox>
      <xmin>447</xmin>
      <ymin>376</ymin>
      <xmax>583</xmax>
      <ymax>560</ymax>
    </bndbox>
    </object>
  <object>
    <name>Person</name>
    <pose>Unspecified</pose><truncated>0</truncated><difficult>0</difficult><bndbox>
      <xmin>820</xmin>
      <ymin>889</ymin>
      <xmax>1008</xmax>
      <ymax>988</ymax>
    </bndbox>
    </object>
  <object>
    <name>Person</name>
    <pose>Unspecified</pose><truncated>0</truncated><difficult>0</difficult><bndbox>
      <xmin>1021</xmin>
      <ymin>51</ymin>
      <xmax>1123</xmax>
      <ymax>176</ymax>
    </bndbox>
    </object>
  <object>
    <name>Person</name>
    <pose>Unspecified</pose><truncated>0</truncated><difficult>0</difficult><bndbox>
      <xmin>658</xmin>
      <ymin>54</ymin>
      <xmax>740</xmax>
      <ymax>178</ymax>
    </bndbox>
    </object>
  <object>
    <name>Person</name>
    <pose>Unspecified</pose><truncated>0</truncated><difficult>0</difficult><bndbox>
      <xmin>315</xmin>
      <ymin>346</ymin>
      <xmax>454</xmax>
      <ymax>470</ymax>
    </bndbox>
    </object>
  <object>
    <name>Person</name>
    <pose>Unspecified</pose><truncated>0</truncated><difficult>0</difficult><bndbox>
      <xmin>549</xmin>
      <ymin>109</ymin>
      <xmax>655</xmax>
      <ymax>217</ymax>
    </bndbox>
    </object>
  <object>
    <name>Person</name>
    <pose>Unspecified</pose><truncated>0</truncated><difficult>0</difficult><bndbox>
      <xmin>269</xmin>
      <ymin>438</ymin>
      <xmax>426</xmax>
      <ymax>600</ymax>
    </bndbox>
    </object>
  <object>
    <name>Person</name>
    <pose>Unspecified</pose><truncated>0</truncated><difficult>0</difficult><bndbox>
      <xmin>616</xmin>
      <ymin>741</ymin>
      <xmax>789</xmax>
      <ymax>900</ymax>
    </bndbox>
    </object>
  <object>
    <name>Person</name>
    <pose>Unspecified</pose><truncated>0</truncated><difficult>0</difficult><bndbox>
      <xmin>731</xmin>
      <ymin>139</ymin>
      <xmax>830</xmax>
      <ymax>268</ymax>
    </bndbox>
    </object>
  <object>
    <name>Person</name>
    <pose>Unspecified</pose><truncated>0</truncated><difficult>0</difficult><bndbox>
      <xmin>415</xmin>
      <ymin>193</ymin>
      <xmax>526</xmax>
      <ymax>324</ymax>
    </bndbox>
    </object>
  <object>
    <name>Person</name>
    <pose>Unspecified</pose><truncated>0</truncated><difficult>0</difficult><bndbox>
      <xmin>1148</xmin>
      <ymin>467</ymin>
      <xmax>1308</xmax>
      <ymax>573</ymax>
    </bndbox>
    </object>
  <object>
    <name>Person</name>
    <pose>Unspecified</pose><truncated>0</truncated><difficult>0</difficult><bndbox>
      <xmin>666</xmin>
      <ymin>465</ymin>
      <xmax>837</xmax>
      <ymax>680</ymax>
    </bndbox>
    </object>
  <object>
    <name>Person</name>
    <pose>Unspecified</pose><truncated>0</truncated><difficult>0</difficult><bndbox>
      <xmin>369</xmin>
      <ymin>71</ymin>
      <xmax>479</xmax>
      <ymax>206</ymax>
    </bndbox>
    </object>
  <object>
    <name>Person</name>
    <pose>Unspecified</pose><truncated>0</truncated><difficult>0</difficult><bndbox>
      <xmin>192</xmin>
      <ymin>262</ymin>
      <xmax>301</xmax>
      <ymax>388</ymax>
    </bndbox>
    </object>
</annotation>