<annotation>
  <folder>my-project-name</folder>
  <filename>33-2.png</filename>
  <path>/my-project-name/33-2.png</path><source>
    <database>Unspecified</database>
  </source>
  <size>
    <width>1792</width>
    <height>1024</height>
    <depth>3</depth>
  </size>
  <object>
    <name>Person</name>
    <pose>Unspecified</pose><truncated>0</truncated><difficult>0</difficult><bndbox>
      <xmin>114</xmin>
      <ymin>305</ymin>
      <xmax>436</xmax>
      <ymax>1017</ymax>
    </bndbox>
    </object>
  <object>
    <name>Person</name>
    <pose>Unspecified</pose><truncated>0</truncated><difficult>0</difficult><bndbox>
      <xmin>864</xmin>
      <ymin>513</ymin>
      <xmax>1073</xmax>
      <ymax>954</ymax>
    </bndbox>
    </object>
</annotation>