<annotation>
  <folder>my-project-name</folder>
  <filename>34-2.png</filename>
  <path>/my-project-name/34-2.png</path><source>
    <database>Unspecified</database>
  </source>
  <size>
    <width>1792</width>
    <height>1024</height>
    <depth>3</depth>
  </size>
  <object>
    <name>Person</name>
    <pose>Unspecified</pose><truncated>0</truncated><difficult>0</difficult><bndbox>
      <xmin>667</xmin>
      <ymin>278</ymin>
      <xmax>881</xmax>
      <ymax>560</ymax>
    </bndbox>
    </object>
  <object>
    <name>Person</name>
    <pose>Unspecified</pose><truncated>0</truncated><difficult>0</difficult><bndbox>
      <xmin>671</xmin>
      <ymin>137</ymin>
      <xmax>816</xmax>
      <ymax>250</ymax>
    </bndbox>
    </object>
</annotation>