<annotation>
  <folder>my-project-name</folder>
  <filename>35-1.png</filename>
  <path>/my-project-name/35-1.png</path><source>
    <database>Unspecified</database>
  </source>
  <size>
    <width>1792</width>
    <height>1024</height>
    <depth>3</depth>
  </size>
  <object>
    <name>Person</name>
    <pose>Unspecified</pose><truncated>0</truncated><difficult>0</difficult><bndbox>
      <xmin>622</xmin>
      <ymin>401</ymin>
      <xmax>1324</xmax>
      <ymax>962</ymax>
    </bndbox>
    </object>
  <object>
    <name>Person</name>
    <pose>Unspecified</pose><truncated>0</truncated><difficult>0</difficult><bndbox>
      <xmin>810</xmin>
      <ymin>729</ymin>
      <xmax>909</xmax>
      <ymax>862</ymax>
    </bndbox>
    </object>
  <object>
    <name>Person</name>
    <pose>Unspecified</pose><truncated>0</truncated><difficult>0</difficult><bndbox>
      <xmin>1040</xmin>
      <ymin>726</ymin>
      <xmax>1133</xmax>
      <ymax>861</ymax>
    </bndbox>
    </object>
</annotation>