<annotation>
  <folder>my-project-name</folder>
  <filename>35-2.png</filename>
  <path>/my-project-name/35-2.png</path><source>
    <database>Unspecified</database>
  </source>
  <size>
    <width>1792</width>
    <height>1024</height>
    <depth>3</depth>
  </size>
  <object>
    <name>Person</name>
    <pose>Unspecified</pose><truncated>0</truncated><difficult>0</difficult><bndbox>
      <xmin>1113</xmin>
      <ymin>150</ymin>
      <xmax>1372</xmax>
      <ymax>830</ymax>
    </bndbox>
    </object>
  <object>
    <name>Person</name>
    <pose>Unspecified</pose><truncated>0</truncated><difficult>0</difficult><bndbox>
      <xmin>1143</xmin>
      <ymin>202</ymin>
      <xmax>1287</xmax>
      <ymax>338</ymax>
    </bndbox>
    </object>
</annotation>