<annotation>
  <folder>my-project-name</folder>
  <filename>36-2.png</filename>
  <path>/my-project-name/36-2.png</path><source>
    <database>Unspecified</database>
  </source>
  <size>
    <width>1792</width>
    <height>1024</height>
    <depth>3</depth>
  </size>
  <object>
    <name>Person</name>
    <pose>Unspecified</pose><truncated>0</truncated><difficult>0</difficult><bndbox>
      <xmin>884</xmin>
      <ymin>758</ymin>
      <xmax>1059</xmax>
      <ymax>963</ymax>
    </bndbox>
    </object>
</annotation>