<annotation>
  <folder>my-project-name</folder>
  <filename>37-1.png</filename>
  <path>/my-project-name/37-1.png</path><source>
    <database>Unspecified</database>
  </source>
  <size>
    <width>1792</width>
    <height>1024</height>
    <depth>3</depth>
  </size>
  <object>
    <name>Person</name>
    <pose>Unspecified</pose><truncated>0</truncated><difficult>0</difficult><bndbox>
      <xmin>836</xmin>
      <ymin>356</ymin>
      <xmax>1138</xmax>
      <ymax>962</ymax>
    </bndbox>
    </object>
</annotation>