<annotation>
  <folder>my-project-name</folder>
  <filename>38-1.png</filename>
  <path>/my-project-name/38-1.png</path><source>
    <database>Unspecified</database>
  </source>
  <size>
    <width>1792</width>
    <height>1024</height>
    <depth>3</depth>
  </size>
  <object>
    <name>Person</name>
    <pose>Unspecified</pose><truncated>0</truncated><difficult>0</difficult><bndbox>
      <xmin>748</xmin>
      <ymin>334</ymin>
      <xmax>943</xmax>
      <ymax>833</ymax>
    </bndbox>
    </object>
  <object>
    <name>Person</name>
    <pose>Unspecified</pose><truncated>0</truncated><difficult>0</difficult><bndbox>
      <xmin>917</xmin>
      <ymin>372</ymin>
      <xmax>1145</xmax>
      <ymax>890</ymax>
    </bndbox>
    </object>
</annotation>