<annotation>
  <folder>my-project-name</folder>
  <filename>39-1.png</filename>
  <path>/my-project-name/39-1.png</path><source>
    <database>Unspecified</database>
  </source>
  <size>
    <width>1792</width>
    <height>1024</height>
    <depth>3</depth>
  </size>
  <object>
    <name>Person</name>
    <pose>Unspecified</pose><truncated>0</truncated><difficult>0</difficult><bndbox>
      <xmin>817</xmin>
      <ymin>741</ymin>
      <xmax>1007</xmax>
      <ymax>914</ymax>
    </bndbox>
    </object>
  <object>
    <name>Person</name>
    <pose>Unspecified</pose><truncated>0</truncated><difficult>0</difficult><bndbox>
      <xmin>1161</xmin>
      <ymin>691</ymin>
      <xmax>1272</xmax>
      <ymax>797</ymax>
    </bndbox>
    </object>
  <object>
    <name>Person</name>
    <pose>Unspecified</pose><truncated>0</truncated><difficult>0</difficult><bndbox>
      <xmin>1264</xmin>
      <ymin>685</ymin>
      <xmax>1370</xmax>
      <ymax>819</ymax>
    </bndbox>
    </object>
  <object>
    <name>Person</name>
    <pose>Unspecified</pose><truncated>0</truncated><difficult>0</difficult><bndbox>
      <xmin>119</xmin>
      <ymin>402</ymin>
      <xmax>435</xmax>
      <ymax>805</ymax>
    </bndbox>
    </object>
</annotation>