<annotation>
  <folder>my-project-name</folder>
  <filename>41-1.png</filename>
  <path>/my-project-name/41-1.png</path><source>
    <database>Unspecified</database>
  </source>
  <size>
    <width>1792</width>
    <height>1024</height>
    <depth>3</depth>
  </size>
  <object>
    <name>Person</name>
    <pose>Unspecified</pose><truncated>0</truncated><difficult>0</difficult><bndbox>
      <xmin>367</xmin>
      <ymin>463</ymin>
      <xmax>859</xmax>
      <ymax>991</ymax>
    </bndbox>
    </object>
  <object>
    <name>Person</name>
    <pose>Unspecified</pose><truncated>0</truncated><difficult>0</difficult><bndbox>
      <xmin>677</xmin>
      <ymin>673</ymin>
      <xmax>782</xmax>
      <ymax>764</ymax>
    </bndbox>
    </object>
</annotation>