<annotation>
  <folder>my-project-name</folder>
  <filename>43-2.png</filename>
  <path>/my-project-name/43-2.png</path><source>
    <database>Unspecified</database>
  </source>
  <size>
    <width>1792</width>
    <height>1024</height>
    <depth>3</depth>
  </size>
  <object>
    <name>Person</name>
    <pose>Unspecified</pose><truncated>0</truncated><difficult>0</difficult><bndbox>
      <xmin>1016</xmin>
      <ymin>620</ymin>
      <xmax>1131</xmax>
      <ymax>879</ymax>
    </bndbox>
    </object>
</annotation>