<annotation>
  <folder>my-project-name</folder>
  <filename>44-2.png</filename>
  <path>/my-project-name/44-2.png</path><source>
    <database>Unspecified</database>
  </source>
  <size>
    <width>1792</width>
    <height>1024</height>
    <depth>3</depth>
  </size>
  <object>
    <name>Person</name>
    <pose>Unspecified</pose><truncated>0</truncated><difficult>0</difficult><bndbox>
      <xmin>677</xmin>
      <ymin>656</ymin>
      <xmax>752</xmax>
      <ymax>788</ymax>
    </bndbox>
    </object>
  <object>
    <name>Person</name>
    <pose>Unspecified</pose><truncated>0</truncated><difficult>0</difficult><bndbox>
      <xmin>619</xmin>
      <ymin>508</ymin>
      <xmax>670</xmax>
      <ymax>559</ymax>
    </bndbox>
    </object>
  <object>
    <name>Person</name>
    <pose>Unspecified</pose><truncated>0</truncated><difficult>0</difficult><bndbox>
      <xmin>869</xmin>
      <ymin>518</ymin>
      <xmax>908</xmax>
      <ymax>578</ymax>
    </bndbox>
    </object>
  <object>
    <name>Person</name>
    <pose>Unspecified</pose><truncated>0</truncated><difficult>0</difficult><bndbox>
      <xmin>416</xmin>
      <ymin>586</ymin>
      <xmax>495</xmax>
      <ymax>716</ymax>
    </bndbox>
    </object>
  <object>
    <name>Person</name>
    <pose>Unspecified</pose><truncated>0</truncated><difficult>0</difficult><bndbox>
      <xmin>813</xmin>
      <ymin>531</ymin>
      <xmax>855</xmax>
      <ymax>578</ymax>
    </bndbox>
    </object>
  <object>
    <name>Person</name>
    <pose>Unspecified</pose><truncated>0</truncated><difficult>0</difficult><bndbox>
      <xmin>568</xmin>
      <ymin>530</ymin>
      <xmax>609</xmax>
      <ymax>642</ymax>
    </bndbox>
    </object>
  <object>
    <name>Person</name>
    <pose>Unspecified</pose><truncated>0</truncated><difficult>0</difficult><bndbox>
      <xmin>517</xmin>
      <ymin>610</ymin>
      <xmax>578</xmax>
      <ymax>710</ymax>
    </bndbox>
    </object>
  <object>
    <name>Person</name>
    <pose>Unspecified</pose><truncated>0</truncated><difficult>0</difficult><bndbox>
      <xmin>907</xmin>
      <ymin>641</ymin>
      <xmax>970</xmax>
      <ymax>739</ymax>
    </bndbox>
    </object>
  <object>
    <name>Person</name>
    <pose>Unspecified</pose><truncated>0</truncated><difficult>0</difficult><bndbox>
      <xmin>672</xmin>
      <ymin>545</ymin>
      <xmax>731</xmax>
      <ymax>652</ymax>
    </bndbox>
    </object>
</annotation>