<annotation>
  <folder>my-project-name</folder>
  <filename>45-2.png</filename>
  <path>/my-project-name/45-2.png</path><source>
    <database>Unspecified</database>
  </source>
  <size>
    <width>1792</width>
    <height>1024</height>
    <depth>3</depth>
  </size>
  <object>
    <name>Person</name>
    <pose>Unspecified</pose><truncated>0</truncated><difficult>0</difficult><bndbox>
      <xmin>770</xmin>
      <ymin>544</ymin>
      <xmax>959</xmax>
      <ymax>766</ymax>
    </bndbox>
    </object>
  <object>
    <name>Person</name>
    <pose>Unspecified</pose><truncated>0</truncated><difficult>0</difficult><bndbox>
      <xmin>606</xmin>
      <ymin>567</ymin>
      <xmax>787</xmax>
      <ymax>798</ymax>
    </bndbox>
    </object>
  <object>
    <name>Person</name>
    <pose>Unspecified</pose><truncated>0</truncated><difficult>0</difficult><bndbox>
      <xmin>454</xmin>
      <ymin>590</ymin>
      <xmax>643</xmax>
      <ymax>825</ymax>
    </bndbox>
    </object>
  <object>
    <name>Person</name>
    <pose>Unspecified</pose><truncated>0</truncated><difficult>0</difficult><bndbox>
      <xmin>1072</xmin>
      <ymin>444</ymin>
      <xmax>1194</xmax>
      <ymax>619</ymax>
    </bndbox>
    </object>
  <object>
    <name>Person</name>
    <pose>Unspecified</pose><truncated>0</truncated><difficult>0</difficult><bndbox>
      <xmin>1195</xmin>
      <ymin>664</ymin>
      <xmax>1629</xmax>
      <ymax>1022</ymax>
    </bndbox>
    </object>
  <object>
    <name>Person</name>
    <pose>Unspecified</pose><truncated>0</truncated><difficult>0</difficult><bndbox>
      <xmin>310</xmin>
      <ymin>615</ymin>
      <xmax>498</xmax>
      <ymax>862</ymax>
    </bndbox>
    </object>
  <object>
    <name>Person</name>
    <pose>Unspecified</pose><truncated>0</truncated><difficult>0</difficult><bndbox>
      <xmin>187</xmin>
      <ymin>653</ymin>
      <xmax>347</xmax>
      <ymax>877</ymax>
    </bndbox>
    </object>
  <object>
    <name>Person</name>
    <pose>Unspecified</pose><truncated>0</truncated><difficult>0</difficult><bndbox>
      <xmin>1451</xmin>
      <ymin>469</ymin>
      <xmax>1564</xmax>
      <ymax>625</ymax>
    </bndbox>
    </object>
  <object>
    <name>Person</name>
    <pose>Unspecified</pose><truncated>0</truncated><difficult>0</difficult><bndbox>
      <xmin>587</xmin>
      <ymin>324</ymin>
      <xmax>665</xmax>
      <ymax>428</ymax>
    </bndbox>
    </object>
  <object>
    <name>Person</name>
    <pose>Unspecified</pose><truncated>0</truncated><difficult>0</difficult><bndbox>
      <xmin>1007</xmin>
      <ymin>396</ymin>
      <xmax>1103</xmax>
      <ymax>529</ymax>
    </bndbox>
    </object>
  <object>
    <name>Person</name>
    <pose>Unspecified</pose><truncated>0</truncated><difficult>0</difficult><bndbox>
      <xmin>522</xmin>
      <ymin>453</ymin>
      <xmax>636</xmax>
      <ymax>619</ymax>
    </bndbox>
    </object>
  <object>
    <name>Person</name>
    <pose>Unspecified</pose><truncated>0</truncated><difficult>0</difficult><bndbox>
      <xmin>1347</xmin>
      <ymin>491</ymin>
      <xmax>1460</xmax>
      <ymax>648</ymax>
    </bndbox>
    </object>
  <object>
    <name>Person</name>
    <pose>Unspecified</pose><truncated>0</truncated><difficult>0</difficult><bndbox>
      <xmin>744</xmin>
      <ymin>354</ymin>
      <xmax>842</xmax>
      <ymax>475</ymax>
    </bndbox>
    </object>
  <object>
    <name>Person</name>
    <pose>Unspecified</pose><truncated>0</truncated><difficult>0</difficult><bndbox>
      <xmin>907</xmin>
      <ymin>414</ymin>
      <xmax>995</xmax>
      <ymax>542</ymax>
    </bndbox>
    </object>
</annotation>