<annotation>
  <folder>my-project-name</folder>
  <filename>46-1.png</filename>
  <path>/my-project-name/46-1.png</path><source>
    <database>Unspecified</database>
  </source>
  <size>
    <width>1792</width>
    <height>1024</height>
    <depth>3</depth>
  </size>
  <object>
    <name>Person</name>
    <pose>Unspecified</pose><truncated>0</truncated><difficult>0</difficult><bndbox>
      <xmin>1016</xmin>
      <ymin>251</ymin>
      <xmax>1584</xmax>
      <ymax>1017</ymax>
    </bndbox>
    </object>
  <object>
    <name>Person</name>
    <pose>Unspecified</pose><truncated>0</truncated><difficult>0</difficult><bndbox>
      <xmin>1252</xmin>
      <ymin>36</ymin>
      <xmax>1553</xmax>
      <ymax>241</ymax>
    </bndbox>
    </object>
</annotation>