<annotation>
  <folder>my-project-name</folder>
  <filename>47-2.png</filename>
  <path>/my-project-name/47-2.png</path><source>
    <database>Unspecified</database>
  </source>
  <size>
    <width>1792</width>
    <height>1024</height>
    <depth>3</depth>
  </size>
  <object>
    <name>Person</name>
    <pose>Unspecified</pose><truncated>0</truncated><difficult>0</difficult><bndbox>
      <xmin>813</xmin>
      <ymin>766</ymin>
      <xmax>938</xmax>
      <ymax>1020</ymax>
    </bndbox>
    </object>
  <object>
    <name>Person</name>
    <pose>Unspecified</pose><truncated>0</truncated><difficult>0</difficult><bndbox>
      <xmin>384</xmin>
      <ymin>715</ymin>
      <xmax>503</xmax>
      <ymax>994</ymax>
    </bndbox>
    </object>
  <object>
    <name>Person</name>
    <pose>Unspecified</pose><truncated>0</truncated><difficult>0</difficult><bndbox>
      <xmin>561</xmin>
      <ymin>771</ymin>
      <xmax>684</xmax>
      <ymax>999</ymax>
    </bndbox>
    </object>
  <object>
    <name>Person</name>
    <pose>Unspecified</pose><truncated>0</truncated><difficult>0</difficult><bndbox>
      <xmin>169</xmin>
      <ymin>684</ymin>
      <xmax>310</xmax>
      <ymax>970</ymax>
    </bndbox>
    </object>
</annotation>