<annotation>
  <folder>my-project-name</folder>
  <filename>48-1.png</filename>
  <path>/my-project-name/48-1.png</path><source>
    <database>Unspecified</database>
  </source>
  <size>
    <width>1792</width>
    <height>1024</height>
    <depth>3</depth>
  </size>
  <object>
    <name>Person</name>
    <pose>Unspecified</pose><truncated>0</truncated><difficult>0</difficult><bndbox>
      <xmin>1039</xmin>
      <ymin>670</ymin>
      <xmax>1173</xmax>
      <ymax>767</ymax>
    </bndbox>
    </object>
  <object>
    <name>Person</name>
    <pose>Unspecified</pose><truncated>0</truncated><difficult>0</difficult><bndbox>
      <xmin>912</xmin>
      <ymin>615</ymin>
      <xmax>1015</xmax>
      <ymax>737</ymax>
    </bndbox>
    </object>
  <object>
    <name>Person</name>
    <pose>Unspecified</pose><truncated>0</truncated><difficult>0</difficult><bndbox>
      <xmin>607</xmin>
      <ymin>471</ymin>
      <xmax>710</xmax>
      <ymax>678</ymax>
    </bndbox>
    </object>
  <object>
    <name>Person</name>
    <pose>Unspecified</pose><truncated>0</truncated><difficult>0</difficult><bndbox>
      <xmin>670</xmin>
      <ymin>697</ymin>
      <xmax>780</xmax>
      <ymax>850</ymax>
    </bndbox>
    </object>
</annotation>