<annotation>
  <folder>my-project-name</folder>
  <filename>48-2.png</filename>
  <path>/my-project-name/48-2.png</path><source>
    <database>Unspecified</database>
  </source>
  <size>
    <width>1792</width>
    <height>1024</height>
    <depth>3</depth>
  </size>
  <object>
    <name>Person</name>
    <pose>Unspecified</pose><truncated>0</truncated><difficult>0</difficult><bndbox>
      <xmin>289</xmin>
      <ymin>449</ymin>
      <xmax>607</xmax>
      <ymax>908</ymax>
    </bndbox>
    </object>
  <object>
    <name>Person</name>
    <pose>Unspecified</pose><truncated>0</truncated><difficult>0</difficult><bndbox>
      <xmin>1264</xmin>
      <ymin>466</ymin>
      <xmax>1615</xmax>
      <ymax>904</ymax>
    </bndbox>
    </object>
  <object>
    <name>Person</name>
    <pose>Unspecified</pose><truncated>0</truncated><difficult>0</difficult><bndbox>
      <xmin>501</xmin>
      <ymin>435</ymin>
      <xmax>761</xmax>
      <ymax>858</ymax>
    </bndbox>
    </object>
  <object>
    <name>Person</name>
    <pose>Unspecified</pose><truncated>0</truncated><difficult>0</difficult><bndbox>
      <xmin>1023</xmin>
      <ymin>546</ymin>
      <xmax>1139</xmax>
      <ymax>701</ymax>
    </bndbox>
    </object>
  <object>
    <name>Person</name>
    <pose>Unspecified</pose><truncated>0</truncated><difficult>0</difficult><bndbox>
      <xmin>957</xmin>
      <ymin>428</ymin>
      <xmax>1096</xmax>
      <ymax>616</ymax>
    </bndbox>
    </object>
  <object>
    <name>Person</name>
    <pose>Unspecified</pose><truncated>0</truncated><difficult>0</difficult><bndbox>
      <xmin>767</xmin>
      <ymin>387</ymin>
      <xmax>928</xmax>
      <ymax>696</ymax>
    </bndbox>
    </object>
  <object>
    <name>Person</name>
    <pose>Unspecified</pose><truncated>0</truncated><difficult>0</difficult><bndbox>
      <xmin>1143</xmin>
      <ymin>441</ymin>
      <xmax>1428</xmax>
      <ymax>826</ymax>
    </bndbox>
    </object>
  <object>
    <name>Person</name>
    <pose>Unspecified</pose><truncated>0</truncated><difficult>0</difficult><bndbox>
      <xmin>1142</xmin>
      <ymin>392</ymin>
      <xmax>1317</xmax>
      <ymax>783</ymax>
    </bndbox>
    </object>
  <object>
    <name>Person</name>
    <pose>Unspecified</pose><truncated>0</truncated><difficult>0</difficult><bndbox>
      <xmin>1429</xmin>
      <ymin>707</ymin>
      <xmax>1633</xmax>
      <ymax>911</ymax>
    </bndbox>
    </object>
  <object>
    <name>Person</name>
    <pose>Unspecified</pose><truncated>0</truncated><difficult>0</difficult><bndbox>
      <xmin>1688</xmin>
      <ymin>390</ymin>
      <xmax>1763</xmax>
      <ymax>632</ymax>
    </bndbox>
    </object>
</annotation>