<annotation>
  <folder>my-project-name</folder>
  <filename>5-1.png</filename>
  <path>/my-project-name/5-1.png</path><source>
    <database>Unspecified</database>
  </source>
  <size>
    <width>1792</width>
    <height>1024</height>
    <depth>3</depth>
  </size>
  <object>
    <name>Person</name>
    <pose>Unspecified</pose><truncated>0</truncated><difficult>0</difficult><bndbox>
      <xmin>101</xmin>
      <ymin>336</ymin>
      <xmax>1664</xmax>
      <ymax>1020</ymax>
    </bndbox>
    </object>
  <object>
    <name>Person</name>
    <pose>Unspecified</pose><truncated>0</truncated><difficult>0</difficult><bndbox>
      <xmin>721</xmin>
      <ymin>471</ymin>
      <xmax>880</xmax>
      <ymax>559</ymax>
    </bndbox>
    </object>
</annotation>