<annotation>
  <folder>my-project-name</folder>
  <filename>50-1.png</filename>
  <path>/my-project-name/50-1.png</path><source>
    <database>Unspecified</database>
  </source>
  <size>
    <width>1792</width>
    <height>1024</height>
    <depth>3</depth>
  </size>
  <object>
    <name>Person</name>
    <pose>Unspecified</pose><truncated>0</truncated><difficult>0</difficult><bndbox>
      <xmin>687</xmin>
      <ymin>627</ymin>
      <xmax>1101</xmax>
      <ymax>965</ymax>
    </bndbox>
    </object>
  <object>
    <name>Person</name>
    <pose>Unspecified</pose><truncated>0</truncated><difficult>0</difficult><bndbox>
      <xmin>687</xmin>
      <ymin>627</ymin>
      <xmax>1102</xmax>
      <ymax>967</ymax>
    </bndbox>
    </object>
</annotation>