<annotation>
  <folder>my-project-name</folder>
  <filename>51-1.png</filename>
  <path>/my-project-name/51-1.png</path><source>
    <database>Unspecified</database>
  </source>
  <size>
    <width>1792</width>
    <height>1024</height>
    <depth>3</depth>
  </size>
  <object>
    <name>Person</name>
    <pose>Unspecified</pose><truncated>0</truncated><difficult>0</difficult><bndbox>
      <xmin>823</xmin>
      <ymin>373</ymin>
      <xmax>1349</xmax>
      <ymax>959</ymax>
    </bndbox>
    </object>
  <object>
    <name>Person</name>
    <pose>Unspecified</pose><truncated>0</truncated><difficult>0</difficult><bndbox>
      <xmin>457</xmin>
      <ymin>374</ymin>
      <xmax>1347</xmax>
      <ymax>990</ymax>
    </bndbox>
    </object>
</annotation>