<annotation>
  <folder>my-project-name</folder>
  <filename>52-1.png</filename>
  <path>/my-project-name/52-1.png</path><source>
    <database>Unspecified</database>
  </source>
  <size>
    <width>1792</width>
    <height>1024</height>
    <depth>3</depth>
  </size>
  <object>
    <name>Person</name>
    <pose>Unspecified</pose><truncated>0</truncated><difficult>0</difficult><bndbox>
      <xmin>455</xmin>
      <ymin>365</ymin>
      <xmax>775</xmax>
      <ymax>776</ymax>
    </bndbox>
    </object>
  <object>
    <name>Person</name>
    <pose>Unspecified</pose><truncated>0</truncated><difficult>0</difficult><bndbox>
      <xmin>958</xmin>
      <ymin>324</ymin>
      <xmax>1269</xmax>
      <ymax>785</ymax>
    </bndbox>
    </object>
</annotation>