<annotation>
  <folder>my-project-name</folder>
  <filename>52-2.png</filename>
  <path>/my-project-name/52-2.png</path><source>
    <database>Unspecified</database>
  </source>
  <size>
    <width>1792</width>
    <height>1024</height>
    <depth>3</depth>
  </size>
  <object>
    <name>Person</name>
    <pose>Unspecified</pose><truncated>0</truncated><difficult>0</difficult><bndbox>
      <xmin>1050</xmin>
      <ymin>312</ymin>
      <xmax>1531</xmax>
      <ymax>1009</ymax>
    </bndbox>
    </object>
  <object>
    <name>Person</name>
    <pose>Unspecified</pose><truncated>0</truncated><difficult>0</difficult><bndbox>
      <xmin>265</xmin>
      <ymin>406</ymin>
      <xmax>671</xmax>
      <ymax>992</ymax>
    </bndbox>
    </object>
</annotation>