<annotation>
  <folder>my-project-name</folder>
  <filename>54-1.png</filename>
  <path>/my-project-name/54-1.png</path><source>
    <database>Unspecified</database>
  </source>
  <size>
    <width>1792</width>
    <height>1024</height>
    <depth>3</depth>
  </size>
  <object>
    <name>Person</name>
    <pose>Unspecified</pose><truncated>0</truncated><difficult>0</difficult><bndbox>
      <xmin>693</xmin>
      <ymin>844</ymin>
      <xmax>988</xmax>
      <ymax>1021</ymax>
    </bndbox>
    </object>
  <object>
    <name>Person</name>
    <pose>Unspecified</pose><truncated>0</truncated><difficult>0</difficult><bndbox>
      <xmin>952</xmin>
      <ymin>22</ymin>
      <xmax>1688</xmax>
      <ymax>1020</ymax>
    </bndbox>
    </object>
</annotation>