<annotation>
  <folder>my-project-name</folder>
  <filename>55-2.png</filename>
  <path>/my-project-name/55-2.png</path><source>
    <database>Unspecified</database>
  </source>
  <size>
    <width>1792</width>
    <height>1024</height>
    <depth>3</depth>
  </size>
  <object>
    <name>Person</name>
    <pose>Unspecified</pose><truncated>0</truncated><difficult>0</difficult><bndbox>
      <xmin>387</xmin>
      <ymin>540</ymin>
      <xmax>1038</xmax>
      <ymax>1020</ymax>
    </bndbox>
    </object>
  <object>
    <name>Person</name>
    <pose>Unspecified</pose><truncated>0</truncated><difficult>0</difficult><bndbox>
      <xmin>732</xmin>
      <ymin>394</ymin>
      <xmax>1044</xmax>
      <ymax>554</ymax>
    </bndbox>
    </object>
  <object>
    <name>Person</name>
    <pose>Unspecified</pose><truncated>0</truncated><difficult>0</difficult><bndbox>
      <xmin>255</xmin>
      <ymin>35</ymin>
      <xmax>860</xmax>
      <ymax>475</ymax>
    </bndbox>
    </object>
</annotation>