<annotation>
  <folder>my-project-name</folder>
  <filename>57-2.png</filename>
  <path>/my-project-name/57-2.png</path><source>
    <database>Unspecified</database>
  </source>
  <size>
    <width>1792</width>
    <height>1024</height>
    <depth>3</depth>
  </size>
  <object>
    <name>Person</name>
    <pose>Unspecified</pose><truncated>0</truncated><difficult>0</difficult><bndbox>
      <xmin>830</xmin>
      <ymin>740</ymin>
      <xmax>954</xmax>
      <ymax>903</ymax>
    </bndbox>
    </object>
  <object>
    <name>Person</name>
    <pose>Unspecified</pose><truncated>0</truncated><difficult>0</difficult><bndbox>
      <xmin>693</xmin>
      <ymin>710</ymin>
      <xmax>803</xmax>
      <ymax>963</ymax>
    </bndbox>
    </object>
  <object>
    <name>Person</name>
    <pose>Unspecified</pose><truncated>0</truncated><difficult>0</difficult><bndbox>
      <xmin>602</xmin>
      <ymin>557</ymin>
      <xmax>715</xmax>
      <ymax>663</ymax>
    </bndbox>
    </object>
  <object>
    <name>Person</name>
    <pose>Unspecified</pose><truncated>0</truncated><difficult>0</difficult><bndbox>
      <xmin>748</xmin>
      <ymin>583</ymin>
      <xmax>836</xmax>
      <ymax>691</ymax>
    </bndbox>
    </object>
  <object>
    <name>Person</name>
    <pose>Unspecified</pose><truncated>0</truncated><difficult>0</difficult><bndbox>
      <xmin>984</xmin>
      <ymin>523</ymin>
      <xmax>1038</xmax>
      <ymax>623</ymax>
    </bndbox>
    </object>
  <object>
    <name>Person</name>
    <pose>Unspecified</pose><truncated>0</truncated><difficult>0</difficult><bndbox>
      <xmin>1409</xmin>
      <ymin>601</ymin>
      <xmax>1498</xmax>
      <ymax>763</ymax>
    </bndbox>
    </object>
  <object>
    <name>Person</name>
    <pose>Unspecified</pose><truncated>0</truncated><difficult>0</difficult><bndbox>
      <xmin>792</xmin>
      <ymin>411</ymin>
      <xmax>829</xmax>
      <ymax>511</ymax>
    </bndbox>
    </object>
</annotation>