<annotation>
  <folder>my-project-name</folder>
  <filename>58-2.png</filename>
  <path>/my-project-name/58-2.png</path><source>
    <database>Unspecified</database>
  </source>
  <size>
    <width>1792</width>
    <height>1024</height>
    <depth>3</depth>
  </size>
  <object>
    <name>Person</name>
    <pose>Unspecified</pose><truncated>0</truncated><difficult>0</difficult><bndbox>
      <xmin>717</xmin>
      <ymin>76</ymin>
      <xmax>1394</xmax>
      <ymax>851</ymax>
    </bndbox>
    </object>
  <object>
    <name>Person</name>
    <pose>Unspecified</pose><truncated>0</truncated><difficult>0</difficult><bndbox>
      <xmin>861</xmin>
      <ymin>576</ymin>
      <xmax>978</xmax>
      <ymax>654</ymax>
    </bndbox>
    </object>
</annotation>