<annotation>
  <folder>my-project-name</folder>
  <filename>59-1.png</filename>
  <path>/my-project-name/59-1.png</path><source>
    <database>Unspecified</database>
  </source>
  <size>
    <width>1792</width>
    <height>1024</height>
    <depth>3</depth>
  </size>
  <object>
    <name>Person</name>
    <pose>Unspecified</pose><truncated>0</truncated><difficult>0</difficult><bndbox>
      <xmin>900</xmin>
      <ymin>743</ymin>
      <xmax>1358</xmax>
      <ymax>1020</ymax>
    </bndbox>
    </object>
  <object>
    <name>Person</name>
    <pose>Unspecified</pose><truncated>0</truncated><difficult>0</difficult><bndbox>
      <xmin>514</xmin>
      <ymin>607</ymin>
      <xmax>714</xmax>
      <ymax>806</ymax>
    </bndbox>
    </object>
  <object>
    <name>Person</name>
    <pose>Unspecified</pose><truncated>0</truncated><difficult>0</difficult><bndbox>
      <xmin>370</xmin>
      <ymin>556</ymin>
      <xmax>1078</xmax>
      <ymax>1019</ymax>
    </bndbox>
    </object>
  <object>
    <name>Person</name>
    <pose>Unspecified</pose><truncated>0</truncated><difficult>0</difficult><bndbox>
      <xmin>857</xmin>
      <ymin>649</ymin>
      <xmax>966</xmax>
      <ymax>767</ymax>
    </bndbox>
    </object>
  <object>
    <name>Person</name>
    <pose>Unspecified</pose><truncated>0</truncated><difficult>0</difficult><bndbox>
      <xmin>992</xmin>
      <ymin>489</ymin>
      <xmax>1082</xmax>
      <ymax>616</ymax>
    </bndbox>
    </object>
</annotation>