<annotation>
  <folder>my-project-name</folder>
  <filename>59-2.png</filename>
  <path>/my-project-name/59-2.png</path><source>
    <database>Unspecified</database>
  </source>
  <size>
    <width>1792</width>
    <height>1024</height>
    <depth>3</depth>
  </size>
  <object>
    <name>Person</name>
    <pose>Unspecified</pose><truncated>0</truncated><difficult>0</difficult><bndbox>
      <xmin>718</xmin>
      <ymin>619</ymin>
      <xmax>868</xmax>
      <ymax>797</ymax>
    </bndbox>
    </object>
  <object>
    <name>Person</name>
    <pose>Unspecified</pose><truncated>0</truncated><difficult>0</difficult><bndbox>
      <xmin>1072</xmin>
      <ymin>853</ymin>
      <xmax>1346</xmax>
      <ymax>1003</ymax>
    </bndbox>
    </object>
  <object>
    <name>Person</name>
    <pose>Unspecified</pose><truncated>0</truncated><difficult>0</difficult><bndbox>
      <xmin>1351</xmin>
      <ymin>607</ymin>
      <xmax>1531</xmax>
      <ymax>778</ymax>
    </bndbox>
    </object>
  <object>
    <name>Person</name>
    <pose>Unspecified</pose><truncated>0</truncated><difficult>0</difficult><bndbox>
      <xmin>853</xmin>
      <ymin>785</ymin>
      <xmax>1068</xmax>
      <ymax>986</ymax>
    </bndbox>
    </object>
</annotation>