<annotation>
  <folder>my-project-name</folder>
  <filename>6-1.png</filename>
  <path>/my-project-name/6-1.png</path><source>
    <database>Unspecified</database>
  </source>
  <size>
    <width>1792</width>
    <height>1024</height>
    <depth>3</depth>
  </size>
  <object>
    <name>Person</name>
    <pose>Unspecified</pose><truncated>0</truncated><difficult>0</difficult><bndbox>
      <xmin>497</xmin>
      <ymin>686</ymin>
      <xmax>529</xmax>
      <ymax>795</ymax>
    </bndbox>
    </object>
  <object>
    <name>Person</name>
    <pose>Unspecified</pose><truncated>0</truncated><difficult>0</difficult><bndbox>
      <xmin>670</xmin>
      <ymin>855</ymin>
      <xmax>712</xmax>
      <ymax>954</ymax>
    </bndbox>
    </object>
  <object>
    <name>Person</name>
    <pose>Unspecified</pose><truncated>0</truncated><difficult>0</difficult><bndbox>
      <xmin>583</xmin>
      <ymin>816</ymin>
      <xmax>634</xmax>
      <ymax>927</ymax>
    </bndbox>
    </object>
</annotation>