<annotation>
  <folder>my-project-name</folder>
  <filename>61-1.png</filename>
  <path>/my-project-name/61-1.png</path><source>
    <database>Unspecified</database>
  </source>
  <size>
    <width>1792</width>
    <height>1024</height>
    <depth>3</depth>
  </size>
  <object>
    <name>Person</name>
    <pose>Unspecified</pose><truncated>0</truncated><difficult>0</difficult><bndbox>
      <xmin>1029</xmin>
      <ymin>319</ymin>
      <xmax>1490</xmax>
      <ymax>981</ymax>
    </bndbox>
    </object>
  <object>
    <name>Person</name>
    <pose>Unspecified</pose><truncated>0</truncated><difficult>0</difficult><bndbox>
      <xmin>315</xmin>
      <ymin>315</ymin>
      <xmax>815</xmax>
      <ymax>1008</ymax>
    </bndbox>
    </object>
</annotation>