<annotation>
  <folder>my-project-name</folder>
  <filename>61-2.png</filename>
  <path>/my-project-name/61-2.png</path><source>
    <database>Unspecified</database>
  </source>
  <size>
    <width>1792</width>
    <height>1024</height>
    <depth>3</depth>
  </size>
  <object>
    <name>Person</name>
    <pose>Unspecified</pose><truncated>0</truncated><difficult>0</difficult><bndbox>
      <xmin>1059</xmin>
      <ymin>398</ymin>
      <xmax>1335</xmax>
      <ymax>764</ymax>
    </bndbox>
    </object>
  <object>
    <name>Person</name>
    <pose>Unspecified</pose><truncated>0</truncated><difficult>0</difficult><bndbox>
      <xmin>1059</xmin>
      <ymin>398</ymin>
      <xmax>1335</xmax>
      <ymax>763</ymax>
    </bndbox>
    </object>
</annotation>