<annotation>
  <folder>my-project-name</folder>
  <filename>63-1.png</filename>
  <path>/my-project-name/63-1.png</path><source>
    <database>Unspecified</database>
  </source>
  <size>
    <width>1792</width>
    <height>1024</height>
    <depth>3</depth>
  </size>
  <object>
    <name>Person</name>
    <pose>Unspecified</pose><truncated>0</truncated><difficult>0</difficult><bndbox>
      <xmin>833</xmin>
      <ymin>522</ymin>
      <xmax>968</xmax>
      <ymax>717</ymax>
    </bndbox>
    </object>
  <object>
    <name>Person</name>
    <pose>Unspecified</pose><truncated>0</truncated><difficult>0</difficult><bndbox>
      <xmin>637</xmin>
      <ymin>372</ymin>
      <xmax>735</xmax>
      <ymax>550</ymax>
    </bndbox>
    </object>
</annotation>