<annotation>
  <folder>my-project-name</folder>
  <filename>65-1.png</filename>
  <path>/my-project-name/65-1.png</path><source>
    <database>Unspecified</database>
  </source>
  <size>
    <width>1792</width>
    <height>1024</height>
    <depth>3</depth>
  </size>
  <object>
    <name>Person</name>
    <pose>Unspecified</pose><truncated>0</truncated><difficult>0</difficult><bndbox>
      <xmin>1256</xmin>
      <ymin>613</ymin>
      <xmax>1546</xmax>
      <ymax>837</ymax>
    </bndbox>
    </object>
  <object>
    <name>Person</name>
    <pose>Unspecified</pose><truncated>0</truncated><difficult>0</difficult><bndbox>
      <xmin>1326</xmin>
      <ymin>678</ymin>
      <xmax>1464</xmax>
      <ymax>778</ymax>
    </bndbox>
    </object>
  <object>
    <name>Person</name>
    <pose>Unspecified</pose><truncated>0</truncated><difficult>0</difficult><bndbox>
      <xmin>937</xmin>
      <ymin>78</ymin>
      <xmax>1147</xmax>
      <ymax>287</ymax>
    </bndbox>
    </object>
  <object>
    <name>Person</name>
    <pose>Unspecified</pose><truncated>0</truncated><difficult>0</difficult><bndbox>
      <xmin>661</xmin>
      <ymin>51</ymin>
      <xmax>852</xmax>
      <ymax>339</ymax>
    </bndbox>
    </object>
  <object>
    <name>Person</name>
    <pose>Unspecified</pose><truncated>0</truncated><difficult>0</difficult><bndbox>
      <xmin>437</xmin>
      <ymin>41</ymin>
      <xmax>623</xmax>
      <ymax>213</ymax>
    </bndbox>
    </object>
  <object>
    <name>Person</name>
    <pose>Unspecified</pose><truncated>0</truncated><difficult>0</difficult><bndbox>
      <xmin>230</xmin>
      <ymin>489</ymin>
      <xmax>458</xmax>
      <ymax>704</ymax>
    </bndbox>
    </object>
  <object>
    <name>Person</name>
    <pose>Unspecified</pose><truncated>0</truncated><difficult>0</difficult><bndbox>
      <xmin>295</xmin>
      <ymin>547</ymin>
      <xmax>392</xmax>
      <ymax>640</ymax>
    </bndbox>
    </object>
  <object>
    <name>Person</name>
    <pose>Unspecified</pose><truncated>0</truncated><difficult>0</difficult><bndbox>
      <xmin>225</xmin>
      <ymin>194</ymin>
      <xmax>492</xmax>
      <ymax>399</ymax>
    </bndbox>
    </object>
  <object>
    <name>Person</name>
    <pose>Unspecified</pose><truncated>0</truncated><difficult>0</difficult><bndbox>
      <xmin>628</xmin>
      <ymin>833</ymin>
      <xmax>882</xmax>
      <ymax>998</ymax>
    </bndbox>
    </object>
  <object>
    <name>Person</name>
    <pose>Unspecified</pose><truncated>0</truncated><difficult>0</difficult><bndbox>
      <xmin>1056</xmin>
      <ymin>703</ymin>
      <xmax>1247</xmax>
      <ymax>966</ymax>
    </bndbox>
    </object>
  <object>
    <name>Person</name>
    <pose>Unspecified</pose><truncated>0</truncated><difficult>0</difficult><bndbox>
      <xmin>487</xmin>
      <ymin>366</ymin>
      <xmax>737</xmax>
      <ymax>621</ymax>
    </bndbox>
    </object>
</annotation>