<annotation>
  <folder>my-project-name</folder>
  <filename>65-2.png</filename>
  <path>/my-project-name/65-2.png</path><source>
    <database>Unspecified</database>
  </source>
  <size>
    <width>1792</width>
    <height>1024</height>
    <depth>3</depth>
  </size>
  <object>
    <name>Person</name>
    <pose>Unspecified</pose><truncated>0</truncated><difficult>0</difficult><bndbox>
      <xmin>812</xmin>
      <ymin>211</ymin>
      <xmax>1017</xmax>
      <ymax>395</ymax>
    </bndbox>
    </object>
  <object>
    <name>Person</name>
    <pose>Unspecified</pose><truncated>0</truncated><difficult>0</difficult><bndbox>
      <xmin>1394</xmin>
      <ymin>265</ymin>
      <xmax>1601</xmax>
      <ymax>473</ymax>
    </bndbox>
    </object>
  <object>
    <name>Person</name>
    <pose>Unspecified</pose><truncated>0</truncated><difficult>0</difficult><bndbox>
      <xmin>1018</xmin>
      <ymin>280</ymin>
      <xmax>1198</xmax>
      <ymax>474</ymax>
    </bndbox>
    </object>
  <object>
    <name>Person</name>
    <pose>Unspecified</pose><truncated>0</truncated><difficult>0</difficult><bndbox>
      <xmin>1199</xmin>
      <ymin>249</ymin>
      <xmax>1382</xmax>
      <ymax>434</ymax>
    </bndbox>
    </object>
  <object>
    <name>Person</name>
    <pose>Unspecified</pose><truncated>0</truncated><difficult>0</difficult><bndbox>
      <xmin>627</xmin>
      <ymin>121</ymin>
      <xmax>795</xmax>
      <ymax>245</ymax>
    </bndbox>
    </object>
  <object>
    <name>Person</name>
    <pose>Unspecified</pose><truncated>0</truncated><difficult>0</difficult><bndbox>
      <xmin>242</xmin>
      <ymin>374</ymin>
      <xmax>421</xmax>
      <ymax>612</ymax>
    </bndbox>
    </object>
  <object>
    <name>Person</name>
    <pose>Unspecified</pose><truncated>0</truncated><difficult>0</difficult><bndbox>
      <xmin>688</xmin>
      <ymin>634</ymin>
      <xmax>982</xmax>
      <ymax>908</ymax>
    </bndbox>
    </object>
  <object>
    <name>Person</name>
    <pose>Unspecified</pose><truncated>0</truncated><difficult>0</difficult><bndbox>
      <xmin>260</xmin>
      <ymin>611</ymin>
      <xmax>423</xmax>
      <ymax>852</ymax>
    </bndbox>
    </object>
</annotation>