<annotation>
  <folder>my-project-name</folder>
  <filename>67-1.png</filename>
  <path>/my-project-name/67-1.png</path><source>
    <database>Unspecified</database>
  </source>
  <size>
    <width>1792</width>
    <height>1024</height>
    <depth>3</depth>
  </size>
  <object>
    <name>Person</name>
    <pose>Unspecified</pose><truncated>0</truncated><difficult>0</difficult><bndbox>
      <xmin>848</xmin>
      <ymin>387</ymin>
      <xmax>950</xmax>
      <ymax>554</ymax>
    </bndbox>
    </object>
  <object>
    <name>Person</name>
    <pose>Unspecified</pose><truncated>0</truncated><difficult>0</difficult><bndbox>
      <xmin>435</xmin>
      <ymin>378</ymin>
      <xmax>1101</xmax>
      <ymax>920</ymax>
    </bndbox>
    </object>
</annotation>