<annotation>
  <folder>my-project-name</folder>
  <filename>67-2.png</filename>
  <path>/my-project-name/67-2.png</path><source>
    <database>Unspecified</database>
  </source>
  <size>
    <width>1792</width>
    <height>1024</height>
    <depth>3</depth>
  </size>
  <object>
    <name>Person</name>
    <pose>Unspecified</pose><truncated>0</truncated><difficult>0</difficult><bndbox>
      <xmin>800</xmin>
      <ymin>636</ymin>
      <xmax>1056</xmax>
      <ymax>935</ymax>
    </bndbox>
    </object>
  <object>
    <name>Person</name>
    <pose>Unspecified</pose><truncated>0</truncated><difficult>0</difficult><bndbox>
      <xmin>695</xmin>
      <ymin>389</ymin>
      <xmax>975</xmax>
      <ymax>669</ymax>
    </bndbox>
    </object>
</annotation>