<annotation>
  <folder>my-project-name</folder>
  <filename>68-1.png</filename>
  <path>/my-project-name/68-1.png</path><source>
    <database>Unspecified</database>
  </source>
  <size>
    <width>1792</width>
    <height>1024</height>
    <depth>3</depth>
  </size>
  <object>
    <name>Person</name>
    <pose>Unspecified</pose><truncated>0</truncated><difficult>0</difficult><bndbox>
      <xmin>58</xmin>
      <ymin>25</ymin>
      <xmax>1733</xmax>
      <ymax>1023</ymax>
    </bndbox>
    </object>
  <object>
    <name>Person</name>
    <pose>Unspecified</pose><truncated>0</truncated><difficult>0</difficult><bndbox>
      <xmin>433</xmin>
      <ymin>606</ymin>
      <xmax>594</xmax>
      <ymax>921</ymax>
    </bndbox>
    </object>
  <object>
    <name>Person</name>
    <pose>Unspecified</pose><truncated>0</truncated><difficult>0</difficult><bndbox>
      <xmin>769</xmin>
      <ymin>435</ymin>
      <xmax>959</xmax>
      <ymax>783</ymax>
    </bndbox>
    </object>
  <object>
    <name>Person</name>
    <pose>Unspecified</pose><truncated>0</truncated><difficult>0</difficult><bndbox>
      <xmin>516</xmin>
      <ymin>356</ymin>
      <xmax>763</xmax>
      <ymax>656</ymax>
    </bndbox>
    </object>
  <object>
    <name>Person</name>
    <pose>Unspecified</pose><truncated>0</truncated><difficult>0</difficult><bndbox>
      <xmin>727</xmin>
      <ymin>272</ymin>
      <xmax>861</xmax>
      <ymax>473</ymax>
    </bndbox>
    </object>
  <object>
    <name>Person</name>
    <pose>Unspecified</pose><truncated>0</truncated><difficult>0</difficult><bndbox>
      <xmin>435</xmin>
      <ymin>204</ymin>
      <xmax>531</xmax>
      <ymax>410</ymax>
    </bndbox>
    </object>
  <object>
    <name>Person</name>
    <pose>Unspecified</pose><truncated>0</truncated><difficult>0</difficult><bndbox>
      <xmin>864</xmin>
      <ymin>193</ymin>
      <xmax>976</xmax>
      <ymax>398</ymax>
    </bndbox>
    </object>
</annotation>