<annotation>
  <folder>my-project-name</folder>
  <filename>68-2.png</filename>
  <path>/my-project-name/68-2.png</path><source>
    <database>Unspecified</database>
  </source>
  <size>
    <width>1792</width>
    <height>1024</height>
    <depth>3</depth>
  </size>
  <object>
    <name>Person</name>
    <pose>Unspecified</pose><truncated>0</truncated><difficult>0</difficult><bndbox>
      <xmin>85</xmin>
      <ymin>508</ymin>
      <xmax>155</xmax>
      <ymax>674</ymax>
    </bndbox>
    </object>
  <object>
    <name>Person</name>
    <pose>Unspecified</pose><truncated>0</truncated><difficult>0</difficult><bndbox>
      <xmin>131</xmin>
      <ymin>362</ymin>
      <xmax>282</xmax>
      <ymax>590</ymax>
    </bndbox>
    </object>
  <object>
    <name>Person</name>
    <pose>Unspecified</pose><truncated>0</truncated><difficult>0</difficult><bndbox>
      <xmin>1452</xmin>
      <ymin>361</ymin>
      <xmax>1578</xmax>
      <ymax>449</ymax>
    </bndbox>
    </object>
  <object>
    <name>Person</name>
    <pose>Unspecified</pose><truncated>0</truncated><difficult>0</difficult><bndbox>
      <xmin>290</xmin>
      <ymin>278</ymin>
      <xmax>368</xmax>
      <ymax>404</ymax>
    </bndbox>
    </object>
  <object>
    <name>Person</name>
    <pose>Unspecified</pose><truncated>0</truncated><difficult>0</difficult><bndbox>
      <xmin>123</xmin>
      <ymin>178</ymin>
      <xmax>1660</xmax>
      <ymax>1020</ymax>
    </bndbox>
    </object>
  <object>
    <name>Person</name>
    <pose>Unspecified</pose><truncated>0</truncated><difficult>0</difficult><bndbox>
      <xmin>1141</xmin>
      <ymin>863</ymin>
      <xmax>1265</xmax>
      <ymax>993</ymax>
    </bndbox>
    </object>
  <object>
    <name>Person</name>
    <pose>Unspecified</pose><truncated>0</truncated><difficult>0</difficult><bndbox>
      <xmin>273</xmin>
      <ymin>747</ymin>
      <xmax>346</xmax>
      <ymax>886</ymax>
    </bndbox>
    </object>
  <object>
    <name>Person</name>
    <pose>Unspecified</pose><truncated>0</truncated><difficult>0</difficult><bndbox>
      <xmin>400</xmin>
      <ymin>746</ymin>
      <xmax>491</xmax>
      <ymax>889</ymax>
    </bndbox>
    </object>
  <object>
    <name>Person</name>
    <pose>Unspecified</pose><truncated>0</truncated><difficult>0</difficult><bndbox>
      <xmin>587</xmin>
      <ymin>743</ymin>
      <xmax>838</xmax>
      <ymax>952</ymax>
    </bndbox>
    </object>
  <object>
    <name>Person</name>
    <pose>Unspecified</pose><truncated>0</truncated><difficult>0</difficult><bndbox>
      <xmin>969</xmin>
      <ymin>686</ymin>
      <xmax>1145</xmax>
      <ymax>895</ymax>
    </bndbox>
    </object>
  <object>
    <name>Person</name>
    <pose>Unspecified</pose><truncated>0</truncated><difficult>0</difficult><bndbox>
      <xmin>1409</xmin>
      <ymin>650</ymin>
      <xmax>1498</xmax>
      <ymax>823</ymax>
    </bndbox>
    </object>
  <object>
    <name>Person</name>
    <pose>Unspecified</pose><truncated>0</truncated><difficult>0</difficult><bndbox>
      <xmin>306</xmin>
      <ymin>603</ymin>
      <xmax>400</xmax>
      <ymax>737</ymax>
    </bndbox>
    </object>
  <object>
    <name>Person</name>
    <pose>Unspecified</pose><truncated>0</truncated><difficult>0</difficult><bndbox>
      <xmin>432</xmin>
      <ymin>562</ymin>
      <xmax>523</xmax>
      <ymax>675</ymax>
    </bndbox>
    </object>
  <object>
    <name>Person</name>
    <pose>Unspecified</pose><truncated>0</truncated><difficult>0</difficult><bndbox>
      <xmin>1229</xmin>
      <ymin>534</ymin>
      <xmax>1294</xmax>
      <ymax>670</ymax>
    </bndbox>
    </object>
  <object>
    <name>Person</name>
    <pose>Unspecified</pose><truncated>0</truncated><difficult>0</difficult><bndbox>
      <xmin>868</xmin>
      <ymin>477</ymin>
      <xmax>952</xmax>
      <ymax>585</ymax>
    </bndbox>
    </object>
  <object>
    <name>Person</name>
    <pose>Unspecified</pose><truncated>0</truncated><difficult>0</difficult><bndbox>
      <xmin>1134</xmin>
      <ymin>447</ymin>
      <xmax>1205</xmax>
      <ymax>545</ymax>
    </bndbox>
    </object>
  <object>
    <name>Person</name>
    <pose>Unspecified</pose><truncated>0</truncated><difficult>0</difficult><bndbox>
      <xmin>517</xmin>
      <ymin>416</ymin>
      <xmax>583</xmax>
      <ymax>568</ymax>
    </bndbox>
    </object>
  <object>
    <name>Person</name>
    <pose>Unspecified</pose><truncated>0</truncated><difficult>0</difficult><bndbox>
      <xmin>1022</xmin>
      <ymin>330</ymin>
      <xmax>1159</xmax>
      <ymax>463</ymax>
    </bndbox>
    </object>
</annotation>