<annotation>
  <folder>my-project-name</folder>
  <filename>70-1.png</filename>
  <path>/my-project-name/70-1.png</path><source>
    <database>Unspecified</database>
  </source>
  <size>
    <width>1792</width>
    <height>1024</height>
    <depth>3</depth>
  </size>
  <object>
    <name>Person</name>
    <pose>Unspecified</pose><truncated>0</truncated><difficult>0</difficult><bndbox>
      <xmin>910</xmin>
      <ymin>432</ymin>
      <xmax>1073</xmax>
      <ymax>938</ymax>
    </bndbox>
    </object>
  <object>
    <name>Person</name>
    <pose>Unspecified</pose><truncated>0</truncated><difficult>0</difficult><bndbox>
      <xmin>716</xmin>
      <ymin>382</ymin>
      <xmax>912</xmax>
      <ymax>917</ymax>
    </bndbox>
    </object>
</annotation>