<annotation>
  <folder>my-project-name</folder>
  <filename>70-2.png</filename>
  <path>/my-project-name/70-2.png</path><source>
    <database>Unspecified</database>
  </source>
  <size>
    <width>1792</width>
    <height>1024</height>
    <depth>3</depth>
  </size>
  <object>
    <name>Person</name>
    <pose>Unspecified</pose><truncated>0</truncated><difficult>0</difficult><bndbox>
      <xmin>758</xmin>
      <ymin>824</ymin>
      <xmax>818</xmax>
      <ymax>960</ymax>
    </bndbox>
    </object>
  <object>
    <name>Person</name>
    <pose>Unspecified</pose><truncated>0</truncated><difficult>0</difficult><bndbox>
      <xmin>832</xmin>
      <ymin>793</ymin>
      <xmax>893</xmax>
      <ymax>946</ymax>
    </bndbox>
    </object>
</annotation>