<annotation>
  <folder>my-project-name</folder>
  <filename>72-1.png</filename>
  <path>/my-project-name/72-1.png</path><source>
    <database>Unspecified</database>
  </source>
  <size>
    <width>1792</width>
    <height>1024</height>
    <depth>3</depth>
  </size>
  <object>
    <name>Person</name>
    <pose>Unspecified</pose><truncated>0</truncated><difficult>0</difficult><bndbox>
      <xmin>495</xmin>
      <ymin>520</ymin>
      <xmax>640</xmax>
      <ymax>807</ymax>
    </bndbox>
    </object>
  <object>
    <name>Person</name>
    <pose>Unspecified</pose><truncated>0</truncated><difficult>0</difficult><bndbox>
      <xmin>669</xmin>
      <ymin>6</ymin>
      <xmax>1105</xmax>
      <ymax>602</ymax>
    </bndbox>
    </object>
</annotation>