<annotation>
  <folder>my-project-name</folder>
  <filename>72-2.png</filename>
  <path>/my-project-name/72-2.png</path><source>
    <database>Unspecified</database>
  </source>
  <size>
    <width>1792</width>
    <height>1024</height>
    <depth>3</depth>
  </size>
  <object>
    <name>Person</name>
    <pose>Unspecified</pose><truncated>0</truncated><difficult>0</difficult><bndbox>
      <xmin>838</xmin>
      <ymin>64</ymin>
      <xmax>1516</xmax>
      <ymax>983</ymax>
    </bndbox>
    </object>
  <object>
    <name>Person</name>
    <pose>Unspecified</pose><truncated>0</truncated><difficult>0</difficult><bndbox>
      <xmin>1147</xmin>
      <ymin>479</ymin>
      <xmax>1247</xmax>
      <ymax>586</ymax>
    </bndbox>
    </object>
</annotation>