<annotation>
  <folder>my-project-name</folder>
  <filename>73-1.png</filename>
  <path>/my-project-name/73-1.png</path><source>
    <database>Unspecified</database>
  </source>
  <size>
    <width>1792</width>
    <height>1024</height>
    <depth>3</depth>
  </size>
  <object>
    <name>Person</name>
    <pose>Unspecified</pose><truncated>0</truncated><difficult>0</difficult><bndbox>
      <xmin>1179</xmin>
      <ymin>615</ymin>
      <xmax>1269</xmax>
      <ymax>721</ymax>
    </bndbox>
    </object>
  <object>
    <name>Person</name>
    <pose>Unspecified</pose><truncated>0</truncated><difficult>0</difficult><bndbox>
      <xmin>156</xmin>
      <ymin>96</ymin>
      <xmax>1667</xmax>
      <ymax>1018</ymax>
    </bndbox>
    </object>
  <object>
    <name>Person</name>
    <pose>Unspecified</pose><truncated>0</truncated><difficult>0</difficult><bndbox>
      <xmin>1079</xmin>
      <ymin>613</ymin>
      <xmax>1186</xmax>
      <ymax>723</ymax>
    </bndbox>
    </object>
  <object>
    <name>Person</name>
    <pose>Unspecified</pose><truncated>0</truncated><difficult>0</difficult><bndbox>
      <xmin>1174</xmin>
      <ymin>610</ymin>
      <xmax>1275</xmax>
      <ymax>725</ymax>
    </bndbox>
    </object>
  <object>
    <name>Person</name>
    <pose>Unspecified</pose><truncated>0</truncated><difficult>0</difficult><bndbox>
      <xmin>730</xmin>
      <ymin>590</ymin>
      <xmax>834</xmax>
      <ymax>814</ymax>
    </bndbox>
    </object>
  <object>
    <name>Person</name>
    <pose>Unspecified</pose><truncated>0</truncated><difficult>0</difficult><bndbox>
      <xmin>971</xmin>
      <ymin>571</ymin>
      <xmax>1077</xmax>
      <ymax>676</ymax>
    </bndbox>
    </object>
  <object>
    <name>Person</name>
    <pose>Unspecified</pose><truncated>0</truncated><difficult>0</difficult><bndbox>
      <xmin>1396</xmin>
      <ymin>425</ymin>
      <xmax>1491</xmax>
      <ymax>560</ymax>
    </bndbox>
    </object>
  <object>
    <name>Person</name>
    <pose>Unspecified</pose><truncated>0</truncated><difficult>0</difficult><bndbox>
      <xmin>868</xmin>
      <ymin>304</ymin>
      <xmax>951</xmax>
      <ymax>395</ymax>
    </bndbox>
    </object>
  <object>
    <name>Person</name>
    <pose>Unspecified</pose><truncated>0</truncated><difficult>0</difficult><bndbox>
      <xmin>493</xmin>
      <ymin>281</ymin>
      <xmax>644</xmax>
      <ymax>440</ymax>
    </bndbox>
    </object>
  <object>
    <name>Person</name>
    <pose>Unspecified</pose><truncated>0</truncated><difficult>0</difficult><bndbox>
      <xmin>1093</xmin>
      <ymin>613</ymin>
      <xmax>1155</xmax>
      <ymax>716</ymax>
    </bndbox>
    </object>
  <object>
    <name>Person</name>
    <pose>Unspecified</pose><truncated>0</truncated><difficult>0</difficult><bndbox>
      <xmin>648</xmin>
      <ymin>570</ymin>
      <xmax>707</xmax>
      <ymax>651</ymax>
    </bndbox>
    </object>
  <object>
    <name>Person</name>
    <pose>Unspecified</pose><truncated>0</truncated><difficult>0</difficult><bndbox>
      <xmin>740</xmin>
      <ymin>679</ymin>
      <xmax>807</xmax>
      <ymax>801</ymax>
    </bndbox>
    </object>
  <object>
    <name>Person</name>
    <pose>Unspecified</pose><truncated>0</truncated><difficult>0</difficult><bndbox>
      <xmin>345</xmin>
      <ymin>805</ymin>
      <xmax>420</xmax>
      <ymax>919</ymax>
    </bndbox>
    </object>
  <object>
    <name>Person</name>
    <pose>Unspecified</pose><truncated>0</truncated><difficult>0</difficult><bndbox>
      <xmin>231</xmin>
      <ymin>629</ymin>
      <xmax>278</xmax>
      <ymax>728</ymax>
    </bndbox>
    </object>
</annotation>