<annotation>
  <folder>my-project-name</folder>
  <filename>73-2.png</filename>
  <path>/my-project-name/73-2.png</path><source>
    <database>Unspecified</database>
  </source>
  <size>
    <width>1792</width>
    <height>1024</height>
    <depth>3</depth>
  </size>
  <object>
    <name>Person</name>
    <pose>Unspecified</pose><truncated>0</truncated><difficult>0</difficult><bndbox>
      <xmin>837</xmin>
      <ymin>841</ymin>
      <xmax>910</xmax>
      <ymax>911</ymax>
    </bndbox>
    </object>
  <object>
    <name>Person</name>
    <pose>Unspecified</pose><truncated>0</truncated><difficult>0</difficult><bndbox>
      <xmin>1393</xmin>
      <ymin>875</ymin>
      <xmax>1463</xmax>
      <ymax>965</ymax>
    </bndbox>
    </object>
  <object>
    <name>Person</name>
    <pose>Unspecified</pose><truncated>0</truncated><difficult>0</difficult><bndbox>
      <xmin>1225</xmin>
      <ymin>571</ymin>
      <xmax>1258</xmax>
      <ymax>648</ymax>
    </bndbox>
    </object>
  <object>
    <name>Person</name>
    <pose>Unspecified</pose><truncated>0</truncated><difficult>0</difficult><bndbox>
      <xmin>460</xmin>
      <ymin>797</ymin>
      <xmax>506</xmax>
      <ymax>892</ymax>
    </bndbox>
    </object>
  <object>
    <name>Person</name>
    <pose>Unspecified</pose><truncated>0</truncated><difficult>0</difficult><bndbox>
      <xmin>357</xmin>
      <ymin>765</ymin>
      <xmax>402</xmax>
      <ymax>853</ymax>
    </bndbox>
    </object>
  <object>
    <name>Person</name>
    <pose>Unspecified</pose><truncated>0</truncated><difficult>0</difficult><bndbox>
      <xmin>1215</xmin>
      <ymin>712</ymin>
      <xmax>1274</xmax>
      <ymax>823</ymax>
    </bndbox>
    </object>
  <object>
    <name>Person</name>
    <pose>Unspecified</pose><truncated>0</truncated><difficult>0</difficult><bndbox>
      <xmin>390</xmin>
      <ymin>674</ymin>
      <xmax>448</xmax>
      <ymax>777</ymax>
    </bndbox>
    </object>
  <object>
    <name>Person</name>
    <pose>Unspecified</pose><truncated>0</truncated><difficult>0</difficult><bndbox>
      <xmin>1461</xmin>
      <ymin>705</ymin>
      <xmax>1505</xmax>
      <ymax>811</ymax>
    </bndbox>
    </object>
  <object>
    <name>Person</name>
    <pose>Unspecified</pose><truncated>0</truncated><difficult>0</difficult><bndbox>
      <xmin>588</xmin>
      <ymin>863</ymin>
      <xmax>632</xmax>
      <ymax>971</ymax>
    </bndbox>
    </object>
  <object>
    <name>Person</name>
    <pose>Unspecified</pose><truncated>0</truncated><difficult>0</difficult><bndbox>
      <xmin>542</xmin>
      <ymin>793</ymin>
      <xmax>592</xmax>
      <ymax>888</ymax>
    </bndbox>
    </object>
  <object>
    <name>Person</name>
    <pose>Unspecified</pose><truncated>0</truncated><difficult>0</difficult><bndbox>
      <xmin>297</xmin>
      <ymin>595</ymin>
      <xmax>335</xmax>
      <ymax>692</ymax>
    </bndbox>
    </object>
  <object>
    <name>Person</name>
    <pose>Unspecified</pose><truncated>0</truncated><difficult>0</difficult><bndbox>
      <xmin>489</xmin>
      <ymin>618</ymin>
      <xmax>527</xmax>
      <ymax>669</ymax>
    </bndbox>
    </object>
  <object>
    <name>Person</name>
    <pose>Unspecified</pose><truncated>0</truncated><difficult>0</difficult><bndbox>
      <xmin>395</xmin>
      <ymin>539</ymin>
      <xmax>435</xmax>
      <ymax>603</ymax>
    </bndbox>
    </object>
  <object>
    <name>Person</name>
    <pose>Unspecified</pose><truncated>0</truncated><difficult>0</difficult><bndbox>
      <xmin>245</xmin>
      <ymin>609</ymin>
      <xmax>283</xmax>
      <ymax>715</ymax>
    </bndbox>
    </object>
  <object>
    <name>Person</name>
    <pose>Unspecified</pose><truncated>0</truncated><difficult>0</difficult><bndbox>
      <xmin>720</xmin>
      <ymin>646</ymin>
      <xmax>771</xmax>
      <ymax>717</ymax>
    </bndbox>
    </object>
</annotation>