<annotation>
  <folder>my-project-name</folder>
  <filename>76-1.png</filename>
  <path>/my-project-name/76-1.png</path><source>
    <database>Unspecified</database>
  </source>
  <size>
    <width>1792</width>
    <height>1024</height>
    <depth>3</depth>
  </size>
  <object>
    <name>Person</name>
    <pose>Unspecified</pose><truncated>0</truncated><difficult>0</difficult><bndbox>
      <xmin>1302</xmin>
      <ymin>560</ymin>
      <xmax>1449</xmax>
      <ymax>880</ymax>
    </bndbox>
    </object>
  <object>
    <name>Person</name>
    <pose>Unspecified</pose><truncated>0</truncated><difficult>0</difficult><bndbox>
      <xmin>880</xmin>
      <ymin>679</ymin>
      <xmax>956</xmax>
      <ymax>942</ymax>
    </bndbox>
    </object>
  <object>
    <name>Person</name>
    <pose>Unspecified</pose><truncated>0</truncated><difficult>0</difficult><bndbox>
      <xmin>1165</xmin>
      <ymin>463</ymin>
      <xmax>1239</xmax>
      <ymax>750</ymax>
    </bndbox>
    </object>
  <object>
    <name>Person</name>
    <pose>Unspecified</pose><truncated>0</truncated><difficult>0</difficult><bndbox>
      <xmin>1481</xmin>
      <ymin>647</ymin>
      <xmax>1584</xmax>
      <ymax>875</ymax>
    </bndbox>
    </object>
</annotation>