<annotation>
  <folder>my-project-name</folder>
  <filename>78-1.png</filename>
  <path>/my-project-name/78-1.png</path><source>
    <database>Unspecified</database>
  </source>
  <size>
    <width>1792</width>
    <height>1024</height>
    <depth>3</depth>
  </size>
  <object>
    <name>Person</name>
    <pose>Unspecified</pose><truncated>0</truncated><difficult>0</difficult><bndbox>
      <xmin>264</xmin>
      <ymin>69</ymin>
      <xmax>843</xmax>
      <ymax>1005</ymax>
    </bndbox>
    </object>
  <object>
    <name>Person</name>
    <pose>Unspecified</pose><truncated>0</truncated><difficult>0</difficult><bndbox>
      <xmin>389</xmin>
      <ymin>855</ymin>
      <xmax>507</xmax>
      <ymax>912</ymax>
    </bndbox>
    </object>
  <object>
    <name>Person</name>
    <pose>Unspecified</pose><truncated>0</truncated><difficult>0</difficult><bndbox>
      <xmin>277</xmin>
      <ymin>223</ymin>
      <xmax>842</xmax>
      <ymax>1006</ymax>
    </bndbox>
    </object>
  <object>
    <name>Person</name>
    <pose>Unspecified</pose><truncated>0</truncated><difficult>0</difficult><bndbox>
      <xmin>388</xmin>
      <ymin>855</ymin>
      <xmax>508</xmax>
      <ymax>913</ymax>
    </bndbox>
    </object>
  <object>
    <name>Person</name>
    <pose>Unspecified</pose><truncated>0</truncated><difficult>0</difficult><bndbox>
      <xmin>307</xmin>
      <ymin>69</ymin>
      <xmax>691</xmax>
      <ymax>263</ymax>
    </bndbox>
    </object>
</annotation>