<annotation>
  <folder>my-project-name</folder>
  <filename>78-2.png</filename>
  <path>/my-project-name/78-2.png</path><source>
    <database>Unspecified</database>
  </source>
  <size>
    <width>1792</width>
    <height>1024</height>
    <depth>3</depth>
  </size>
  <object>
    <name>Person</name>
    <pose>Unspecified</pose><truncated>0</truncated><difficult>0</difficult><bndbox>
      <xmin>535</xmin>
      <ymin>316</ymin>
      <xmax>807</xmax>
      <ymax>1018</ymax>
    </bndbox>
    </object>
</annotation>