<annotation>
  <folder>my-project-name</folder>
  <filename>79-2.png</filename>
  <path>/my-project-name/79-2.png</path><source>
    <database>Unspecified</database>
  </source>
  <size>
    <width>1792</width>
    <height>1024</height>
    <depth>3</depth>
  </size>
  <object>
    <name>Person</name>
    <pose>Unspecified</pose><truncated>0</truncated><difficult>0</difficult><bndbox>
      <xmin>809</xmin>
      <ymin>292</ymin>
      <xmax>1051</xmax>
      <ymax>850</ymax>
    </bndbox>
    </object>
</annotation>