<annotation>
  <folder>my-project-name</folder>
  <filename>8-2.png</filename>
  <path>/my-project-name/8-2.png</path><source>
    <database>Unspecified</database>
  </source>
  <size>
    <width>1792</width>
    <height>1024</height>
    <depth>3</depth>
  </size>
  <object>
    <name>Person</name>
    <pose>Unspecified</pose><truncated>0</truncated><difficult>0</difficult><bndbox>
      <xmin>578</xmin>
      <ymin>259</ymin>
      <xmax>1257</xmax>
      <ymax>1020</ymax>
    </bndbox>
    </object>
  <object>
    <name>Person</name>
    <pose>Unspecified</pose><truncated>0</truncated><difficult>0</difficult><bndbox>
      <xmin>643</xmin>
      <ymin>916</ymin>
      <xmax>735</xmax>
      <ymax>983</ymax>
    </bndbox>
    </object>
  <object>
    <name>Person</name>
    <pose>Unspecified</pose><truncated>0</truncated><difficult>0</difficult><bndbox>
      <xmin>637</xmin>
      <ymin>783</ymin>
      <xmax>725</xmax>
      <ymax>891</ymax>
    </bndbox>
    </object>
</annotation>