<annotation>
  <folder>my-project-name</folder>
  <filename>80-1.png</filename>
  <path>/my-project-name/80-1.png</path><source>
    <database>Unspecified</database>
  </source>
  <size>
    <width>1792</width>
    <height>1024</height>
    <depth>3</depth>
  </size>
  <object>
    <name>Person</name>
    <pose>Unspecified</pose><truncated>0</truncated><difficult>0</difficult><bndbox>
      <xmin>678</xmin>
      <ymin>236</ymin>
      <xmax>1207</xmax>
      <ymax>842</ymax>
    </bndbox>
    </object>
  <object>
    <name>Person</name>
    <pose>Unspecified</pose><truncated>0</truncated><difficult>0</difficult><bndbox>
      <xmin>852</xmin>
      <ymin>576</ymin>
      <xmax>1038</xmax>
      <ymax>751</ymax>
    </bndbox>
    </object>
  <object>
    <name>Person</name>
    <pose>Unspecified</pose><truncated>0</truncated><difficult>0</difficult><bndbox>
      <xmin>335</xmin>
      <ymin>389</ymin>
      <xmax>529</xmax>
      <ymax>683</ymax>
    </bndbox>
    </object>
</annotation>