<annotation>
  <folder>my-project-name</folder>
  <filename>80-2.png</filename>
  <path>/my-project-name/80-2.png</path><source>
    <database>Unspecified</database>
  </source>
  <size>
    <width>1792</width>
    <height>1024</height>
    <depth>3</depth>
  </size>
  <object>
    <name>Person</name>
    <pose>Unspecified</pose><truncated>0</truncated><difficult>0</difficult><bndbox>
      <xmin>617</xmin>
      <ymin>719</ymin>
      <xmax>706</xmax>
      <ymax>883</ymax>
    </bndbox>
    </object>
  <object>
    <name>Person</name>
    <pose>Unspecified</pose><truncated>0</truncated><difficult>0</difficult><bndbox>
      <xmin>566</xmin>
      <ymin>593</ymin>
      <xmax>627</xmax>
      <ymax>754</ymax>
    </bndbox>
    </object>
  <object>
    <name>Person</name>
    <pose>Unspecified</pose><truncated>0</truncated><difficult>0</difficult><bndbox>
      <xmin>657</xmin>
      <ymin>554</ymin>
      <xmax>705</xmax>
      <ymax>687</ymax>
    </bndbox>
    </object>
  <object>
    <name>Person</name>
    <pose>Unspecified</pose><truncated>0</truncated><difficult>0</difficult><bndbox>
      <xmin>853</xmin>
      <ymin>636</ymin>
      <xmax>914</xmax>
      <ymax>784</ymax>
    </bndbox>
    </object>
  <object>
    <name>Person</name>
    <pose>Unspecified</pose><truncated>0</truncated><difficult>0</difficult><bndbox>
      <xmin>764</xmin>
      <ymin>606</ymin>
      <xmax>820</xmax>
      <ymax>752</ymax>
    </bndbox>
    </object>
  <object>
    <name>Person</name>
    <pose>Unspecified</pose><truncated>0</truncated><difficult>0</difficult><bndbox>
      <xmin>702</xmin>
      <ymin>715</ymin>
      <xmax>804</xmax>
      <ymax>879</ymax>
    </bndbox>
    </object>
  <object>
    <name>Person</name>
    <pose>Unspecified</pose><truncated>0</truncated><difficult>0</difficult><bndbox>
      <xmin>1226</xmin>
      <ymin>746</ymin>
      <xmax>1322</xmax>
      <ymax>889</ymax>
    </bndbox>
    </object>
  <object>
    <name>Person</name>
    <pose>Unspecified</pose><truncated>0</truncated><difficult>0</difficult><bndbox>
      <xmin>352</xmin>
      <ymin>724</ymin>
      <xmax>426</xmax>
      <ymax>843</ymax>
    </bndbox>
    </object>
  <object>
    <name>Person</name>
    <pose>Unspecified</pose><truncated>0</truncated><difficult>0</difficult><bndbox>
      <xmin>463</xmin>
      <ymin>680</ymin>
      <xmax>529</xmax>
      <ymax>841</ymax>
    </bndbox>
    </object>
  <object>
    <name>Person</name>
    <pose>Unspecified</pose><truncated>0</truncated><difficult>0</difficult><bndbox>
      <xmin>920</xmin>
      <ymin>802</ymin>
      <xmax>1000</xmax>
      <ymax>935</ymax>
    </bndbox>
    </object>
  <object>
    <name>Person</name>
    <pose>Unspecified</pose><truncated>0</truncated><difficult>0</difficult><bndbox>
      <xmin>276</xmin>
      <ymin>727</ymin>
      <xmax>334</xmax>
      <ymax>813</ymax>
    </bndbox>
    </object>
</annotation>