<annotation>
  <folder>my-project-name</folder>
  <filename>81-2.png</filename>
  <path>/my-project-name/81-2.png</path><source>
    <database>Unspecified</database>
  </source>
  <size>
    <width>1792</width>
    <height>1024</height>
    <depth>3</depth>
  </size>
  <object>
    <name>Person</name>
    <pose>Unspecified</pose><truncated>0</truncated><difficult>0</difficult><bndbox>
      <xmin>633</xmin>
      <ymin>611</ymin>
      <xmax>806</xmax>
      <ymax>848</ymax>
    </bndbox>
    </object>
  <object>
    <name>Person</name>
    <pose>Unspecified</pose><truncated>0</truncated><difficult>0</difficult><bndbox>
      <xmin>904</xmin>
      <ymin>540</ymin>
      <xmax>1015</xmax>
      <ymax>932</ymax>
    </bndbox>
    </object>
</annotation>