<annotation>
  <folder>my-project-name</folder>
  <filename>82-1.png</filename>
  <path>/my-project-name/82-1.png</path><source>
    <database>Unspecified</database>
  </source>
  <size>
    <width>1792</width>
    <height>1024</height>
    <depth>3</depth>
  </size>
  <object>
    <name>Person</name>
    <pose>Unspecified</pose><truncated>0</truncated><difficult>0</difficult><bndbox>
      <xmin>1142</xmin>
      <ymin>440</ymin>
      <xmax>1295</xmax>
      <ymax>862</ymax>
    </bndbox>
    </object>
  <object>
    <name>Person</name>
    <pose>Unspecified</pose><truncated>0</truncated><difficult>0</difficult><bndbox>
      <xmin>669</xmin>
      <ymin>239</ymin>
      <xmax>757</xmax>
      <ymax>463</ymax>
    </bndbox>
    </object>
  <object>
    <name>Person</name>
    <pose>Unspecified</pose><truncated>0</truncated><difficult>0</difficult><bndbox>
      <xmin>804</xmin>
      <ymin>225</ymin>
      <xmax>913</xmax>
      <ymax>431</ymax>
    </bndbox>
    </object>
</annotation>