<annotation>
  <folder>my-project-name</folder>
  <filename>83-1.png</filename>
  <path>/my-project-name/83-1.png</path><source>
    <database>Unspecified</database>
  </source>
  <size>
    <width>1792</width>
    <height>1024</height>
    <depth>3</depth>
  </size>
  <object>
    <name>Person</name>
    <pose>Unspecified</pose><truncated>0</truncated><difficult>0</difficult><bndbox>
      <xmin>735</xmin>
      <ymin>734</ymin>
      <xmax>927</xmax>
      <ymax>1022</ymax>
    </bndbox>
    </object>
  <object>
    <name>Person</name>
    <pose>Unspecified</pose><truncated>0</truncated><difficult>0</difficult><bndbox>
      <xmin>769</xmin>
      <ymin>877</ymin>
      <xmax>829</xmax>
      <ymax>999</ymax>
    </bndbox>
    </object>
  <object>
    <name>Person</name>
    <pose>Unspecified</pose><truncated>0</truncated><difficult>0</difficult><bndbox>
      <xmin>385</xmin>
      <ymin>689</ymin>
      <xmax>754</xmax>
      <ymax>1021</ymax>
    </bndbox>
    </object>
</annotation>