<annotation>
  <folder>my-project-name</folder>
  <filename>85-1.png</filename>
  <path>/my-project-name/85-1.png</path><source>
    <database>Unspecified</database>
  </source>
  <size>
    <width>1792</width>
    <height>1024</height>
    <depth>3</depth>
  </size>
  <object>
    <name>Person</name>
    <pose>Unspecified</pose><truncated>0</truncated><difficult>0</difficult><bndbox>
      <xmin>340</xmin>
      <ymin>217</ymin>
      <xmax>871</xmax>
      <ymax>918</ymax>
    </bndbox>
    </object>
</annotation>