<annotation>
  <folder>my-project-name</folder>
  <filename>86-2.png</filename>
  <path>/my-project-name/86-2.png</path><source>
    <database>Unspecified</database>
  </source>
  <size>
    <width>1792</width>
    <height>1024</height>
    <depth>3</depth>
  </size>
  <object>
    <name>Person</name>
    <pose>Unspecified</pose><truncated>0</truncated><difficult>0</difficult><bndbox>
      <xmin>488</xmin>
      <ymin>376</ymin>
      <xmax>776</xmax>
      <ymax>720</ymax>
    </bndbox>
    </object>
  <object>
    <name>Person</name>
    <pose>Unspecified</pose><truncated>0</truncated><difficult>0</difficult><bndbox>
      <xmin>922</xmin>
      <ymin>293</ymin>
      <xmax>1195</xmax>
      <ymax>579</ymax>
    </bndbox>
    </object>
</annotation>