<annotation>
  <folder>my-project-name</folder>
  <filename>88-1.png</filename>
  <path>/my-project-name/88-1.png</path><source>
    <database>Unspecified</database>
  </source>
  <size>
    <width>1792</width>
    <height>1024</height>
    <depth>3</depth>
  </size>
  <object>
    <name>Person</name>
    <pose>Unspecified</pose><truncated>0</truncated><difficult>0</difficult><bndbox>
      <xmin>972</xmin>
      <ymin>703</ymin>
      <xmax>1019</xmax>
      <ymax>801</ymax>
    </bndbox>
    </object>
  <object>
    <name>Person</name>
    <pose>Unspecified</pose><truncated>0</truncated><difficult>0</difficult><bndbox>
      <xmin>1124</xmin>
      <ymin>505</ymin>
      <xmax>1144</xmax>
      <ymax>559</ymax>
    </bndbox>
    </object>
  <object>
    <name>Person</name>
    <pose>Unspecified</pose><truncated>0</truncated><difficult>0</difficult><bndbox>
      <xmin>1050</xmin>
      <ymin>764</ymin>
      <xmax>1080</xmax>
      <ymax>859</ymax>
    </bndbox>
    </object>
  <object>
    <name>Person</name>
    <pose>Unspecified</pose><truncated>0</truncated><difficult>0</difficult><bndbox>
      <xmin>824</xmin>
      <ymin>461</ymin>
      <xmax>844</xmax>
      <ymax>524</ymax>
    </bndbox>
    </object>
  <object>
    <name>Person</name>
    <pose>Unspecified</pose><truncated>0</truncated><difficult>0</difficult><bndbox>
      <xmin>1073</xmin>
      <ymin>691</ymin>
      <xmax>1104</xmax>
      <ymax>759</ymax>
    </bndbox>
    </object>
</annotation>