<annotation>
  <folder>my-project-name</folder>
  <filename>89-1.png</filename>
  <path>/my-project-name/89-1.png</path><source>
    <database>Unspecified</database>
  </source>
  <size>
    <width>1792</width>
    <height>1024</height>
    <depth>3</depth>
  </size>
  <object>
    <name>Person</name>
    <pose>Unspecified</pose><truncated>0</truncated><difficult>0</difficult><bndbox>
      <xmin>730</xmin>
      <ymin>341</ymin>
      <xmax>1096</xmax>
      <ymax>943</ymax>
    </bndbox>
    </object>
  <object>
    <name>Person</name>
    <pose>Unspecified</pose><truncated>0</truncated><difficult>0</difficult><bndbox>
      <xmin>950</xmin>
      <ymin>419</ymin>
      <xmax>1024</xmax>
      <ymax>524</ymax>
    </bndbox>
    </object>
</annotation>