<annotation>
  <folder>my-project-name</folder>
  <filename>89-2.png</filename>
  <path>/my-project-name/89-2.png</path><source>
    <database>Unspecified</database>
  </source>
  <size>
    <width>1792</width>
    <height>1024</height>
    <depth>3</depth>
  </size>
  <object>
    <name>Person</name>
    <pose>Unspecified</pose><truncated>0</truncated><difficult>0</difficult><bndbox>
      <xmin>485</xmin>
      <ymin>48</ymin>
      <xmax>801</xmax>
      <ymax>993</ymax>
    </bndbox>
    </object>
  <object>
    <name>Person</name>
    <pose>Unspecified</pose><truncated>0</truncated><difficult>0</difficult><bndbox>
      <xmin>607</xmin>
      <ymin>701</ymin>
      <xmax>641</xmax>
      <ymax>899</ymax>
    </bndbox>
    </object>
</annotation>