<annotation>
  <folder>my-project-name</folder>
  <filename>9-2.png</filename>
  <path>/my-project-name/9-2.png</path><source>
    <database>Unspecified</database>
  </source>
  <size>
    <width>1792</width>
    <height>1024</height>
    <depth>3</depth>
  </size>
  <object>
    <name>Person</name>
    <pose>Unspecified</pose><truncated>0</truncated><difficult>0</difficult><bndbox>
      <xmin>1197</xmin>
      <ymin>739</ymin>
      <xmax>1279</xmax>
      <ymax>905</ymax>
    </bndbox>
    </object>
  <object>
    <name>Person</name>
    <pose>Unspecified</pose><truncated>0</truncated><difficult>0</difficult><bndbox>
      <xmin>722</xmin>
      <ymin>843</ymin>
      <xmax>886</xmax>
      <ymax>957</ymax>
    </bndbox>
    </object>
  <object>
    <name>Person</name>
    <pose>Unspecified</pose><truncated>0</truncated><difficult>0</difficult><bndbox>
      <xmin>989</xmin>
      <ymin>655</ymin>
      <xmax>1054</xmax>
      <ymax>806</ymax>
    </bndbox>
    </object>
  <object>
    <name>Person</name>
    <pose>Unspecified</pose><truncated>0</truncated><difficult>0</difficult><bndbox>
      <xmin>679</xmin>
      <ymin>620</ymin>
      <xmax>734</xmax>
      <ymax>784</ymax>
    </bndbox>
    </object>
  <object>
    <name>Person</name>
    <pose>Unspecified</pose><truncated>0</truncated><difficult>0</difficult><bndbox>
      <xmin>1087</xmin>
      <ymin>640</ymin>
      <xmax>1141</xmax>
      <ymax>792</ymax>
    </bndbox>
    </object>
</annotation>