<annotation>
  <folder>my-project-name</folder>
  <filename>90-1.png</filename>
  <path>/my-project-name/90-1.png</path><source>
    <database>Unspecified</database>
  </source>
  <size>
    <width>1792</width>
    <height>1024</height>
    <depth>3</depth>
  </size>
  <object>
    <name>Person</name>
    <pose>Unspecified</pose><truncated>0</truncated><difficult>0</difficult><bndbox>
      <xmin>674</xmin>
      <ymin>839</ymin>
      <xmax>937</xmax>
      <ymax>1019</ymax>
    </bndbox>
    </object>
  <object>
    <name>Person</name>
    <pose>Unspecified</pose><truncated>0</truncated><difficult>0</difficult><bndbox>
      <xmin>520</xmin>
      <ymin>797</ymin>
      <xmax>681</xmax>
      <ymax>997</ymax>
    </bndbox>
    </object>
</annotation>