<annotation>
  <folder>my-project-name</folder>
  <filename>92-1.png</filename>
  <path>/my-project-name/92-1.png</path><source>
    <database>Unspecified</database>
  </source>
  <size>
    <width>1792</width>
    <height>1024</height>
    <depth>3</depth>
  </size>
  <object>
    <name>Person</name>
    <pose>Unspecified</pose><truncated>0</truncated><difficult>0</difficult><bndbox>
      <xmin>1327</xmin>
      <ymin>686</ymin>
      <xmax>1453</xmax>
      <ymax>901</ymax>
    </bndbox>
    </object>
  <object>
    <name>Person</name>
    <pose>Unspecified</pose><truncated>0</truncated><difficult>0</difficult><bndbox>
      <xmin>489</xmin>
      <ymin>774</ymin>
      <xmax>606</xmax>
      <ymax>990</ymax>
    </bndbox>
    </object>
  <object>
    <name>Person</name>
    <pose>Unspecified</pose><truncated>0</truncated><difficult>0</difficult><bndbox>
      <xmin>691</xmin>
      <ymin>747</ymin>
      <xmax>799</xmax>
      <ymax>986</ymax>
    </bndbox>
    </object>
</annotation>