<annotation>
  <folder>my-project-name</folder>
  <filename>94-1.png</filename>
  <path>/my-project-name/94-1.png</path><source>
    <database>Unspecified</database>
  </source>
  <size>
    <width>1792</width>
    <height>1024</height>
    <depth>3</depth>
  </size>
  <object>
    <name>Person</name>
    <pose>Unspecified</pose><truncated>0</truncated><difficult>0</difficult><bndbox>
      <xmin>1154</xmin>
      <ymin>417</ymin>
      <xmax>1218</xmax>
      <ymax>574</ymax>
    </bndbox>
    </object>
  <object>
    <name>Person</name>
    <pose>Unspecified</pose><truncated>0</truncated><difficult>0</difficult><bndbox>
      <xmin>71</xmin>
      <ymin>362</ymin>
      <xmax>1712</xmax>
      <ymax>1021</ymax>
    </bndbox>
    </object>
  <object>
    <name>Person</name>
    <pose>Unspecified</pose><truncated>0</truncated><difficult>0</difficult><bndbox>
      <xmin>1200</xmin>
      <ymin>893</ymin>
      <xmax>1298</xmax>
      <ymax>1001</ymax>
    </bndbox>
    </object>
  <object>
    <name>Person</name>
    <pose>Unspecified</pose><truncated>0</truncated><difficult>0</difficult><bndbox>
      <xmin>341</xmin>
      <ymin>737</ymin>
      <xmax>448</xmax>
      <ymax>903</ymax>
    </bndbox>
    </object>
  <object>
    <name>Person</name>
    <pose>Unspecified</pose><truncated>0</truncated><difficult>0</difficult><bndbox>
      <xmin>1070</xmin>
      <ymin>729</ymin>
      <xmax>1290</xmax>
      <ymax>988</ymax>
    </bndbox>
    </object>
  <object>
    <name>Person</name>
    <pose>Unspecified</pose><truncated>0</truncated><difficult>0</difficult><bndbox>
      <xmin>250</xmin>
      <ymin>720</ymin>
      <xmax>315</xmax>
      <ymax>811</ymax>
    </bndbox>
    </object>
  <object>
    <name>Person</name>
    <pose>Unspecified</pose><truncated>0</truncated><difficult>0</difficult><bndbox>
      <xmin>674</xmin>
      <ymin>620</ymin>
      <xmax>812</xmax>
      <ymax>812</ymax>
    </bndbox>
    </object>
  <object>
    <name>Person</name>
    <pose>Unspecified</pose><truncated>0</truncated><difficult>0</difficult><bndbox>
      <xmin>367</xmin>
      <ymin>612</ymin>
      <xmax>550</xmax>
      <ymax>952</ymax>
    </bndbox>
    </object>
  <object>
    <name>Person</name>
    <pose>Unspecified</pose><truncated>0</truncated><difficult>0</difficult><bndbox>
      <xmin>1356</xmin>
      <ymin>606</ymin>
      <xmax>1480</xmax>
      <ymax>802</ymax>
    </bndbox>
    </object>
  <object>
    <name>Person</name>
    <pose>Unspecified</pose><truncated>0</truncated><difficult>0</difficult><bndbox>
      <xmin>671</xmin>
      <ymin>345</ymin>
      <xmax>1131</xmax>
      <ymax>603</ymax>
    </bndbox>
    </object>
  <object>
    <name>Person</name>
    <pose>Unspecified</pose><truncated>0</truncated><difficult>0</difficult><bndbox>
      <xmin>771</xmin>
      <ymin>822</ymin>
      <xmax>802</xmax>
      <ymax>899</ymax>
    </bndbox>
    </object>
  <object>
    <name>Person</name>
    <pose>Unspecified</pose><truncated>0</truncated><difficult>0</difficult><bndbox>
      <xmin>908</xmin>
      <ymin>910</ymin>
      <xmax>937</xmax>
      <ymax>971</ymax>
    </bndbox>
    </object>
</annotation>