<annotation>
  <folder>my-project-name</folder>
  <filename>95-1.png</filename>
  <path>/my-project-name/95-1.png</path><source>
    <database>Unspecified</database>
  </source>
  <size>
    <width>1792</width>
    <height>1024</height>
    <depth>3</depth>
  </size>
  <object>
    <name>Person</name>
    <pose>Unspecified</pose><truncated>0</truncated><difficult>0</difficult><bndbox>
      <xmin>316</xmin>
      <ymin>761</ymin>
      <xmax>411</xmax>
      <ymax>923</ymax>
    </bndbox>
    </object>
  <object>
    <name>Person</name>
    <pose>Unspecified</pose><truncated>0</truncated><difficult>0</difficult><bndbox>
      <xmin>945</xmin>
      <ymin>718</ymin>
      <xmax>1005</xmax>
      <ymax>869</ymax>
    </bndbox>
    </object>
  <object>
    <name>Person</name>
    <pose>Unspecified</pose><truncated>0</truncated><difficult>0</difficult><bndbox>
      <xmin>897</xmin>
      <ymin>866</ymin>
      <xmax>977</xmax>
      <ymax>1017</ymax>
    </bndbox>
    </object>
  <object>
    <name>Person</name>
    <pose>Unspecified</pose><truncated>0</truncated><difficult>0</difficult><bndbox>
      <xmin>1007</xmin>
      <ymin>743</ymin>
      <xmax>1090</xmax>
      <ymax>900</ymax>
    </bndbox>
    </object>
  <object>
    <name>Person</name>
    <pose>Unspecified</pose><truncated>0</truncated><difficult>0</difficult><bndbox>
      <xmin>1172</xmin>
      <ymin>791</ymin>
      <xmax>1252</xmax>
      <ymax>963</ymax>
    </bndbox>
    </object>
  <object>
    <name>Person</name>
    <pose>Unspecified</pose><truncated>0</truncated><difficult>0</difficult><bndbox>
      <xmin>1057</xmin>
      <ymin>811</ymin>
      <xmax>1121</xmax>
      <ymax>972</ymax>
    </bndbox>
    </object>
  <object>
    <name>Person</name>
    <pose>Unspecified</pose><truncated>0</truncated><difficult>0</difficult><bndbox>
      <xmin>820</xmin>
      <ymin>766</ymin>
      <xmax>884</xmax>
      <ymax>923</ymax>
    </bndbox>
    </object>
  <object>
    <name>Person</name>
    <pose>Unspecified</pose><truncated>0</truncated><difficult>0</difficult><bndbox>
      <xmin>1135</xmin>
      <ymin>736</ymin>
      <xmax>1212</xmax>
      <ymax>904</ymax>
    </bndbox>
    </object>
  <object>
    <name>Person</name>
    <pose>Unspecified</pose><truncated>0</truncated><difficult>0</difficult><bndbox>
      <xmin>394</xmin>
      <ymin>764</ymin>
      <xmax>484</xmax>
      <ymax>922</ymax>
    </bndbox>
    </object>
</annotation>