<annotation>
  <folder>my-project-name</folder>
  <filename>96-2.png</filename>
  <path>/my-project-name/96-2.png</path><source>
    <database>Unspecified</database>
  </source>
  <size>
    <width>1792</width>
    <height>1024</height>
    <depth>3</depth>
  </size>
  <object>
    <name>Person</name>
    <pose>Unspecified</pose><truncated>0</truncated><difficult>0</difficult><bndbox>
      <xmin>471</xmin>
      <ymin>758</ymin>
      <xmax>600</xmax>
      <ymax>937</ymax>
    </bndbox>
    </object>
  <object>
    <name>Person</name>
    <pose>Unspecified</pose><truncated>0</truncated><difficult>0</difficult><bndbox>
      <xmin>722</xmin>
      <ymin>535</ymin>
      <xmax>843</xmax>
      <ymax>782</ymax>
    </bndbox>
    </object>
  <object>
    <name>Person</name>
    <pose>Unspecified</pose><truncated>0</truncated><difficult>0</difficult><bndbox>
      <xmin>934</xmin>
      <ymin>477</ymin>
      <xmax>1046</xmax>
      <ymax>712</ymax>
    </bndbox>
    </object>
  <object>
    <name>Person</name>
    <pose>Unspecified</pose><truncated>0</truncated><difficult>0</difficult><bndbox>
      <xmin>823</xmin>
      <ymin>779</ymin>
      <xmax>974</xmax>
      <ymax>1003</ymax>
    </bndbox>
    </object>
  <object>
    <name>Person</name>
    <pose>Unspecified</pose><truncated>0</truncated><difficult>0</difficult><bndbox>
      <xmin>1112</xmin>
      <ymin>777</ymin>
      <xmax>1292</xmax>
      <ymax>1000</ymax>
    </bndbox>
    </object>
  <object>
    <name>Person</name>
    <pose>Unspecified</pose><truncated>0</truncated><difficult>0</difficult><bndbox>
      <xmin>622</xmin>
      <ymin>538</ymin>
      <xmax>730</xmax>
      <ymax>772</ymax>
    </bndbox>
    </object>
  <object>
    <name>Person</name>
    <pose>Unspecified</pose><truncated>0</truncated><difficult>0</difficult><bndbox>
      <xmin>1341</xmin>
      <ymin>527</ymin>
      <xmax>1436</xmax>
      <ymax>760</ymax>
    </bndbox>
    </object>
</annotation>