<annotation>
  <folder>my-project-name</folder>
  <filename>97-1.png</filename>
  <path>/my-project-name/97-1.png</path><source>
    <database>Unspecified</database>
  </source>
  <size>
    <width>1792</width>
    <height>1024</height>
    <depth>3</depth>
  </size>
  <object>
    <name>Person</name>
    <pose>Unspecified</pose><truncated>0</truncated><difficult>0</difficult><bndbox>
      <xmin>947</xmin>
      <ymin>698</ymin>
      <xmax>1052</xmax>
      <ymax>883</ymax>
    </bndbox>
    </object>
  <object>
    <name>Person</name>
    <pose>Unspecified</pose><truncated>0</truncated><difficult>0</difficult><bndbox>
      <xmin>852</xmin>
      <ymin>428</ymin>
      <xmax>1111</xmax>
      <ymax>692</ymax>
    </bndbox>
    </object>
</annotation>