<annotation>
  <folder>my-project-name</folder>
  <filename>98-2.png</filename>
  <path>/my-project-name/98-2.png</path><source>
    <database>Unspecified</database>
  </source>
  <size>
    <width>1792</width>
    <height>1024</height>
    <depth>3</depth>
  </size>
  <object>
    <name>Person</name>
    <pose>Unspecified</pose><truncated>0</truncated><difficult>0</difficult><bndbox>
      <xmin>786</xmin>
      <ymin>351</ymin>
      <xmax>1085</xmax>
      <ymax>681</ymax>
    </bndbox>
    </object>
  <object>
    <name>Person</name>
    <pose>Unspecified</pose><truncated>0</truncated><difficult>0</difficult><bndbox>
      <xmin>1060</xmin>
      <ymin>394</ymin>
      <xmax>1327</xmax>
      <ymax>752</ymax>
    </bndbox>
    </object>
  <object>
    <name>Person</name>
    <pose>Unspecified</pose><truncated>0</truncated><difficult>0</difficult><bndbox>
      <xmin>611</xmin>
      <ymin>324</ymin>
      <xmax>794</xmax>
      <ymax>611</ymax>
    </bndbox>
    </object>
</annotation>